activity_id,opportunity_id,seller_id,activity_type,activity_ts,duration_minutes
ACT0000001,O000001,S011,Email,2025-06-30 10:20:00,0
ACT0000002,O000001,S011,Email,2025-06-25 11:08:00,0
ACT0000003,O000001,S011,Email,2025-06-24 17:45:00,0
ACT0000004,O000001,S011,Email,2025-06-28 18:49:00,0
ACT0000005,O000002,S038,Email,2024-10-05 16:44:00,0
ACT0000006,O000002,S038,Email,2024-10-23 13:25:00,0
ACT0000007,O000002,S038,Demo,2024-10-16 13:27:00,74
ACT0000008,O000002,S038,Email,2024-10-02 10:46:00,0
ACT0000009,O000002,S038,Call,2024-10-16 10:30:00,39
ACT0000010,O000002,S038,Email,2024-10-19 10:13:00,0
ACT0000011,O000002,S038,Meeting,2024-09-28 16:11:00,73
ACT0000012,O000002,S038,Call,2024-11-02 11:48:00,38
ACT0000013,O000003,S040,Call,2025-05-13 10:39:00,33
ACT0000014,O000003,S040,Meeting,2025-05-25 08:29:00,53
ACT0000015,O000003,S040,Email,2025-06-01 18:56:00,0
ACT0000016,O000003,S040,Call,2025-05-19 08:41:00,5
ACT0000017,O000003,S040,Meeting,2025-05-09 15:32:00,65
ACT0000018,O000004,S005,Call,2024-03-22 08:59:00,32
ACT0000019,O000004,S005,Email,2024-04-10 13:23:00,0
ACT0000020,O000004,S005,Email,2024-03-16 17:57:00,0
ACT0000021,O000004,S005,Email,2024-03-24 17:29:00,0
ACT0000022,O000005,S024,Email,2025-02-19 11:59:00,0
ACT0000023,O000005,S024,Email,2025-02-12 13:15:00,0
ACT0000024,O000005,S024,Call,2025-02-26 17:09:00,28
ACT0000025,O000005,S024,Call,2025-02-24 16:03:00,13
ACT0000026,O000005,S024,Email,2025-02-21 09:28:00,0
ACT0000027,O000005,S024,Email,2025-02-12 12:16:00,0
ACT0000028,O000005,S024,Call,2025-02-17 16:02:00,34
ACT0000029,O000005,S024,Call,2025-02-16 11:22:00,18
ACT0000030,O000005,S024,Email,2025-02-22 15:19:00,0
ACT0000031,O000006,S010,Email,2024-11-01 15:39:00,0
ACT0000032,O000006,S010,Meeting,2024-09-29 12:51:00,45
ACT0000033,O000006,S010,Call,2024-10-26 14:53:00,30
ACT0000034,O000006,S010,Email,2024-11-05 10:22:00,0
ACT0000035,O000006,S010,Call,2024-10-13 10:18:00,42
ACT0000036,O000006,S010,Meeting,2024-10-15 08:28:00,41
ACT0000037,O000006,S010,Email,2024-10-13 16:10:00,0
ACT0000038,O000006,S010,Email,2024-09-29 15:53:00,0
ACT0000039,O000006,S010,Email,2024-10-10 13:13:00,0
ACT0000040,O000006,S010,Meeting,2024-10-04 17:28:00,80
ACT0000041,O000006,S010,Call,2024-10-04 08:40:00,25
ACT0000042,O000007,S040,Call,2025-06-30 11:36:00,32
ACT0000043,O000007,S040,Call,2025-06-28 16:58:00,34
ACT0000044,O000007,S040,Call,2025-06-27 08:38:00,29
ACT0000045,O000008,S020,Meeting,2023-10-18 12:20:00,54
ACT0000046,O000008,S020,Email,2023-09-19 15:20:00,0
ACT0000047,O000008,S020,Email,2023-10-21 14:03:00,0
ACT0000048,O000008,S020,Email,2023-10-11 13:07:00,0
ACT0000049,O000008,S020,Call,2023-09-04 10:42:00,7
ACT0000050,O000008,S020,Email,2023-09-14 08:33:00,0
ACT0000051,O000009,S009,Call,2025-06-23 11:04:00,38
ACT0000052,O000010,S005,Call,2025-06-27 11:04:00,15
ACT0000053,O000010,S005,Call,2025-05-20 13:01:00,15
ACT0000054,O000011,S040,Call,2025-04-12 13:04:00,37
ACT0000055,O000011,S040,Email,2025-03-08 12:04:00,0
ACT0000056,O000011,S040,Email,2025-03-13 14:47:00,0
ACT0000057,O000011,S040,Email,2025-04-05 15:57:00,0
ACT0000058,O000011,S040,Email,2025-03-22 17:54:00,0
ACT0000059,O000011,S040,Meeting,2025-04-04 18:44:00,47
ACT0000060,O000011,S040,Email,2025-04-25 14:22:00,0
ACT0000061,O000011,S040,Meeting,2025-02-18 16:06:00,73
ACT0000062,O000011,S040,Email,2025-04-15 11:55:00,0
ACT0000063,O000011,S040,Call,2025-03-30 15:29:00,39
ACT0000064,O000012,S008,Meeting,2023-03-05 12:44:00,51
ACT0000065,O000012,S008,Meeting,2023-03-19 12:05:00,57
ACT0000066,O000012,S008,Email,2023-02-24 13:25:00,0
ACT0000067,O000012,S008,Call,2023-04-05 12:42:00,16
ACT0000068,O000013,S011,Email,2024-11-17 09:39:00,0
ACT0000069,O000013,S011,Meeting,2024-11-13 14:47:00,88
ACT0000070,O000013,S011,Demo,2024-11-21 12:25:00,86
ACT0000071,O000013,S011,Email,2024-11-01 08:43:00,0
ACT0000072,O000013,S011,Meeting,2024-10-23 17:47:00,38
ACT0000073,O000013,S011,Call,2024-12-07 08:24:00,5
ACT0000074,O000014,S012,Call,2023-07-17 15:25:00,19
ACT0000075,O000014,S012,Email,2023-07-20 10:43:00,0
ACT0000076,O000014,S012,Call,2023-07-12 15:25:00,16
ACT0000077,O000014,S012,Email,2023-07-12 16:56:00,0
ACT0000078,O000014,S012,Demo,2023-07-16 15:16:00,102
ACT0000079,O000014,S012,Meeting,2023-07-18 12:31:00,56
ACT0000080,O000014,S012,Call,2023-07-14 16:22:00,22
ACT0000081,O000014,S012,Email,2023-07-17 14:37:00,0
ACT0000082,O000015,S040,Email,2024-06-23 10:04:00,0
ACT0000083,O000015,S040,Email,2024-08-16 12:20:00,0
ACT0000084,O000015,S040,Call,2024-07-09 09:01:00,10
ACT0000085,O000015,S040,Call,2024-06-10 13:26:00,8
ACT0000086,O000015,S040,Call,2024-06-13 18:37:00,16
ACT0000087,O000015,S040,Call,2024-06-26 18:59:00,22
ACT0000088,O000015,S040,Call,2024-08-19 09:32:00,24
ACT0000089,O000015,S040,Meeting,2024-07-04 10:31:00,80
ACT0000090,O000016,S031,Demo,2025-03-15 17:35:00,95
ACT0000091,O000016,S031,Email,2025-03-15 10:10:00,0
ACT0000092,O000016,S031,Email,2025-03-18 15:45:00,0
ACT0000093,O000016,S031,Meeting,2025-03-12 17:02:00,44
ACT0000094,O000016,S031,Email,2025-03-12 09:41:00,0
ACT0000095,O000016,S031,Call,2025-03-15 12:07:00,21
ACT0000096,O000017,S016,Demo,2024-06-28 10:40:00,81
ACT0000097,O000017,S016,Call,2024-09-02 09:30:00,44
ACT0000098,O000017,S016,Email,2024-06-29 15:37:00,0
ACT0000099,O000017,S016,Email,2024-07-10 17:54:00,0
ACT0000100,O000017,S016,Call,2024-04-06 14:16:00,24
ACT0000101,O000017,S016,Email,2024-08-23 18:19:00,0
ACT0000102,O000017,S016,Demo,2024-09-03 12:54:00,78
ACT0000103,O000018,S005,Email,2025-02-22 08:36:00,0
ACT0000104,O000018,S005,Meeting,2025-04-01 16:14:00,53
ACT0000105,O000018,S005,Email,2025-02-28 09:46:00,0
ACT0000106,O000018,S005,Call,2025-03-19 18:16:00,42
ACT0000107,O000018,S005,Call,2025-03-01 13:47:00,5
ACT0000108,O000018,S005,Email,2025-03-06 12:44:00,0
ACT0000109,O000018,S005,Call,2025-03-12 10:59:00,12
ACT0000110,O000018,S005,Call,2025-02-24 10:04:00,41
ACT0000111,O000018,S005,Email,2025-03-28 16:43:00,0
ACT0000112,O000019,S010,Call,2025-02-19 10:53:00,19
ACT0000113,O000019,S010,Email,2025-02-19 09:52:00,0
ACT0000114,O000019,S010,Email,2025-02-22 16:43:00,0
ACT0000115,O000019,S010,Demo,2025-02-19 17:47:00,105
ACT0000116,O000019,S010,Email,2025-02-12 16:50:00,0
ACT0000117,O000019,S010,Call,2025-02-13 16:09:00,5
ACT0000118,O000019,S010,Call,2025-02-11 12:55:00,38
ACT0000119,O000019,S010,Email,2025-02-23 11:14:00,0
ACT0000120,O000019,S010,Meeting,2025-02-18 13:27:00,44
ACT0000121,O000020,S008,Email,2024-11-03 15:07:00,0
ACT0000122,O000020,S008,Call,2024-10-28 10:24:00,29
ACT0000123,O000020,S008,Meeting,2024-10-24 13:29:00,73
ACT0000124,O000020,S008,Meeting,2024-10-24 15:34:00,34
ACT0000125,O000020,S008,Email,2024-10-07 13:52:00,0
ACT0000126,O000020,S008,Meeting,2024-10-30 17:00:00,65
ACT0000127,O000020,S008,Call,2024-10-06 15:39:00,7
ACT0000128,O000021,S011,Call,2024-05-22 12:25:00,26
ACT0000129,O000021,S011,Email,2023-01-11 18:19:00,0
ACT0000130,O000021,S011,Email,2024-04-27 12:59:00,0
ACT0000131,O000021,S011,Call,2024-05-18 10:38:00,6
ACT0000132,O000021,S011,Call,2024-04-20 16:58:00,27
ACT0000133,O000021,S011,Call,2024-05-18 09:19:00,21
ACT0000134,O000022,S012,Demo,2024-11-21 08:52:00,55
ACT0000135,O000022,S012,Email,2025-01-02 10:27:00,0
ACT0000136,O000022,S012,Call,2025-01-24 16:31:00,27
ACT0000137,O000022,S012,Email,2025-02-20 13:35:00,0
ACT0000138,O000022,S012,Email,2024-11-01 11:32:00,0
ACT0000139,O000022,S012,Call,2025-01-04 11:16:00,7
ACT0000140,O000022,S012,Meeting,2025-01-14 14:18:00,83
ACT0000141,O000022,S012,Demo,2025-01-02 12:13:00,85
ACT0000142,O000023,S019,Email,2024-08-16 15:01:00,0
ACT0000143,O000023,S019,Call,2024-08-06 13:59:00,21
ACT0000144,O000023,S019,Meeting,2024-08-07 14:20:00,78
ACT0000145,O000023,S019,Email,2024-08-15 16:41:00,0
ACT0000146,O000024,S012,Demo,2023-09-01 17:14:00,86
ACT0000147,O000024,S012,Demo,2023-08-10 13:50:00,85
ACT0000148,O000024,S012,Call,2023-08-24 09:17:00,9
ACT0000149,O000024,S012,Call,2023-08-30 12:15:00,42
ACT0000150,O000025,S025,Email,2023-09-05 17:48:00,0
ACT0000151,O000025,S025,Email,2023-09-14 16:11:00,0
ACT0000152,O000025,S025,Email,2023-12-21 14:31:00,0
ACT0000153,O000025,S025,Email,2023-10-16 17:27:00,0
ACT0000154,O000025,S025,Call,2024-01-02 12:34:00,21
ACT0000155,O000025,S025,Email,2023-11-06 16:17:00,0
ACT0000156,O000025,S025,Call,2023-08-24 11:56:00,11
ACT0000157,O000025,S025,Call,2023-08-05 09:50:00,5
ACT0000158,O000025,S025,Email,2023-10-09 12:48:00,0
ACT0000159,O000025,S025,Call,2023-11-05 14:03:00,11
ACT0000160,O000026,S028,Email,2023-08-08 08:27:00,0
ACT0000161,O000026,S028,Email,2023-08-13 14:31:00,0
ACT0000162,O000026,S028,Call,2023-08-20 15:38:00,33
ACT0000163,O000026,S028,Email,2023-08-06 14:19:00,0
ACT0000164,O000026,S028,Email,2023-08-21 08:48:00,0
ACT0000165,O000026,S028,Email,2023-08-21 16:53:00,0
ACT0000166,O000026,S028,Meeting,2023-08-02 09:58:00,47
ACT0000167,O000026,S028,Email,2023-08-11 11:34:00,0
ACT0000168,O000026,S028,Meeting,2023-08-12 18:53:00,37
ACT0000169,O000026,S028,Meeting,2023-08-14 10:13:00,69
ACT0000170,O000027,S005,Meeting,2025-02-15 14:04:00,80
ACT0000171,O000027,S005,Demo,2025-02-07 10:37:00,114
ACT0000172,O000027,S005,Call,2024-12-24 14:56:00,18
ACT0000173,O000028,S028,Call,2025-05-09 08:25:00,36
ACT0000174,O000028,S028,Call,2025-05-30 08:26:00,44
ACT0000175,O000028,S028,Email,2025-06-09 15:58:00,0
ACT0000176,O000028,S028,Email,2025-06-02 11:44:00,0
ACT0000177,O000028,S028,Demo,2025-06-21 16:39:00,58
ACT0000178,O000028,S028,Email,2025-06-07 08:19:00,0
ACT0000179,O000028,S028,Call,2025-04-30 14:20:00,6
ACT0000180,O000029,S039,Email,2023-02-04 08:02:00,0
ACT0000181,O000029,S039,Email,2023-02-04 15:52:00,0
ACT0000182,O000029,S039,Email,2023-01-30 12:35:00,0
ACT0000183,O000030,S003,Call,2024-12-01 15:03:00,37
ACT0000184,O000030,S003,Email,2024-12-06 11:37:00,0
ACT0000185,O000030,S003,Call,2024-11-13 16:31:00,10
ACT0000186,O000030,S003,Email,2024-12-17 15:56:00,0
ACT0000187,O000031,S030,Meeting,2025-06-30 14:41:00,53
ACT0000188,O000031,S030,Meeting,2025-06-26 10:00:00,72
ACT0000189,O000031,S030,Call,2025-06-17 17:27:00,17
ACT0000190,O000032,S008,Call,2024-12-30 13:52:00,17
ACT0000191,O000032,S008,Email,2024-12-31 16:15:00,0
ACT0000192,O000032,S008,Call,2024-12-05 12:28:00,38
ACT0000193,O000032,S008,Call,2024-11-29 08:08:00,31
ACT0000194,O000032,S008,Email,2024-11-28 08:10:00,0
ACT0000195,O000032,S008,Call,2024-12-01 12:38:00,37
ACT0000196,O000032,S008,Call,2024-12-12 11:21:00,8
ACT0000197,O000032,S008,Call,2024-12-25 18:00:00,30
ACT0000198,O000032,S008,Call,2024-12-07 14:15:00,9
ACT0000199,O000033,S019,Call,2023-09-18 09:32:00,10
ACT0000200,O000033,S019,Call,2023-09-05 15:10:00,24
ACT0000201,O000033,S019,Call,2023-09-08 08:15:00,38
ACT0000202,O000033,S019,Email,2023-09-13 08:21:00,0
ACT0000203,O000033,S019,Demo,2023-09-17 12:33:00,73
ACT0000204,O000033,S019,Email,2023-09-18 08:50:00,0
ACT0000205,O000033,S019,Call,2023-09-13 09:15:00,28
ACT0000206,O000034,S040,Call,2023-08-22 16:47:00,18
ACT0000207,O000034,S040,Email,2023-08-14 15:44:00,0
ACT0000208,O000034,S040,Meeting,2023-08-02 14:14:00,80
ACT0000209,O000034,S040,Email,2023-07-17 13:49:00,0
ACT0000210,O000034,S040,Email,2023-10-13 10:11:00,0
ACT0000211,O000034,S040,Call,2023-09-01 18:42:00,26
ACT0000212,O000034,S040,Email,2023-10-14 08:24:00,0
ACT0000213,O000034,S040,Email,2023-09-23 11:24:00,0
ACT0000214,O000034,S040,Email,2023-07-17 16:11:00,0
ACT0000215,O000035,S007,Email,2025-04-21 16:24:00,0
ACT0000216,O000035,S007,Meeting,2025-05-15 16:41:00,76
ACT0000217,O000035,S007,Email,2025-04-28 17:29:00,0
ACT0000218,O000035,S007,Meeting,2025-03-25 09:42:00,46
ACT0000219,O000035,S007,Email,2025-05-31 15:17:00,0
ACT0000220,O000035,S007,Meeting,2025-05-18 10:15:00,67
ACT0000221,O000035,S007,Call,2025-05-15 13:29:00,31
ACT0000222,O000036,S021,Call,2025-05-30 14:38:00,20
ACT0000223,O000036,S021,Call,2025-05-29 12:35:00,25
ACT0000224,O000036,S021,Call,2025-06-09 10:04:00,8
ACT0000225,O000036,S021,Call,2025-05-14 17:36:00,25
ACT0000226,O000036,S021,Call,2025-06-30 13:02:00,44
ACT0000227,O000036,S021,Email,2025-06-08 18:27:00,0
ACT0000228,O000037,S009,Email,2023-04-12 15:38:00,0
ACT0000229,O000037,S009,Call,2023-04-26 08:16:00,23
ACT0000230,O000037,S009,Demo,2023-04-12 16:15:00,101
ACT0000231,O000037,S009,Demo,2023-04-14 10:24:00,74
ACT0000232,O000038,S022,Call,2024-10-31 12:42:00,30
ACT0000233,O000038,S022,Email,2024-11-02 15:08:00,0
ACT0000234,O000038,S022,Call,2024-10-03 13:10:00,12
ACT0000235,O000038,S022,Demo,2024-10-12 18:33:00,100
ACT0000236,O000038,S022,Demo,2024-11-10 13:14:00,56
ACT0000237,O000038,S022,Call,2024-11-04 17:10:00,15
ACT0000238,O000038,S022,Email,2024-10-11 17:31:00,0
ACT0000239,O000038,S022,Email,2024-10-26 11:59:00,0
ACT0000240,O000038,S022,Call,2024-10-29 08:44:00,41
ACT0000241,O000039,S016,Call,2025-03-09 15:52:00,9
ACT0000242,O000039,S016,Email,2025-02-19 10:33:00,0
ACT0000243,O000039,S016,Call,2025-03-16 14:28:00,5
ACT0000244,O000040,S005,Demo,2024-09-23 09:34:00,69
ACT0000245,O000040,S005,Call,2024-10-30 08:53:00,13
ACT0000246,O000040,S005,Call,2024-11-05 16:01:00,21
ACT0000247,O000040,S005,Meeting,2024-11-02 14:43:00,32
ACT0000248,O000040,S005,Email,2024-09-23 16:31:00,0
ACT0000249,O000040,S005,Email,2024-11-06 17:02:00,0
ACT0000250,O000040,S005,Email,2024-10-23 11:02:00,0
ACT0000251,O000041,S009,Meeting,2025-05-30 15:33:00,33
ACT0000252,O000041,S009,Call,2025-06-03 15:50:00,9
ACT0000253,O000041,S009,Call,2025-06-21 13:24:00,36
ACT0000254,O000041,S009,Call,2025-06-22 11:20:00,11
ACT0000255,O000041,S009,Email,2025-05-27 15:13:00,0
ACT0000256,O000041,S009,Email,2025-05-06 18:49:00,0
ACT0000257,O000041,S009,Email,2025-05-15 09:59:00,0
ACT0000258,O000042,S004,Call,2024-03-12 13:09:00,31
ACT0000259,O000042,S004,Meeting,2024-03-15 13:06:00,49
ACT0000260,O000042,S004,Call,2024-03-04 10:07:00,6
ACT0000261,O000042,S004,Email,2024-02-28 08:01:00,0
ACT0000262,O000042,S004,Call,2024-03-01 09:53:00,23
ACT0000263,O000043,S002,Meeting,2025-05-12 08:01:00,62
ACT0000264,O000043,S002,Call,2025-05-16 16:31:00,10
ACT0000265,O000043,S002,Email,2025-04-05 08:49:00,0
ACT0000266,O000043,S002,Call,2025-03-12 08:16:00,21
ACT0000267,O000044,S017,Email,2024-08-12 17:15:00,0
ACT0000268,O000044,S017,Call,2024-07-24 10:02:00,13
ACT0000269,O000044,S017,Email,2024-07-17 12:50:00,0
ACT0000270,O000044,S017,Email,2024-07-19 08:32:00,0
ACT0000271,O000044,S017,Call,2024-08-01 16:18:00,29
ACT0000272,O000044,S017,Call,2024-08-05 16:14:00,11
ACT0000273,O000044,S017,Call,2024-07-22 10:31:00,31
ACT0000274,O000044,S017,Call,2024-07-28 08:22:00,37
ACT0000275,O000044,S017,Email,2024-07-27 10:45:00,0
ACT0000276,O000044,S017,Call,2024-07-30 08:11:00,29
ACT0000277,O000044,S017,Demo,2024-07-15 10:00:00,48
ACT0000278,O000044,S017,Email,2024-07-15 11:42:00,0
ACT0000279,O000044,S017,Call,2024-07-15 10:21:00,20
ACT0000280,O000045,S028,Call,2023-11-28 18:41:00,41
ACT0000281,O000045,S028,Call,2023-12-29 13:51:00,39
ACT0000282,O000045,S028,Meeting,2023-12-16 15:40:00,41
ACT0000283,O000045,S028,Call,2024-01-09 17:13:00,17
ACT0000284,O000045,S028,Call,2023-11-24 08:15:00,36
ACT0000285,O000045,S028,Demo,2023-12-11 14:43:00,57
ACT0000286,O000046,S029,Email,2025-01-01 14:22:00,0
ACT0000287,O000046,S029,Demo,2025-01-05 15:41:00,65
ACT0000288,O000046,S029,Meeting,2024-12-30 13:37:00,34
ACT0000289,O000046,S029,Email,2025-01-02 12:21:00,0
ACT0000290,O000046,S029,Email,2025-01-04 10:59:00,0
ACT0000291,O000047,S005,Call,2024-12-24 15:18:00,43
ACT0000292,O000047,S005,Call,2024-09-17 18:26:00,38
ACT0000293,O000047,S005,Call,2024-12-04 18:45:00,38
ACT0000294,O000047,S005,Email,2024-12-09 09:06:00,0
ACT0000295,O000047,S005,Call,2024-09-18 18:06:00,42
ACT0000296,O000048,S017,Email,2025-06-14 15:02:00,0
ACT0000297,O000048,S017,Meeting,2025-06-15 10:04:00,63
ACT0000298,O000048,S017,Email,2025-06-16 17:05:00,0
ACT0000299,O000048,S017,Demo,2025-06-08 11:11:00,96
ACT0000300,O000048,S017,Meeting,2025-06-12 13:59:00,62
ACT0000301,O000049,S038,Meeting,2024-02-26 14:56:00,77
ACT0000302,O000049,S038,Meeting,2024-02-25 18:25:00,76
ACT0000303,O000049,S038,Email,2024-02-21 12:59:00,0
ACT0000304,O000049,S038,Email,2024-02-14 14:35:00,0
ACT0000305,O000049,S038,Call,2024-03-03 09:19:00,21
ACT0000306,O000049,S038,Call,2024-01-25 10:13:00,29
ACT0000307,O000049,S038,Email,2024-01-30 14:15:00,0
ACT0000308,O000049,S038,Demo,2024-02-11 14:41:00,110
ACT0000309,O000049,S038,Email,2024-02-06 13:00:00,0
ACT0000310,O000050,S016,Email,2024-09-03 10:12:00,0
ACT0000311,O000050,S016,Email,2024-06-19 12:33:00,0
ACT0000312,O000050,S016,Email,2024-05-24 11:12:00,0
ACT0000313,O000050,S016,Email,2024-06-21 10:54:00,0
ACT0000314,O000050,S016,Meeting,2024-08-26 18:30:00,31
ACT0000315,O000050,S016,Call,2024-06-20 17:23:00,16
ACT0000316,O000050,S016,Call,2024-07-18 13:39:00,28
ACT0000317,O000050,S016,Call,2024-07-02 15:58:00,35
ACT0000318,O000051,S021,Demo,2023-07-03 08:14:00,86
ACT0000319,O000051,S021,Email,2023-07-25 12:00:00,0
ACT0000320,O000051,S021,Call,2023-04-16 11:01:00,15
ACT0000321,O000051,S021,Meeting,2023-06-26 08:04:00,74
ACT0000322,O000051,S021,Email,2023-06-03 14:01:00,0
ACT0000323,O000051,S021,Call,2023-04-15 09:57:00,44
ACT0000324,O000051,S021,Email,2023-06-20 11:15:00,0
ACT0000325,O000051,S021,Call,2023-08-07 11:26:00,12
ACT0000326,O000051,S021,Email,2023-07-18 16:10:00,0
ACT0000327,O000051,S021,Call,2023-04-20 16:20:00,14
ACT0000328,O000052,S035,Meeting,2023-02-03 12:30:00,63
ACT0000329,O000052,S035,Email,2023-02-12 16:24:00,0
ACT0000330,O000052,S035,Call,2023-02-05 18:32:00,6
ACT0000331,O000052,S035,Call,2023-02-17 14:51:00,17
ACT0000332,O000052,S035,Email,2023-02-08 16:38:00,0
ACT0000333,O000052,S035,Email,2023-02-07 10:27:00,0
ACT0000334,O000052,S035,Email,2023-02-12 17:44:00,0
ACT0000335,O000052,S035,Meeting,2023-02-18 18:58:00,66
ACT0000336,O000053,S002,Call,2025-04-30 12:09:00,36
ACT0000337,O000053,S002,Email,2025-03-26 15:09:00,0
ACT0000338,O000054,S012,Email,2024-09-07 10:38:00,0
ACT0000339,O000054,S012,Demo,2024-09-16 08:30:00,101
ACT0000340,O000054,S012,Meeting,2024-09-22 08:07:00,72
ACT0000341,O000055,S036,Call,2023-09-04 13:52:00,5
ACT0000342,O000055,S036,Call,2023-10-21 14:16:00,31
ACT0000343,O000055,S036,Demo,2023-10-31 18:54:00,71
ACT0000344,O000055,S036,Email,2023-10-06 08:26:00,0
ACT0000345,O000056,S001,Email,2023-10-27 18:51:00,0
ACT0000346,O000056,S001,Call,2023-09-02 13:20:00,28
ACT0000347,O000056,S001,Call,2023-09-12 15:54:00,19
ACT0000348,O000056,S001,Email,2023-11-19 18:13:00,0
ACT0000349,O000056,S001,Meeting,2023-11-15 13:52:00,70
ACT0000350,O000056,S001,Demo,2023-10-02 16:56:00,59
ACT0000351,O000056,S001,Call,2023-09-22 13:08:00,34
ACT0000352,O000056,S001,Email,2023-09-08 09:56:00,0
ACT0000353,O000056,S001,Call,2023-11-19 08:42:00,44
ACT0000354,O000056,S001,Email,2023-10-10 18:02:00,0
ACT0000355,O000057,S036,Call,2023-02-22 08:42:00,8
ACT0000356,O000057,S036,Email,2023-02-26 18:26:00,0
ACT0000357,O000057,S036,Meeting,2023-02-15 08:07:00,37
ACT0000358,O000057,S036,Demo,2023-02-18 13:44:00,119
ACT0000359,O000057,S036,Email,2023-02-27 16:17:00,0
ACT0000360,O000057,S036,Call,2023-02-24 18:08:00,37
ACT0000361,O000058,S021,Call,2025-06-19 17:49:00,7
ACT0000362,O000058,S021,Email,2025-06-19 13:45:00,0
ACT0000363,O000058,S021,Email,2025-06-08 16:34:00,0
ACT0000364,O000059,S038,Call,2024-10-02 15:14:00,10
ACT0000365,O000059,S038,Call,2024-09-08 11:08:00,37
ACT0000366,O000059,S038,Email,2024-09-20 11:30:00,0
ACT0000367,O000059,S038,Call,2024-10-01 14:31:00,20
ACT0000368,O000059,S038,Demo,2024-11-07 16:25:00,94
ACT0000369,O000059,S038,Call,2024-11-17 08:28:00,12
ACT0000370,O000060,S026,Email,2023-05-03 17:07:00,0
ACT0000371,O000060,S026,Demo,2023-04-22 18:40:00,48
ACT0000372,O000060,S026,Email,2023-04-27 12:17:00,0
ACT0000373,O000060,S026,Email,2023-05-01 09:15:00,0
ACT0000374,O000060,S026,Email,2023-05-02 10:07:00,0
ACT0000375,O000060,S026,Email,2023-05-04 11:15:00,0
ACT0000376,O000060,S026,Meeting,2023-04-26 08:16:00,65
ACT0000377,O000061,S037,Email,2023-04-14 13:04:00,0
ACT0000378,O000061,S037,Email,2023-05-02 11:04:00,0
ACT0000379,O000061,S037,Call,2023-05-07 08:05:00,24
ACT0000380,O000061,S037,Call,2023-04-11 14:05:00,17
ACT0000381,O000061,S037,Call,2023-05-30 15:03:00,26
ACT0000382,O000061,S037,Email,2023-05-12 18:44:00,0
ACT0000383,O000061,S037,Email,2023-05-15 13:22:00,0
ACT0000384,O000062,S002,Email,2023-11-12 12:27:00,0
ACT0000385,O000062,S002,Email,2024-01-01 12:23:00,0
ACT0000386,O000062,S002,Call,2023-12-05 10:01:00,20
ACT0000387,O000062,S002,Email,2023-12-27 13:48:00,0
ACT0000388,O000062,S002,Meeting,2024-01-14 11:27:00,62
ACT0000389,O000063,S021,Meeting,2024-08-12 08:06:00,89
ACT0000390,O000063,S021,Call,2024-09-22 08:05:00,19
ACT0000391,O000063,S021,Call,2024-07-29 15:11:00,21
ACT0000392,O000063,S021,Call,2024-09-06 08:02:00,41
ACT0000393,O000063,S021,Email,2024-09-02 10:13:00,0
ACT0000394,O000063,S021,Call,2024-08-26 15:24:00,15
ACT0000395,O000063,S021,Email,2024-08-15 09:00:00,0
ACT0000396,O000063,S021,Email,2024-07-27 14:06:00,0
ACT0000397,O000063,S021,Call,2024-08-05 14:44:00,36
ACT0000398,O000063,S021,Meeting,2024-08-20 17:49:00,86
ACT0000399,O000063,S021,Meeting,2024-07-06 08:16:00,67
ACT0000400,O000064,S008,Demo,2025-04-24 18:13:00,80
ACT0000401,O000064,S008,Call,2025-04-16 18:31:00,10
ACT0000402,O000064,S008,Email,2025-02-24 15:54:00,0
ACT0000403,O000064,S008,Email,2025-05-10 16:27:00,0
ACT0000404,O000064,S008,Call,2025-03-15 09:58:00,7
ACT0000405,O000064,S008,Call,2025-05-17 10:02:00,21
ACT0000406,O000065,S005,Meeting,2024-05-12 14:08:00,70
ACT0000407,O000065,S005,Call,2024-06-21 12:04:00,6
ACT0000408,O000065,S005,Call,2024-05-15 18:24:00,15
ACT0000409,O000065,S005,Demo,2024-06-29 09:35:00,56
ACT0000410,O000066,S034,Call,2025-05-08 12:05:00,34
ACT0000411,O000066,S034,Email,2025-06-24 15:54:00,0
ACT0000412,O000066,S034,Meeting,2025-05-21 09:39:00,60
ACT0000413,O000066,S034,Call,2025-06-19 10:47:00,38
ACT0000414,O000067,S026,Email,2024-02-29 08:59:00,0
ACT0000415,O000067,S026,Call,2024-02-02 15:08:00,5
ACT0000416,O000067,S026,Email,2024-02-29 11:35:00,0
ACT0000417,O000067,S026,Call,2024-01-12 11:03:00,19
ACT0000418,O000067,S026,Call,2024-01-14 10:25:00,30
ACT0000419,O000068,S019,Email,2025-06-18 13:39:00,0
ACT0000420,O000068,S019,Call,2025-06-30 14:27:00,41
ACT0000421,O000068,S019,Call,2025-05-18 12:14:00,26
ACT0000422,O000068,S019,Email,2025-06-13 14:07:00,0
ACT0000423,O000068,S019,Email,2025-05-21 11:38:00,0
ACT0000424,O000068,S019,Call,2025-05-25 11:36:00,28
ACT0000425,O000068,S019,Call,2025-05-30 09:32:00,35
ACT0000426,O000068,S019,Call,2025-05-24 18:14:00,31
ACT0000427,O000068,S019,Call,2025-06-25 12:00:00,30
ACT0000428,O000068,S019,Email,2025-05-31 08:45:00,0
ACT0000429,O000068,S019,Email,2025-05-26 15:10:00,0
ACT0000430,O000069,S002,Email,2025-04-14 13:51:00,0
ACT0000431,O000070,S040,Email,2024-12-21 15:23:00,0
ACT0000432,O000070,S040,Demo,2024-12-21 14:42:00,97
ACT0000433,O000070,S040,Call,2025-02-20 09:33:00,16
ACT0000434,O000070,S040,Call,2025-02-23 11:53:00,20
ACT0000435,O000070,S040,Meeting,2025-01-21 17:22:00,36
ACT0000436,O000070,S040,Email,2025-02-16 10:45:00,0
ACT0000437,O000071,S010,Meeting,2024-12-08 08:50:00,36
ACT0000438,O000071,S010,Meeting,2024-12-20 11:53:00,86
ACT0000439,O000071,S010,Email,2024-11-28 14:40:00,0
ACT0000440,O000071,S010,Email,2024-11-18 09:32:00,0
ACT0000441,O000071,S010,Email,2024-12-20 17:12:00,0
ACT0000442,O000071,S010,Email,2024-11-19 09:37:00,0
ACT0000443,O000071,S010,Meeting,2024-12-22 15:54:00,39
ACT0000444,O000072,S031,Email,2023-09-22 13:13:00,0
ACT0000445,O000072,S031,Call,2023-09-26 11:08:00,16
ACT0000446,O000072,S031,Email,2023-09-20 14:52:00,0
ACT0000447,O000072,S031,Meeting,2023-10-17 08:27:00,46
ACT0000448,O000072,S031,Call,2023-09-28 12:27:00,10
ACT0000449,O000073,S034,Email,2024-02-29 09:38:00,0
ACT0000450,O000074,S017,Demo,2023-06-23 17:23:00,77
ACT0000451,O000074,S017,Call,2023-07-01 09:47:00,20
ACT0000452,O000074,S017,Email,2023-06-25 11:49:00,0
ACT0000453,O000074,S017,Call,2023-08-10 13:46:00,11
ACT0000454,O000074,S017,Email,2023-08-02 18:23:00,0
ACT0000455,O000074,S017,Call,2023-08-02 11:19:00,41
ACT0000456,O000074,S017,Demo,2023-07-13 18:40:00,77
ACT0000457,O000074,S017,Call,2023-07-09 16:58:00,27
ACT0000458,O000075,S015,Call,2024-04-27 15:18:00,39
ACT0000459,O000075,S015,Call,2024-05-23 15:28:00,8
ACT0000460,O000075,S015,Meeting,2024-03-02 18:31:00,70
ACT0000461,O000075,S015,Email,2024-05-29 12:48:00,0
ACT0000462,O000075,S015,Call,2024-05-17 18:44:00,17
ACT0000463,O000075,S015,Call,2024-07-11 17:58:00,42
ACT0000464,O000075,S015,Email,2024-04-13 16:48:00,0
ACT0000465,O000075,S015,Call,2024-03-08 09:17:00,8
ACT0000466,O000076,S018,Meeting,2024-07-08 16:40:00,49
ACT0000467,O000076,S018,Call,2024-07-11 18:55:00,39
ACT0000468,O000076,S018,Email,2024-07-09 16:57:00,0
ACT0000469,O000077,S017,Email,2024-09-01 10:26:00,0
ACT0000470,O000077,S017,Email,2024-09-06 08:42:00,0
ACT0000471,O000077,S017,Demo,2024-08-24 15:06:00,110
ACT0000472,O000077,S017,Call,2024-08-21 08:22:00,20
ACT0000473,O000077,S017,Meeting,2024-09-01 18:11:00,56
ACT0000474,O000077,S017,Call,2024-08-18 11:46:00,8
ACT0000475,O000077,S017,Call,2024-09-03 10:12:00,33
ACT0000476,O000077,S017,Demo,2024-08-22 18:45:00,114
ACT0000477,O000077,S017,Demo,2024-09-05 17:55:00,89
ACT0000478,O000077,S017,Call,2024-08-31 17:44:00,17
ACT0000479,O000078,S026,Demo,2024-07-15 12:22:00,46
ACT0000480,O000078,S026,Meeting,2024-07-07 13:00:00,66
ACT0000481,O000078,S026,Email,2024-07-16 17:29:00,0
ACT0000482,O000078,S026,Email,2024-07-14 15:31:00,0
ACT0000483,O000078,S026,Email,2024-06-28 15:24:00,0
ACT0000484,O000078,S026,Email,2024-07-05 17:12:00,0
ACT0000485,O000078,S026,Demo,2024-07-07 09:40:00,54
ACT0000486,O000079,S033,Email,2023-03-13 15:15:00,0
ACT0000487,O000079,S033,Call,2023-06-30 15:54:00,20
ACT0000488,O000079,S033,Meeting,2023-06-27 18:51:00,49
ACT0000489,O000079,S033,Meeting,2023-07-03 18:20:00,64
ACT0000490,O000079,S033,Call,2023-04-26 10:14:00,10
ACT0000491,O000079,S033,Email,2023-06-14 15:56:00,0
ACT0000492,O000080,S002,Email,2025-04-15 18:54:00,0
ACT0000493,O000080,S002,Meeting,2025-02-23 12:46:00,82
ACT0000494,O000080,S002,Demo,2025-04-22 10:34:00,104
ACT0000495,O000080,S002,Demo,2025-03-11 09:57:00,59
ACT0000496,O000080,S002,Meeting,2025-03-05 10:26:00,79
ACT0000497,O000080,S002,Email,2025-03-13 16:26:00,0
ACT0000498,O000080,S002,Call,2025-03-05 18:17:00,40
ACT0000499,O000080,S002,Call,2025-02-22 14:58:00,37
ACT0000500,O000080,S002,Email,2025-03-18 13:24:00,0
ACT0000501,O000080,S002,Demo,2025-02-13 18:08:00,61
ACT0000502,O000081,S022,Call,2023-05-11 08:05:00,33
ACT0000503,O000081,S022,Email,2023-04-13 08:27:00,0
ACT0000504,O000081,S022,Call,2023-05-16 12:04:00,17
ACT0000505,O000081,S022,Meeting,2023-05-21 16:28:00,34
ACT0000506,O000081,S022,Call,2023-04-22 15:59:00,25
ACT0000507,O000081,S022,Call,2023-04-21 10:16:00,37
ACT0000508,O000081,S022,Demo,2023-05-30 15:24:00,53
ACT0000509,O000081,S022,Email,2023-03-27 10:38:00,0
ACT0000510,O000081,S022,Email,2023-05-05 15:34:00,0
ACT0000511,O000081,S022,Demo,2023-05-03 16:13:00,104
ACT0000512,O000081,S022,Email,2023-04-04 08:07:00,0
ACT0000513,O000082,S005,Call,2023-11-21 18:41:00,40
ACT0000514,O000082,S005,Call,2023-11-21 18:09:00,18
ACT0000515,O000082,S005,Email,2023-11-12 18:31:00,0
ACT0000516,O000082,S005,Demo,2023-11-24 18:08:00,73
ACT0000517,O000082,S005,Call,2023-11-14 13:24:00,14
ACT0000518,O000083,S016,Call,2024-12-29 16:23:00,20
ACT0000519,O000083,S016,Demo,2025-02-19 17:55:00,114
ACT0000520,O000083,S016,Email,2025-01-22 12:15:00,0
ACT0000521,O000083,S016,Call,2025-02-22 13:03:00,43
ACT0000522,O000083,S016,Call,2025-02-24 18:24:00,38
ACT0000523,O000083,S016,Email,2025-03-30 11:25:00,0
ACT0000524,O000083,S016,Call,2025-01-28 15:47:00,17
ACT0000525,O000084,S016,Email,2023-11-10 11:58:00,0
ACT0000526,O000084,S016,Email,2023-11-19 12:18:00,0
ACT0000527,O000084,S016,Call,2023-11-02 10:45:00,29
ACT0000528,O000084,S016,Call,2023-11-22 12:10:00,22
ACT0000529,O000084,S016,Meeting,2023-12-12 08:40:00,54
ACT0000530,O000084,S016,Call,2023-12-07 08:09:00,9
ACT0000531,O000085,S019,Call,2023-09-08 11:11:00,24
ACT0000532,O000085,S019,Call,2023-09-25 09:55:00,40
ACT0000533,O000085,S019,Call,2023-09-21 15:18:00,24
ACT0000534,O000085,S019,Meeting,2023-09-19 13:31:00,50
ACT0000535,O000085,S019,Call,2023-09-08 18:48:00,42
ACT0000536,O000085,S019,Meeting,2023-09-23 18:17:00,87
ACT0000537,O000085,S019,Call,2023-09-29 13:00:00,27
ACT0000538,O000085,S019,Call,2023-09-27 12:38:00,16
ACT0000539,O000085,S019,Call,2023-09-08 12:19:00,28
ACT0000540,O000085,S019,Call,2023-09-11 12:45:00,15
ACT0000541,O000085,S019,Email,2023-09-24 14:18:00,0
ACT0000542,O000085,S019,Meeting,2023-09-29 17:02:00,66
ACT0000543,O000086,S039,Email,2023-12-19 15:43:00,0
ACT0000544,O000086,S039,Call,2024-01-04 09:52:00,28
ACT0000545,O000086,S039,Call,2023-12-26 08:31:00,35
ACT0000546,O000086,S039,Email,2023-12-18 13:35:00,0
ACT0000547,O000086,S039,Email,2023-12-29 10:01:00,0
ACT0000548,O000086,S039,Email,2024-01-12 12:20:00,0
ACT0000549,O000086,S039,Call,2024-01-08 11:47:00,24
ACT0000550,O000086,S039,Demo,2024-01-12 10:45:00,75
ACT0000551,O000087,S026,Email,2023-10-26 09:09:00,0
ACT0000552,O000087,S026,Demo,2023-10-10 17:27:00,105
ACT0000553,O000087,S026,Call,2023-10-13 13:14:00,37
ACT0000554,O000087,S026,Email,2023-09-07 10:52:00,0
ACT0000555,O000087,S026,Call,2023-11-08 08:51:00,29
ACT0000556,O000088,S004,Call,2023-11-24 16:25:00,22
ACT0000557,O000088,S004,Meeting,2023-11-14 12:59:00,81
ACT0000558,O000088,S004,Demo,2023-11-26 16:31:00,101
ACT0000559,O000088,S004,Email,2023-11-21 16:17:00,0
ACT0000560,O000088,S004,Email,2023-10-22 10:08:00,0
ACT0000561,O000089,S005,Demo,2023-07-09 15:19:00,72
ACT0000562,O000089,S005,Email,2023-05-04 14:28:00,0
ACT0000563,O000089,S005,Call,2023-08-04 13:58:00,32
ACT0000564,O000089,S005,Email,2023-03-02 11:27:00,0
ACT0000565,O000090,S040,Email,2024-12-23 14:38:00,0
ACT0000566,O000090,S040,Email,2025-02-23 15:45:00,0
ACT0000567,O000090,S040,Demo,2025-03-31 12:12:00,117
ACT0000568,O000090,S040,Email,2025-01-24 14:38:00,0
ACT0000569,O000090,S040,Email,2025-01-30 11:11:00,0
ACT0000570,O000091,S038,Email,2024-10-23 08:30:00,0
ACT0000571,O000091,S038,Call,2024-10-17 08:42:00,27
ACT0000572,O000091,S038,Email,2024-10-05 14:05:00,0
ACT0000573,O000091,S038,Meeting,2024-10-29 14:43:00,40
ACT0000574,O000092,S033,Email,2025-06-09 16:59:00,0
ACT0000575,O000092,S033,Call,2025-06-23 14:15:00,14
ACT0000576,O000092,S033,Call,2025-06-04 15:03:00,38
ACT0000577,O000092,S033,Call,2025-06-25 18:16:00,43
ACT0000578,O000092,S033,Demo,2025-06-02 12:17:00,88
ACT0000579,O000092,S033,Email,2025-06-21 17:46:00,0
ACT0000580,O000092,S033,Meeting,2025-06-30 08:36:00,82
ACT0000581,O000092,S033,Call,2025-06-06 12:49:00,39
ACT0000582,O000092,S033,Email,2025-06-20 08:27:00,0
ACT0000583,O000092,S033,Demo,2025-05-26 16:43:00,115
ACT0000584,O000093,S012,Email,2023-03-24 11:32:00,0
ACT0000585,O000093,S012,Meeting,2023-04-02 08:22:00,42
ACT0000586,O000093,S012,Email,2023-03-20 15:59:00,0
ACT0000587,O000094,S011,Call,2025-05-14 17:33:00,16
ACT0000588,O000094,S011,Call,2025-05-23 17:42:00,19
ACT0000589,O000094,S011,Call,2025-05-06 11:03:00,20
ACT0000590,O000094,S011,Email,2025-06-17 13:51:00,0
ACT0000591,O000094,S011,Email,2025-05-31 18:03:00,0
ACT0000592,O000094,S011,Call,2025-06-17 09:46:00,44
ACT0000593,O000094,S011,Email,2025-05-10 12:30:00,0
ACT0000594,O000094,S011,Call,2025-06-11 09:56:00,39
ACT0000595,O000095,S006,Email,2025-06-21 12:55:00,0
ACT0000596,O000096,S006,Meeting,2024-08-04 18:48:00,68
ACT0000597,O000096,S006,Call,2024-08-19 09:12:00,32
ACT0000598,O000096,S006,Demo,2024-07-18 15:32:00,87
ACT0000599,O000096,S006,Call,2024-08-04 09:01:00,35
ACT0000600,O000096,S006,Meeting,2024-07-28 08:17:00,33
ACT0000601,O000096,S006,Email,2024-07-21 16:18:00,0
ACT0000602,O000096,S006,Email,2024-07-21 12:27:00,0
ACT0000603,O000097,S023,Email,2024-02-13 10:50:00,0
ACT0000604,O000097,S023,Call,2024-01-24 14:57:00,29
ACT0000605,O000097,S023,Call,2024-01-26 09:33:00,35
ACT0000606,O000097,S023,Call,2024-02-09 16:57:00,21
ACT0000607,O000097,S023,Meeting,2024-01-31 11:34:00,35
ACT0000608,O000098,S012,Meeting,2024-05-09 16:18:00,86
ACT0000609,O000098,S012,Call,2024-05-01 08:41:00,17
ACT0000610,O000098,S012,Call,2024-05-13 14:34:00,35
ACT0000611,O000098,S012,Call,2024-05-01 14:59:00,10
ACT0000612,O000098,S012,Call,2024-05-22 10:55:00,32
ACT0000613,O000098,S012,Demo,2024-05-18 16:01:00,94
ACT0000614,O000099,S038,Email,2023-05-01 15:27:00,0
ACT0000615,O000099,S038,Call,2023-05-15 15:29:00,17
ACT0000616,O000100,S012,Email,2023-08-11 10:23:00,0
ACT0000617,O000100,S012,Meeting,2023-07-01 08:05:00,37
ACT0000618,O000100,S012,Meeting,2023-07-19 18:09:00,78
ACT0000619,O000100,S012,Email,2023-08-16 10:16:00,0
ACT0000620,O000100,S012,Call,2023-08-21 14:30:00,23
ACT0000621,O000100,S012,Call,2023-07-16 10:08:00,39
ACT0000622,O000101,S002,Call,2025-06-24 14:47:00,40
ACT0000623,O000101,S002,Email,2025-06-20 16:52:00,0
ACT0000624,O000101,S002,Email,2025-06-11 14:37:00,0
ACT0000625,O000101,S002,Call,2025-06-04 15:45:00,25
ACT0000626,O000101,S002,Meeting,2025-06-22 14:30:00,42
ACT0000627,O000101,S002,Call,2025-06-09 17:28:00,23
ACT0000628,O000102,S028,Email,2023-06-23 09:53:00,0
ACT0000629,O000102,S028,Email,2023-05-23 18:39:00,0
ACT0000630,O000102,S028,Call,2023-06-02 14:31:00,14
ACT0000631,O000102,S028,Demo,2023-05-26 15:22:00,47
ACT0000632,O000102,S028,Meeting,2023-06-05 14:53:00,87
ACT0000633,O000102,S028,Meeting,2023-06-14 08:08:00,67
ACT0000634,O000103,S005,Email,2025-03-21 18:37:00,0
ACT0000635,O000103,S005,Email,2025-03-03 17:48:00,0
ACT0000636,O000103,S005,Email,2025-02-18 08:52:00,0
ACT0000637,O000103,S005,Email,2025-02-28 15:58:00,0
ACT0000638,O000103,S005,Call,2025-03-14 16:37:00,44
ACT0000639,O000103,S005,Call,2025-02-18 17:50:00,10
ACT0000640,O000103,S005,Email,2025-03-01 11:39:00,0
ACT0000641,O000103,S005,Email,2025-03-06 08:58:00,0
ACT0000642,O000103,S005,Email,2025-03-24 08:16:00,0
ACT0000643,O000104,S036,Call,2023-09-13 08:16:00,21
ACT0000644,O000104,S036,Meeting,2023-08-25 13:40:00,36
ACT0000645,O000104,S036,Call,2023-08-29 15:12:00,38
ACT0000646,O000104,S036,Email,2023-09-02 09:43:00,0
ACT0000647,O000104,S036,Email,2023-09-03 08:13:00,0
ACT0000648,O000104,S036,Email,2023-09-05 11:44:00,0
ACT0000649,O000104,S036,Demo,2023-09-15 12:24:00,50
ACT0000650,O000104,S036,Call,2023-09-02 15:38:00,32
ACT0000651,O000104,S036,Call,2023-09-03 16:32:00,38
ACT0000652,O000104,S036,Email,2023-08-25 10:37:00,0
ACT0000653,O000105,S027,Email,2025-06-14 18:53:00,0
ACT0000654,O000105,S027,Meeting,2025-06-23 16:06:00,39
ACT0000655,O000105,S027,Email,2025-06-21 12:42:00,0
ACT0000656,O000105,S027,Call,2025-06-21 15:10:00,30
ACT0000657,O000105,S027,Email,2025-06-24 18:31:00,0
ACT0000658,O000106,S024,Demo,2025-01-22 08:56:00,63
ACT0000659,O000106,S024,Email,2025-03-24 11:45:00,0
ACT0000660,O000106,S024,Call,2025-04-07 17:53:00,36
ACT0000661,O000106,S024,Email,2025-04-20 13:55:00,0
ACT0000662,O000106,S024,Call,2025-04-05 12:47:00,35
ACT0000663,O000106,S024,Call,2025-04-25 08:27:00,37
ACT0000664,O000107,S035,Call,2024-11-28 18:52:00,26
ACT0000665,O000107,S035,Call,2024-12-19 12:30:00,17
ACT0000666,O000107,S035,Email,2024-11-23 17:01:00,0
ACT0000667,O000107,S035,Call,2024-12-01 11:13:00,31
ACT0000668,O000107,S035,Email,2024-12-20 08:23:00,0
ACT0000669,O000107,S035,Meeting,2024-11-25 17:10:00,30
ACT0000670,O000107,S035,Email,2024-12-22 14:44:00,0
ACT0000671,O000107,S035,Email,2024-12-21 15:19:00,0
ACT0000672,O000107,S035,Email,2024-11-27 08:48:00,0
ACT0000673,O000108,S018,Demo,2024-10-26 12:55:00,73
ACT0000674,O000108,S018,Call,2024-09-15 10:38:00,21
ACT0000675,O000108,S018,Email,2024-10-08 08:47:00,0
ACT0000676,O000108,S018,Email,2024-10-16 16:28:00,0
ACT0000677,O000108,S018,Email,2024-09-07 11:32:00,0
ACT0000678,O000109,S012,Meeting,2025-06-25 12:24:00,81
ACT0000679,O000110,S002,Email,2025-06-29 16:48:00,0
ACT0000680,O000110,S002,Email,2025-06-16 17:00:00,0
ACT0000681,O000111,S032,Email,2025-03-19 11:22:00,0
ACT0000682,O000111,S032,Meeting,2025-03-20 12:21:00,83
ACT0000683,O000111,S032,Email,2025-03-30 10:12:00,0
ACT0000684,O000111,S032,Email,2025-03-31 14:24:00,0
ACT0000685,O000111,S032,Email,2025-03-12 17:46:00,0
ACT0000686,O000111,S032,Email,2025-03-21 12:31:00,0
ACT0000687,O000111,S032,Call,2025-03-07 10:49:00,44
ACT0000688,O000111,S032,Call,2025-03-19 10:11:00,29
ACT0000689,O000111,S032,Call,2025-03-31 13:06:00,30
ACT0000690,O000111,S032,Email,2025-03-24 15:15:00,0
ACT0000691,O000111,S032,Email,2025-03-05 12:33:00,0
ACT0000692,O000111,S032,Email,2025-03-29 12:08:00,0
ACT0000693,O000111,S032,Call,2025-03-04 13:21:00,18
ACT0000694,O000111,S032,Email,2025-03-24 14:56:00,0
ACT0000695,O000112,S028,Meeting,2024-01-19 09:09:00,51
ACT0000696,O000112,S028,Email,2024-01-13 16:16:00,0
ACT0000697,O000112,S028,Call,2024-01-18 08:20:00,33
ACT0000698,O000112,S028,Email,2024-01-11 17:51:00,0
ACT0000699,O000112,S028,Demo,2024-01-05 17:55:00,110
ACT0000700,O000112,S028,Email,2024-01-27 16:20:00,0
ACT0000701,O000112,S028,Meeting,2024-01-07 12:22:00,33
ACT0000702,O000113,S040,Call,2023-03-09 12:30:00,23
ACT0000703,O000113,S040,Call,2023-04-23 10:47:00,24
ACT0000704,O000113,S040,Demo,2023-03-28 12:07:00,86
ACT0000705,O000113,S040,Call,2023-03-20 17:08:00,16
ACT0000706,O000113,S040,Demo,2023-04-03 11:20:00,110
ACT0000707,O000113,S040,Call,2023-03-30 18:17:00,13
ACT0000708,O000114,S022,Demo,2023-01-31 17:01:00,98
ACT0000709,O000114,S022,Call,2023-01-22 11:07:00,13
ACT0000710,O000114,S022,Call,2023-01-29 11:26:00,27
ACT0000711,O000114,S022,Call,2023-01-22 15:17:00,14
ACT0000712,O000114,S022,Meeting,2023-02-06 12:11:00,72
ACT0000713,O000115,S034,Meeting,2023-11-13 13:04:00,83
ACT0000714,O000115,S034,Meeting,2023-12-06 10:43:00,42
ACT0000715,O000115,S034,Meeting,2023-11-20 10:34:00,67
ACT0000716,O000115,S034,Email,2023-11-18 17:25:00,0
ACT0000717,O000115,S034,Call,2023-11-16 15:57:00,16
ACT0000718,O000115,S034,Call,2023-11-07 09:08:00,31
ACT0000719,O000115,S034,Call,2023-11-21 18:00:00,16
ACT0000720,O000115,S034,Email,2023-11-17 17:55:00,0
ACT0000721,O000116,S038,Meeting,2024-07-20 09:23:00,85
ACT0000722,O000116,S038,Call,2024-07-16 09:21:00,6
ACT0000723,O000116,S038,Demo,2024-06-28 14:51:00,107
ACT0000724,O000116,S038,Meeting,2024-06-28 11:46:00,82
ACT0000725,O000116,S038,Demo,2023-03-21 17:38:00,112
ACT0000726,O000116,S038,Call,2024-06-22 13:29:00,39
ACT0000727,O000116,S038,Email,2024-07-31 10:53:00,0
ACT0000728,O000116,S038,Email,2024-06-09 08:15:00,0
ACT0000729,O000116,S038,Call,2024-07-26 10:14:00,11
ACT0000730,O000117,S034,Call,2024-11-16 09:44:00,25
ACT0000731,O000117,S034,Meeting,2024-12-19 16:19:00,41
ACT0000732,O000117,S034,Email,2025-01-28 08:54:00,0
ACT0000733,O000117,S034,Email,2025-01-17 14:13:00,0
ACT0000734,O000117,S034,Demo,2025-01-13 11:20:00,72
ACT0000735,O000118,S008,Call,2024-12-15 16:06:00,28
ACT0000736,O000118,S008,Email,2025-01-17 18:03:00,0
ACT0000737,O000118,S008,Meeting,2024-12-28 08:01:00,39
ACT0000738,O000119,S016,Call,2025-06-29 08:05:00,34
ACT0000739,O000119,S016,Meeting,2025-06-27 10:48:00,40
ACT0000740,O000119,S016,Call,2025-06-22 17:51:00,12
ACT0000741,O000120,S029,Demo,2024-08-11 13:01:00,78
ACT0000742,O000120,S029,Email,2024-07-25 11:09:00,0
ACT0000743,O000120,S029,Meeting,2024-08-16 14:21:00,82
ACT0000744,O000120,S029,Email,2024-08-11 09:59:00,0
ACT0000745,O000120,S029,Call,2024-08-14 14:14:00,16
ACT0000746,O000120,S029,Call,2024-07-25 17:43:00,33
ACT0000747,O000120,S029,Email,2024-07-24 14:05:00,0
ACT0000748,O000120,S029,Call,2024-08-02 18:58:00,27
ACT0000749,O000120,S029,Call,2024-08-14 12:52:00,13
ACT0000750,O000120,S029,Email,2024-08-09 10:21:00,0
ACT0000751,O000121,S005,Call,2025-06-25 15:52:00,36
ACT0000752,O000121,S005,Email,2025-06-26 08:13:00,0
ACT0000753,O000121,S005,Meeting,2025-06-25 10:27:00,43
ACT0000754,O000121,S005,Meeting,2025-06-23 09:10:00,49
ACT0000755,O000122,S040,Demo,2023-03-19 14:38:00,82
ACT0000756,O000122,S040,Email,2023-03-14 14:44:00,0
ACT0000757,O000122,S040,Call,2023-03-14 17:42:00,21
ACT0000758,O000122,S040,Email,2023-03-12 18:31:00,0
ACT0000759,O000122,S040,Email,2023-03-11 15:44:00,0
ACT0000760,O000122,S040,Email,2023-03-22 18:52:00,0
ACT0000761,O000122,S040,Meeting,2023-02-24 10:58:00,72
ACT0000762,O000122,S040,Call,2023-02-18 08:19:00,8
ACT0000763,O000123,S027,Call,2025-03-25 17:57:00,24
ACT0000764,O000123,S027,Email,2025-05-19 08:08:00,0
ACT0000765,O000123,S027,Email,2025-04-18 11:19:00,0
ACT0000766,O000123,S027,Email,2025-03-21 15:41:00,0
ACT0000767,O000123,S027,Email,2025-05-05 13:05:00,0
ACT0000768,O000123,S027,Call,2025-04-16 17:34:00,26
ACT0000769,O000123,S027,Email,2025-05-02 11:30:00,0
ACT0000770,O000124,S039,Meeting,2023-07-04 11:59:00,48
ACT0000771,O000124,S039,Email,2023-06-26 11:31:00,0
ACT0000772,O000124,S039,Call,2023-06-16 10:16:00,9
ACT0000773,O000124,S039,Email,2023-06-08 17:31:00,0
ACT0000774,O000124,S039,Call,2023-06-13 17:20:00,5
ACT0000775,O000125,S020,Email,2023-10-07 16:03:00,0
ACT0000776,O000125,S020,Demo,2023-09-05 10:43:00,93
ACT0000777,O000125,S020,Call,2023-09-19 15:03:00,43
ACT0000778,O000125,S020,Call,2023-10-05 18:57:00,20
ACT0000779,O000125,S020,Email,2023-09-18 08:37:00,0
ACT0000780,O000125,S020,Email,2023-11-02 13:18:00,0
ACT0000781,O000126,S001,Email,2023-04-05 08:51:00,0
ACT0000782,O000126,S001,Meeting,2023-04-18 15:00:00,35
ACT0000783,O000126,S001,Email,2023-04-19 10:52:00,0
ACT0000784,O000126,S001,Email,2023-04-16 08:59:00,0
ACT0000785,O000126,S001,Email,2023-04-08 11:35:00,0
ACT0000786,O000127,S033,Meeting,2024-04-02 12:55:00,37
ACT0000787,O000127,S033,Call,2024-04-13 16:04:00,6
ACT0000788,O000127,S033,Email,2024-03-16 11:19:00,0
ACT0000789,O000127,S033,Call,2024-03-27 11:22:00,20
ACT0000790,O000127,S033,Demo,2024-02-29 17:24:00,111
ACT0000791,O000127,S033,Email,2024-05-14 15:07:00,0
ACT0000792,O000128,S022,Call,2023-05-02 17:07:00,39
ACT0000793,O000128,S022,Call,2023-05-10 12:12:00,12
ACT0000794,O000128,S022,Meeting,2023-05-15 10:52:00,75
ACT0000795,O000128,S022,Demo,2023-06-09 11:02:00,47
ACT0000796,O000128,S022,Email,2023-07-07 16:35:00,0
ACT0000797,O000128,S022,Call,2023-06-07 17:01:00,31
ACT0000798,O000128,S022,Email,2023-05-08 14:53:00,0
ACT0000799,O000129,S025,Demo,2025-01-30 18:50:00,58
ACT0000800,O000129,S025,Call,2025-01-14 10:09:00,39
ACT0000801,O000130,S002,Email,2025-01-10 13:17:00,0
ACT0000802,O000130,S002,Email,2025-02-06 13:50:00,0
ACT0000803,O000130,S002,Demo,2025-02-04 14:38:00,49
ACT0000804,O000130,S002,Email,2025-01-28 15:59:00,0
ACT0000805,O000130,S002,Call,2025-01-16 14:58:00,40
ACT0000806,O000130,S002,Email,2024-12-28 08:44:00,0
ACT0000807,O000130,S002,Meeting,2025-02-06 13:56:00,71
ACT0000808,O000130,S002,Call,2025-02-05 15:42:00,35
ACT0000809,O000131,S003,Call,2024-12-27 17:37:00,10
ACT0000810,O000131,S003,Meeting,2024-11-15 12:30:00,36
ACT0000811,O000131,S003,Email,2025-01-06 16:42:00,0
ACT0000812,O000131,S003,Meeting,2024-12-18 17:22:00,45
ACT0000813,O000131,S003,Call,2025-01-13 11:31:00,23
ACT0000814,O000131,S003,Meeting,2025-01-09 09:29:00,60
ACT0000815,O000132,S019,Call,2024-02-22 11:35:00,26
ACT0000816,O000132,S019,Call,2024-02-23 12:27:00,32
ACT0000817,O000132,S019,Email,2024-01-11 18:15:00,0
ACT0000818,O000132,S019,Call,2024-02-12 13:39:00,18
ACT0000819,O000132,S019,Call,2024-02-17 13:34:00,26
ACT0000820,O000132,S019,Call,2024-02-27 10:25:00,19
ACT0000821,O000132,S019,Call,2024-01-27 15:41:00,28
ACT0000822,O000133,S003,Call,2024-09-16 15:21:00,15
ACT0000823,O000133,S003,Meeting,2024-12-26 17:06:00,83
ACT0000824,O000133,S003,Email,2024-10-03 14:39:00,0
ACT0000825,O000133,S003,Call,2024-12-02 09:00:00,33
ACT0000826,O000133,S003,Demo,2024-10-03 09:08:00,55
ACT0000827,O000133,S003,Call,2024-12-07 17:42:00,25
ACT0000828,O000134,S028,Meeting,2025-02-16 08:55:00,47
ACT0000829,O000134,S028,Meeting,2025-02-20 12:07:00,76
ACT0000830,O000134,S028,Call,2025-02-05 08:44:00,13
ACT0000831,O000134,S028,Meeting,2025-02-14 12:13:00,73
ACT0000832,O000134,S028,Email,2025-02-06 09:47:00,0
ACT0000833,O000134,S028,Call,2025-02-17 10:36:00,12
ACT0000834,O000135,S040,Email,2023-04-26 12:00:00,0
ACT0000835,O000135,S040,Call,2023-02-10 12:10:00,28
ACT0000836,O000135,S040,Email,2023-06-08 16:09:00,0
ACT0000837,O000135,S040,Call,2023-05-06 13:47:00,6
ACT0000838,O000135,S040,Email,2023-05-04 15:06:00,0
ACT0000839,O000136,S017,Meeting,2023-09-08 16:09:00,61
ACT0000840,O000136,S017,Email,2023-08-20 13:07:00,0
ACT0000841,O000136,S017,Call,2023-08-08 11:06:00,32
ACT0000842,O000136,S017,Email,2023-08-26 17:47:00,0
ACT0000843,O000136,S017,Meeting,2023-08-22 13:37:00,84
ACT0000844,O000136,S017,Call,2023-07-30 08:05:00,22
ACT0000845,O000136,S017,Email,2023-08-24 08:49:00,0
ACT0000846,O000136,S017,Call,2023-09-05 10:31:00,32
ACT0000847,O000137,S005,Demo,2025-04-28 11:08:00,66
ACT0000848,O000137,S005,Call,2025-04-01 13:50:00,34
ACT0000849,O000137,S005,Call,2025-04-17 16:02:00,19
ACT0000850,O000137,S005,Call,2025-04-12 16:03:00,29
ACT0000851,O000137,S005,Call,2025-03-30 17:18:00,16
ACT0000852,O000138,S003,Meeting,2024-04-08 11:58:00,71
ACT0000853,O000138,S003,Call,2024-05-08 09:59:00,14
ACT0000854,O000138,S003,Demo,2024-05-04 17:50:00,69
ACT0000855,O000138,S003,Demo,2024-04-12 18:31:00,96
ACT0000856,O000138,S003,Call,2024-04-02 17:41:00,24
ACT0000857,O000138,S003,Call,2024-05-18 08:06:00,44
ACT0000858,O000138,S003,Email,2024-04-05 08:52:00,0
ACT0000859,O000138,S003,Meeting,2024-04-30 13:35:00,51
ACT0000860,O000139,S009,Email,2024-02-14 10:27:00,0
ACT0000861,O000139,S009,Email,2023-12-03 11:57:00,0
ACT0000862,O000139,S009,Call,2024-01-11 12:01:00,8
ACT0000863,O000139,S009,Call,2023-12-05 16:24:00,22
ACT0000864,O000139,S009,Email,2024-01-08 10:08:00,0
ACT0000865,O000139,S009,Call,2024-02-21 11:17:00,33
ACT0000866,O000139,S009,Meeting,2024-01-14 15:27:00,49
ACT0000867,O000139,S009,Call,2023-12-09 08:48:00,42
ACT0000868,O000139,S009,Call,2024-02-10 10:44:00,8
ACT0000869,O000140,S037,Call,2024-09-22 08:45:00,12
ACT0000870,O000140,S037,Call,2024-09-08 12:17:00,40
ACT0000871,O000140,S037,Call,2024-09-08 13:48:00,35
ACT0000872,O000140,S037,Call,2024-09-24 15:04:00,21
ACT0000873,O000140,S037,Call,2024-09-28 17:54:00,41
ACT0000874,O000141,S027,Call,2023-02-28 09:25:00,17
ACT0000875,O000141,S027,Call,2023-03-11 14:21:00,20
ACT0000876,O000141,S027,Call,2023-02-26 17:10:00,37
ACT0000877,O000141,S027,Email,2023-02-17 12:42:00,0
ACT0000878,O000141,S027,Call,2023-03-09 16:26:00,22
ACT0000879,O000141,S027,Demo,2023-02-17 12:32:00,117
ACT0000880,O000142,S034,Email,2023-07-06 13:28:00,0
ACT0000881,O000142,S034,Email,2023-06-30 16:40:00,0
ACT0000882,O000142,S034,Demo,2023-07-25 18:15:00,97
ACT0000883,O000142,S034,Email,2023-06-09 08:14:00,0
ACT0000884,O000142,S034,Email,2023-06-09 14:57:00,0
ACT0000885,O000143,S011,Meeting,2023-03-04 16:31:00,36
ACT0000886,O000143,S011,Meeting,2023-01-20 11:13:00,31
ACT0000887,O000143,S011,Email,2023-03-05 18:12:00,0
ACT0000888,O000143,S011,Email,2023-02-15 10:25:00,0
ACT0000889,O000144,S021,Call,2024-07-22 14:24:00,31
ACT0000890,O000144,S021,Call,2024-07-30 09:27:00,23
ACT0000891,O000144,S021,Email,2024-07-31 18:15:00,0
ACT0000892,O000144,S021,Email,2024-08-26 10:40:00,0
ACT0000893,O000145,S001,Email,2023-06-20 12:11:00,0
ACT0000894,O000145,S001,Call,2023-05-27 11:46:00,24
ACT0000895,O000145,S001,Email,2023-05-27 13:52:00,0
ACT0000896,O000145,S001,Demo,2023-06-19 09:35:00,47
ACT0000897,O000145,S001,Call,2023-05-28 16:27:00,19
ACT0000898,O000145,S001,Email,2023-05-28 12:19:00,0
ACT0000899,O000146,S033,Meeting,2024-12-28 11:23:00,67
ACT0000900,O000146,S033,Call,2025-01-11 17:09:00,5
ACT0000901,O000146,S033,Call,2024-12-31 15:05:00,30
ACT0000902,O000146,S033,Meeting,2024-12-30 08:08:00,81
ACT0000903,O000146,S033,Email,2025-01-14 18:01:00,0
ACT0000904,O000146,S033,Meeting,2025-01-02 15:59:00,40
ACT0000905,O000146,S033,Email,2024-12-28 17:53:00,0
ACT0000906,O000146,S033,Call,2024-12-18 14:38:00,5
ACT0000907,O000146,S033,Call,2024-12-14 10:59:00,40
ACT0000908,O000147,S020,Demo,2023-09-30 13:38:00,67
ACT0000909,O000147,S020,Meeting,2023-09-08 12:45:00,81
ACT0000910,O000147,S020,Call,2023-10-08 10:40:00,40
ACT0000911,O000147,S020,Demo,2023-09-24 11:38:00,52
ACT0000912,O000147,S020,Email,2023-10-10 08:41:00,0
ACT0000913,O000147,S020,Call,2023-10-14 17:55:00,28
ACT0000914,O000147,S020,Email,2023-09-28 18:34:00,0
ACT0000915,O000147,S020,Call,2023-09-22 10:33:00,38
ACT0000916,O000148,S004,Call,2025-06-09 10:10:00,32
ACT0000917,O000148,S004,Call,2025-06-27 18:17:00,30
ACT0000918,O000148,S004,Email,2025-06-18 15:05:00,0
ACT0000919,O000148,S004,Call,2025-03-12 08:29:00,39
ACT0000920,O000148,S004,Demo,2025-05-31 09:13:00,69
ACT0000921,O000148,S004,Email,2025-05-28 14:10:00,0
ACT0000922,O000148,S004,Email,2025-06-17 14:16:00,0
ACT0000923,O000149,S036,Meeting,2024-04-23 14:46:00,81
ACT0000924,O000149,S036,Call,2024-04-30 18:55:00,22
ACT0000925,O000149,S036,Email,2024-05-08 18:45:00,0
ACT0000926,O000149,S036,Call,2024-03-26 17:37:00,9
ACT0000927,O000149,S036,Call,2024-03-09 11:53:00,14
ACT0000928,O000149,S036,Demo,2024-03-19 09:51:00,57
ACT0000929,O000149,S036,Email,2024-03-03 17:16:00,0
ACT0000930,O000149,S036,Demo,2024-02-29 13:16:00,82
ACT0000931,O000149,S036,Email,2024-04-24 12:13:00,0
ACT0000932,O000150,S028,Call,2023-12-22 11:10:00,7
ACT0000933,O000150,S028,Meeting,2023-12-26 16:42:00,41
ACT0000934,O000150,S028,Demo,2023-12-26 17:50:00,90
ACT0000935,O000150,S028,Demo,2023-12-12 18:32:00,90
ACT0000936,O000150,S028,Email,2023-12-23 16:21:00,0
ACT0000937,O000150,S028,Call,2023-12-11 15:22:00,42
ACT0000938,O000151,S038,Call,2024-11-28 11:50:00,14
ACT0000939,O000151,S038,Meeting,2024-08-01 09:13:00,78
ACT0000940,O000151,S038,Email,2024-08-26 15:16:00,0
ACT0000941,O000151,S038,Meeting,2024-09-01 08:08:00,75
ACT0000942,O000151,S038,Call,2024-10-29 08:24:00,12
ACT0000943,O000152,S032,Email,2025-05-18 14:44:00,0
ACT0000944,O000152,S032,Call,2025-05-28 08:37:00,36
ACT0000945,O000152,S032,Call,2025-05-16 18:32:00,40
ACT0000946,O000152,S032,Email,2025-05-14 14:19:00,0
ACT0000947,O000152,S032,Email,2025-05-16 13:54:00,0
ACT0000948,O000152,S032,Email,2025-05-28 15:40:00,0
ACT0000949,O000152,S032,Demo,2025-05-16 14:42:00,66
ACT0000950,O000153,S008,Email,2023-02-03 09:23:00,0
ACT0000951,O000153,S008,Email,2023-02-02 13:06:00,0
ACT0000952,O000153,S008,Call,2023-02-06 17:29:00,9
ACT0000953,O000153,S008,Email,2023-02-01 18:19:00,0
ACT0000954,O000153,S008,Meeting,2023-01-08 17:36:00,30
ACT0000955,O000153,S008,Meeting,2023-01-27 18:38:00,46
ACT0000956,O000153,S008,Call,2023-01-08 10:30:00,16
ACT0000957,O000153,S008,Email,2023-01-30 17:08:00,0
ACT0000958,O000153,S008,Call,2023-01-22 16:10:00,22
ACT0000959,O000154,S009,Demo,2025-05-04 14:55:00,113
ACT0000960,O000154,S009,Call,2025-05-07 11:23:00,17
ACT0000961,O000154,S009,Email,2025-05-18 11:29:00,0
ACT0000962,O000154,S009,Call,2025-05-22 12:15:00,29
ACT0000963,O000154,S009,Demo,2025-05-07 10:34:00,67
ACT0000964,O000154,S009,Call,2025-06-06 18:49:00,33
ACT0000965,O000154,S009,Demo,2025-05-21 14:58:00,70
ACT0000966,O000154,S009,Call,2025-05-03 12:47:00,21
ACT0000967,O000155,S018,Email,2023-11-21 08:37:00,0
ACT0000968,O000155,S018,Meeting,2023-11-29 13:22:00,54
ACT0000969,O000155,S018,Email,2023-11-08 16:46:00,0
ACT0000970,O000155,S018,Email,2023-11-12 08:51:00,0
ACT0000971,O000155,S018,Call,2023-11-01 11:25:00,41
ACT0000972,O000156,S015,Call,2023-06-11 15:13:00,32
ACT0000973,O000156,S015,Call,2023-06-20 14:57:00,9
ACT0000974,O000156,S015,Meeting,2023-06-25 10:52:00,54
ACT0000975,O000156,S015,Call,2023-05-14 10:59:00,7
ACT0000976,O000156,S015,Call,2023-05-19 14:07:00,35
ACT0000977,O000156,S015,Email,2023-05-20 11:22:00,0
ACT0000978,O000156,S015,Demo,2023-06-06 08:45:00,88
ACT0000979,O000156,S015,Demo,2023-06-19 14:57:00,78
ACT0000980,O000156,S015,Meeting,2023-04-29 15:48:00,63
ACT0000981,O000156,S015,Email,2023-05-20 09:23:00,0
ACT0000982,O000156,S015,Email,2023-06-04 14:20:00,0
ACT0000983,O000157,S037,Meeting,2024-02-17 16:09:00,41
ACT0000984,O000157,S037,Call,2024-01-31 11:00:00,29
ACT0000985,O000158,S005,Call,2025-05-18 12:34:00,31
ACT0000986,O000158,S005,Call,2025-05-15 08:23:00,15
ACT0000987,O000158,S005,Meeting,2025-05-08 09:43:00,84
ACT0000988,O000158,S005,Email,2025-05-24 08:29:00,0
ACT0000989,O000158,S005,Demo,2025-05-26 12:06:00,101
ACT0000990,O000158,S005,Email,2025-05-09 12:47:00,0
ACT0000991,O000159,S010,Call,2024-10-21 11:34:00,37
ACT0000992,O000159,S010,Call,2024-10-07 08:00:00,33
ACT0000993,O000159,S010,Email,2024-10-28 11:29:00,0
ACT0000994,O000159,S010,Email,2024-11-20 18:38:00,0
ACT0000995,O000159,S010,Email,2024-11-06 18:28:00,0
ACT0000996,O000159,S010,Call,2024-11-14 16:51:00,36
ACT0000997,O000159,S010,Call,2024-09-23 12:25:00,29
ACT0000998,O000159,S010,Email,2024-10-21 08:01:00,0
ACT0000999,O000160,S040,Email,2025-05-18 13:36:00,0
ACT0001000,O000160,S040,Email,2025-04-13 15:21:00,0
ACT0001001,O000160,S040,Email,2025-06-20 16:01:00,0
ACT0001002,O000160,S040,Email,2025-03-26 14:40:00,0
ACT0001003,O000160,S040,Email,2025-05-13 15:36:00,0
ACT0001004,O000160,S040,Email,2025-06-07 12:54:00,0
ACT0001005,O000160,S040,Call,2025-06-23 11:01:00,15
ACT0001006,O000160,S040,Meeting,2025-06-15 09:47:00,41
ACT0001007,O000161,S038,Email,2025-03-27 16:49:00,0
ACT0001008,O000161,S038,Call,2025-03-25 17:36:00,18
ACT0001009,O000161,S038,Email,2025-03-06 18:51:00,0
ACT0001010,O000162,S017,Call,2025-06-22 08:29:00,9
ACT0001011,O000162,S017,Email,2025-06-27 08:47:00,0
ACT0001012,O000162,S017,Email,2025-06-29 18:27:00,0
ACT0001013,O000163,S023,Meeting,2024-10-22 12:57:00,72
ACT0001014,O000163,S023,Email,2024-10-19 17:16:00,0
ACT0001015,O000163,S023,Email,2024-10-11 11:23:00,0
ACT0001016,O000163,S023,Demo,2024-10-16 08:29:00,73
ACT0001017,O000163,S023,Meeting,2024-10-20 14:43:00,33
ACT0001018,O000163,S023,Email,2024-10-22 14:33:00,0
ACT0001019,O000163,S023,Email,2024-10-25 09:07:00,0
ACT0001020,O000163,S023,Call,2024-10-17 10:08:00,18
ACT0001021,O000164,S034,Demo,2023-03-07 11:14:00,47
ACT0001022,O000164,S034,Meeting,2023-03-02 11:04:00,77
ACT0001023,O000164,S034,Call,2023-02-15 17:33:00,27
ACT0001024,O000164,S034,Call,2023-02-25 11:58:00,39
ACT0001025,O000164,S034,Email,2023-02-20 10:32:00,0
ACT0001026,O000164,S034,Call,2023-02-21 11:14:00,5
ACT0001027,O000164,S034,Meeting,2023-02-23 09:43:00,78
ACT0001028,O000164,S034,Demo,2023-03-08 13:45:00,109
ACT0001029,O000165,S029,Call,2025-02-19 18:27:00,36
ACT0001030,O000165,S029,Meeting,2025-02-27 17:04:00,53
ACT0001031,O000165,S029,Meeting,2025-02-22 08:06:00,66
ACT0001032,O000165,S029,Call,2025-02-20 08:19:00,9
ACT0001033,O000165,S029,Email,2025-02-20 18:03:00,0
ACT0001034,O000165,S029,Meeting,2025-03-07 16:25:00,68
ACT0001035,O000165,S029,Meeting,2025-02-28 17:03:00,52
ACT0001036,O000165,S029,Email,2025-03-10 10:58:00,0
ACT0001037,O000166,S013,Call,2023-05-08 18:10:00,11
ACT0001038,O000166,S013,Meeting,2023-05-12 15:35:00,41
ACT0001039,O000167,S011,Email,2024-11-05 12:03:00,0
ACT0001040,O000167,S011,Meeting,2024-11-03 09:54:00,75
ACT0001041,O000167,S011,Email,2024-11-07 09:24:00,0
ACT0001042,O000167,S011,Meeting,2024-11-10 10:10:00,83
ACT0001043,O000167,S011,Meeting,2024-11-09 18:42:00,79
ACT0001044,O000167,S011,Email,2024-10-26 12:15:00,0
ACT0001045,O000168,S020,Email,2025-06-16 13:07:00,0
ACT0001046,O000168,S020,Call,2025-06-28 08:08:00,6
ACT0001047,O000169,S031,Email,2025-06-16 16:04:00,0
ACT0001048,O000169,S031,Meeting,2025-05-29 09:02:00,39
ACT0001049,O000169,S031,Meeting,2025-06-07 11:51:00,69
ACT0001050,O000169,S031,Email,2025-05-25 08:34:00,0
ACT0001051,O000170,S005,Call,2024-01-28 18:36:00,36
ACT0001052,O000170,S005,Meeting,2024-01-25 15:32:00,86
ACT0001053,O000170,S005,Call,2024-01-24 09:29:00,28
ACT0001054,O000170,S005,Meeting,2024-01-15 13:47:00,60
ACT0001055,O000170,S005,Email,2024-02-13 10:18:00,0
ACT0001056,O000170,S005,Call,2024-02-12 17:07:00,8
ACT0001057,O000170,S005,Email,2024-02-19 13:39:00,0
ACT0001058,O000170,S005,Call,2024-01-27 11:36:00,10
ACT0001059,O000171,S001,Email,2023-04-14 17:44:00,0
ACT0001060,O000171,S001,Meeting,2023-04-13 16:52:00,56
ACT0001061,O000171,S001,Call,2023-04-18 17:28:00,14
ACT0001062,O000171,S001,Meeting,2023-04-09 08:00:00,38
ACT0001063,O000171,S001,Call,2023-04-07 09:13:00,16
ACT0001064,O000171,S001,Call,2023-04-15 17:57:00,41
ACT0001065,O000171,S001,Email,2023-04-12 12:02:00,0
ACT0001066,O000172,S021,Email,2023-01-27 11:06:00,0
ACT0001067,O000172,S021,Email,2023-01-30 13:47:00,0
ACT0001068,O000172,S021,Call,2023-02-08 14:34:00,39
ACT0001069,O000172,S021,Email,2023-02-11 17:09:00,0
ACT0001070,O000172,S021,Call,2023-02-19 11:20:00,33
ACT0001071,O000172,S021,Call,2023-01-24 11:29:00,33
ACT0001072,O000172,S021,Email,2023-01-31 17:41:00,0
ACT0001073,O000173,S010,Meeting,2025-03-22 14:54:00,61
ACT0001074,O000173,S010,Call,2025-02-24 15:48:00,34
ACT0001075,O000173,S010,Email,2025-01-15 10:32:00,0
ACT0001076,O000173,S010,Email,2025-02-18 09:49:00,0
ACT0001077,O000173,S010,Meeting,2025-03-21 08:38:00,37
ACT0001078,O000173,S010,Call,2025-01-17 10:14:00,24
ACT0001079,O000173,S010,Meeting,2025-03-04 12:24:00,83
ACT0001080,O000173,S010,Demo,2025-02-25 11:49:00,119
ACT0001081,O000174,S023,Email,2023-12-11 11:07:00,0
ACT0001082,O000174,S023,Email,2023-12-23 08:37:00,0
ACT0001083,O000174,S023,Call,2023-12-15 08:15:00,14
ACT0001084,O000174,S023,Meeting,2023-12-12 11:25:00,75
ACT0001085,O000175,S033,Meeting,2024-09-29 10:19:00,65
ACT0001086,O000175,S033,Meeting,2024-09-28 14:44:00,54
ACT0001087,O000175,S033,Email,2024-10-04 14:54:00,0
ACT0001088,O000175,S033,Meeting,2024-11-03 08:48:00,53
ACT0001089,O000176,S023,Demo,2023-02-21 09:19:00,74
ACT0001090,O000176,S023,Meeting,2023-02-10 13:21:00,71
ACT0001091,O000176,S023,Email,2023-02-17 13:57:00,0
ACT0001092,O000176,S023,Email,2023-01-30 16:36:00,0
ACT0001093,O000176,S023,Call,2023-02-19 16:27:00,15
ACT0001094,O000176,S023,Email,2023-01-29 14:22:00,0
ACT0001095,O000176,S023,Call,2023-02-16 12:09:00,8
ACT0001096,O000176,S023,Call,2023-02-22 15:07:00,41
ACT0001097,O000177,S010,Call,2024-01-11 09:29:00,19
ACT0001098,O000177,S010,Call,2024-01-31 09:03:00,30
ACT0001099,O000177,S010,Meeting,2024-01-07 17:36:00,80
ACT0001100,O000177,S010,Email,2024-02-06 08:36:00,0
ACT0001101,O000177,S010,Call,2024-01-18 08:47:00,44
ACT0001102,O000177,S010,Call,2024-01-17 09:38:00,40
ACT0001103,O000177,S010,Demo,2024-02-01 18:18:00,57
ACT0001104,O000177,S010,Demo,2024-01-24 12:37:00,92
ACT0001105,O000177,S010,Email,2024-02-07 18:45:00,0
ACT0001106,O000177,S010,Call,2024-01-20 18:01:00,9
ACT0001107,O000178,S008,Email,2023-10-01 13:52:00,0
ACT0001108,O000178,S008,Call,2023-10-04 15:56:00,16
ACT0001109,O000178,S008,Meeting,2023-10-04 09:02:00,38
ACT0001110,O000178,S008,Call,2023-09-28 13:51:00,28
ACT0001111,O000178,S008,Demo,2023-10-05 17:10:00,85
ACT0001112,O000178,S008,Call,2023-10-05 08:31:00,19
ACT0001113,O000178,S008,Email,2023-09-25 15:08:00,0
ACT0001114,O000178,S008,Meeting,2023-10-03 15:20:00,82
ACT0001115,O000179,S006,Demo,2025-04-02 09:14:00,78
ACT0001116,O000179,S006,Call,2025-05-18 13:07:00,26
ACT0001117,O000179,S006,Call,2025-05-09 14:30:00,34
ACT0001118,O000179,S006,Email,2025-03-16 14:46:00,0
ACT0001119,O000179,S006,Call,2025-05-09 09:28:00,31
ACT0001120,O000179,S006,Meeting,2025-05-03 11:23:00,56
ACT0001121,O000180,S003,Call,2023-04-08 12:08:00,20
ACT0001122,O000180,S003,Call,2023-04-03 08:41:00,22
ACT0001123,O000181,S034,Meeting,2024-03-16 11:33:00,89
ACT0001124,O000181,S034,Call,2024-03-08 12:02:00,41
ACT0001125,O000181,S034,Email,2024-03-14 11:41:00,0
ACT0001126,O000181,S034,Email,2024-04-06 12:45:00,0
ACT0001127,O000181,S034,Call,2024-03-05 14:23:00,39
ACT0001128,O000181,S034,Email,2024-03-20 09:25:00,0
ACT0001129,O000181,S034,Demo,2024-03-29 13:28:00,45
ACT0001130,O000181,S034,Email,2024-03-05 10:22:00,0
ACT0001131,O000182,S005,Call,2024-10-20 18:57:00,42
ACT0001132,O000182,S005,Meeting,2024-09-17 12:20:00,42
ACT0001133,O000183,S019,Email,2023-03-13 13:26:00,0
ACT0001134,O000183,S019,Email,2023-04-22 13:12:00,0
ACT0001135,O000183,S019,Email,2023-03-07 11:59:00,0
ACT0001136,O000183,S019,Demo,2023-03-30 11:43:00,91
ACT0001137,O000183,S019,Email,2023-04-10 08:48:00,0
ACT0001138,O000184,S004,Call,2024-06-30 11:51:00,6
ACT0001139,O000184,S004,Demo,2024-06-09 11:15:00,93
ACT0001140,O000184,S004,Call,2024-06-10 10:29:00,30
ACT0001141,O000184,S004,Email,2024-06-30 15:29:00,0
ACT0001142,O000184,S004,Email,2024-07-02 12:17:00,0
ACT0001143,O000184,S004,Meeting,2024-06-10 14:35:00,53
ACT0001144,O000184,S004,Email,2024-06-21 14:36:00,0
ACT0001145,O000185,S032,Call,2023-04-22 17:33:00,17
ACT0001146,O000185,S032,Email,2023-05-07 18:40:00,0
ACT0001147,O000185,S032,Email,2023-04-28 10:13:00,0
ACT0001148,O000185,S032,Call,2023-04-21 11:02:00,16
ACT0001149,O000185,S032,Email,2023-04-17 18:04:00,0
ACT0001150,O000186,S004,Call,2025-05-04 10:28:00,6
ACT0001151,O000186,S004,Call,2025-04-27 18:38:00,37
ACT0001152,O000186,S004,Call,2025-03-17 18:28:00,31
ACT0001153,O000186,S004,Email,2025-04-14 09:32:00,0
ACT0001154,O000186,S004,Email,2025-03-19 18:34:00,0
ACT0001155,O000186,S004,Demo,2025-04-25 17:28:00,69
ACT0001156,O000186,S004,Email,2025-05-01 10:54:00,0
ACT0001157,O000187,S028,Email,2024-05-01 09:08:00,0
ACT0001158,O000187,S028,Call,2024-05-01 12:07:00,35
ACT0001159,O000187,S028,Email,2024-04-14 10:22:00,0
ACT0001160,O000187,S028,Call,2024-04-15 17:13:00,25
ACT0001161,O000187,S028,Demo,2024-05-24 10:24:00,98
ACT0001162,O000188,S023,Meeting,2025-06-20 17:59:00,42
ACT0001163,O000188,S023,Call,2025-06-27 17:14:00,13
ACT0001164,O000188,S023,Email,2025-06-17 15:24:00,0
ACT0001165,O000188,S023,Meeting,2025-06-16 09:23:00,88
ACT0001166,O000189,S009,Email,2024-05-26 11:40:00,0
ACT0001167,O000189,S009,Email,2024-05-19 10:01:00,0
ACT0001168,O000189,S009,Demo,2024-04-22 10:17:00,86
ACT0001169,O000189,S009,Email,2024-05-12 15:00:00,0
ACT0001170,O000189,S009,Email,2024-04-16 08:26:00,0
ACT0001171,O000190,S009,Email,2025-05-14 17:49:00,0
ACT0001172,O000190,S009,Email,2025-05-27 10:49:00,0
ACT0001173,O000190,S009,Email,2025-04-26 13:33:00,0
ACT0001174,O000190,S009,Call,2025-05-26 14:13:00,30
ACT0001175,O000190,S009,Call,2025-05-01 18:07:00,11
ACT0001176,O000190,S009,Email,2025-04-17 11:48:00,0
ACT0001177,O000190,S009,Email,2025-06-02 12:44:00,0
ACT0001178,O000190,S009,Email,2025-04-25 15:45:00,0
ACT0001179,O000190,S009,Email,2025-04-29 12:38:00,0
ACT0001180,O000190,S009,Email,2025-05-26 18:56:00,0
ACT0001181,O000191,S006,Email,2025-06-06 12:03:00,0
ACT0001182,O000191,S006,Call,2025-05-10 09:07:00,20
ACT0001183,O000191,S006,Call,2025-05-06 17:24:00,35
ACT0001184,O000191,S006,Email,2025-05-11 11:15:00,0
ACT0001185,O000191,S006,Call,2025-06-19 15:34:00,44
ACT0001186,O000191,S006,Call,2025-05-14 16:34:00,16
ACT0001187,O000191,S006,Call,2025-06-03 08:42:00,33
ACT0001188,O000191,S006,Email,2025-04-28 17:54:00,0
ACT0001189,O000192,S028,Email,2024-12-25 13:42:00,0
ACT0001190,O000192,S028,Email,2024-12-11 15:59:00,0
ACT0001191,O000192,S028,Demo,2024-11-04 10:41:00,103
ACT0001192,O000192,S028,Call,2024-12-17 12:33:00,6
ACT0001193,O000192,S028,Email,2024-11-24 18:12:00,0
ACT0001194,O000192,S028,Email,2024-12-17 16:24:00,0
ACT0001195,O000192,S028,Email,2024-12-07 14:56:00,0
ACT0001196,O000193,S008,Email,2025-06-13 16:15:00,0
ACT0001197,O000193,S008,Call,2025-06-16 18:05:00,14
ACT0001198,O000193,S008,Email,2025-06-22 12:15:00,0
ACT0001199,O000193,S008,Call,2025-06-23 08:28:00,36
ACT0001200,O000193,S008,Call,2025-06-16 08:48:00,31
ACT0001201,O000193,S008,Meeting,2025-06-17 17:59:00,51
ACT0001202,O000193,S008,Email,2025-06-21 14:26:00,0
ACT0001203,O000193,S008,Email,2025-06-13 10:45:00,0
ACT0001204,O000194,S031,Email,2025-05-17 10:12:00,0
ACT0001205,O000194,S031,Email,2025-05-13 16:22:00,0
ACT0001206,O000194,S031,Call,2025-05-07 16:09:00,42
ACT0001207,O000194,S031,Call,2025-05-08 18:31:00,25
ACT0001208,O000194,S031,Call,2025-05-04 17:20:00,40
ACT0001209,O000194,S031,Call,2025-05-07 09:14:00,44
ACT0001210,O000194,S031,Meeting,2025-05-17 16:19:00,60
ACT0001211,O000194,S031,Call,2025-05-11 12:11:00,11
ACT0001212,O000194,S031,Email,2025-05-14 17:54:00,0
ACT0001213,O000194,S031,Call,2025-05-07 18:08:00,24
ACT0001214,O000194,S031,Meeting,2025-05-18 08:10:00,50
ACT0001215,O000194,S031,Email,2025-05-07 15:36:00,0
ACT0001216,O000194,S031,Email,2025-05-08 18:04:00,0
ACT0001217,O000195,S021,Email,2023-10-28 14:28:00,0
ACT0001218,O000195,S021,Email,2023-08-25 13:27:00,0
ACT0001219,O000195,S021,Email,2023-10-03 17:36:00,0
ACT0001220,O000195,S021,Meeting,2023-09-24 16:06:00,51
ACT0001221,O000195,S021,Email,2023-08-16 12:34:00,0
ACT0001222,O000195,S021,Call,2023-05-18 11:32:00,37
ACT0001223,O000195,S021,Call,2023-07-23 14:49:00,11
ACT0001224,O000195,S021,Call,2023-10-14 16:56:00,7
ACT0001225,O000196,S013,Email,2025-04-24 11:51:00,0
ACT0001226,O000196,S013,Call,2025-04-29 13:52:00,43
ACT0001227,O000196,S013,Demo,2025-04-25 12:00:00,104
ACT0001228,O000196,S013,Call,2025-06-09 09:04:00,11
ACT0001229,O000196,S013,Meeting,2025-05-30 11:09:00,77
ACT0001230,O000196,S013,Email,2025-05-09 08:30:00,0
ACT0001231,O000197,S023,Call,2023-03-20 08:15:00,13
ACT0001232,O000197,S023,Call,2023-04-28 13:53:00,29
ACT0001233,O000197,S023,Email,2023-03-30 12:23:00,0
ACT0001234,O000197,S023,Call,2023-04-25 08:09:00,12
ACT0001235,O000197,S023,Call,2023-05-05 12:43:00,6
ACT0001236,O000197,S023,Email,2023-03-09 10:33:00,0
ACT0001237,O000197,S023,Email,2023-04-12 18:35:00,0
ACT0001238,O000198,S027,Email,2023-03-08 10:44:00,0
ACT0001239,O000198,S027,Email,2023-03-16 09:03:00,0
ACT0001240,O000198,S027,Demo,2023-03-11 18:58:00,76
ACT0001241,O000198,S027,Email,2023-03-19 17:15:00,0
ACT0001242,O000198,S027,Call,2023-03-20 17:45:00,26
ACT0001243,O000198,S027,Call,2023-03-01 09:31:00,19
ACT0001244,O000199,S031,Demo,2023-07-21 12:23:00,73
ACT0001245,O000199,S031,Email,2023-07-25 16:21:00,0
ACT0001246,O000199,S031,Email,2023-08-07 09:08:00,0
ACT0001247,O000199,S031,Meeting,2023-08-15 13:33:00,55
ACT0001248,O000200,S009,Email,2025-04-27 15:55:00,0
ACT0001249,O000200,S009,Email,2025-06-29 13:27:00,0
ACT0001250,O000200,S009,Meeting,2025-05-07 16:43:00,73
ACT0001251,O000200,S009,Call,2025-06-14 12:23:00,35
ACT0001252,O000200,S009,Demo,2025-06-24 08:23:00,51
ACT0001253,O000201,S032,Call,2025-01-20 17:17:00,18
ACT0001254,O000201,S032,Call,2025-01-28 15:23:00,19
ACT0001255,O000201,S032,Call,2024-12-29 08:28:00,34
ACT0001256,O000201,S032,Meeting,2025-01-09 14:13:00,84
ACT0001257,O000201,S032,Email,2025-01-03 16:16:00,0
ACT0001258,O000201,S032,Email,2025-01-25 10:01:00,0
ACT0001259,O000202,S040,Call,2023-08-29 12:42:00,13
ACT0001260,O000202,S040,Call,2023-07-31 13:20:00,37
ACT0001261,O000202,S040,Email,2023-09-11 11:48:00,0
ACT0001262,O000202,S040,Demo,2023-09-17 17:52:00,48
ACT0001263,O000202,S040,Email,2023-09-04 16:49:00,0
ACT0001264,O000202,S040,Call,2023-08-22 14:02:00,34
ACT0001265,O000202,S040,Call,2023-07-10 08:43:00,40
ACT0001266,O000203,S013,Email,2025-06-16 12:11:00,0
ACT0001267,O000203,S013,Email,2025-06-12 16:43:00,0
ACT0001268,O000203,S013,Meeting,2025-06-27 09:30:00,46
ACT0001269,O000203,S013,Email,2025-06-20 15:46:00,0
ACT0001270,O000203,S013,Email,2025-06-11 09:23:00,0
ACT0001271,O000203,S013,Email,2025-06-24 11:07:00,0
ACT0001272,O000204,S038,Email,2025-05-15 13:17:00,0
ACT0001273,O000204,S038,Demo,2025-05-02 16:19:00,61
ACT0001274,O000204,S038,Call,2025-05-05 08:19:00,7
ACT0001275,O000204,S038,Email,2025-05-03 15:09:00,0
ACT0001276,O000204,S038,Demo,2025-05-15 18:50:00,50
ACT0001277,O000204,S038,Meeting,2025-05-11 14:17:00,35
ACT0001278,O000204,S038,Meeting,2025-05-05 13:02:00,81
ACT0001279,O000204,S038,Email,2025-04-27 12:10:00,0
ACT0001280,O000204,S038,Call,2025-04-28 11:17:00,8
ACT0001281,O000204,S038,Call,2025-05-08 18:20:00,34
ACT0001282,O000204,S038,Call,2025-05-26 15:14:00,40
ACT0001283,O000204,S038,Email,2025-05-11 18:28:00,0
ACT0001284,O000205,S031,Call,2022-11-27 15:46:00,5
ACT0001285,O000205,S031,Demo,2025-05-11 13:08:00,48
ACT0001286,O000205,S031,Call,2025-04-30 09:00:00,25
ACT0001287,O000205,S031,Call,2025-05-30 17:25:00,29
ACT0001288,O000206,S009,Meeting,2025-05-17 18:37:00,40
ACT0001289,O000206,S009,Call,2025-04-23 17:33:00,36
ACT0001290,O000206,S009,Call,2025-03-28 16:45:00,28
ACT0001291,O000206,S009,Meeting,2025-03-11 17:04:00,50
ACT0001292,O000206,S009,Call,2025-03-08 09:23:00,15
ACT0001293,O000206,S009,Call,2025-04-04 11:32:00,14
ACT0001294,O000206,S009,Call,2025-05-06 09:13:00,27
ACT0001295,O000206,S009,Call,2025-03-10 13:40:00,20
ACT0001296,O000207,S026,Email,2025-02-19 13:12:00,0
ACT0001297,O000207,S026,Call,2025-03-18 15:48:00,29
ACT0001298,O000207,S026,Call,2025-04-11 17:13:00,38
ACT0001299,O000207,S026,Email,2025-04-10 09:56:00,0
ACT0001300,O000207,S026,Email,2025-03-15 11:16:00,0
ACT0001301,O000207,S026,Call,2025-03-31 14:49:00,19
ACT0001302,O000207,S026,Email,2025-04-07 17:23:00,0
ACT0001303,O000207,S026,Call,2025-03-11 16:42:00,32
ACT0001304,O000208,S035,Email,2025-04-13 14:19:00,0
ACT0001305,O000208,S035,Email,2025-03-18 10:19:00,0
ACT0001306,O000208,S035,Call,2025-03-30 18:54:00,15
ACT0001307,O000208,S035,Email,2025-04-19 14:44:00,0
ACT0001308,O000209,S003,Email,2025-06-27 12:27:00,0
ACT0001309,O000209,S003,Email,2025-05-01 17:18:00,0
ACT0001310,O000210,S010,Email,2023-05-23 10:51:00,0
ACT0001311,O000210,S010,Email,2023-06-15 10:41:00,0
ACT0001312,O000210,S010,Call,2023-05-19 17:51:00,41
ACT0001313,O000211,S038,Email,2023-09-25 13:12:00,0
ACT0001314,O000211,S038,Call,2023-10-19 17:20:00,8
ACT0001315,O000211,S038,Demo,2023-10-19 17:00:00,46
ACT0001316,O000211,S038,Email,2023-10-05 09:10:00,0
ACT0001317,O000211,S038,Meeting,2023-10-10 18:21:00,46
ACT0001318,O000211,S038,Demo,2023-11-09 08:48:00,101
ACT0001319,O000211,S038,Call,2023-11-26 12:32:00,30
ACT0001320,O000211,S038,Email,2023-10-05 09:38:00,0
ACT0001321,O000211,S038,Call,2023-11-24 15:57:00,26
ACT0001322,O000211,S038,Demo,2023-10-09 15:35:00,84
ACT0001323,O000211,S038,Email,2023-10-03 16:38:00,0
ACT0001324,O000212,S001,Email,2024-09-04 16:20:00,0
ACT0001325,O000212,S001,Email,2024-10-01 12:43:00,0
ACT0001326,O000212,S001,Meeting,2024-09-10 17:14:00,36
ACT0001327,O000212,S001,Email,2024-09-23 09:38:00,0
ACT0001328,O000212,S001,Meeting,2024-10-01 17:39:00,66
ACT0001329,O000212,S001,Email,2024-09-23 08:13:00,0
ACT0001330,O000212,S001,Call,2024-09-03 17:26:00,34
ACT0001331,O000213,S005,Email,2025-02-23 18:35:00,0
ACT0001332,O000213,S005,Email,2025-02-22 08:29:00,0
ACT0001333,O000213,S005,Call,2025-03-05 14:11:00,37
ACT0001334,O000213,S005,Call,2025-03-31 11:57:00,7
ACT0001335,O000213,S005,Email,2025-02-23 17:20:00,0
ACT0001336,O000213,S005,Meeting,2025-03-25 13:48:00,59
ACT0001337,O000214,S037,Call,2025-03-10 17:19:00,17
ACT0001338,O000214,S037,Call,2025-02-19 08:26:00,17
ACT0001339,O000214,S037,Demo,2025-03-15 10:50:00,114
ACT0001340,O000214,S037,Meeting,2025-03-09 18:45:00,50
ACT0001341,O000214,S037,Email,2022-12-03 17:08:00,0
ACT0001342,O000214,S037,Email,2025-03-02 15:47:00,0
ACT0001343,O000214,S037,Call,2025-02-19 11:37:00,39
ACT0001344,O000214,S037,Call,2025-03-06 18:07:00,6
ACT0001345,O000214,S037,Meeting,2025-03-15 13:42:00,72
ACT0001346,O000214,S037,Email,2025-03-04 09:39:00,0
ACT0001347,O000215,S034,Call,2023-05-06 14:09:00,16
ACT0001348,O000215,S034,Meeting,2023-05-22 11:26:00,86
ACT0001349,O000215,S034,Meeting,2023-05-05 14:28:00,44
ACT0001350,O000215,S034,Meeting,2023-06-28 08:23:00,39
ACT0001351,O000215,S034,Email,2023-05-22 09:51:00,0
ACT0001352,O000215,S034,Email,2023-07-11 17:31:00,0
ACT0001353,O000216,S014,Email,2023-08-23 18:15:00,0
ACT0001354,O000216,S014,Email,2023-06-17 10:44:00,0
ACT0001355,O000216,S014,Email,2023-07-28 17:52:00,0
ACT0001356,O000216,S014,Email,2023-08-20 08:29:00,0
ACT0001357,O000216,S014,Demo,2023-05-25 17:12:00,66
ACT0001358,O000216,S014,Call,2023-05-05 10:07:00,41
ACT0001359,O000216,S014,Call,2023-09-28 16:15:00,30
ACT0001360,O000216,S014,Demo,2023-06-22 14:05:00,47
ACT0001361,O000216,S014,Email,2023-08-07 12:18:00,0
ACT0001362,O000216,S014,Email,2023-08-16 08:59:00,0
ACT0001363,O000217,S010,Meeting,2024-10-02 18:24:00,80
ACT0001364,O000217,S010,Call,2024-10-10 17:11:00,5
ACT0001365,O000217,S010,Email,2024-09-26 11:10:00,0
ACT0001366,O000217,S010,Email,2024-10-09 08:47:00,0
ACT0001367,O000217,S010,Email,2024-09-23 14:45:00,0
ACT0001368,O000217,S010,Call,2024-10-18 15:35:00,44
ACT0001369,O000217,S010,Email,2024-10-12 08:11:00,0
ACT0001370,O000217,S010,Email,2024-09-24 14:42:00,0
ACT0001371,O000217,S010,Meeting,2024-10-04 17:10:00,47
ACT0001372,O000218,S036,Email,2025-06-24 16:25:00,0
ACT0001373,O000218,S036,Call,2025-06-27 16:57:00,44
ACT0001374,O000218,S036,Call,2025-06-15 17:00:00,15
ACT0001375,O000218,S036,Demo,2025-06-25 16:21:00,116
ACT0001376,O000219,S002,Demo,2023-05-29 17:38:00,101
ACT0001377,O000219,S002,Demo,2023-02-07 13:06:00,51
ACT0001378,O000219,S002,Demo,2023-03-18 09:18:00,81
ACT0001379,O000219,S002,Email,2023-03-21 14:03:00,0
ACT0001380,O000219,S002,Call,2023-02-23 10:13:00,40
ACT0001381,O000219,S002,Call,2023-03-24 09:17:00,19
ACT0001382,O000219,S002,Email,2023-05-21 09:37:00,0
ACT0001383,O000219,S002,Meeting,2023-02-08 14:53:00,77
ACT0001384,O000219,S002,Call,2021-06-13 18:23:00,13
ACT0001385,O000219,S002,Call,2023-05-02 17:39:00,24
ACT0001386,O000220,S022,Email,2025-03-11 18:21:00,0
ACT0001387,O000220,S022,Call,2025-03-08 16:52:00,26
ACT0001388,O000220,S022,Email,2025-03-06 14:56:00,0
ACT0001389,O000220,S022,Call,2025-03-07 18:03:00,17
ACT0001390,O000220,S022,Email,2025-03-12 11:55:00,0
ACT0001391,O000220,S022,Meeting,2025-03-04 18:00:00,58
ACT0001392,O000220,S022,Call,2025-03-09 10:47:00,43
ACT0001393,O000220,S022,Email,2025-03-12 18:08:00,0
ACT0001394,O000221,S016,Meeting,2024-04-16 17:28:00,62
ACT0001395,O000221,S016,Email,2024-06-16 10:47:00,0
ACT0001396,O000221,S016,Call,2024-06-21 16:20:00,43
ACT0001397,O000221,S016,Email,2024-07-04 18:54:00,0
ACT0001398,O000222,S037,Email,2025-06-04 08:51:00,0
ACT0001399,O000222,S037,Email,2025-05-29 09:31:00,0
ACT0001400,O000222,S037,Call,2025-06-14 11:50:00,36
ACT0001401,O000222,S037,Email,2025-06-11 10:02:00,0
ACT0001402,O000222,S037,Call,2025-06-07 15:37:00,16
ACT0001403,O000223,S002,Meeting,2025-06-26 15:20:00,45
ACT0001404,O000223,S002,Email,2023-04-01 11:04:00,0
ACT0001405,O000223,S002,Demo,2025-06-09 17:32:00,61
ACT0001406,O000223,S002,Meeting,2025-05-30 14:21:00,44
ACT0001407,O000223,S002,Meeting,2025-06-22 11:36:00,75
ACT0001408,O000223,S002,Email,2025-06-15 16:18:00,0
ACT0001409,O000223,S002,Meeting,2025-04-05 13:44:00,71
ACT0001410,O000224,S006,Call,2024-07-03 13:17:00,44
ACT0001411,O000224,S006,Meeting,2024-04-15 09:21:00,31
ACT0001412,O000224,S006,Email,2024-04-08 09:31:00,0
ACT0001413,O000224,S006,Email,2024-06-29 18:43:00,0
ACT0001414,O000224,S006,Call,2024-05-15 15:24:00,19
ACT0001415,O000224,S006,Call,2024-04-03 13:38:00,6
ACT0001416,O000224,S006,Meeting,2024-05-22 18:53:00,56
ACT0001417,O000224,S006,Email,2024-05-16 10:31:00,0
ACT0001418,O000224,S006,Meeting,2024-07-05 18:51:00,75
ACT0001419,O000225,S027,Meeting,2023-10-08 12:15:00,47
ACT0001420,O000225,S027,Call,2023-10-13 08:10:00,21
ACT0001421,O000225,S027,Email,2023-10-18 17:39:00,0
ACT0001422,O000226,S040,Email,2023-09-23 17:34:00,0
ACT0001423,O000226,S040,Email,2023-06-26 10:05:00,0
ACT0001424,O000226,S040,Email,2023-10-03 14:40:00,0
ACT0001425,O000227,S033,Email,2023-01-17 10:30:00,0
ACT0001426,O000227,S033,Email,2023-02-09 12:51:00,0
ACT0001427,O000227,S033,Call,2023-02-03 15:23:00,21
ACT0001428,O000227,S033,Email,2023-01-21 17:28:00,0
ACT0001429,O000227,S033,Email,2023-01-27 09:39:00,0
ACT0001430,O000228,S024,Call,2025-02-02 12:15:00,41
ACT0001431,O000228,S024,Call,2025-01-28 11:14:00,39
ACT0001432,O000228,S024,Call,2025-01-28 17:24:00,41
ACT0001433,O000228,S024,Meeting,2025-01-23 15:51:00,62
ACT0001434,O000229,S012,Meeting,2024-12-28 13:51:00,48
ACT0001435,O000229,S012,Email,2024-12-25 11:16:00,0
ACT0001436,O000229,S012,Meeting,2024-12-25 13:58:00,80
ACT0001437,O000229,S012,Email,2024-12-27 13:26:00,0
ACT0001438,O000229,S012,Email,2024-12-26 11:43:00,0
ACT0001439,O000229,S012,Meeting,2024-12-22 16:22:00,46
ACT0001440,O000229,S012,Call,2024-12-22 11:54:00,29
ACT0001441,O000230,S008,Meeting,2025-02-10 15:03:00,79
ACT0001442,O000230,S008,Call,2025-02-10 08:13:00,24
ACT0001443,O000230,S008,Email,2025-03-12 08:15:00,0
ACT0001444,O000230,S008,Email,2025-03-12 15:19:00,0
ACT0001445,O000230,S008,Email,2025-02-27 18:08:00,0
ACT0001446,O000230,S008,Call,2025-02-12 18:20:00,39
ACT0001447,O000230,S008,Email,2025-02-26 16:49:00,0
ACT0001448,O000231,S036,Email,2024-09-11 18:20:00,0
ACT0001449,O000231,S036,Call,2024-09-26 09:42:00,11
ACT0001450,O000231,S036,Demo,2024-10-07 10:34:00,109
ACT0001451,O000231,S036,Email,2024-10-18 11:53:00,0
ACT0001452,O000231,S036,Email,2024-09-05 15:06:00,0
ACT0001453,O000231,S036,Email,2024-10-30 18:07:00,0
ACT0001454,O000231,S036,Email,2024-10-27 15:31:00,0
ACT0001455,O000231,S036,Call,2024-09-16 09:53:00,5
ACT0001456,O000231,S036,Call,2024-11-18 14:55:00,42
ACT0001457,O000232,S004,Meeting,2023-04-20 16:08:00,47
ACT0001458,O000232,S004,Email,2023-04-16 13:22:00,0
ACT0001459,O000232,S004,Email,2023-04-14 09:36:00,0
ACT0001460,O000232,S004,Demo,2023-04-16 10:37:00,49
ACT0001461,O000232,S004,Call,2023-04-10 09:09:00,38
ACT0001462,O000232,S004,Meeting,2023-03-31 08:14:00,47
ACT0001463,O000233,S009,Call,2025-04-04 11:36:00,30
ACT0001464,O000233,S009,Demo,2025-03-27 14:55:00,99
ACT0001465,O000233,S009,Call,2025-04-30 16:56:00,40
ACT0001466,O000233,S009,Call,2025-02-28 13:35:00,27
ACT0001467,O000233,S009,Meeting,2025-04-26 10:38:00,54
ACT0001468,O000233,S009,Email,2025-04-25 08:49:00,0
ACT0001469,O000233,S009,Email,2025-03-08 18:50:00,0
ACT0001470,O000233,S009,Call,2025-03-27 18:33:00,6
ACT0001471,O000233,S009,Meeting,2025-03-04 11:07:00,85
ACT0001472,O000233,S009,Call,2025-03-27 08:51:00,12
ACT0001473,O000233,S009,Email,2025-03-01 09:12:00,0
ACT0001474,O000234,S014,Call,2023-08-28 18:50:00,11
ACT0001475,O000234,S014,Call,2023-06-29 15:39:00,35
ACT0001476,O000234,S014,Email,2023-09-11 17:07:00,0
ACT0001477,O000234,S014,Call,2023-06-16 11:12:00,25
ACT0001478,O000234,S014,Meeting,2023-07-27 18:25:00,34
ACT0001479,O000234,S014,Email,2023-08-26 08:18:00,0
ACT0001480,O000234,S014,Email,2023-08-02 16:30:00,0
ACT0001481,O000234,S014,Call,2023-08-16 09:36:00,41
ACT0001482,O000235,S016,Call,2024-01-28 10:19:00,16
ACT0001483,O000235,S016,Call,2024-03-19 12:41:00,12
ACT0001484,O000235,S016,Call,2024-02-22 16:08:00,40
ACT0001485,O000235,S016,Meeting,2024-01-27 08:14:00,71
ACT0001486,O000235,S016,Email,2024-02-20 12:25:00,0
ACT0001487,O000235,S016,Demo,2024-03-15 11:40:00,107
ACT0001488,O000235,S016,Email,2024-01-30 14:35:00,0
ACT0001489,O000236,S040,Call,2023-07-28 16:57:00,12
ACT0001490,O000236,S040,Email,2023-05-08 18:34:00,0
ACT0001491,O000236,S040,Meeting,2023-08-02 14:17:00,89
ACT0001492,O000236,S040,Email,2023-07-02 08:36:00,0
ACT0001493,O000236,S040,Call,2023-08-08 16:45:00,24
ACT0001494,O000236,S040,Demo,2023-07-05 17:34:00,100
ACT0001495,O000236,S040,Email,2023-06-06 08:06:00,0
ACT0001496,O000237,S031,Email,2024-10-27 14:29:00,0
ACT0001497,O000237,S031,Email,2024-11-14 08:52:00,0
ACT0001498,O000237,S031,Meeting,2025-01-04 18:17:00,40
ACT0001499,O000237,S031,Email,2024-12-06 14:00:00,0
ACT0001500,O000237,S031,Email,2024-11-14 17:00:00,0
ACT0001501,O000237,S031,Call,2024-10-28 11:25:00,42
ACT0001502,O000238,S031,Call,2025-06-28 18:03:00,15
ACT0001503,O000238,S031,Email,2025-06-20 15:23:00,0
ACT0001504,O000238,S031,Call,2025-06-03 13:40:00,30
ACT0001505,O000239,S008,Call,2024-05-21 08:47:00,41
ACT0001506,O000239,S008,Email,2024-05-07 13:43:00,0
ACT0001507,O000239,S008,Call,2024-05-22 11:35:00,23
ACT0001508,O000240,S024,Demo,2023-05-11 08:40:00,50
ACT0001509,O000240,S024,Call,2023-05-13 15:52:00,41
ACT0001510,O000241,S031,Email,2023-04-20 18:43:00,0
ACT0001511,O000241,S031,Email,2023-03-27 17:49:00,0
ACT0001512,O000241,S031,Email,2023-05-24 13:54:00,0
ACT0001513,O000241,S031,Call,2023-03-07 16:51:00,24
ACT0001514,O000241,S031,Call,2023-05-02 15:42:00,33
ACT0001515,O000241,S031,Email,2023-03-20 10:25:00,0
ACT0001516,O000241,S031,Email,2023-05-04 17:33:00,0
ACT0001517,O000242,S032,Email,2025-06-02 18:08:00,0
ACT0001518,O000242,S032,Email,2025-05-28 08:20:00,0
ACT0001519,O000242,S032,Call,2025-05-17 14:22:00,39
ACT0001520,O000242,S032,Call,2025-06-20 15:09:00,19
ACT0001521,O000242,S032,Call,2025-06-20 18:06:00,34
ACT0001522,O000243,S008,Demo,2025-01-19 13:58:00,81
ACT0001523,O000243,S008,Email,2025-01-22 18:06:00,0
ACT0001524,O000243,S008,Meeting,2025-01-27 16:12:00,30
ACT0001525,O000243,S008,Email,2025-02-04 08:55:00,0
ACT0001526,O000243,S008,Call,2025-02-03 09:36:00,18
ACT0001527,O000243,S008,Email,2025-02-08 12:41:00,0
ACT0001528,O000244,S013,Email,2025-02-14 18:50:00,0
ACT0001529,O000244,S013,Meeting,2025-03-02 09:10:00,65
ACT0001530,O000244,S013,Email,2025-02-26 16:49:00,0
ACT0001531,O000244,S013,Meeting,2025-01-31 10:11:00,36
ACT0001532,O000245,S027,Email,2024-06-05 10:35:00,0
ACT0001533,O000245,S027,Demo,2024-05-27 09:38:00,80
ACT0001534,O000245,S027,Call,2024-05-28 18:59:00,5
ACT0001535,O000245,S027,Call,2024-05-29 12:59:00,36
ACT0001536,O000245,S027,Meeting,2024-05-29 13:15:00,50
ACT0001537,O000245,S027,Call,2024-05-24 16:09:00,5
ACT0001538,O000246,S020,Email,2024-05-09 14:58:00,0
ACT0001539,O000246,S020,Email,2024-05-15 09:29:00,0
ACT0001540,O000246,S020,Meeting,2024-05-12 10:33:00,32
ACT0001541,O000246,S020,Email,2024-05-23 13:43:00,0
ACT0001542,O000247,S031,Email,2024-11-25 13:14:00,0
ACT0001543,O000247,S031,Email,2024-11-30 11:56:00,0
ACT0001544,O000247,S031,Call,2024-12-10 15:27:00,19
ACT0001545,O000247,S031,Email,2024-11-20 15:26:00,0
ACT0001546,O000247,S031,Email,2024-12-11 17:10:00,0
ACT0001547,O000247,S031,Call,2024-11-23 13:16:00,11
ACT0001548,O000247,S031,Call,2024-11-23 15:22:00,21
ACT0001549,O000248,S024,Email,2025-04-09 12:53:00,0
ACT0001550,O000248,S024,Call,2025-03-18 16:51:00,10
ACT0001551,O000248,S024,Meeting,2025-04-16 18:44:00,44
ACT0001552,O000248,S024,Meeting,2025-03-18 18:10:00,50
ACT0001553,O000248,S024,Demo,2025-04-16 08:27:00,74
ACT0001554,O000248,S024,Email,2025-03-10 10:43:00,0
ACT0001555,O000249,S011,Demo,2023-12-24 13:58:00,92
ACT0001556,O000249,S011,Email,2023-12-03 17:09:00,0
ACT0001557,O000249,S011,Email,2024-01-01 17:12:00,0
ACT0001558,O000249,S011,Email,2023-11-29 17:21:00,0
ACT0001559,O000249,S011,Email,2023-12-29 09:36:00,0
ACT0001560,O000249,S011,Email,2023-12-31 14:36:00,0
ACT0001561,O000249,S011,Email,2023-12-07 18:59:00,0
ACT0001562,O000249,S011,Email,2023-12-12 09:01:00,0
ACT0001563,O000249,S011,Email,2023-12-24 18:23:00,0
ACT0001564,O000251,S031,Meeting,2024-06-30 08:16:00,68
ACT0001565,O000251,S031,Call,2024-06-24 12:41:00,17
ACT0001566,O000251,S031,Demo,2024-06-27 18:17:00,60
ACT0001567,O000251,S031,Meeting,2024-08-16 17:49:00,63
ACT0001568,O000251,S031,Email,2024-08-09 08:04:00,0
ACT0001569,O000252,S016,Call,2024-08-16 08:04:00,40
ACT0001570,O000252,S016,Demo,2024-07-05 16:59:00,104
ACT0001571,O000252,S016,Email,2024-07-22 09:17:00,0
ACT0001572,O000252,S016,Email,2024-06-14 08:08:00,0
ACT0001573,O000253,S005,Email,2023-08-01 18:06:00,0
ACT0001574,O000253,S005,Email,2024-12-17 13:47:00,0
ACT0001575,O000253,S005,Meeting,2025-02-15 11:03:00,35
ACT0001576,O000253,S005,Email,2025-02-03 14:36:00,0
ACT0001577,O000254,S007,Call,2023-03-28 12:40:00,43
ACT0001578,O000254,S007,Meeting,2023-03-25 11:37:00,70
ACT0001579,O000254,S007,Call,2023-02-06 17:04:00,24
ACT0001580,O000255,S037,Email,2025-01-28 15:56:00,0
ACT0001581,O000255,S037,Email,2025-02-25 16:07:00,0
ACT0001582,O000255,S037,Meeting,2024-12-26 17:04:00,61
ACT0001583,O000255,S037,Email,2025-02-12 16:47:00,0
ACT0001584,O000255,S037,Call,2025-02-11 15:08:00,37
ACT0001585,O000255,S037,Meeting,2025-02-26 17:51:00,31
ACT0001586,O000255,S037,Meeting,2024-12-28 18:12:00,66
ACT0001587,O000256,S015,Email,2025-02-22 11:29:00,0
ACT0001588,O000256,S015,Meeting,2025-02-06 11:27:00,52
ACT0001589,O000256,S015,Call,2025-02-15 17:32:00,14
ACT0001590,O000256,S015,Email,2025-01-03 13:04:00,0
ACT0001591,O000256,S015,Email,2025-02-10 08:40:00,0
ACT0001592,O000256,S015,Email,2025-02-08 17:57:00,0
ACT0001593,O000257,S023,Email,2025-02-02 08:16:00,0
ACT0001594,O000257,S023,Meeting,2025-02-19 11:51:00,66
ACT0001595,O000257,S023,Meeting,2025-02-08 14:27:00,50
ACT0001596,O000257,S023,Call,2025-02-10 14:05:00,8
ACT0001597,O000257,S023,Call,2025-02-20 14:38:00,43
ACT0001598,O000257,S023,Email,2025-02-16 17:28:00,0
ACT0001599,O000257,S023,Email,2025-02-19 08:57:00,0
ACT0001600,O000258,S008,Meeting,2024-10-04 09:26:00,41
ACT0001601,O000258,S008,Call,2024-11-08 12:22:00,7
ACT0001602,O000258,S008,Demo,2024-12-01 12:49:00,97
ACT0001603,O000258,S008,Meeting,2024-10-14 09:45:00,86
ACT0001604,O000259,S021,Call,2024-05-18 10:11:00,25
ACT0001605,O000259,S021,Email,2024-05-18 16:43:00,0
ACT0001606,O000259,S021,Email,2024-05-19 18:39:00,0
ACT0001607,O000259,S021,Email,2024-06-02 09:22:00,0
ACT0001608,O000259,S021,Call,2024-06-06 16:23:00,39
ACT0001609,O000260,S021,Demo,2023-05-16 12:31:00,59
ACT0001610,O000260,S021,Demo,2023-05-23 18:26:00,81
ACT0001611,O000260,S021,Email,2023-05-04 15:31:00,0
ACT0001612,O000260,S021,Email,2023-05-14 12:43:00,0
ACT0001613,O000260,S021,Email,2023-05-20 16:52:00,0
ACT0001614,O000260,S021,Call,2023-05-16 09:25:00,27
ACT0001615,O000260,S021,Meeting,2023-05-23 13:24:00,72
ACT0001616,O000260,S021,Call,2023-05-11 16:24:00,23
ACT0001617,O000261,S016,Email,2023-10-15 09:51:00,0
ACT0001618,O000261,S016,Email,2023-10-16 10:32:00,0
ACT0001619,O000261,S016,Call,2023-09-09 18:24:00,34
ACT0001620,O000261,S016,Email,2023-10-13 18:40:00,0
ACT0001621,O000261,S016,Email,2023-10-12 11:28:00,0
ACT0001622,O000261,S016,Email,2023-10-20 10:25:00,0
ACT0001623,O000261,S016,Email,2023-09-09 11:04:00,0
ACT0001624,O000262,S013,Email,2023-06-27 15:30:00,0
ACT0001625,O000262,S013,Meeting,2023-07-11 12:45:00,67
ACT0001626,O000262,S013,Call,2023-07-05 17:42:00,28
ACT0001627,O000262,S013,Meeting,2023-07-16 12:21:00,58
ACT0001628,O000262,S013,Demo,2023-07-05 12:25:00,85
ACT0001629,O000262,S013,Email,2023-07-06 12:46:00,0
ACT0001630,O000262,S013,Call,2023-07-02 18:41:00,13
ACT0001631,O000262,S013,Meeting,2023-07-15 16:38:00,47
ACT0001632,O000262,S013,Call,2023-07-07 12:56:00,36
ACT0001633,O000263,S022,Email,2025-06-06 08:37:00,0
ACT0001634,O000264,S015,Meeting,2024-04-04 15:48:00,78
ACT0001635,O000264,S015,Demo,2024-04-06 18:56:00,49
ACT0001636,O000264,S015,Email,2024-04-18 12:16:00,0
ACT0001637,O000264,S015,Meeting,2024-05-02 10:54:00,57
ACT0001638,O000264,S015,Meeting,2024-04-01 11:51:00,44
ACT0001639,O000264,S015,Call,2024-06-10 11:12:00,21
ACT0001640,O000265,S009,Call,2025-04-24 14:34:00,26
ACT0001641,O000265,S009,Email,2025-04-22 13:58:00,0
ACT0001642,O000265,S009,Email,2025-05-14 12:58:00,0
ACT0001643,O000265,S009,Call,2025-06-16 16:16:00,29
ACT0001644,O000265,S009,Call,2025-06-08 16:21:00,10
ACT0001645,O000266,S023,Call,2023-06-10 14:24:00,19
ACT0001646,O000266,S023,Call,2023-06-01 12:09:00,27
ACT0001647,O000266,S023,Demo,2023-05-26 11:37:00,80
ACT0001648,O000266,S023,Email,2023-06-07 13:37:00,0
ACT0001649,O000266,S023,Email,2023-06-03 11:15:00,0
ACT0001650,O000266,S023,Email,2023-04-26 13:17:00,0
ACT0001651,O000267,S038,Email,2023-10-14 14:24:00,0
ACT0001652,O000267,S038,Call,2023-08-31 16:49:00,19
ACT0001653,O000267,S038,Demo,2023-11-03 13:07:00,52
ACT0001654,O000268,S008,Email,2024-03-09 15:14:00,0
ACT0001655,O000268,S008,Meeting,2024-02-29 14:00:00,53
ACT0001656,O000268,S008,Call,2024-02-28 17:04:00,37
ACT0001657,O000268,S008,Email,2024-03-15 08:04:00,0
ACT0001658,O000268,S008,Call,2024-03-06 08:46:00,16
ACT0001659,O000268,S008,Demo,2024-03-08 18:42:00,113
ACT0001660,O000268,S008,Meeting,2024-02-22 16:13:00,76
ACT0001661,O000269,S033,Email,2023-04-02 15:24:00,0
ACT0001662,O000269,S033,Email,2023-03-20 17:59:00,0
ACT0001663,O000269,S033,Call,2023-05-12 15:29:00,38
ACT0001664,O000270,S013,Email,2024-03-26 14:00:00,0
ACT0001665,O000270,S013,Email,2024-04-07 14:33:00,0
ACT0001666,O000270,S013,Meeting,2024-03-14 16:20:00,72
ACT0001667,O000270,S013,Email,2024-04-06 12:19:00,0
ACT0001668,O000270,S013,Email,2024-04-27 17:09:00,0
ACT0001669,O000270,S013,Email,2024-04-26 08:21:00,0
ACT0001670,O000270,S013,Meeting,2024-03-16 10:33:00,89
ACT0001671,O000270,S013,Demo,2024-04-14 17:42:00,55
ACT0001672,O000270,S013,Call,2024-04-13 11:25:00,44
ACT0001673,O000271,S023,Meeting,2024-10-17 13:45:00,88
ACT0001674,O000271,S023,Email,2024-10-12 13:30:00,0
ACT0001675,O000271,S023,Email,2024-10-12 14:15:00,0
ACT0001676,O000271,S023,Demo,2024-10-11 17:03:00,68
ACT0001677,O000272,S031,Meeting,2024-05-03 10:44:00,84
ACT0001678,O000272,S031,Meeting,2024-03-05 18:46:00,68
ACT0001679,O000272,S031,Meeting,2024-04-29 10:49:00,65
ACT0001680,O000272,S031,Email,2024-02-16 08:36:00,0
ACT0001681,O000272,S031,Email,2024-04-18 17:39:00,0
ACT0001682,O000272,S031,Email,2024-05-02 17:46:00,0
ACT0001683,O000272,S031,Call,2024-03-30 12:20:00,18
ACT0001684,O000272,S031,Call,2024-04-30 12:54:00,7
ACT0001685,O000273,S011,Email,2024-09-04 11:50:00,0
ACT0001686,O000273,S011,Call,2024-11-10 08:46:00,28
ACT0001687,O000273,S011,Email,2024-11-10 10:57:00,0
ACT0001688,O000274,S008,Meeting,2023-04-08 18:16:00,38
ACT0001689,O000274,S008,Email,2023-03-23 12:15:00,0
ACT0001690,O000274,S008,Email,2023-03-16 14:21:00,0
ACT0001691,O000274,S008,Call,2023-04-04 18:24:00,12
ACT0001692,O000275,S018,Call,2024-08-03 09:46:00,14
ACT0001693,O000275,S018,Call,2024-08-24 15:57:00,35
ACT0001694,O000275,S018,Email,2024-08-21 12:05:00,0
ACT0001695,O000275,S018,Meeting,2024-08-04 12:46:00,53
ACT0001696,O000275,S018,Call,2024-08-01 17:01:00,8
ACT0001697,O000275,S018,Email,2024-08-21 09:09:00,0
ACT0001698,O000275,S018,Call,2024-08-31 16:06:00,10
ACT0001699,O000275,S018,Call,2024-08-22 17:08:00,11
ACT0001700,O000276,S013,Call,2025-05-19 09:21:00,6
ACT0001701,O000276,S013,Demo,2025-06-10 18:36:00,86
ACT0001702,O000276,S013,Call,2025-06-12 15:44:00,6
ACT0001703,O000276,S013,Email,2025-05-20 14:41:00,0
ACT0001704,O000276,S013,Call,2025-05-19 13:07:00,39
ACT0001705,O000276,S013,Email,2025-05-22 14:06:00,0
ACT0001706,O000276,S013,Email,2025-06-06 15:41:00,0
ACT0001707,O000277,S002,Demo,2024-09-14 17:33:00,59
ACT0001708,O000277,S002,Email,2024-09-26 18:33:00,0
ACT0001709,O000277,S002,Call,2024-10-14 13:34:00,13
ACT0001710,O000277,S002,Email,2024-09-14 08:43:00,0
ACT0001711,O000277,S002,Call,2024-10-19 17:07:00,25
ACT0001712,O000277,S002,Call,2024-09-21 14:22:00,23
ACT0001713,O000277,S002,Call,2023-05-08 14:35:00,11
ACT0001714,O000278,S017,Email,2024-06-04 11:37:00,0
ACT0001715,O000278,S017,Email,2024-06-19 15:46:00,0
ACT0001716,O000278,S017,Email,2024-08-05 18:01:00,0
ACT0001717,O000278,S017,Email,2024-07-01 14:49:00,0
ACT0001718,O000278,S017,Email,2024-06-11 11:11:00,0
ACT0001719,O000279,S038,Email,2023-01-09 17:35:00,0
ACT0001720,O000279,S038,Call,2023-01-21 09:50:00,22
ACT0001721,O000280,S019,Email,2025-04-04 10:05:00,0
ACT0001722,O000280,S019,Email,2025-03-02 10:04:00,0
ACT0001723,O000280,S019,Meeting,2025-04-03 16:25:00,55
ACT0001724,O000280,S019,Email,2025-03-29 12:39:00,0
ACT0001725,O000280,S019,Call,2025-03-16 12:40:00,6
ACT0001726,O000281,S032,Call,2025-02-07 13:16:00,35
ACT0001727,O000281,S032,Call,2025-02-16 12:11:00,36
ACT0001728,O000281,S032,Call,2025-02-08 12:54:00,25
ACT0001729,O000281,S032,Meeting,2024-12-19 16:36:00,65
ACT0001730,O000281,S032,Call,2024-12-18 09:31:00,37
ACT0001731,O000281,S032,Email,2024-12-25 08:43:00,0
ACT0001732,O000282,S005,Call,2024-03-18 10:59:00,34
ACT0001733,O000282,S005,Email,2024-03-16 09:31:00,0
ACT0001734,O000282,S005,Demo,2024-04-05 11:40:00,87
ACT0001735,O000282,S005,Call,2024-03-09 17:10:00,17
ACT0001736,O000282,S005,Email,2024-03-12 16:17:00,0
ACT0001737,O000282,S005,Demo,2024-03-26 11:05:00,110
ACT0001738,O000282,S005,Call,2024-04-02 11:46:00,8
ACT0001739,O000282,S005,Demo,2024-03-29 17:13:00,80
ACT0001740,O000283,S009,Email,2023-07-26 16:04:00,0
ACT0001741,O000283,S009,Meeting,2023-08-30 11:52:00,82
ACT0001742,O000283,S009,Meeting,2023-06-29 14:35:00,43
ACT0001743,O000284,S029,Call,2023-02-20 13:05:00,15
ACT0001744,O000284,S029,Meeting,2023-01-28 13:51:00,50
ACT0001745,O000284,S029,Demo,2023-02-17 17:58:00,59
ACT0001746,O000284,S029,Meeting,2023-02-13 14:27:00,60
ACT0001747,O000284,S029,Meeting,2023-01-29 15:25:00,56
ACT0001748,O000284,S029,Call,2023-02-28 12:48:00,20
ACT0001749,O000284,S029,Email,2023-02-22 10:56:00,0
ACT0001750,O000285,S010,Call,2023-08-08 13:07:00,23
ACT0001751,O000285,S010,Email,2023-08-27 10:57:00,0
ACT0001752,O000285,S010,Email,2023-06-20 14:16:00,0
ACT0001753,O000285,S010,Email,2023-07-09 16:31:00,0
ACT0001754,O000285,S010,Email,2023-06-02 15:27:00,0
ACT0001755,O000285,S010,Demo,2023-09-09 09:34:00,52
ACT0001756,O000285,S010,Call,2023-08-20 18:23:00,30
ACT0001757,O000286,S002,Email,2025-06-30 10:06:00,0
ACT0001758,O000287,S028,Meeting,2024-09-18 13:06:00,88
ACT0001759,O000287,S028,Email,2024-08-27 11:23:00,0
ACT0001760,O000287,S028,Call,2024-09-06 18:19:00,15
ACT0001761,O000287,S028,Call,2024-09-26 16:09:00,18
ACT0001762,O000287,S028,Email,2024-09-11 16:51:00,0
ACT0001763,O000287,S028,Call,2024-09-25 17:40:00,18
ACT0001764,O000288,S010,Email,2025-06-24 11:04:00,0
ACT0001765,O000288,S010,Email,2025-05-31 15:40:00,0
ACT0001766,O000288,S010,Email,2025-06-23 16:27:00,0
ACT0001767,O000288,S010,Demo,2025-05-28 14:14:00,49
ACT0001768,O000288,S010,Call,2025-06-02 16:16:00,42
ACT0001769,O000288,S010,Meeting,2025-05-30 17:20:00,83
ACT0001770,O000288,S010,Email,2025-06-30 18:59:00,0
ACT0001771,O000289,S018,Email,2024-01-21 15:45:00,0
ACT0001772,O000289,S018,Email,2024-01-29 16:42:00,0
ACT0001773,O000289,S018,Email,2024-02-23 16:49:00,0
ACT0001774,O000289,S018,Email,2024-01-08 11:34:00,0
ACT0001775,O000289,S018,Email,2024-01-09 08:20:00,0
ACT0001776,O000290,S019,Meeting,2025-03-31 17:35:00,66
ACT0001777,O000290,S019,Call,2025-04-13 10:15:00,33
ACT0001778,O000290,S019,Call,2025-04-04 11:03:00,8
ACT0001779,O000290,S019,Email,2025-04-01 14:10:00,0
ACT0001780,O000290,S019,Meeting,2025-04-08 09:46:00,56
ACT0001781,O000290,S019,Email,2025-04-17 17:35:00,0
ACT0001782,O000290,S019,Meeting,2025-04-26 15:41:00,50
ACT0001783,O000291,S004,Email,2024-10-11 18:07:00,0
ACT0001784,O000291,S004,Email,2024-10-06 12:42:00,0
ACT0001785,O000291,S004,Email,2024-10-21 11:23:00,0
ACT0001786,O000291,S004,Call,2024-10-13 11:26:00,29
ACT0001787,O000291,S004,Meeting,2024-10-05 10:06:00,81
ACT0001788,O000291,S004,Meeting,2024-10-14 09:14:00,57
ACT0001789,O000291,S004,Call,2024-10-22 18:33:00,33
ACT0001790,O000291,S004,Demo,2024-10-30 17:30:00,106
ACT0001791,O000291,S004,Email,2024-10-05 17:50:00,0
ACT0001792,O000292,S027,Meeting,2024-11-04 13:47:00,33
ACT0001793,O000292,S027,Email,2024-11-11 17:11:00,0
ACT0001794,O000292,S027,Meeting,2024-10-29 08:51:00,51
ACT0001795,O000292,S027,Meeting,2024-11-09 09:10:00,88
ACT0001796,O000292,S027,Demo,2024-11-11 14:35:00,110
ACT0001797,O000292,S027,Email,2024-10-28 15:25:00,0
ACT0001798,O000292,S027,Call,2024-11-11 14:26:00,21
ACT0001799,O000292,S027,Demo,2024-10-26 15:29:00,102
ACT0001800,O000292,S027,Email,2024-10-31 14:03:00,0
ACT0001801,O000293,S011,Email,2025-03-13 12:38:00,0
ACT0001802,O000293,S011,Meeting,2025-03-15 08:53:00,87
ACT0001803,O000293,S011,Call,2025-03-08 17:02:00,14
ACT0001804,O000293,S011,Email,2025-03-18 10:23:00,0
ACT0001805,O000293,S011,Email,2025-02-16 12:04:00,0
ACT0001806,O000294,S033,Call,2024-10-05 18:02:00,19
ACT0001807,O000294,S033,Email,2024-10-16 13:04:00,0
ACT0001808,O000295,S020,Email,2024-12-28 13:48:00,0
ACT0001809,O000295,S020,Call,2024-11-16 12:20:00,7
ACT0001810,O000295,S020,Demo,2024-11-29 10:03:00,46
ACT0001811,O000295,S020,Email,2024-12-01 16:41:00,0
ACT0001812,O000295,S020,Meeting,2024-12-30 17:55:00,45
ACT0001813,O000295,S020,Email,2025-01-02 11:20:00,0
ACT0001814,O000295,S020,Call,2024-11-25 08:09:00,34
ACT0001815,O000296,S016,Call,2024-07-09 17:40:00,43
ACT0001816,O000296,S016,Meeting,2024-06-26 17:00:00,67
ACT0001817,O000296,S016,Call,2024-06-30 09:14:00,25
ACT0001818,O000296,S016,Email,2024-06-25 11:06:00,0
ACT0001819,O000296,S016,Email,2024-07-05 08:16:00,0
ACT0001820,O000297,S004,Call,2024-05-05 18:25:00,24
ACT0001821,O000297,S004,Call,2024-04-10 14:47:00,21
ACT0001822,O000297,S004,Email,2024-04-26 15:37:00,0
ACT0001823,O000297,S004,Call,2024-06-12 14:41:00,24
ACT0001824,O000297,S004,Meeting,2024-04-19 08:18:00,36
ACT0001825,O000298,S025,Email,2024-09-28 12:52:00,0
ACT0001826,O000298,S025,Meeting,2025-01-01 10:37:00,68
ACT0001827,O000298,S025,Email,2024-11-06 18:19:00,0
ACT0001828,O000298,S025,Call,2024-10-20 15:07:00,17
ACT0001829,O000298,S025,Call,2024-12-05 15:55:00,31
ACT0001830,O000298,S025,Email,2024-09-27 14:00:00,0
ACT0001831,O000298,S025,Call,2024-10-06 16:19:00,22
ACT0001832,O000298,S025,Email,2024-11-04 08:42:00,0
ACT0001833,O000299,S027,Email,2025-06-30 18:32:00,0
ACT0001834,O000299,S027,Meeting,2025-06-23 11:50:00,64
ACT0001835,O000299,S027,Demo,2025-06-20 18:01:00,61
ACT0001836,O000299,S027,Email,2025-06-18 14:24:00,0
ACT0001837,O000300,S022,Email,2023-02-22 12:46:00,0
ACT0001838,O000300,S022,Email,2023-03-01 16:55:00,0
ACT0001839,O000300,S022,Email,2023-02-27 12:26:00,0
ACT0001840,O000300,S022,Email,2023-03-01 14:43:00,0
ACT0001841,O000300,S022,Call,2023-02-18 13:14:00,6
ACT0001842,O000300,S022,Email,2023-02-18 13:45:00,0
ACT0001843,O000300,S022,Call,2023-02-20 09:09:00,16
ACT0001844,O000300,S022,Call,2023-02-23 11:16:00,11
ACT0001845,O000300,S022,Call,2023-03-01 10:10:00,28
ACT0001846,O000300,S022,Email,2023-02-18 13:29:00,0
ACT0001847,O000300,S022,Email,2023-02-23 10:48:00,0
ACT0001848,O000300,S022,Meeting,2023-02-23 13:13:00,86
ACT0001849,O000301,S040,Email,2025-02-27 10:09:00,0
ACT0001850,O000301,S040,Call,2025-03-12 13:54:00,16
ACT0001851,O000301,S040,Call,2025-04-20 11:14:00,22
ACT0001852,O000301,S040,Email,2025-03-11 14:43:00,0
ACT0001853,O000301,S040,Demo,2025-03-06 10:08:00,49
ACT0001854,O000301,S040,Email,2025-05-03 14:33:00,0
ACT0001855,O000302,S002,Email,2025-04-09 15:23:00,0
ACT0001856,O000302,S002,Call,2025-05-06 11:55:00,8
ACT0001857,O000302,S002,Email,2025-03-17 13:31:00,0
ACT0001858,O000302,S002,Call,2025-04-25 17:27:00,19
ACT0001859,O000302,S002,Call,2025-04-06 16:55:00,24
ACT0001860,O000302,S002,Demo,2025-04-24 14:21:00,63
ACT0001861,O000302,S002,Email,2025-04-06 11:51:00,0
ACT0001862,O000302,S002,Call,2025-05-19 08:53:00,20
ACT0001863,O000302,S002,Call,2025-03-22 10:03:00,7
ACT0001864,O000302,S002,Email,2025-04-04 15:31:00,0
ACT0001865,O000303,S025,Email,2024-01-08 11:43:00,0
ACT0001866,O000303,S025,Meeting,2024-02-23 09:33:00,47
ACT0001867,O000303,S025,Email,2024-01-31 13:46:00,0
ACT0001868,O000303,S025,Call,2023-12-25 16:06:00,43
ACT0001869,O000303,S025,Meeting,2024-03-01 17:40:00,49
ACT0001870,O000303,S025,Email,2023-12-23 09:33:00,0
ACT0001871,O000303,S025,Email,2024-02-07 13:23:00,0
ACT0001872,O000304,S026,Call,2023-04-28 09:21:00,30
ACT0001873,O000304,S026,Call,2023-05-12 12:03:00,36
ACT0001874,O000304,S026,Call,2023-05-03 08:10:00,7
ACT0001875,O000304,S026,Meeting,2023-04-27 18:30:00,39
ACT0001876,O000304,S026,Call,2023-05-10 08:26:00,38
ACT0001877,O000304,S026,Call,2023-05-03 10:39:00,11
ACT0001878,O000304,S026,Email,2023-05-13 15:26:00,0
ACT0001879,O000304,S026,Meeting,2023-04-28 13:21:00,87
ACT0001880,O000304,S026,Meeting,2023-05-03 11:02:00,88
ACT0001881,O000305,S016,Call,2023-04-15 15:41:00,25
ACT0001882,O000305,S016,Meeting,2023-04-10 08:33:00,85
ACT0001883,O000305,S016,Meeting,2023-04-18 13:56:00,53
ACT0001884,O000305,S016,Call,2023-04-12 14:32:00,30
ACT0001885,O000305,S016,Meeting,2023-04-09 09:00:00,39
ACT0001886,O000306,S017,Email,2025-04-27 10:04:00,0
ACT0001887,O000306,S017,Demo,2025-04-19 14:31:00,46
ACT0001888,O000306,S017,Call,2025-04-16 11:03:00,11
ACT0001889,O000306,S017,Email,2025-04-13 17:34:00,0
ACT0001890,O000306,S017,Call,2025-04-27 17:24:00,17
ACT0001891,O000306,S017,Email,2025-03-29 08:28:00,0
ACT0001892,O000306,S017,Email,2025-04-13 13:17:00,0
ACT0001893,O000306,S017,Call,2025-03-28 17:41:00,20
ACT0001894,O000306,S017,Email,2025-04-12 12:25:00,0
ACT0001895,O000307,S002,Email,2024-08-15 09:58:00,0
ACT0001896,O000307,S002,Call,2024-06-29 12:10:00,25
ACT0001897,O000307,S002,Email,2023-02-12 13:09:00,0
ACT0001898,O000307,S002,Call,2024-06-10 10:34:00,17
ACT0001899,O000307,S002,Email,2024-08-01 10:28:00,0
ACT0001900,O000307,S002,Call,2024-06-16 08:18:00,29
ACT0001901,O000307,S002,Call,2024-07-24 13:04:00,27
ACT0001902,O000308,S025,Email,2024-07-10 12:06:00,0
ACT0001903,O000308,S025,Call,2024-06-16 08:05:00,20
ACT0001904,O000308,S025,Email,2024-07-01 15:51:00,0
ACT0001905,O000309,S029,Meeting,2025-06-06 09:34:00,52
ACT0001906,O000309,S029,Call,2025-06-12 09:32:00,31
ACT0001907,O000309,S029,Call,2025-06-26 18:47:00,24
ACT0001908,O000310,S036,Call,2025-06-26 11:00:00,7
ACT0001909,O000311,S033,Email,2025-05-19 16:51:00,0
ACT0001910,O000311,S033,Meeting,2025-05-26 12:41:00,44
ACT0001911,O000311,S033,Call,2025-06-02 09:01:00,17
ACT0001912,O000311,S033,Email,2025-06-10 17:17:00,0
ACT0001913,O000311,S033,Email,2025-06-24 09:36:00,0
ACT0001914,O000311,S033,Email,2025-05-25 17:43:00,0
ACT0001915,O000312,S024,Call,2023-10-04 09:00:00,25
ACT0001916,O000312,S024,Email,2023-11-28 08:26:00,0
ACT0001917,O000312,S024,Email,2023-12-17 15:17:00,0
ACT0001918,O000312,S024,Email,2023-10-16 18:09:00,0
ACT0001919,O000313,S012,Email,2024-02-17 11:51:00,0
ACT0001920,O000313,S012,Email,2024-02-15 09:48:00,0
ACT0001921,O000313,S012,Call,2024-02-03 18:10:00,17
ACT0001922,O000313,S012,Email,2024-02-10 12:40:00,0
ACT0001923,O000313,S012,Email,2024-02-08 10:16:00,0
ACT0001924,O000313,S012,Call,2024-02-03 13:42:00,36
ACT0001925,O000314,S011,Email,2025-06-24 11:52:00,0
ACT0001926,O000315,S009,Email,2025-05-09 14:11:00,0
ACT0001927,O000315,S009,Email,2025-04-20 14:14:00,0
ACT0001928,O000316,S010,Call,2023-12-30 09:58:00,15
ACT0001929,O000316,S010,Demo,2023-12-22 11:53:00,73
ACT0001930,O000316,S010,Email,2023-12-11 14:21:00,0
ACT0001931,O000316,S010,Email,2024-01-02 17:53:00,0
ACT0001932,O000316,S010,Meeting,2024-01-03 14:55:00,36
ACT0001933,O000316,S010,Email,2023-12-23 12:26:00,0
ACT0001934,O000316,S010,Call,2023-12-27 13:21:00,42
ACT0001935,O000317,S012,Email,2025-05-28 12:00:00,0
ACT0001936,O000317,S012,Email,2025-05-29 11:59:00,0
ACT0001937,O000317,S012,Email,2025-06-04 12:04:00,0
ACT0001938,O000317,S012,Email,2025-06-09 16:40:00,0
ACT0001939,O000317,S012,Meeting,2025-06-05 16:27:00,78
ACT0001940,O000317,S012,Call,2025-06-03 11:44:00,13
ACT0001941,O000317,S012,Email,2025-05-29 10:04:00,0
ACT0001942,O000317,S012,Demo,2025-05-17 14:40:00,117
ACT0001943,O000318,S028,Call,2024-04-09 14:12:00,22
ACT0001944,O000318,S028,Meeting,2024-06-01 12:19:00,51
ACT0001945,O000318,S028,Email,2024-05-06 17:05:00,0
ACT0001946,O000318,S028,Email,2024-05-18 13:39:00,0
ACT0001947,O000319,S026,Email,2025-03-13 18:45:00,0
ACT0001948,O000319,S026,Call,2025-04-30 13:35:00,32
ACT0001949,O000319,S026,Meeting,2025-04-30 10:59:00,79
ACT0001950,O000319,S026,Demo,2025-04-10 17:16:00,96
ACT0001951,O000319,S026,Email,2025-04-17 13:50:00,0
ACT0001952,O000319,S026,Call,2025-04-18 13:31:00,26
ACT0001953,O000320,S031,Call,2024-12-05 13:39:00,20
ACT0001954,O000320,S031,Meeting,2024-11-22 16:48:00,47
ACT0001955,O000320,S031,Call,2024-11-20 10:11:00,15
ACT0001956,O000320,S031,Email,2024-11-24 09:50:00,0
ACT0001957,O000320,S031,Call,2025-01-20 08:53:00,6
ACT0001958,O000320,S031,Email,2025-01-05 12:06:00,0
ACT0001959,O000321,S021,Call,2023-09-21 15:29:00,43
ACT0001960,O000321,S021,Demo,2023-10-10 11:35:00,101
ACT0001961,O000321,S021,Call,2023-10-17 11:44:00,16
ACT0001962,O000321,S021,Meeting,2023-09-22 08:09:00,84
ACT0001963,O000321,S021,Email,2023-09-06 12:46:00,0
ACT0001964,O000321,S021,Call,2022-03-18 16:41:00,12
ACT0001965,O000321,S021,Email,2023-10-20 10:22:00,0
ACT0001966,O000321,S021,Email,2023-10-15 15:08:00,0
ACT0001967,O000322,S016,Call,2025-03-05 10:18:00,35
ACT0001968,O000322,S016,Demo,2025-03-18 18:43:00,97
ACT0001969,O000322,S016,Call,2025-01-23 17:17:00,18
ACT0001970,O000323,S012,Call,2024-09-25 17:07:00,21
ACT0001971,O000323,S012,Meeting,2024-09-05 18:29:00,46
ACT0001972,O000323,S012,Email,2024-09-04 14:59:00,0
ACT0001973,O000323,S012,Call,2024-10-06 11:23:00,12
ACT0001974,O000323,S012,Email,2024-09-03 10:59:00,0
ACT0001975,O000323,S012,Call,2024-10-11 17:07:00,6
ACT0001976,O000324,S002,Meeting,2024-03-24 12:39:00,60
ACT0001977,O000324,S002,Email,2024-03-29 11:43:00,0
ACT0001978,O000324,S002,Email,2024-04-09 10:04:00,0
ACT0001979,O000324,S002,Email,2024-05-11 16:19:00,0
ACT0001980,O000324,S002,Call,2024-04-30 12:01:00,12
ACT0001981,O000324,S002,Email,2024-04-21 13:04:00,0
ACT0001982,O000324,S002,Call,2024-03-26 16:12:00,33
ACT0001983,O000324,S002,Meeting,2024-04-27 09:39:00,58
ACT0001984,O000325,S027,Meeting,2023-03-25 11:11:00,45
ACT0001985,O000325,S027,Email,2023-04-29 17:12:00,0
ACT0001986,O000325,S027,Call,2023-03-27 15:46:00,18
ACT0001987,O000325,S027,Meeting,2023-03-27 16:55:00,55
ACT0001988,O000325,S027,Call,2023-04-05 14:34:00,8
ACT0001989,O000325,S027,Demo,2023-03-24 13:05:00,115
ACT0001990,O000325,S027,Email,2023-04-27 08:55:00,0
ACT0001991,O000325,S027,Meeting,2023-04-08 13:02:00,33
ACT0001992,O000326,S004,Email,2024-05-30 08:17:00,0
ACT0001993,O000326,S004,Email,2024-07-14 13:00:00,0
ACT0001994,O000326,S004,Call,2024-05-28 18:22:00,36
ACT0001995,O000326,S004,Email,2024-06-06 08:12:00,0
ACT0001996,O000326,S004,Email,2024-07-15 15:06:00,0
ACT0001997,O000326,S004,Email,2024-07-14 08:11:00,0
ACT0001998,O000327,S008,Meeting,2024-08-08 17:38:00,86
ACT0001999,O000327,S008,Email,2024-08-01 09:55:00,0
ACT0002000,O000327,S008,Email,2024-07-30 09:52:00,0
ACT0002001,O000327,S008,Call,2024-08-23 10:43:00,33
ACT0002002,O000328,S035,Demo,2024-05-13 09:28:00,90
ACT0002003,O000328,S035,Email,2024-05-08 17:33:00,0
ACT0002004,O000328,S035,Meeting,2024-05-22 09:22:00,84
ACT0002005,O000328,S035,Meeting,2024-05-16 17:28:00,37
ACT0002006,O000328,S035,Meeting,2024-05-29 16:27:00,54
ACT0002007,O000328,S035,Call,2024-05-26 09:24:00,16
ACT0002008,O000328,S035,Call,2024-05-31 17:50:00,18
ACT0002009,O000329,S016,Email,2024-05-09 14:20:00,0
ACT0002010,O000329,S016,Call,2024-05-19 13:17:00,37
ACT0002011,O000329,S016,Email,2024-06-14 10:37:00,0
ACT0002012,O000329,S016,Call,2024-05-26 09:18:00,43
ACT0002013,O000329,S016,Call,2024-05-27 11:40:00,40
ACT0002014,O000330,S040,Email,2025-05-03 13:48:00,0
ACT0002015,O000330,S040,Email,2025-06-11 14:24:00,0
ACT0002016,O000330,S040,Email,2025-06-14 15:05:00,0
ACT0002017,O000330,S040,Call,2025-06-23 15:48:00,38
ACT0002018,O000330,S040,Call,2025-04-30 15:55:00,39
ACT0002019,O000330,S040,Email,2025-05-30 13:56:00,0
ACT0002020,O000330,S040,Email,2025-05-14 14:32:00,0
ACT0002021,O000331,S012,Demo,2025-04-23 09:49:00,88
ACT0002022,O000331,S012,Demo,2025-04-19 14:35:00,71
ACT0002023,O000331,S012,Email,2025-06-19 08:43:00,0
ACT0002024,O000331,S012,Meeting,2025-06-18 13:41:00,70
ACT0002025,O000331,S012,Meeting,2025-04-28 18:24:00,32
ACT0002026,O000331,S012,Email,2025-06-25 17:10:00,0
ACT0002027,O000331,S012,Call,2025-05-02 10:28:00,27
ACT0002028,O000332,S019,Call,2025-05-24 09:17:00,35
ACT0002029,O000332,S019,Call,2025-05-20 11:31:00,36
ACT0002030,O000332,S019,Meeting,2025-05-18 16:25:00,64
ACT0002031,O000333,S004,Email,2025-06-02 11:34:00,0
ACT0002032,O000333,S004,Meeting,2025-05-04 09:26:00,83
ACT0002033,O000333,S004,Email,2025-04-15 08:33:00,0
ACT0002034,O000333,S004,Email,2025-04-20 17:26:00,0
ACT0002035,O000333,S004,Call,2025-05-11 09:30:00,5
ACT0002036,O000333,S004,Call,2025-05-18 17:14:00,20
ACT0002037,O000333,S004,Call,2025-05-03 16:20:00,39
ACT0002038,O000333,S004,Demo,2025-06-11 10:19:00,117
ACT0002039,O000333,S004,Call,2025-06-25 08:12:00,20
ACT0002040,O000333,S004,Meeting,2025-04-16 09:53:00,39
ACT0002041,O000334,S016,Email,2024-11-15 15:49:00,0
ACT0002042,O000334,S016,Meeting,2024-10-12 14:18:00,75
ACT0002043,O000334,S016,Email,2024-09-15 14:04:00,0
ACT0002044,O000334,S016,Email,2024-11-25 18:50:00,0
ACT0002045,O000335,S025,Meeting,2024-01-09 11:45:00,45
ACT0002046,O000335,S025,Call,2023-12-21 08:52:00,42
ACT0002047,O000335,S025,Call,2024-01-15 08:31:00,5
ACT0002048,O000335,S025,Meeting,2024-01-08 10:35:00,71
ACT0002049,O000336,S008,Call,2024-12-11 08:18:00,20
ACT0002050,O000336,S008,Email,2024-10-26 11:35:00,0
ACT0002051,O000336,S008,Email,2024-10-29 14:20:00,0
ACT0002052,O000336,S008,Meeting,2024-10-22 11:00:00,58
ACT0002053,O000336,S008,Email,2025-01-15 10:32:00,0
ACT0002054,O000336,S008,Email,2024-10-24 11:46:00,0
ACT0002055,O000336,S008,Demo,2024-11-25 18:41:00,62
ACT0002056,O000337,S017,Email,2025-05-09 08:05:00,0
ACT0002057,O000337,S017,Demo,2025-05-15 18:17:00,66
ACT0002058,O000337,S017,Call,2025-05-26 09:37:00,32
ACT0002059,O000337,S017,Call,2025-05-17 09:29:00,7
ACT0002060,O000338,S020,Meeting,2024-04-13 08:50:00,77
ACT0002061,O000338,S020,Meeting,2024-05-21 16:09:00,85
ACT0002062,O000338,S020,Demo,2024-05-07 09:58:00,80
ACT0002063,O000338,S020,Call,2024-06-24 08:55:00,30
ACT0002064,O000338,S020,Demo,2024-06-09 18:02:00,83
ACT0002065,O000338,S020,Call,2024-05-23 18:48:00,19
ACT0002066,O000338,S020,Email,2024-05-15 14:58:00,0
ACT0002067,O000338,S020,Call,2024-05-11 09:43:00,18
ACT0002068,O000338,S020,Meeting,2024-06-14 10:37:00,61
ACT0002069,O000339,S015,Email,2025-06-11 10:23:00,0
ACT0002070,O000339,S015,Meeting,2025-05-08 16:13:00,44
ACT0002071,O000339,S015,Meeting,2025-06-22 11:02:00,84
ACT0002072,O000339,S015,Call,2025-04-05 13:16:00,10
ACT0002073,O000339,S015,Meeting,2025-06-26 10:34:00,35
ACT0002074,O000339,S015,Meeting,2025-06-03 09:13:00,52
ACT0002075,O000339,S015,Email,2025-05-22 18:33:00,0
ACT0002076,O000339,S015,Meeting,2025-06-08 14:57:00,86
ACT0002077,O000339,S015,Call,2025-05-09 10:09:00,31
ACT0002078,O000339,S015,Email,2025-05-30 18:37:00,0
ACT0002079,O000339,S015,Call,2025-04-05 16:58:00,42
ACT0002080,O000340,S012,Call,2024-07-07 14:02:00,17
ACT0002081,O000340,S012,Call,2024-06-28 16:46:00,16
ACT0002082,O000340,S012,Call,2024-06-17 08:56:00,30
ACT0002083,O000340,S012,Call,2024-06-08 16:03:00,25
ACT0002084,O000341,S011,Call,2025-05-25 11:43:00,11
ACT0002085,O000341,S011,Email,2025-05-25 13:11:00,0
ACT0002086,O000341,S011,Meeting,2025-02-13 10:46:00,41
ACT0002087,O000341,S011,Call,2025-02-20 12:15:00,43
ACT0002088,O000341,S011,Call,2025-02-20 09:22:00,22
ACT0002089,O000341,S011,Call,2025-05-15 13:34:00,24
ACT0002090,O000341,S011,Meeting,2025-02-13 18:37:00,59
ACT0002091,O000341,S011,Demo,2025-05-22 14:07:00,77
ACT0002092,O000341,S011,Meeting,2025-02-23 17:58:00,85
ACT0002093,O000341,S011,Email,2025-05-29 08:35:00,0
ACT0002094,O000341,S011,Email,2025-04-12 16:25:00,0
ACT0002095,O000341,S011,Email,2025-04-04 15:42:00,0
ACT0002096,O000342,S032,Email,2024-01-25 14:24:00,0
ACT0002097,O000342,S032,Meeting,2023-12-17 13:12:00,57
ACT0002098,O000342,S032,Call,2024-01-16 11:13:00,37
ACT0002099,O000342,S032,Call,2023-12-11 17:49:00,24
ACT0002100,O000342,S032,Call,2024-01-10 17:34:00,21
ACT0002101,O000342,S032,Email,2024-01-05 14:18:00,0
ACT0002102,O000342,S032,Email,2023-12-11 15:00:00,0
ACT0002103,O000342,S032,Email,2024-01-25 13:27:00,0
ACT0002104,O000342,S032,Call,2023-12-21 12:28:00,39
ACT0002105,O000343,S031,Email,2025-03-10 10:50:00,0
ACT0002106,O000343,S031,Call,2025-03-25 10:44:00,21
ACT0002107,O000343,S031,Meeting,2025-02-24 08:47:00,82
ACT0002108,O000343,S031,Call,2025-02-05 16:44:00,20
ACT0002109,O000343,S031,Email,2025-03-27 13:43:00,0
ACT0002110,O000343,S031,Call,2023-11-07 09:41:00,22
ACT0002111,O000343,S031,Meeting,2025-03-11 10:22:00,73
ACT0002112,O000344,S008,Email,2024-11-23 14:46:00,0
ACT0002113,O000344,S008,Email,2024-11-29 15:02:00,0
ACT0002114,O000344,S008,Email,2024-11-21 18:58:00,0
ACT0002115,O000344,S008,Email,2024-11-28 16:56:00,0
ACT0002116,O000344,S008,Email,2024-10-27 11:55:00,0
ACT0002117,O000344,S008,Call,2024-11-11 18:48:00,35
ACT0002118,O000345,S008,Email,2025-06-30 11:07:00,0
ACT0002119,O000345,S008,Call,2025-06-30 10:06:00,37
ACT0002120,O000346,S013,Call,2023-03-28 16:38:00,11
ACT0002121,O000346,S013,Email,2023-02-27 18:27:00,0
ACT0002122,O000346,S013,Email,2023-04-21 13:38:00,0
ACT0002123,O000346,S013,Email,2023-03-03 17:36:00,0
ACT0002124,O000346,S013,Demo,2023-03-09 08:20:00,89
ACT0002125,O000346,S013,Email,2023-03-24 13:09:00,0
ACT0002126,O000347,S011,Email,2025-03-13 14:50:00,0
ACT0002127,O000347,S011,Email,2025-03-07 18:07:00,0
ACT0002128,O000347,S011,Call,2025-03-07 12:38:00,17
ACT0002129,O000347,S011,Email,2025-03-08 13:25:00,0
ACT0002130,O000347,S011,Email,2025-03-08 14:26:00,0
ACT0002131,O000348,S011,Call,2025-06-19 13:05:00,43
ACT0002132,O000348,S011,Email,2025-06-29 08:48:00,0
ACT0002133,O000348,S011,Call,2025-06-19 11:27:00,14
ACT0002134,O000348,S011,Call,2025-06-20 09:05:00,19
ACT0002135,O000349,S026,Email,2025-05-21 14:10:00,0
ACT0002136,O000349,S026,Email,2025-06-01 16:52:00,0
ACT0002137,O000349,S026,Email,2025-03-29 16:16:00,0
ACT0002138,O000349,S026,Meeting,2025-04-04 09:19:00,75
ACT0002139,O000349,S026,Call,2025-05-11 12:40:00,25
ACT0002140,O000349,S026,Meeting,2025-04-30 12:16:00,41
ACT0002141,O000349,S026,Call,2025-05-27 08:09:00,40
ACT0002142,O000349,S026,Call,2025-04-09 09:41:00,42
ACT0002143,O000350,S031,Email,2024-05-04 18:31:00,0
ACT0002144,O000350,S031,Call,2024-07-09 13:53:00,22
ACT0002145,O000350,S031,Email,2024-07-02 10:42:00,0
ACT0002146,O000350,S031,Meeting,2024-06-09 08:45:00,60
ACT0002147,O000350,S031,Email,2024-06-23 09:17:00,0
ACT0002148,O000350,S031,Call,2024-07-14 17:34:00,32
ACT0002149,O000350,S031,Demo,2024-05-26 11:06:00,47
ACT0002150,O000350,S031,Demo,2024-07-06 15:52:00,87
ACT0002151,O000350,S031,Email,2024-07-17 18:50:00,0
ACT0002152,O000350,S031,Meeting,2024-05-23 18:32:00,64
ACT0002153,O000351,S001,Call,2023-10-04 11:09:00,28
ACT0002154,O000351,S001,Email,2023-09-29 08:04:00,0
ACT0002155,O000351,S001,Email,2023-10-22 17:42:00,0
ACT0002156,O000351,S001,Call,2023-10-21 12:09:00,5
ACT0002157,O000352,S020,Call,2024-06-21 17:02:00,24
ACT0002158,O000352,S020,Meeting,2024-05-18 17:28:00,47
ACT0002159,O000352,S020,Email,2024-06-19 17:51:00,0
ACT0002160,O000352,S020,Demo,2024-06-14 09:33:00,116
ACT0002161,O000352,S020,Email,2024-05-13 17:46:00,0
ACT0002162,O000352,S020,Email,2024-07-05 08:08:00,0
ACT0002163,O000353,S030,Call,2023-12-30 16:41:00,7
ACT0002164,O000353,S030,Call,2023-12-30 11:31:00,30
ACT0002165,O000353,S030,Email,2023-12-25 15:43:00,0
ACT0002166,O000353,S030,Call,2024-01-01 16:09:00,7
ACT0002167,O000353,S030,Meeting,2023-12-23 13:26:00,46
ACT0002168,O000353,S030,Call,2023-12-22 09:35:00,34
ACT0002169,O000354,S009,Email,2025-05-14 09:23:00,0
ACT0002170,O000354,S009,Call,2025-05-08 15:06:00,21
ACT0002171,O000354,S009,Meeting,2025-05-14 14:11:00,32
ACT0002172,O000354,S009,Call,2025-05-19 17:07:00,43
ACT0002173,O000354,S009,Call,2025-05-10 13:09:00,23
ACT0002174,O000354,S009,Call,2025-05-08 17:50:00,44
ACT0002175,O000355,S019,Call,2023-02-18 15:13:00,21
ACT0002176,O000355,S019,Email,2023-02-17 16:44:00,0
ACT0002177,O000355,S019,Meeting,2023-03-01 15:17:00,49
ACT0002178,O000355,S019,Email,2023-02-27 09:42:00,0
ACT0002179,O000355,S019,Demo,2023-02-16 18:21:00,59
ACT0002180,O000355,S019,Meeting,2023-02-26 16:43:00,57
ACT0002181,O000356,S016,Call,2024-07-13 14:00:00,14
ACT0002182,O000356,S016,Email,2024-08-03 16:26:00,0
ACT0002183,O000356,S016,Call,2024-08-22 17:18:00,8
ACT0002184,O000357,S011,Call,2025-06-08 16:30:00,19
ACT0002185,O000357,S011,Email,2025-06-08 13:29:00,0
ACT0002186,O000357,S011,Call,2025-06-08 14:52:00,5
ACT0002187,O000357,S011,Meeting,2025-06-05 14:50:00,60
ACT0002188,O000358,S008,Call,2025-04-03 15:14:00,28
ACT0002189,O000358,S008,Call,2025-04-27 11:54:00,9
ACT0002190,O000358,S008,Call,2025-04-05 08:57:00,36
ACT0002191,O000358,S008,Meeting,2025-03-25 13:43:00,50
ACT0002192,O000359,S008,Call,2025-06-26 13:05:00,23
ACT0002193,O000359,S008,Call,2025-06-29 14:08:00,33
ACT0002194,O000360,S036,Email,2025-06-24 09:51:00,0
ACT0002195,O000360,S036,Call,2025-06-29 18:54:00,7
ACT0002196,O000360,S036,Email,2025-06-19 17:39:00,0
ACT0002197,O000360,S036,Email,2025-06-28 11:05:00,0
ACT0002198,O000361,S014,Email,2023-11-19 16:03:00,0
ACT0002199,O000361,S014,Meeting,2023-12-29 13:40:00,72
ACT0002200,O000361,S014,Meeting,2023-12-17 17:51:00,74
ACT0002201,O000362,S016,Call,2025-04-20 13:30:00,27
ACT0002202,O000362,S016,Call,2025-05-15 16:42:00,33
ACT0002203,O000362,S016,Meeting,2025-04-17 17:17:00,31
ACT0002204,O000363,S005,Email,2023-09-26 18:36:00,0
ACT0002205,O000363,S005,Email,2023-08-30 13:32:00,0
ACT0002206,O000363,S005,Call,2023-10-27 10:17:00,7
ACT0002207,O000363,S005,Email,2023-09-14 14:09:00,0
ACT0002208,O000363,S005,Call,2023-11-05 14:55:00,23
ACT0002209,O000363,S005,Call,2023-09-04 15:01:00,14
ACT0002210,O000363,S005,Demo,2023-10-18 10:42:00,105
ACT0002211,O000363,S005,Email,2023-09-28 11:57:00,0
ACT0002212,O000364,S039,Call,2024-05-07 17:12:00,38
ACT0002213,O000364,S039,Meeting,2024-03-19 15:48:00,44
ACT0002214,O000364,S039,Meeting,2024-04-03 16:49:00,49
ACT0002215,O000364,S039,Email,2024-03-07 15:39:00,0
ACT0002216,O000364,S039,Meeting,2024-04-25 11:58:00,68
ACT0002217,O000364,S039,Meeting,2024-02-25 13:47:00,58
ACT0002218,O000364,S039,Call,2024-03-22 13:05:00,24
ACT0002219,O000364,S039,Call,2024-05-05 15:50:00,17
ACT0002220,O000364,S039,Email,2024-05-06 11:16:00,0
ACT0002221,O000364,S039,Meeting,2024-02-23 16:44:00,41
ACT0002222,O000365,S002,Call,2024-11-24 12:22:00,11
ACT0002223,O000365,S002,Email,2024-10-04 09:05:00,0
ACT0002224,O000365,S002,Meeting,2024-10-24 11:25:00,36
ACT0002225,O000366,S022,Email,2025-06-23 13:19:00,0
ACT0002226,O000367,S032,Email,2023-12-05 16:09:00,0
ACT0002227,O000367,S032,Meeting,2023-11-26 14:59:00,58
ACT0002228,O000367,S032,Email,2023-11-29 08:50:00,0
ACT0002229,O000367,S032,Email,2023-11-21 14:39:00,0
ACT0002230,O000368,S028,Email,2024-11-22 14:25:00,0
ACT0002231,O000368,S028,Demo,2024-11-13 17:43:00,49
ACT0002232,O000368,S028,Call,2024-10-04 13:31:00,16
ACT0002233,O000369,S025,Call,2025-02-05 08:07:00,10
ACT0002234,O000369,S025,Call,2025-01-24 08:50:00,41
ACT0002235,O000369,S025,Meeting,2025-02-25 15:47:00,49
ACT0002236,O000369,S025,Email,2025-03-11 11:19:00,0
ACT0002237,O000370,S039,Call,2024-05-21 14:30:00,6
ACT0002238,O000370,S039,Email,2024-06-25 10:52:00,0
ACT0002239,O000370,S039,Demo,2024-06-05 13:56:00,110
ACT0002240,O000370,S039,Email,2024-05-29 11:50:00,0
ACT0002241,O000370,S039,Call,2024-06-27 16:53:00,37
ACT0002242,O000370,S039,Call,2024-05-26 09:54:00,25
ACT0002243,O000370,S039,Call,2024-06-08 13:02:00,31
ACT0002244,O000371,S019,Demo,2023-08-18 13:23:00,91
ACT0002245,O000371,S019,Meeting,2023-08-18 17:07:00,57
ACT0002246,O000371,S019,Email,2023-08-08 18:32:00,0
ACT0002247,O000371,S019,Call,2023-08-20 15:26:00,14
ACT0002248,O000371,S019,Email,2023-08-13 10:08:00,0
ACT0002249,O000371,S019,Call,2023-08-31 14:43:00,33
ACT0002250,O000371,S019,Demo,2023-08-29 08:38:00,87
ACT0002251,O000371,S019,Call,2023-08-14 14:58:00,31
ACT0002252,O000372,S011,Call,2025-06-18 14:01:00,35
ACT0002253,O000373,S012,Email,2025-02-17 10:33:00,0
ACT0002254,O000373,S012,Email,2025-02-27 10:35:00,0
ACT0002255,O000373,S012,Email,2025-03-04 11:25:00,0
ACT0002256,O000373,S012,Call,2025-02-25 08:31:00,39
ACT0002257,O000373,S012,Meeting,2025-02-17 16:43:00,54
ACT0002258,O000373,S012,Call,2025-02-20 08:30:00,6
ACT0002259,O000373,S012,Email,2025-02-27 16:46:00,0
ACT0002260,O000373,S012,Email,2025-03-02 09:18:00,0
ACT0002261,O000374,S026,Email,2025-05-27 12:16:00,0
ACT0002262,O000374,S026,Email,2025-06-16 14:41:00,0
ACT0002263,O000374,S026,Email,2025-05-27 08:37:00,0
ACT0002264,O000374,S026,Call,2025-06-12 09:14:00,17
ACT0002265,O000374,S026,Call,2025-06-24 15:18:00,26
ACT0002266,O000375,S010,Email,2025-04-11 09:58:00,0
ACT0002267,O000375,S010,Email,2025-04-07 09:29:00,0
ACT0002268,O000375,S010,Email,2025-04-28 16:51:00,0
ACT0002269,O000375,S010,Call,2025-04-27 16:11:00,16
ACT0002270,O000375,S010,Email,2025-03-13 13:13:00,0
ACT0002271,O000375,S010,Email,2025-03-27 10:29:00,0
ACT0002272,O000376,S011,Email,2024-05-06 10:30:00,0
ACT0002273,O000376,S011,Email,2024-05-20 18:24:00,0
ACT0002274,O000376,S011,Email,2024-05-14 17:39:00,0
ACT0002275,O000376,S011,Call,2024-05-07 15:03:00,24
ACT0002276,O000376,S011,Meeting,2024-05-16 15:16:00,59
ACT0002277,O000376,S011,Meeting,2024-05-14 14:41:00,45
ACT0002278,O000376,S011,Meeting,2024-05-16 14:30:00,64
ACT0002279,O000376,S011,Email,2024-05-13 08:59:00,0
ACT0002280,O000376,S011,Email,2024-05-03 08:24:00,0
ACT0002281,O000376,S011,Meeting,2024-05-25 16:41:00,74
ACT0002282,O000377,S025,Email,2024-09-01 14:24:00,0
ACT0002283,O000377,S025,Demo,2024-10-09 09:21:00,115
ACT0002284,O000377,S025,Demo,2024-09-25 13:19:00,59
ACT0002285,O000377,S025,Meeting,2024-09-13 18:23:00,38
ACT0002286,O000377,S025,Call,2024-10-17 12:59:00,18
ACT0002287,O000377,S025,Email,2024-08-27 17:18:00,0
ACT0002288,O000378,S036,Meeting,2024-02-26 15:46:00,72
ACT0002289,O000378,S036,Demo,2024-03-05 15:11:00,45
ACT0002290,O000378,S036,Call,2024-02-27 15:49:00,14
ACT0002291,O000378,S036,Meeting,2024-03-09 11:21:00,41
ACT0002292,O000378,S036,Email,2024-03-08 15:28:00,0
ACT0002293,O000378,S036,Email,2024-02-27 16:54:00,0
ACT0002294,O000378,S036,Email,2024-03-01 08:13:00,0
ACT0002295,O000378,S036,Call,2024-03-14 16:11:00,44
ACT0002296,O000378,S036,Email,2024-03-06 10:50:00,0
ACT0002297,O000378,S036,Email,2024-03-16 13:42:00,0
ACT0002298,O000378,S036,Call,2024-03-11 11:42:00,34
ACT0002299,O000379,S025,Demo,2023-06-26 16:38:00,77
ACT0002300,O000379,S025,Call,2023-05-02 18:46:00,20
ACT0002301,O000379,S025,Meeting,2023-05-04 10:24:00,57
ACT0002302,O000379,S025,Email,2023-06-02 17:46:00,0
ACT0002303,O000379,S025,Call,2023-05-06 13:34:00,22
ACT0002304,O000379,S025,Call,2023-05-26 09:47:00,13
ACT0002305,O000379,S025,Call,2023-06-07 13:03:00,40
ACT0002306,O000379,S025,Call,2023-04-28 09:24:00,29
ACT0002307,O000379,S025,Email,2023-04-28 15:19:00,0
ACT0002308,O000379,S025,Call,2023-03-27 10:10:00,27
ACT0002309,O000379,S025,Call,2023-06-24 11:18:00,9
ACT0002310,O000379,S025,Meeting,2023-07-16 14:32:00,74
ACT0002311,O000379,S025,Meeting,2023-03-28 15:02:00,67
ACT0002312,O000380,S008,Call,2024-08-25 10:08:00,19
ACT0002313,O000380,S008,Meeting,2024-07-21 17:47:00,54
ACT0002314,O000380,S008,Demo,2024-09-18 08:49:00,87
ACT0002315,O000380,S008,Email,2024-08-07 08:02:00,0
ACT0002316,O000380,S008,Call,2024-07-21 17:09:00,25
ACT0002317,O000380,S008,Meeting,2024-08-02 13:57:00,39
ACT0002318,O000380,S008,Demo,2024-08-19 08:29:00,94
ACT0002319,O000380,S008,Email,2024-08-31 18:16:00,0
ACT0002320,O000380,S008,Email,2024-08-26 14:38:00,0
ACT0002321,O000381,S016,Email,2024-08-25 12:35:00,0
ACT0002322,O000381,S016,Email,2024-08-18 10:36:00,0
ACT0002323,O000381,S016,Email,2024-08-12 16:30:00,0
ACT0002324,O000381,S016,Meeting,2024-08-10 18:39:00,48
ACT0002325,O000382,S023,Meeting,2024-08-24 11:14:00,76
ACT0002326,O000382,S023,Email,2024-08-16 16:02:00,0
ACT0002327,O000382,S023,Email,2024-08-15 10:43:00,0
ACT0002328,O000382,S023,Call,2024-08-25 16:48:00,20
ACT0002329,O000382,S023,Call,2024-08-11 15:19:00,9
ACT0002330,O000382,S023,Demo,2024-08-17 09:53:00,70
ACT0002331,O000383,S009,Meeting,2024-11-08 13:45:00,76
ACT0002332,O000383,S009,Email,2024-11-08 18:41:00,0
ACT0002333,O000383,S009,Call,2024-11-15 13:31:00,29
ACT0002334,O000383,S009,Meeting,2024-11-13 18:07:00,37
ACT0002335,O000383,S009,Email,2024-11-06 13:50:00,0
ACT0002336,O000383,S009,Call,2024-11-06 15:53:00,8
ACT0002337,O000383,S009,Call,2024-10-31 15:37:00,18
ACT0002338,O000383,S009,Meeting,2024-11-02 13:39:00,41
ACT0002339,O000384,S012,Call,2023-07-25 09:18:00,24
ACT0002340,O000384,S012,Demo,2023-08-22 12:59:00,75
ACT0002341,O000384,S012,Meeting,2023-08-15 09:09:00,39
ACT0002342,O000384,S012,Demo,2023-08-07 13:32:00,52
ACT0002343,O000384,S012,Email,2023-08-23 18:21:00,0
ACT0002344,O000384,S012,Meeting,2023-08-03 09:14:00,55
ACT0002345,O000384,S012,Meeting,2023-08-09 18:22:00,65
ACT0002346,O000384,S012,Demo,2023-07-24 16:01:00,97
ACT0002347,O000384,S012,Call,2023-08-18 11:09:00,17
ACT0002348,O000384,S012,Email,2023-08-04 10:49:00,0
ACT0002349,O000384,S012,Call,2023-08-27 09:15:00,28
ACT0002350,O000385,S037,Call,2025-06-07 11:40:00,12
ACT0002351,O000385,S037,Email,2025-05-22 14:26:00,0
ACT0002352,O000385,S037,Email,2025-05-19 14:11:00,0
ACT0002353,O000385,S037,Email,2025-06-19 15:53:00,0
ACT0002354,O000385,S037,Email,2025-06-02 17:35:00,0
ACT0002355,O000385,S037,Demo,2025-05-23 10:12:00,106
ACT0002356,O000385,S037,Email,2025-05-23 10:49:00,0
ACT0002357,O000385,S037,Demo,2025-06-03 11:17:00,83
ACT0002358,O000386,S009,Email,2023-07-17 10:31:00,0
ACT0002359,O000386,S009,Call,2023-08-25 12:50:00,15
ACT0002360,O000386,S009,Call,2023-08-17 14:48:00,28
ACT0002361,O000387,S031,Email,2023-09-09 13:43:00,0
ACT0002362,O000387,S031,Call,2023-09-17 13:44:00,30
ACT0002363,O000387,S031,Email,2023-09-17 12:36:00,0
ACT0002364,O000387,S031,Call,2023-09-14 10:53:00,42
ACT0002365,O000387,S031,Call,2023-09-18 09:50:00,15
ACT0002366,O000387,S031,Call,2023-09-11 10:08:00,42
ACT0002367,O000387,S031,Call,2023-09-11 18:31:00,37
ACT0002368,O000387,S031,Call,2023-09-16 10:58:00,32
ACT0002369,O000387,S031,Meeting,2023-09-07 13:23:00,68
ACT0002370,O000387,S031,Email,2023-09-08 12:45:00,0
ACT0002371,O000388,S009,Email,2023-07-15 08:50:00,0
ACT0002372,O000388,S009,Call,2023-06-15 11:32:00,36
ACT0002373,O000388,S009,Email,2023-06-23 10:27:00,0
ACT0002374,O000388,S009,Demo,2023-06-21 15:43:00,118
ACT0002375,O000388,S009,Email,2023-06-23 17:43:00,0
ACT0002376,O000388,S009,Demo,2023-06-14 16:47:00,75
ACT0002377,O000388,S009,Call,2023-06-26 16:32:00,17
ACT0002378,O000388,S009,Email,2023-06-17 13:43:00,0
ACT0002379,O000388,S009,Email,2023-07-08 12:35:00,0
ACT0002380,O000389,S039,Email,2025-06-24 10:12:00,0
ACT0002381,O000389,S039,Call,2025-06-30 15:49:00,9
ACT0002382,O000389,S039,Email,2025-06-29 14:21:00,0
ACT0002383,O000390,S002,Email,2024-05-01 17:04:00,0
ACT0002384,O000390,S002,Email,2024-05-17 09:09:00,0
ACT0002385,O000390,S002,Call,2024-05-17 15:49:00,19
ACT0002386,O000390,S002,Call,2024-05-05 18:05:00,35
ACT0002387,O000390,S002,Meeting,2024-05-17 18:51:00,40
ACT0002388,O000390,S002,Call,2024-04-27 16:35:00,7
ACT0002389,O000390,S002,Call,2024-04-19 10:38:00,17
ACT0002390,O000390,S002,Call,2024-04-24 14:32:00,43
ACT0002391,O000390,S002,Email,2024-05-01 09:25:00,0
ACT0002392,O000391,S011,Call,2024-01-08 14:21:00,44
ACT0002393,O000391,S011,Call,2024-01-07 18:09:00,33
ACT0002394,O000391,S011,Call,2023-12-11 11:38:00,24
ACT0002395,O000391,S011,Email,2023-12-02 15:33:00,0
ACT0002396,O000391,S011,Call,2024-01-17 18:51:00,33
ACT0002397,O000392,S033,Email,2025-04-28 17:14:00,0
ACT0002398,O000392,S033,Meeting,2025-05-11 14:01:00,37
ACT0002399,O000392,S033,Meeting,2025-04-29 09:07:00,45
ACT0002400,O000392,S033,Meeting,2025-04-27 12:02:00,84
ACT0002401,O000392,S033,Email,2025-06-09 17:02:00,0
ACT0002402,O000392,S033,Call,2025-06-13 17:17:00,34
ACT0002403,O000392,S033,Demo,2025-05-16 15:03:00,51
ACT0002404,O000392,S033,Meeting,2025-05-30 13:16:00,31
ACT0002405,O000392,S033,Email,2025-04-23 14:43:00,0
ACT0002406,O000392,S033,Email,2025-06-09 08:54:00,0
ACT0002407,O000393,S040,Email,2024-11-22 16:29:00,0
ACT0002408,O000393,S040,Email,2024-12-24 17:11:00,0
ACT0002409,O000393,S040,Call,2024-11-25 10:39:00,5
ACT0002410,O000393,S040,Call,2025-01-06 18:19:00,17
ACT0002411,O000393,S040,Email,2024-11-17 16:23:00,0
ACT0002412,O000394,S020,Email,2023-07-09 16:40:00,0
ACT0002413,O000394,S020,Call,2023-06-28 12:01:00,28
ACT0002414,O000394,S020,Call,2023-06-29 11:22:00,18
ACT0002415,O000395,S024,Email,2023-07-10 14:47:00,0
ACT0002416,O000395,S024,Call,2023-06-14 14:55:00,12
ACT0002417,O000395,S024,Meeting,2023-07-01 18:57:00,31
ACT0002418,O000395,S024,Meeting,2023-06-10 18:37:00,78
ACT0002419,O000395,S024,Email,2023-07-11 10:22:00,0
ACT0002420,O000395,S024,Call,2023-07-07 08:50:00,32
ACT0002421,O000395,S024,Meeting,2023-07-04 08:39:00,40
ACT0002422,O000395,S024,Demo,2023-06-04 18:00:00,55
ACT0002423,O000396,S022,Email,2025-06-19 10:27:00,0
ACT0002424,O000396,S022,Meeting,2025-06-30 16:01:00,30
ACT0002425,O000396,S022,Call,2025-06-06 15:42:00,34
ACT0002426,O000396,S022,Email,2025-06-24 12:11:00,0
ACT0002427,O000397,S040,Email,2023-11-30 18:48:00,0
ACT0002428,O000397,S040,Call,2023-11-25 14:13:00,18
ACT0002429,O000397,S040,Email,2023-12-02 10:18:00,0
ACT0002430,O000397,S040,Meeting,2023-11-18 16:58:00,60
ACT0002431,O000397,S040,Email,2023-11-25 10:06:00,0
ACT0002432,O000397,S040,Meeting,2023-12-02 15:04:00,38
ACT0002433,O000398,S018,Email,2023-06-26 17:29:00,0
ACT0002434,O000398,S018,Call,2023-06-26 10:50:00,32
ACT0002435,O000398,S018,Email,2023-08-01 16:23:00,0
ACT0002436,O000398,S018,Email,2023-07-26 11:42:00,0
ACT0002437,O000398,S018,Email,2023-08-02 10:54:00,0
ACT0002438,O000399,S010,Email,2024-02-29 13:45:00,0
ACT0002439,O000399,S010,Demo,2024-01-31 15:51:00,49
ACT0002440,O000399,S010,Call,2024-02-08 14:20:00,16
ACT0002441,O000399,S010,Demo,2024-01-20 10:12:00,82
ACT0002442,O000399,S010,Email,2024-01-02 10:07:00,0
ACT0002443,O000399,S010,Email,2024-01-14 16:49:00,0
ACT0002444,O000399,S010,Email,2023-12-30 12:02:00,0
ACT0002445,O000399,S010,Demo,2024-01-22 16:24:00,56
ACT0002446,O000399,S010,Email,2024-02-17 11:05:00,0
ACT0002447,O000400,S005,Email,2025-03-14 18:12:00,0
ACT0002448,O000400,S005,Email,2025-05-04 16:27:00,0
ACT0002449,O000400,S005,Email,2025-03-17 12:15:00,0
ACT0002450,O000400,S005,Demo,2025-06-25 08:26:00,86
ACT0002451,O000400,S005,Call,2025-04-05 18:55:00,32
ACT0002452,O000400,S005,Call,2025-04-05 16:55:00,43
ACT0002453,O000400,S005,Email,2025-03-30 15:06:00,0
ACT0002454,O000401,S012,Call,2023-01-31 12:44:00,19
ACT0002455,O000401,S012,Email,2023-02-03 17:30:00,0
ACT0002456,O000401,S012,Meeting,2023-02-01 16:32:00,65
ACT0002457,O000401,S012,Call,2023-01-28 16:57:00,40
ACT0002458,O000401,S012,Meeting,2023-01-30 14:55:00,76
ACT0002459,O000401,S012,Call,2023-02-02 18:32:00,43
ACT0002460,O000401,S012,Email,2023-02-03 18:46:00,0
ACT0002461,O000401,S012,Call,2023-02-02 09:37:00,18
ACT0002462,O000401,S012,Demo,2023-01-27 16:30:00,72
ACT0002463,O000402,S019,Email,2025-01-30 09:12:00,0
ACT0002464,O000402,S019,Call,2025-01-20 10:13:00,25
ACT0002465,O000402,S019,Email,2025-02-10 15:56:00,0
ACT0002466,O000402,S019,Meeting,2025-02-01 18:07:00,61
ACT0002467,O000402,S019,Call,2025-02-06 15:38:00,17
ACT0002468,O000402,S019,Call,2025-02-20 11:37:00,10
ACT0002469,O000402,S019,Call,2025-02-25 10:34:00,42
ACT0002470,O000403,S009,Call,2025-06-23 16:39:00,6
ACT0002471,O000403,S009,Email,2025-06-25 10:34:00,0
ACT0002472,O000403,S009,Call,2025-06-07 18:19:00,7
ACT0002473,O000403,S009,Meeting,2025-06-10 08:11:00,38
ACT0002474,O000403,S009,Call,2025-06-10 14:06:00,9
ACT0002475,O000404,S010,Email,2023-11-24 12:24:00,0
ACT0002476,O000404,S010,Demo,2024-01-05 16:06:00,76
ACT0002477,O000404,S010,Meeting,2024-01-17 14:10:00,82
ACT0002478,O000404,S010,Demo,2023-12-26 13:00:00,112
ACT0002479,O000404,S010,Email,2024-01-30 17:04:00,0
ACT0002480,O000404,S010,Meeting,2024-01-17 14:40:00,82
ACT0002481,O000405,S039,Email,2023-02-10 15:17:00,0
ACT0002482,O000405,S039,Meeting,2023-01-10 12:38:00,50
ACT0002483,O000405,S039,Demo,2023-01-24 15:52:00,89
ACT0002484,O000405,S039,Email,2023-02-28 15:09:00,0
ACT0002485,O000405,S039,Demo,2023-01-20 17:32:00,105
ACT0002486,O000405,S039,Meeting,2023-01-23 18:34:00,84
ACT0002487,O000405,S039,Email,2023-01-11 08:39:00,0
ACT0002488,O000405,S039,Demo,2023-01-11 08:02:00,79
ACT0002489,O000405,S039,Meeting,2023-03-04 14:58:00,71
ACT0002490,O000405,S039,Call,2023-01-25 13:10:00,31
ACT0002491,O000405,S039,Email,2023-02-13 14:02:00,0
ACT0002492,O000405,S039,Call,2023-02-02 17:07:00,40
ACT0002493,O000405,S039,Email,2023-02-17 12:33:00,0
ACT0002494,O000406,S038,Call,2024-03-21 18:26:00,18
ACT0002495,O000406,S038,Email,2024-04-03 11:12:00,0
ACT0002496,O000406,S038,Email,2024-04-05 12:58:00,0
ACT0002497,O000406,S038,Email,2024-02-06 18:25:00,0
ACT0002498,O000407,S012,Email,2023-06-04 14:10:00,0
ACT0002499,O000407,S012,Call,2023-07-04 09:11:00,24
ACT0002500,O000407,S012,Call,2023-06-13 17:20:00,7
ACT0002501,O000407,S012,Meeting,2023-07-19 16:08:00,39
ACT0002502,O000407,S012,Call,2023-06-01 13:22:00,42
ACT0002503,O000407,S012,Meeting,2023-08-01 16:16:00,58
ACT0002504,O000407,S012,Call,2023-06-09 12:49:00,25
ACT0002505,O000407,S012,Demo,2023-07-17 11:07:00,107
ACT0002506,O000408,S040,Email,2025-05-24 15:46:00,0
ACT0002507,O000408,S040,Call,2025-05-19 08:45:00,11
ACT0002508,O000408,S040,Meeting,2025-05-12 12:05:00,51
ACT0002509,O000408,S040,Email,2025-05-13 10:53:00,0
ACT0002510,O000408,S040,Demo,2025-05-20 08:24:00,61
ACT0002511,O000408,S040,Meeting,2025-05-12 14:27:00,81
ACT0002512,O000408,S040,Email,2025-05-16 18:07:00,0
ACT0002513,O000408,S040,Demo,2025-05-18 10:15:00,67
ACT0002514,O000408,S040,Meeting,2025-05-20 18:14:00,76
ACT0002515,O000408,S040,Call,2025-05-24 14:47:00,28
ACT0002516,O000409,S016,Call,2025-06-29 18:39:00,34
ACT0002517,O000409,S016,Email,2025-06-30 17:22:00,0
ACT0002518,O000409,S016,Email,2025-06-30 09:14:00,0
ACT0002519,O000409,S016,Email,2025-06-27 15:01:00,0
ACT0002520,O000410,S031,Call,2024-09-10 17:44:00,40
ACT0002521,O000410,S031,Email,2024-09-13 12:17:00,0
ACT0002522,O000410,S031,Call,2024-09-14 17:27:00,14
ACT0002523,O000410,S031,Meeting,2024-09-13 13:10:00,30
ACT0002524,O000410,S031,Call,2024-09-10 09:43:00,44
ACT0002525,O000410,S031,Email,2024-09-12 16:38:00,0
ACT0002526,O000411,S020,Email,2025-05-29 15:52:00,0
ACT0002527,O000411,S020,Call,2025-06-01 09:07:00,26
ACT0002528,O000411,S020,Meeting,2025-05-21 16:36:00,60
ACT0002529,O000411,S020,Email,2025-05-27 15:08:00,0
ACT0002530,O000411,S020,Call,2025-05-23 09:21:00,11
ACT0002531,O000412,S035,Email,2025-04-16 12:28:00,0
ACT0002532,O000412,S035,Call,2025-03-21 14:44:00,39
ACT0002533,O000412,S035,Demo,2025-04-24 16:57:00,92
ACT0002534,O000412,S035,Email,2025-05-03 17:13:00,0
ACT0002535,O000412,S035,Call,2025-05-06 13:38:00,41
ACT0002536,O000412,S035,Call,2025-05-04 12:00:00,35
ACT0002537,O000413,S011,Meeting,2025-03-11 18:18:00,73
ACT0002538,O000413,S011,Meeting,2025-02-26 13:56:00,37
ACT0002539,O000413,S011,Email,2025-03-27 14:51:00,0
ACT0002540,O000413,S011,Email,2025-02-24 11:48:00,0
ACT0002541,O000413,S011,Demo,2025-03-03 11:11:00,68
ACT0002542,O000413,S011,Email,2025-03-08 10:13:00,0
ACT0002543,O000413,S011,Call,2025-03-04 12:16:00,5
ACT0002544,O000413,S011,Call,2025-03-27 14:40:00,7
ACT0002545,O000413,S011,Call,2025-03-02 18:17:00,39
ACT0002546,O000414,S008,Email,2023-03-19 17:50:00,0
ACT0002547,O000414,S008,Email,2023-03-10 10:03:00,0
ACT0002548,O000414,S008,Email,2023-03-06 08:55:00,0
ACT0002549,O000414,S008,Email,2023-03-24 15:23:00,0
ACT0002550,O000415,S027,Demo,2025-04-29 14:38:00,117
ACT0002551,O000415,S027,Email,2025-04-17 10:48:00,0
ACT0002552,O000415,S027,Email,2025-04-25 13:36:00,0
ACT0002553,O000415,S027,Email,2025-04-24 15:06:00,0
ACT0002554,O000415,S027,Call,2025-04-23 18:24:00,43
ACT0002555,O000415,S027,Email,2025-04-20 18:48:00,0
ACT0002556,O000415,S027,Meeting,2025-04-26 13:19:00,38
ACT0002557,O000415,S027,Meeting,2025-04-12 17:33:00,87
ACT0002558,O000416,S013,Call,2023-09-29 17:13:00,6
ACT0002559,O000416,S013,Call,2023-08-05 12:36:00,42
ACT0002560,O000416,S013,Email,2023-09-17 12:45:00,0
ACT0002561,O000416,S013,Call,2023-09-17 08:46:00,38
ACT0002562,O000416,S013,Demo,2023-09-04 13:16:00,87
ACT0002563,O000416,S013,Meeting,2023-08-15 10:38:00,69
ACT0002564,O000416,S013,Email,2023-10-07 14:48:00,0
ACT0002565,O000416,S013,Email,2023-10-12 15:42:00,0
ACT0002566,O000416,S013,Meeting,2023-08-05 11:43:00,82
ACT0002567,O000416,S013,Call,2023-09-22 11:07:00,10
ACT0002568,O000417,S038,Email,2023-10-10 11:26:00,0
ACT0002569,O000417,S038,Email,2023-12-29 16:18:00,0
ACT0002570,O000417,S038,Email,2023-11-15 16:09:00,0
ACT0002571,O000417,S038,Email,2023-11-26 11:49:00,0
ACT0002572,O000417,S038,Meeting,2024-01-17 11:24:00,61
ACT0002573,O000417,S038,Meeting,2024-01-19 09:44:00,61
ACT0002574,O000418,S003,Email,2024-12-08 18:38:00,0
ACT0002575,O000418,S003,Email,2024-12-17 15:45:00,0
ACT0002576,O000418,S003,Meeting,2024-12-14 08:26:00,89
ACT0002577,O000419,S018,Call,2024-06-22 14:01:00,33
ACT0002578,O000419,S018,Call,2024-06-20 18:04:00,14
ACT0002579,O000419,S018,Meeting,2024-06-24 12:18:00,64
ACT0002580,O000419,S018,Meeting,2024-06-24 16:51:00,52
ACT0002581,O000419,S018,Call,2024-06-26 10:27:00,37
ACT0002582,O000419,S018,Meeting,2024-06-19 15:50:00,85
ACT0002583,O000420,S030,Email,2023-03-02 15:43:00,0
ACT0002584,O000420,S030,Demo,2023-01-26 10:25:00,70
ACT0002585,O000420,S030,Call,2023-02-23 14:00:00,20
ACT0002586,O000420,S030,Email,2023-03-03 12:49:00,0
ACT0002587,O000420,S030,Demo,2023-02-13 11:01:00,113
ACT0002588,O000420,S030,Call,2023-02-20 13:34:00,8
ACT0002589,O000420,S030,Call,2023-02-10 09:19:00,27
ACT0002590,O000420,S030,Email,2023-02-02 17:46:00,0
ACT0002591,O000420,S030,Call,2023-02-11 14:37:00,16
ACT0002592,O000421,S016,Call,2025-06-26 08:37:00,40
ACT0002593,O000421,S016,Call,2025-06-26 11:20:00,18
ACT0002594,O000421,S016,Call,2025-06-27 18:52:00,12
ACT0002595,O000421,S016,Call,2025-06-28 12:00:00,13
ACT0002596,O000422,S002,Demo,2025-06-28 11:09:00,112
ACT0002597,O000422,S002,Email,2025-06-29 12:38:00,0
ACT0002598,O000422,S002,Call,2025-06-30 15:15:00,41
ACT0002599,O000422,S002,Call,2025-06-30 09:14:00,13
ACT0002600,O000423,S011,Call,2025-03-25 16:48:00,23
ACT0002601,O000423,S011,Email,2025-03-25 12:51:00,0
ACT0002602,O000423,S011,Call,2025-03-03 14:30:00,14
ACT0002603,O000423,S011,Call,2025-02-19 08:12:00,17
ACT0002604,O000423,S011,Email,2025-02-10 09:35:00,0
ACT0002605,O000423,S011,Meeting,2025-04-06 14:13:00,41
ACT0002606,O000423,S011,Email,2025-04-01 16:40:00,0
ACT0002607,O000423,S011,Email,2025-02-09 12:09:00,0
ACT0002608,O000424,S033,Call,2024-11-23 16:55:00,14
ACT0002609,O000424,S033,Call,2025-01-15 09:34:00,11
ACT0002610,O000424,S033,Email,2024-11-22 12:12:00,0
ACT0002611,O000424,S033,Meeting,2025-01-21 18:04:00,34
ACT0002612,O000424,S033,Meeting,2024-12-05 16:34:00,36
ACT0002613,O000424,S033,Call,2025-01-13 14:19:00,13
ACT0002614,O000424,S033,Meeting,2024-12-27 14:17:00,86
ACT0002615,O000424,S033,Demo,2024-11-08 13:42:00,58
ACT0002616,O000425,S037,Demo,2023-01-31 18:50:00,90
ACT0002617,O000425,S037,Demo,2023-04-03 12:17:00,112
ACT0002618,O000425,S037,Meeting,2023-04-04 12:48:00,63
ACT0002619,O000425,S037,Email,2023-03-27 17:35:00,0
ACT0002620,O000425,S037,Call,2023-02-27 16:34:00,30
ACT0002621,O000425,S037,Call,2023-02-10 11:46:00,29
ACT0002622,O000426,S038,Email,2024-04-07 09:21:00,0
ACT0002623,O000426,S038,Call,2024-05-11 17:36:00,21
ACT0002624,O000426,S038,Call,2024-05-07 08:05:00,28
ACT0002625,O000426,S038,Email,2024-05-02 16:41:00,0
ACT0002626,O000426,S038,Meeting,2024-05-05 10:58:00,86
ACT0002627,O000426,S038,Meeting,2024-05-14 12:38:00,76
ACT0002628,O000426,S038,Email,2024-04-10 15:58:00,0
ACT0002629,O000427,S020,Email,2023-08-14 09:29:00,0
ACT0002630,O000427,S020,Email,2023-07-23 10:50:00,0
ACT0002631,O000427,S020,Call,2023-05-21 11:37:00,13
ACT0002632,O000427,S020,Email,2023-06-21 15:43:00,0
ACT0002633,O000427,S020,Demo,2023-07-07 14:58:00,95
ACT0002634,O000427,S020,Email,2023-06-16 14:56:00,0
ACT0002635,O000427,S020,Call,2023-05-31 16:21:00,29
ACT0002636,O000427,S020,Email,2023-06-15 18:23:00,0
ACT0002637,O000427,S020,Email,2023-06-22 14:21:00,0
ACT0002638,O000427,S020,Email,2023-05-11 16:27:00,0
ACT0002639,O000428,S037,Call,2024-10-05 16:39:00,36
ACT0002640,O000428,S037,Email,2024-10-03 17:46:00,0
ACT0002641,O000428,S037,Call,2024-10-02 13:10:00,26
ACT0002642,O000428,S037,Meeting,2024-08-24 12:01:00,31
ACT0002643,O000428,S037,Call,2024-10-02 15:16:00,22
ACT0002644,O000428,S037,Call,2024-10-31 17:31:00,13
ACT0002645,O000428,S037,Email,2024-10-04 15:26:00,0
ACT0002646,O000429,S040,Email,2024-10-15 15:13:00,0
ACT0002647,O000429,S040,Demo,2024-09-24 15:14:00,101
ACT0002648,O000429,S040,Call,2024-11-21 15:45:00,25
ACT0002649,O000429,S040,Email,2024-09-16 12:36:00,0
ACT0002650,O000429,S040,Demo,2024-12-06 11:58:00,99
ACT0002651,O000429,S040,Email,2024-12-06 17:06:00,0
ACT0002652,O000429,S040,Email,2024-10-17 09:42:00,0
ACT0002653,O000429,S040,Call,2024-11-20 17:51:00,40
ACT0002654,O000430,S035,Meeting,2023-07-27 14:07:00,51
ACT0002655,O000430,S035,Demo,2023-07-18 08:15:00,51
ACT0002656,O000430,S035,Call,2023-06-22 15:43:00,33
ACT0002657,O000430,S035,Email,2023-08-02 16:56:00,0
ACT0002658,O000430,S035,Email,2023-07-18 09:18:00,0
ACT0002659,O000430,S035,Call,2023-07-17 13:13:00,29
ACT0002660,O000430,S035,Call,2023-07-08 18:04:00,37
ACT0002661,O000430,S035,Email,2023-07-01 12:11:00,0
ACT0002662,O000430,S035,Email,2023-07-25 09:56:00,0
ACT0002663,O000431,S031,Email,2024-11-17 11:59:00,0
ACT0002664,O000431,S031,Email,2024-10-26 16:21:00,0
ACT0002665,O000431,S031,Email,2024-12-17 12:11:00,0
ACT0002666,O000431,S031,Meeting,2024-11-28 16:20:00,83
ACT0002667,O000432,S005,Call,2023-08-31 14:45:00,35
ACT0002668,O000433,S035,Email,2025-06-01 10:27:00,0
ACT0002669,O000434,S005,Email,2023-03-26 14:19:00,0
ACT0002670,O000434,S005,Demo,2023-03-15 12:19:00,93
ACT0002671,O000434,S005,Call,2023-05-10 13:34:00,13
ACT0002672,O000434,S005,Email,2023-03-03 12:41:00,0
ACT0002673,O000434,S005,Call,2023-03-23 14:35:00,38
ACT0002674,O000435,S016,Email,2025-06-25 13:47:00,0
ACT0002675,O000435,S016,Email,2025-05-28 13:28:00,0
ACT0002676,O000435,S016,Demo,2025-05-30 11:12:00,115
ACT0002677,O000435,S016,Email,2025-06-22 15:08:00,0
ACT0002678,O000435,S016,Call,2025-06-30 16:44:00,25
ACT0002679,O000435,S016,Email,2025-06-23 18:21:00,0
ACT0002680,O000436,S001,Email,2024-12-23 09:49:00,0
ACT0002681,O000436,S001,Meeting,2025-01-10 11:14:00,49
ACT0002682,O000436,S001,Call,2024-12-05 09:20:00,32
ACT0002683,O000436,S001,Email,2024-12-27 17:53:00,0
ACT0002684,O000436,S001,Email,2024-12-07 15:58:00,0
ACT0002685,O000436,S001,Call,2024-12-30 12:29:00,30
ACT0002686,O000436,S001,Meeting,2024-12-26 18:16:00,55
ACT0002687,O000436,S001,Email,2024-12-23 08:21:00,0
ACT0002688,O000437,S032,Meeting,2024-06-09 18:40:00,47
ACT0002689,O000437,S032,Email,2024-06-12 17:21:00,0
ACT0002690,O000437,S032,Email,2024-06-15 18:59:00,0
ACT0002691,O000437,S032,Demo,2024-06-05 11:34:00,57
ACT0002692,O000438,S023,Call,2024-04-26 08:54:00,30
ACT0002693,O000438,S023,Email,2024-04-07 10:22:00,0
ACT0002694,O000438,S023,Email,2024-05-01 10:03:00,0
ACT0002695,O000438,S023,Email,2024-04-12 12:41:00,0
ACT0002696,O000438,S023,Email,2024-04-29 11:29:00,0
ACT0002697,O000438,S023,Call,2024-04-19 08:34:00,22
ACT0002698,O000438,S023,Email,2024-04-11 14:05:00,0
ACT0002699,O000438,S023,Call,2024-04-15 17:22:00,17
ACT0002700,O000438,S023,Meeting,2024-04-16 10:26:00,59
ACT0002701,O000439,S019,Call,2023-09-21 12:52:00,8
ACT0002702,O000439,S019,Email,2023-09-13 14:21:00,0
ACT0002703,O000439,S019,Meeting,2023-10-07 12:20:00,30
ACT0002704,O000439,S019,Email,2023-07-28 12:14:00,0
ACT0002705,O000439,S019,Call,2023-07-18 09:10:00,22
ACT0002706,O000440,S012,Meeting,2025-03-14 17:38:00,60
ACT0002707,O000440,S012,Meeting,2025-03-09 18:59:00,47
ACT0002708,O000440,S012,Call,2025-03-03 17:53:00,10
ACT0002709,O000441,S032,Meeting,2024-01-12 11:20:00,83
ACT0002710,O000441,S032,Email,2023-12-15 11:26:00,0
ACT0002711,O000441,S032,Demo,2024-01-14 15:49:00,53
ACT0002712,O000441,S032,Email,2024-01-16 09:59:00,0
ACT0002713,O000441,S032,Email,2024-01-15 15:05:00,0
ACT0002714,O000441,S032,Demo,2024-01-12 16:26:00,89
ACT0002715,O000441,S032,Email,2024-01-18 13:23:00,0
ACT0002716,O000441,S032,Email,2023-12-11 12:27:00,0
ACT0002717,O000441,S032,Call,2023-11-23 16:04:00,33
ACT0002718,O000441,S032,Email,2023-12-16 17:28:00,0
ACT0002719,O000442,S012,Call,2024-07-22 17:35:00,42
ACT0002720,O000442,S012,Call,2024-08-04 13:18:00,9
ACT0002721,O000442,S012,Email,2024-07-16 17:44:00,0
ACT0002722,O000442,S012,Call,2024-08-07 08:58:00,15
ACT0002723,O000442,S012,Call,2024-07-29 11:32:00,11
ACT0002724,O000442,S012,Call,2024-07-23 08:20:00,35
ACT0002725,O000443,S015,Email,2023-02-21 08:06:00,0
ACT0002726,O000443,S015,Email,2023-02-21 12:25:00,0
ACT0002727,O000443,S015,Email,2023-02-28 15:27:00,0
ACT0002728,O000443,S015,Call,2023-02-15 17:37:00,38
ACT0002729,O000443,S015,Email,2023-03-01 08:03:00,0
ACT0002730,O000443,S015,Email,2023-02-28 17:37:00,0
ACT0002731,O000443,S015,Email,2023-02-25 13:01:00,0
ACT0002732,O000444,S001,Email,2025-06-23 15:02:00,0
ACT0002733,O000444,S001,Email,2025-06-29 09:39:00,0
ACT0002734,O000444,S001,Demo,2025-06-21 11:46:00,45
ACT0002735,O000445,S039,Call,2025-03-06 12:18:00,15
ACT0002736,O000445,S039,Email,2025-04-15 10:35:00,0
ACT0002737,O000445,S039,Call,2025-04-06 10:16:00,22
ACT0002738,O000445,S039,Email,2025-04-01 16:30:00,0
ACT0002739,O000445,S039,Call,2025-04-12 08:17:00,7
ACT0002740,O000445,S039,Call,2025-03-09 11:03:00,5
ACT0002741,O000445,S039,Call,2025-04-16 15:17:00,40
ACT0002742,O000446,S006,Call,2025-05-31 12:41:00,39
ACT0002743,O000446,S006,Call,2025-05-24 18:17:00,31
ACT0002744,O000446,S006,Meeting,2025-05-16 14:59:00,53
ACT0002745,O000446,S006,Meeting,2025-05-25 10:29:00,43
ACT0002746,O000446,S006,Call,2025-04-03 14:48:00,5
ACT0002747,O000446,S006,Meeting,2025-04-26 12:19:00,55
ACT0002748,O000446,S006,Demo,2025-05-27 18:39:00,69
ACT0002749,O000447,S006,Meeting,2023-08-08 15:41:00,69
ACT0002750,O000447,S006,Call,2023-09-05 08:51:00,8
ACT0002751,O000447,S006,Demo,2023-09-04 17:42:00,51
ACT0002752,O000448,S039,Email,2024-03-22 18:57:00,0
ACT0002753,O000448,S039,Email,2024-03-21 16:41:00,0
ACT0002754,O000448,S039,Email,2024-03-15 10:07:00,0
ACT0002755,O000448,S039,Email,2024-03-23 18:45:00,0
ACT0002756,O000449,S009,Demo,2023-08-09 15:20:00,47
ACT0002757,O000449,S009,Demo,2023-08-28 18:17:00,54
ACT0002758,O000449,S009,Email,2023-06-30 12:48:00,0
ACT0002759,O000449,S009,Call,2023-08-18 09:32:00,27
ACT0002760,O000449,S009,Demo,2023-06-30 18:59:00,48
ACT0002761,O000450,S003,Email,2024-01-08 09:48:00,0
ACT0002762,O000451,S034,Email,2024-04-13 17:03:00,0
ACT0002763,O000451,S034,Email,2024-04-20 17:06:00,0
ACT0002764,O000451,S034,Meeting,2024-03-15 17:48:00,33
ACT0002765,O000451,S034,Meeting,2024-04-06 10:35:00,59
ACT0002766,O000451,S034,Email,2024-04-28 17:21:00,0
ACT0002767,O000451,S034,Email,2024-04-08 16:58:00,0
ACT0002768,O000452,S025,Email,2023-03-02 11:53:00,0
ACT0002769,O000452,S025,Meeting,2023-05-12 08:22:00,74
ACT0002770,O000452,S025,Email,2023-03-11 17:44:00,0
ACT0002771,O000452,S025,Meeting,2023-05-30 14:11:00,34
ACT0002772,O000452,S025,Call,2023-03-31 12:20:00,13
ACT0002773,O000452,S025,Meeting,2023-05-25 10:22:00,63
ACT0002774,O000453,S031,Demo,2025-05-08 14:29:00,74
ACT0002775,O000453,S031,Call,2025-05-16 17:28:00,19
ACT0002776,O000453,S031,Call,2025-05-20 14:00:00,11
ACT0002777,O000453,S031,Demo,2025-05-04 13:34:00,59
ACT0002778,O000454,S018,Email,2023-08-02 09:35:00,0
ACT0002779,O000455,S005,Demo,2024-12-04 12:33:00,96
ACT0002780,O000455,S005,Email,2024-12-07 18:22:00,0
ACT0002781,O000455,S005,Email,2024-12-14 16:12:00,0
ACT0002782,O000455,S005,Call,2024-12-11 16:56:00,10
ACT0002783,O000455,S005,Email,2024-12-04 10:15:00,0
ACT0002784,O000455,S005,Call,2024-12-08 15:02:00,9
ACT0002785,O000455,S005,Call,2024-12-04 15:43:00,20
ACT0002786,O000455,S005,Call,2024-12-14 18:40:00,18
ACT0002787,O000455,S005,Call,2024-12-18 09:17:00,7
ACT0002788,O000456,S040,Email,2024-05-24 10:57:00,0
ACT0002789,O000456,S040,Email,2024-06-02 09:24:00,0
ACT0002790,O000456,S040,Meeting,2024-06-09 11:05:00,81
ACT0002791,O000456,S040,Email,2024-06-02 09:11:00,0
ACT0002792,O000457,S036,Email,2025-02-12 15:14:00,0
ACT0002793,O000457,S036,Call,2025-03-16 13:57:00,26
ACT0002794,O000457,S036,Email,2025-03-29 11:02:00,0
ACT0002795,O000457,S036,Email,2025-02-05 16:17:00,0
ACT0002796,O000457,S036,Call,2025-04-17 17:11:00,6
ACT0002797,O000457,S036,Call,2025-03-19 15:27:00,33
ACT0002798,O000458,S016,Email,2025-06-12 15:40:00,0
ACT0002799,O000458,S016,Meeting,2025-06-21 12:24:00,69
ACT0002800,O000458,S016,Call,2025-06-27 18:50:00,14
ACT0002801,O000459,S016,Email,2023-08-20 13:24:00,0
ACT0002802,O000459,S016,Meeting,2023-07-19 12:13:00,69
ACT0002803,O000459,S016,Email,2023-07-18 12:22:00,0
ACT0002804,O000459,S016,Demo,2023-07-05 10:00:00,59
ACT0002805,O000459,S016,Call,2023-08-03 08:40:00,36
ACT0002806,O000459,S016,Email,2023-08-21 17:31:00,0
ACT0002807,O000459,S016,Call,2023-08-10 13:34:00,41
ACT0002808,O000459,S016,Call,2023-07-06 18:47:00,17
ACT0002809,O000459,S016,Demo,2023-07-09 09:26:00,87
ACT0002810,O000459,S016,Email,2023-08-01 18:41:00,0
ACT0002811,O000459,S016,Call,2023-08-27 18:42:00,34
ACT0002812,O000460,S005,Meeting,2025-05-15 09:19:00,47
ACT0002813,O000460,S005,Demo,2025-03-21 16:48:00,70
ACT0002814,O000460,S005,Call,2025-06-17 08:30:00,22
ACT0002815,O000460,S005,Call,2025-06-15 18:20:00,16
ACT0002816,O000460,S005,Call,2025-04-10 09:38:00,32
ACT0002817,O000460,S005,Demo,2025-06-11 08:25:00,77
ACT0002818,O000460,S005,Call,2025-05-20 13:23:00,14
ACT0002819,O000460,S005,Demo,2025-06-04 16:03:00,83
ACT0002820,O000461,S018,Meeting,2023-10-10 09:05:00,34
ACT0002821,O000461,S018,Call,2023-11-26 15:32:00,24
ACT0002822,O000461,S018,Demo,2023-10-31 11:21:00,63
ACT0002823,O000461,S018,Demo,2023-10-28 18:34:00,85
ACT0002824,O000461,S018,Email,2023-11-18 18:55:00,0
ACT0002825,O000461,S018,Call,2023-09-12 13:08:00,35
ACT0002826,O000461,S018,Email,2023-10-22 18:30:00,0
ACT0002827,O000461,S018,Email,2023-10-04 13:12:00,0
ACT0002828,O000462,S005,Meeting,2024-06-15 15:45:00,49
ACT0002829,O000462,S005,Call,2024-06-07 12:42:00,8
ACT0002830,O000462,S005,Call,2024-06-14 09:14:00,31
ACT0002831,O000462,S005,Call,2024-06-06 10:33:00,17
ACT0002832,O000462,S005,Call,2024-06-15 18:04:00,5
ACT0002833,O000463,S029,Call,2023-06-16 18:59:00,27
ACT0002834,O000463,S029,Call,2023-06-25 10:35:00,12
ACT0002835,O000463,S029,Demo,2023-06-19 18:52:00,99
ACT0002836,O000463,S029,Call,2023-06-06 12:17:00,7
ACT0002837,O000463,S029,Demo,2023-06-19 15:24:00,67
ACT0002838,O000463,S029,Email,2023-06-06 11:23:00,0
ACT0002839,O000463,S029,Call,2023-05-22 12:38:00,5
ACT0002840,O000463,S029,Email,2023-06-08 12:05:00,0
ACT0002841,O000463,S029,Call,2023-05-27 11:09:00,18
ACT0002842,O000464,S034,Email,2024-04-11 13:49:00,0
ACT0002843,O000464,S034,Meeting,2024-05-17 11:26:00,72
ACT0002844,O000464,S034,Email,2024-04-06 18:16:00,0
ACT0002845,O000464,S034,Call,2024-04-09 10:49:00,9
ACT0002846,O000464,S034,Call,2024-05-19 12:35:00,18
ACT0002847,O000464,S034,Meeting,2024-05-07 18:57:00,88
ACT0002848,O000464,S034,Call,2024-04-24 08:49:00,30
ACT0002849,O000464,S034,Meeting,2024-04-15 13:40:00,33
ACT0002850,O000464,S034,Meeting,2024-04-17 16:37:00,55
ACT0002851,O000464,S034,Email,2024-05-21 17:02:00,0
ACT0002852,O000464,S034,Email,2024-05-23 15:47:00,0
ACT0002853,O000464,S034,Email,2024-05-25 12:02:00,0
ACT0002854,O000464,S034,Demo,2024-04-28 18:46:00,105
ACT0002855,O000465,S015,Meeting,2023-03-17 18:18:00,58
ACT0002856,O000465,S015,Meeting,2023-02-27 16:17:00,42
ACT0002857,O000465,S015,Meeting,2023-03-03 17:31:00,73
ACT0002858,O000465,S015,Meeting,2023-03-03 13:11:00,73
ACT0002859,O000465,S015,Call,2023-04-23 16:21:00,10
ACT0002860,O000466,S040,Call,2025-01-01 13:42:00,28
ACT0002861,O000466,S040,Call,2024-12-15 15:34:00,29
ACT0002862,O000466,S040,Demo,2025-01-04 17:59:00,98
ACT0002863,O000466,S040,Call,2024-12-14 09:58:00,32
ACT0002864,O000467,S022,Demo,2024-01-04 16:44:00,77
ACT0002865,O000467,S022,Meeting,2024-01-18 17:19:00,40
ACT0002866,O000467,S022,Email,2024-01-05 09:20:00,0
ACT0002867,O000467,S022,Call,2024-01-10 16:27:00,14
ACT0002868,O000467,S022,Call,2024-02-03 15:49:00,41
ACT0002869,O000467,S022,Call,2024-01-10 10:33:00,11
ACT0002870,O000467,S022,Email,2024-01-30 18:13:00,0
ACT0002871,O000467,S022,Call,2024-01-06 15:48:00,32
ACT0002872,O000467,S022,Demo,2024-01-02 14:59:00,106
ACT0002873,O000467,S022,Email,2024-01-02 15:58:00,0
ACT0002874,O000468,S035,Email,2024-10-21 17:45:00,0
ACT0002875,O000468,S035,Email,2024-10-28 18:45:00,0
ACT0002876,O000468,S035,Email,2024-10-17 11:20:00,0
ACT0002877,O000469,S039,Call,2024-09-12 14:32:00,30
ACT0002878,O000469,S039,Call,2024-09-27 18:00:00,6
ACT0002879,O000469,S039,Email,2024-08-24 14:12:00,0
ACT0002880,O000469,S039,Email,2024-10-29 15:43:00,0
ACT0002881,O000469,S039,Email,2024-10-01 16:01:00,0
ACT0002882,O000469,S039,Email,2024-10-11 16:37:00,0
ACT0002883,O000469,S039,Email,2024-09-24 13:40:00,0
ACT0002884,O000469,S039,Demo,2024-09-08 17:05:00,73
ACT0002885,O000470,S001,Meeting,2024-10-11 12:15:00,52
ACT0002886,O000470,S001,Email,2024-10-06 12:08:00,0
ACT0002887,O000470,S001,Email,2024-10-09 12:01:00,0
ACT0002888,O000471,S001,Call,2023-02-09 15:15:00,12
ACT0002889,O000471,S001,Call,2023-05-01 09:41:00,5
ACT0002890,O000471,S001,Meeting,2023-01-30 12:10:00,46
ACT0002891,O000471,S001,Call,2023-03-24 09:54:00,13
ACT0002892,O000471,S001,Demo,2023-02-05 14:37:00,102
ACT0002893,O000471,S001,Meeting,2023-02-21 10:29:00,36
ACT0002894,O000471,S001,Email,2023-02-23 08:40:00,0
ACT0002895,O000472,S023,Call,2024-01-02 10:02:00,31
ACT0002896,O000472,S023,Email,2024-01-08 17:03:00,0
ACT0002897,O000472,S023,Email,2022-07-25 09:58:00,0
ACT0002898,O000472,S023,Call,2024-01-01 12:36:00,18
ACT0002899,O000472,S023,Call,2023-12-26 12:42:00,15
ACT0002900,O000472,S023,Email,2023-12-29 11:09:00,0
ACT0002901,O000472,S023,Demo,2023-12-27 12:20:00,66
ACT0002902,O000472,S023,Meeting,2024-01-08 09:10:00,62
ACT0002903,O000474,S037,Email,2024-12-29 15:29:00,0
ACT0002904,O000474,S037,Call,2024-12-19 18:50:00,12
ACT0002905,O000474,S037,Call,2024-12-15 13:14:00,33
ACT0002906,O000474,S037,Call,2024-12-15 10:33:00,24
ACT0002907,O000474,S037,Call,2024-12-15 10:46:00,38
ACT0002908,O000474,S037,Demo,2024-12-29 11:21:00,76
ACT0002909,O000474,S037,Call,2024-12-09 11:58:00,19
ACT0002910,O000475,S036,Demo,2023-03-14 13:56:00,102
ACT0002911,O000475,S036,Meeting,2023-02-05 10:06:00,37
ACT0002912,O000475,S036,Email,2023-02-20 09:54:00,0
ACT0002913,O000475,S036,Call,2023-03-31 10:38:00,14
ACT0002914,O000475,S036,Demo,2023-02-15 12:58:00,46
ACT0002915,O000475,S036,Email,2023-03-29 09:53:00,0
ACT0002916,O000475,S036,Demo,2023-02-20 16:58:00,83
ACT0002917,O000475,S036,Email,2023-01-21 09:23:00,0
ACT0002918,O000476,S012,Call,2023-12-16 09:40:00,10
ACT0002919,O000476,S012,Call,2023-12-17 15:28:00,31
ACT0002920,O000476,S012,Email,2023-12-28 09:36:00,0
ACT0002921,O000476,S012,Email,2023-12-22 18:02:00,0
ACT0002922,O000477,S007,Call,2025-05-25 10:47:00,19
ACT0002923,O000477,S007,Call,2025-05-17 09:05:00,23
ACT0002924,O000477,S007,Demo,2025-04-26 12:14:00,117
ACT0002925,O000477,S007,Meeting,2024-04-12 17:20:00,52
ACT0002926,O000477,S007,Meeting,2025-06-17 14:15:00,62
ACT0002927,O000477,S007,Meeting,2025-04-26 08:12:00,40
ACT0002928,O000477,S007,Call,2025-06-21 12:29:00,22
ACT0002929,O000477,S007,Call,2025-05-15 09:24:00,22
ACT0002930,O000477,S007,Call,2025-05-10 18:51:00,27
ACT0002931,O000477,S007,Email,2025-05-12 11:00:00,0
ACT0002932,O000477,S007,Email,2025-05-13 09:18:00,0
ACT0002933,O000477,S007,Call,2025-05-30 17:16:00,36
ACT0002934,O000477,S007,Call,2025-06-08 13:10:00,18
ACT0002935,O000478,S036,Email,2025-03-30 15:07:00,0
ACT0002936,O000478,S036,Call,2025-03-07 11:33:00,20
ACT0002937,O000478,S036,Email,2025-02-27 17:45:00,0
ACT0002938,O000478,S036,Email,2025-03-07 18:10:00,0
ACT0002939,O000478,S036,Email,2025-03-27 14:27:00,0
ACT0002940,O000478,S036,Demo,2025-03-28 13:22:00,45
ACT0002941,O000478,S036,Call,2025-03-04 08:55:00,7
ACT0002942,O000478,S036,Call,2025-03-12 09:16:00,10
ACT0002943,O000478,S036,Email,2025-03-28 08:16:00,0
ACT0002944,O000478,S036,Call,2025-03-21 10:05:00,30
ACT0002945,O000479,S032,Email,2023-06-01 12:13:00,0
ACT0002946,O000479,S032,Email,2023-05-15 12:28:00,0
ACT0002947,O000479,S032,Call,2023-06-13 15:20:00,43
ACT0002948,O000479,S032,Email,2023-05-23 16:51:00,0
ACT0002949,O000479,S032,Email,2023-06-11 08:16:00,0
ACT0002950,O000479,S032,Call,2023-06-04 12:03:00,38
ACT0002951,O000479,S032,Call,2023-05-19 18:48:00,23
ACT0002952,O000479,S032,Meeting,2023-05-12 08:46:00,55
ACT0002953,O000480,S007,Email,2023-01-21 16:47:00,0
ACT0002954,O000480,S007,Demo,2023-01-17 12:08:00,108
ACT0002955,O000480,S007,Call,2023-01-17 15:33:00,23
ACT0002956,O000480,S007,Meeting,2023-02-22 16:32:00,81
ACT0002957,O000480,S007,Call,2023-01-12 08:06:00,30
ACT0002958,O000480,S007,Call,2023-01-23 17:09:00,19
ACT0002959,O000480,S007,Meeting,2023-01-31 14:21:00,69
ACT0002960,O000480,S007,Call,2023-02-22 10:32:00,35
ACT0002961,O000480,S007,Email,2023-01-09 09:54:00,0
ACT0002962,O000481,S028,Call,2025-05-22 16:20:00,19
ACT0002963,O000481,S028,Call,2025-04-30 13:15:00,31
ACT0002964,O000481,S028,Call,2025-04-27 16:10:00,29
ACT0002965,O000481,S028,Email,2025-05-06 09:00:00,0
ACT0002966,O000481,S028,Email,2025-05-21 14:28:00,0
ACT0002967,O000481,S028,Email,2025-05-15 15:30:00,0
ACT0002968,O000481,S028,Email,2025-05-27 16:23:00,0
ACT0002969,O000481,S028,Call,2025-05-25 09:02:00,29
ACT0002970,O000482,S026,Email,2024-09-26 10:25:00,0
ACT0002971,O000482,S026,Email,2024-09-14 11:48:00,0
ACT0002972,O000482,S026,Email,2024-08-30 18:25:00,0
ACT0002973,O000482,S026,Call,2024-09-15 10:23:00,23
ACT0002974,O000482,S026,Call,2024-08-07 13:50:00,17
ACT0002975,O000482,S026,Email,2024-09-24 08:03:00,0
ACT0002976,O000483,S016,Email,2024-07-30 09:43:00,0
ACT0002977,O000483,S016,Meeting,2024-08-22 14:06:00,62
ACT0002978,O000483,S016,Email,2024-07-15 14:13:00,0
ACT0002979,O000483,S016,Meeting,2024-07-23 10:05:00,36
ACT0002980,O000483,S016,Email,2024-08-20 17:50:00,0
ACT0002981,O000484,S026,Call,2024-04-21 12:11:00,14
ACT0002982,O000484,S026,Meeting,2024-04-28 14:19:00,66
ACT0002983,O000484,S026,Email,2024-04-18 18:27:00,0
ACT0002984,O000484,S026,Meeting,2024-04-08 15:12:00,74
ACT0002985,O000484,S026,Call,2024-04-07 18:39:00,22
ACT0002986,O000484,S026,Call,2024-04-24 15:57:00,31
ACT0002987,O000484,S026,Email,2024-05-01 14:54:00,0
ACT0002988,O000484,S026,Call,2024-04-25 08:25:00,29
ACT0002989,O000484,S026,Demo,2024-04-04 11:53:00,70
ACT0002990,O000485,S013,Email,2024-08-31 12:17:00,0
ACT0002991,O000485,S013,Call,2024-08-30 15:02:00,32
ACT0002992,O000485,S013,Call,2024-10-02 10:55:00,43
ACT0002993,O000485,S013,Demo,2024-09-19 09:38:00,84
ACT0002994,O000485,S013,Meeting,2024-10-23 10:53:00,70
ACT0002995,O000486,S016,Email,2023-02-25 12:31:00,0
ACT0002996,O000486,S016,Call,2023-02-16 16:49:00,31
ACT0002997,O000486,S016,Email,2023-03-01 08:16:00,0
ACT0002998,O000486,S016,Call,2023-02-14 16:55:00,35
ACT0002999,O000486,S016,Email,2023-03-10 16:42:00,0
ACT0003000,O000487,S033,Meeting,2024-06-20 08:47:00,72
ACT0003001,O000487,S033,Meeting,2024-04-08 08:31:00,42
ACT0003002,O000487,S033,Call,2024-06-16 08:58:00,13
ACT0003003,O000487,S033,Call,2024-05-20 14:39:00,15
ACT0003004,O000487,S033,Email,2024-05-05 13:52:00,0
ACT0003005,O000488,S015,Meeting,2024-03-05 12:45:00,84
ACT0003006,O000488,S015,Call,2024-02-28 09:03:00,12
ACT0003007,O000488,S015,Call,2024-02-27 14:37:00,13
ACT0003008,O000488,S015,Email,2024-02-12 13:00:00,0
ACT0003009,O000488,S015,Call,2024-02-27 15:33:00,20
ACT0003010,O000488,S015,Email,2023-12-29 10:07:00,0
ACT0003011,O000488,S015,Call,2024-01-18 14:04:00,13
ACT0003012,O000488,S015,Call,2024-03-12 13:23:00,35
ACT0003013,O000489,S012,Meeting,2023-05-01 16:40:00,83
ACT0003014,O000489,S012,Call,2023-05-01 18:37:00,9
ACT0003015,O000489,S012,Call,2023-04-30 16:38:00,19
ACT0003016,O000489,S012,Call,2023-04-26 18:07:00,24
ACT0003017,O000489,S012,Call,2023-05-01 15:44:00,13
ACT0003018,O000489,S012,Call,2023-04-29 12:50:00,35
ACT0003019,O000489,S012,Call,2023-04-30 18:53:00,31
ACT0003020,O000490,S012,Email,2024-10-08 17:33:00,0
ACT0003021,O000490,S012,Demo,2024-11-06 11:38:00,77
ACT0003022,O000490,S012,Demo,2024-10-18 15:45:00,118
ACT0003023,O000490,S012,Email,2024-12-08 12:27:00,0
ACT0003024,O000491,S029,Email,2025-02-17 13:10:00,0
ACT0003025,O000491,S029,Email,2025-02-07 08:10:00,0
ACT0003026,O000491,S029,Call,2025-01-25 12:45:00,44
ACT0003027,O000491,S029,Email,2025-01-13 12:43:00,0
ACT0003028,O000491,S029,Email,2025-01-14 12:48:00,0
ACT0003029,O000491,S029,Call,2025-01-17 13:44:00,15
ACT0003030,O000491,S029,Demo,2025-01-22 11:22:00,83
ACT0003031,O000491,S029,Call,2025-02-04 18:44:00,9
ACT0003032,O000492,S023,Call,2025-06-30 10:29:00,20
ACT0003033,O000492,S023,Email,2025-06-25 15:15:00,0
ACT0003034,O000492,S023,Call,2025-06-03 15:15:00,17
ACT0003035,O000493,S002,Email,2024-01-11 16:13:00,0
ACT0003036,O000493,S002,Email,2023-11-12 15:24:00,0
ACT0003037,O000493,S002,Call,2024-01-10 16:37:00,19
ACT0003038,O000493,S002,Email,2024-01-27 16:52:00,0
ACT0003039,O000493,S002,Email,2023-12-13 09:46:00,0
ACT0003040,O000494,S011,Meeting,2024-08-20 08:55:00,62
ACT0003041,O000494,S011,Meeting,2024-09-19 18:38:00,65
ACT0003042,O000494,S011,Email,2024-10-05 10:05:00,0
ACT0003043,O000495,S020,Email,2025-05-15 09:19:00,0
ACT0003044,O000495,S020,Call,2025-06-11 16:21:00,12
ACT0003045,O000495,S020,Demo,2025-06-17 13:47:00,95
ACT0003046,O000495,S020,Email,2025-06-05 11:20:00,0
ACT0003047,O000495,S020,Email,2025-06-13 09:45:00,0
ACT0003048,O000495,S020,Meeting,2025-05-22 13:33:00,71
ACT0003049,O000495,S020,Meeting,2025-05-08 17:22:00,38
ACT0003050,O000495,S020,Email,2025-06-22 18:54:00,0
ACT0003051,O000495,S020,Call,2025-06-23 18:58:00,36
ACT0003052,O000495,S020,Call,2025-06-12 08:19:00,22
ACT0003053,O000495,S020,Call,2025-06-18 09:47:00,7
ACT0003054,O000495,S020,Email,2025-05-29 13:47:00,0
ACT0003055,O000496,S029,Meeting,2024-05-08 14:31:00,74
ACT0003056,O000496,S029,Demo,2024-05-26 08:47:00,53
ACT0003057,O000496,S029,Email,2024-07-10 11:24:00,0
ACT0003058,O000496,S029,Call,2024-05-30 08:31:00,44
ACT0003059,O000496,S029,Call,2024-06-20 15:06:00,22
ACT0003060,O000496,S029,Call,2024-05-23 08:08:00,11
ACT0003061,O000496,S029,Demo,2024-06-13 08:47:00,96
ACT0003062,O000497,S005,Call,2025-02-22 15:43:00,42
ACT0003063,O000498,S033,Call,2024-04-07 10:59:00,38
ACT0003064,O000498,S033,Demo,2024-04-03 17:50:00,106
ACT0003065,O000498,S033,Call,2024-01-13 15:55:00,42
ACT0003066,O000498,S033,Email,2024-03-04 15:06:00,0
ACT0003067,O000499,S027,Call,2022-07-12 12:10:00,10
ACT0003068,O000499,S027,Email,2024-04-07 18:00:00,0
ACT0003069,O000499,S027,Email,2024-04-10 16:13:00,0
ACT0003070,O000499,S027,Email,2024-03-13 18:53:00,0
ACT0003071,O000499,S027,Call,2024-05-16 12:29:00,27
ACT0003072,O000499,S027,Call,2024-05-19 08:03:00,6
ACT0003073,O000499,S027,Call,2024-03-25 12:29:00,23
ACT0003074,O000500,S026,Call,2024-02-02 08:48:00,8
ACT0003075,O000500,S026,Call,2024-01-30 12:47:00,37
ACT0003076,O000501,S022,Meeting,2024-12-31 08:28:00,55
ACT0003077,O000501,S022,Call,2025-02-08 11:24:00,36
ACT0003078,O000501,S022,Email,2025-02-20 18:24:00,0
ACT0003079,O000501,S022,Call,2025-03-20 09:18:00,8
ACT0003080,O000501,S022,Email,2024-12-30 16:05:00,0
ACT0003081,O000501,S022,Email,2025-02-03 14:49:00,0
ACT0003082,O000501,S022,Meeting,2025-03-22 10:06:00,84
ACT0003083,O000502,S022,Email,2025-06-01 08:48:00,0
ACT0003084,O000502,S022,Call,2025-06-15 11:47:00,9
ACT0003085,O000502,S022,Email,2025-05-23 09:36:00,0
ACT0003086,O000502,S022,Call,2025-05-29 10:42:00,6
ACT0003087,O000502,S022,Email,2025-06-01 18:39:00,0
ACT0003088,O000502,S022,Call,2025-04-18 13:23:00,5
ACT0003089,O000503,S036,Call,2025-05-09 16:24:00,40
ACT0003090,O000503,S036,Call,2025-04-27 16:48:00,33
ACT0003091,O000503,S036,Meeting,2025-05-19 16:26:00,74
ACT0003092,O000503,S036,Call,2025-05-23 09:25:00,19
ACT0003093,O000503,S036,Meeting,2025-04-16 12:48:00,82
ACT0003094,O000503,S036,Email,2025-05-21 14:40:00,0
ACT0003095,O000503,S036,Call,2025-04-13 15:07:00,39
ACT0003096,O000503,S036,Call,2025-04-20 17:20:00,19
ACT0003097,O000504,S031,Call,2024-02-28 15:19:00,7
ACT0003098,O000505,S020,Call,2023-03-23 12:20:00,32
ACT0003099,O000505,S020,Email,2023-03-12 18:56:00,0
ACT0003100,O000505,S020,Call,2023-03-23 14:16:00,32
ACT0003101,O000505,S020,Call,2023-03-11 08:11:00,26
ACT0003102,O000505,S020,Call,2023-03-24 17:14:00,37
ACT0003103,O000505,S020,Email,2023-03-22 13:44:00,0
ACT0003104,O000505,S020,Email,2023-03-25 09:43:00,0
ACT0003105,O000506,S010,Email,2025-04-10 13:12:00,0
ACT0003106,O000506,S010,Meeting,2025-04-17 15:50:00,68
ACT0003107,O000506,S010,Call,2025-04-22 17:35:00,37
ACT0003108,O000506,S010,Call,2025-04-19 17:44:00,14
ACT0003109,O000506,S010,Call,2025-04-17 09:24:00,16
ACT0003110,O000506,S010,Email,2025-04-14 14:16:00,0
ACT0003111,O000506,S010,Demo,2025-04-20 17:07:00,47
ACT0003112,O000506,S010,Email,2025-04-18 12:55:00,0
ACT0003113,O000506,S010,Email,2025-04-04 18:44:00,0
ACT0003114,O000506,S010,Call,2025-04-23 10:39:00,38
ACT0003115,O000506,S010,Email,2025-04-08 08:48:00,0
ACT0003116,O000507,S002,Email,2024-11-19 12:58:00,0
ACT0003117,O000507,S002,Email,2024-11-08 11:52:00,0
ACT0003118,O000507,S002,Email,2024-09-07 17:55:00,0
ACT0003119,O000507,S002,Email,2024-10-14 08:14:00,0
ACT0003120,O000508,S040,Email,2024-01-22 11:06:00,0
ACT0003121,O000508,S040,Meeting,2023-12-20 11:13:00,59
ACT0003122,O000508,S040,Email,2024-02-24 14:38:00,0
ACT0003123,O000508,S040,Email,2024-01-29 18:29:00,0
ACT0003124,O000508,S040,Call,2024-03-02 13:21:00,24
ACT0003125,O000508,S040,Email,2024-03-08 13:56:00,0
ACT0003126,O000509,S032,Meeting,2025-03-22 08:39:00,41
ACT0003127,O000509,S032,Email,2025-05-08 16:26:00,0
ACT0003128,O000509,S032,Call,2025-04-05 13:30:00,41
ACT0003129,O000509,S032,Call,2025-03-20 12:10:00,28
ACT0003130,O000509,S032,Call,2025-03-14 16:09:00,32
ACT0003131,O000509,S032,Call,2025-02-23 09:49:00,8
ACT0003132,O000509,S032,Demo,2025-04-17 17:41:00,70
ACT0003133,O000509,S032,Email,2025-04-10 08:08:00,0
ACT0003134,O000509,S032,Meeting,2025-04-18 13:00:00,36
ACT0003135,O000510,S005,Demo,2024-07-11 13:18:00,63
ACT0003136,O000510,S005,Call,2024-08-12 13:59:00,29
ACT0003137,O000510,S005,Call,2024-08-08 12:00:00,5
ACT0003138,O000510,S005,Meeting,2024-08-04 16:29:00,47
ACT0003139,O000511,S008,Call,2023-04-15 13:27:00,29
ACT0003140,O000511,S008,Email,2023-03-31 12:14:00,0
ACT0003141,O000511,S008,Demo,2023-04-25 09:47:00,45
ACT0003142,O000512,S033,Call,2025-05-29 18:29:00,44
ACT0003143,O000512,S033,Call,2025-03-20 10:11:00,31
ACT0003144,O000512,S033,Call,2025-04-20 08:44:00,26
ACT0003145,O000512,S033,Demo,2025-04-10 09:28:00,67
ACT0003146,O000512,S033,Meeting,2025-03-29 15:28:00,38
ACT0003147,O000512,S033,Email,2025-02-16 15:12:00,0
ACT0003148,O000512,S033,Call,2025-05-03 08:57:00,17
ACT0003149,O000513,S003,Call,2023-03-02 12:43:00,36
ACT0003150,O000513,S003,Demo,2023-02-04 08:14:00,107
ACT0003151,O000513,S003,Email,2023-02-07 10:24:00,0
ACT0003152,O000513,S003,Email,2023-03-06 15:23:00,0
ACT0003153,O000513,S003,Email,2023-03-27 12:44:00,0
ACT0003154,O000513,S003,Email,2023-03-03 13:37:00,0
ACT0003155,O000513,S003,Email,2023-02-18 18:16:00,0
ACT0003156,O000513,S003,Email,2023-02-01 09:59:00,0
ACT0003157,O000513,S003,Email,2023-02-05 11:26:00,0
ACT0003158,O000513,S003,Email,2023-03-27 17:57:00,0
ACT0003159,O000513,S003,Email,2023-02-19 18:39:00,0
ACT0003160,O000514,S032,Meeting,2023-09-22 16:40:00,55
ACT0003161,O000514,S032,Meeting,2023-10-06 15:57:00,42
ACT0003162,O000514,S032,Call,2023-09-24 14:07:00,32
ACT0003163,O000514,S032,Call,2023-10-07 17:38:00,27
ACT0003164,O000514,S032,Call,2023-09-29 16:53:00,13
ACT0003165,O000515,S007,Call,2023-09-19 18:44:00,32
ACT0003166,O000515,S007,Call,2023-10-31 14:51:00,11
ACT0003167,O000515,S007,Call,2023-09-17 15:06:00,17
ACT0003168,O000515,S007,Call,2023-10-14 15:16:00,32
ACT0003169,O000515,S007,Email,2023-10-08 15:08:00,0
ACT0003170,O000515,S007,Email,2023-09-28 08:58:00,0
ACT0003171,O000515,S007,Call,2023-10-27 14:52:00,41
ACT0003172,O000516,S028,Email,2023-08-29 14:22:00,0
ACT0003173,O000516,S028,Email,2023-08-31 09:10:00,0
ACT0003174,O000516,S028,Email,2023-09-05 18:36:00,0
ACT0003175,O000516,S028,Demo,2023-10-03 13:42:00,110
ACT0003176,O000516,S028,Call,2023-08-20 13:39:00,30
ACT0003177,O000516,S028,Email,2023-09-21 08:51:00,0
ACT0003178,O000516,S028,Call,2023-09-14 11:41:00,23
ACT0003179,O000516,S028,Email,2023-09-07 13:54:00,0
ACT0003180,O000516,S028,Call,2023-09-16 16:10:00,13
ACT0003181,O000516,S028,Email,2023-09-24 13:33:00,0
ACT0003182,O000516,S028,Email,2023-09-13 09:38:00,0
ACT0003183,O000517,S023,Email,2025-04-19 08:14:00,0
ACT0003184,O000517,S023,Call,2025-05-22 15:52:00,10
ACT0003185,O000517,S023,Email,2025-05-07 10:02:00,0
ACT0003186,O000517,S023,Email,2025-05-30 13:14:00,0
ACT0003187,O000517,S023,Meeting,2025-04-24 10:50:00,32
ACT0003188,O000517,S023,Call,2025-04-10 08:27:00,5
ACT0003189,O000518,S024,Email,2024-05-18 11:18:00,0
ACT0003190,O000518,S024,Call,2024-04-30 18:41:00,22
ACT0003191,O000518,S024,Call,2024-06-26 18:53:00,19
ACT0003192,O000518,S024,Email,2024-05-09 17:51:00,0
ACT0003193,O000519,S005,Demo,2025-02-05 08:56:00,98
ACT0003194,O000519,S005,Email,2024-11-23 11:30:00,0
ACT0003195,O000519,S005,Demo,2025-02-04 12:30:00,74
ACT0003196,O000519,S005,Email,2024-12-22 14:50:00,0
ACT0003197,O000519,S005,Email,2025-02-22 18:12:00,0
ACT0003198,O000519,S005,Meeting,2024-12-26 12:24:00,39
ACT0003199,O000520,S040,Email,2024-09-05 09:25:00,0
ACT0003200,O000520,S040,Call,2024-06-29 14:36:00,12
ACT0003201,O000520,S040,Email,2024-07-24 13:52:00,0
ACT0003202,O000520,S040,Demo,2024-09-11 15:27:00,59
ACT0003203,O000520,S040,Email,2024-09-08 08:16:00,0
ACT0003204,O000520,S040,Call,2024-10-14 15:36:00,42
ACT0003205,O000520,S040,Call,2024-06-24 10:23:00,23
ACT0003206,O000521,S032,Meeting,2024-10-08 15:11:00,31
ACT0003207,O000521,S032,Email,2024-09-27 11:17:00,0
ACT0003208,O000521,S032,Email,2024-10-08 17:39:00,0
ACT0003209,O000521,S032,Call,2024-10-02 15:01:00,21
ACT0003210,O000521,S032,Email,2024-10-12 09:01:00,0
ACT0003211,O000521,S032,Call,2024-10-07 09:13:00,30
ACT0003212,O000521,S032,Call,2024-10-30 10:19:00,10
ACT0003213,O000522,S016,Call,2024-10-30 10:04:00,19
ACT0003214,O000522,S016,Call,2024-10-26 09:13:00,43
ACT0003215,O000522,S016,Call,2024-11-23 08:04:00,27
ACT0003216,O000522,S016,Email,2024-10-16 13:48:00,0
ACT0003217,O000522,S016,Call,2024-10-17 15:10:00,26
ACT0003218,O000522,S016,Email,2024-10-15 17:40:00,0
ACT0003219,O000522,S016,Call,2024-11-13 10:47:00,14
ACT0003220,O000522,S016,Email,2024-10-14 09:48:00,0
ACT0003221,O000523,S040,Call,2024-10-13 13:22:00,39
ACT0003222,O000523,S040,Email,2024-11-04 17:49:00,0
ACT0003223,O000523,S040,Call,2024-10-20 18:33:00,32
ACT0003224,O000523,S040,Call,2024-11-17 14:44:00,15
ACT0003225,O000524,S009,Email,2023-08-16 18:19:00,0
ACT0003226,O000524,S009,Call,2023-09-30 11:14:00,23
ACT0003227,O000524,S009,Call,2023-09-17 15:51:00,33
ACT0003228,O000524,S009,Meeting,2023-08-23 15:04:00,48
ACT0003229,O000524,S009,Meeting,2023-08-31 08:59:00,71
ACT0003230,O000524,S009,Meeting,2023-10-16 15:04:00,46
ACT0003231,O000525,S004,Call,2025-02-17 17:38:00,13
ACT0003232,O000525,S004,Call,2025-03-05 12:13:00,24
ACT0003233,O000525,S004,Call,2025-02-26 17:54:00,41
ACT0003234,O000525,S004,Call,2025-03-19 10:51:00,16
ACT0003235,O000526,S005,Demo,2023-05-10 12:36:00,118
ACT0003236,O000526,S005,Meeting,2023-04-04 13:48:00,41
ACT0003237,O000526,S005,Meeting,2023-03-31 16:30:00,71
ACT0003238,O000526,S005,Call,2023-03-27 15:41:00,17
ACT0003239,O000526,S005,Meeting,2023-03-26 16:09:00,70
ACT0003240,O000526,S005,Call,2023-03-25 14:39:00,32
ACT0003241,O000527,S005,Call,2025-01-31 16:07:00,27
ACT0003242,O000527,S005,Demo,2025-01-15 09:57:00,95
ACT0003243,O000527,S005,Meeting,2025-01-25 15:10:00,38
ACT0003244,O000527,S005,Email,2025-01-11 08:58:00,0
ACT0003245,O000527,S005,Email,2025-01-10 12:47:00,0
ACT0003246,O000527,S005,Email,2025-02-11 15:19:00,0
ACT0003247,O000527,S005,Call,2025-02-12 11:47:00,7
ACT0003248,O000527,S005,Email,2025-01-08 08:04:00,0
ACT0003249,O000527,S005,Call,2025-02-20 10:19:00,15
ACT0003250,O000528,S011,Call,2023-09-23 14:19:00,32
ACT0003251,O000528,S011,Call,2023-09-19 12:47:00,30
ACT0003252,O000528,S011,Email,2023-09-30 12:38:00,0
ACT0003253,O000528,S011,Call,2023-10-16 11:43:00,28
ACT0003254,O000529,S012,Meeting,2025-01-29 08:18:00,44
ACT0003255,O000529,S012,Email,2025-02-22 10:31:00,0
ACT0003256,O000529,S012,Call,2024-12-04 08:05:00,35
ACT0003257,O000529,S012,Call,2025-02-05 11:46:00,21
ACT0003258,O000529,S012,Email,2024-12-29 09:13:00,0
ACT0003259,O000529,S012,Email,2025-01-14 13:18:00,0
ACT0003260,O000529,S012,Call,2025-02-19 10:57:00,31
ACT0003261,O000530,S016,Email,2025-04-18 14:24:00,0
ACT0003262,O000530,S016,Call,2025-05-05 12:36:00,29
ACT0003263,O000530,S016,Email,2025-05-09 13:35:00,0
ACT0003264,O000530,S016,Email,2025-04-19 11:06:00,0
ACT0003265,O000531,S016,Email,2025-06-11 14:58:00,0
ACT0003266,O000531,S016,Call,2025-06-07 16:50:00,14
ACT0003267,O000531,S016,Email,2025-06-11 15:59:00,0
ACT0003268,O000531,S016,Email,2025-06-06 12:42:00,0
ACT0003269,O000531,S016,Meeting,2025-06-04 11:40:00,40
ACT0003270,O000532,S024,Email,2024-08-11 09:30:00,0
ACT0003271,O000532,S024,Call,2024-08-04 13:58:00,31
ACT0003272,O000532,S024,Call,2024-08-16 13:38:00,35
ACT0003273,O000532,S024,Email,2024-06-08 08:10:00,0
ACT0003274,O000532,S024,Email,2024-06-21 13:05:00,0
ACT0003275,O000532,S024,Email,2024-10-25 18:32:00,0
ACT0003276,O000532,S024,Call,2024-09-30 18:33:00,15
ACT0003277,O000533,S018,Call,2023-06-12 11:52:00,37
ACT0003278,O000533,S018,Demo,2023-09-15 18:13:00,86
ACT0003279,O000533,S018,Email,2023-07-08 15:44:00,0
ACT0003280,O000533,S018,Email,2023-09-04 12:07:00,0
ACT0003281,O000534,S033,Call,2025-06-17 14:01:00,24
ACT0003282,O000534,S033,Email,2025-06-21 15:40:00,0
ACT0003283,O000534,S033,Meeting,2025-06-26 13:33:00,48
ACT0003284,O000534,S033,Demo,2025-06-27 16:06:00,62
ACT0003285,O000534,S033,Email,2025-06-30 13:48:00,0
ACT0003286,O000534,S033,Demo,2025-06-28 13:06:00,110
ACT0003287,O000535,S027,Meeting,2025-01-12 15:22:00,86
ACT0003288,O000535,S027,Email,2025-01-20 13:21:00,0
ACT0003289,O000535,S027,Meeting,2025-01-13 15:52:00,70
ACT0003290,O000535,S027,Demo,2024-12-17 18:41:00,119
ACT0003291,O000536,S019,Call,2024-12-18 14:14:00,35
ACT0003292,O000536,S019,Meeting,2024-12-21 08:40:00,77
ACT0003293,O000536,S019,Email,2025-02-04 18:25:00,0
ACT0003294,O000536,S019,Call,2024-12-11 12:39:00,29
ACT0003295,O000536,S019,Email,2025-01-01 14:36:00,0
ACT0003296,O000536,S019,Demo,2024-12-14 15:08:00,93
ACT0003297,O000536,S019,Call,2025-02-27 11:06:00,23
ACT0003298,O000537,S029,Demo,2025-06-11 09:06:00,48
ACT0003299,O000537,S029,Call,2025-06-20 09:11:00,11
ACT0003300,O000537,S029,Meeting,2025-06-08 17:59:00,84
ACT0003301,O000537,S029,Email,2025-06-10 14:00:00,0
ACT0003302,O000537,S029,Email,2025-06-15 08:35:00,0
ACT0003303,O000537,S029,Meeting,2025-06-08 17:42:00,50
ACT0003304,O000537,S029,Meeting,2025-06-12 14:12:00,45
ACT0003305,O000537,S029,Meeting,2025-06-17 16:43:00,37
ACT0003306,O000538,S040,Email,2025-06-28 12:43:00,0
ACT0003307,O000538,S040,Call,2025-06-29 18:33:00,27
ACT0003308,O000539,S027,Demo,2023-02-23 11:43:00,100
ACT0003309,O000539,S027,Demo,2023-02-21 16:47:00,99
ACT0003310,O000539,S027,Call,2023-02-16 13:05:00,9
ACT0003311,O000539,S027,Email,2023-03-05 08:33:00,0
ACT0003312,O000539,S027,Email,2023-03-08 13:38:00,0
ACT0003313,O000540,S021,Call,2025-06-22 14:35:00,28
ACT0003314,O000540,S021,Meeting,2025-05-22 13:16:00,44
ACT0003315,O000540,S021,Demo,2025-05-15 15:20:00,97
ACT0003316,O000540,S021,Email,2025-05-24 14:05:00,0
ACT0003317,O000541,S004,Email,2023-06-02 15:33:00,0
ACT0003318,O000541,S004,Email,2023-04-30 13:40:00,0
ACT0003319,O000541,S004,Email,2023-05-17 12:55:00,0
ACT0003320,O000541,S004,Call,2023-04-17 15:12:00,12
ACT0003321,O000541,S004,Email,2023-06-02 17:39:00,0
ACT0003322,O000541,S004,Email,2023-06-06 15:09:00,0
ACT0003323,O000541,S004,Call,2023-05-06 16:11:00,42
ACT0003324,O000541,S004,Meeting,2023-05-18 14:10:00,41
ACT0003325,O000542,S001,Call,2023-12-05 18:04:00,17
ACT0003326,O000542,S001,Meeting,2023-11-28 08:29:00,43
ACT0003327,O000542,S001,Email,2023-11-24 12:54:00,0
ACT0003328,O000542,S001,Call,2023-11-19 10:44:00,31
ACT0003329,O000542,S001,Email,2023-12-05 14:54:00,0
ACT0003330,O000543,S040,Email,2025-06-12 13:04:00,0
ACT0003331,O000543,S040,Email,2025-06-01 09:19:00,0
ACT0003332,O000543,S040,Demo,2025-06-01 15:13:00,119
ACT0003333,O000543,S040,Meeting,2025-05-30 12:48:00,51
ACT0003334,O000543,S040,Demo,2025-06-07 09:48:00,80
ACT0003335,O000543,S040,Email,2025-05-31 11:05:00,0
ACT0003336,O000543,S040,Email,2025-06-17 13:27:00,0
ACT0003337,O000544,S035,Email,2023-03-09 13:48:00,0
ACT0003338,O000544,S035,Call,2023-03-16 12:33:00,24
ACT0003339,O000544,S035,Email,2023-04-04 17:43:00,0
ACT0003340,O000544,S035,Call,2023-03-28 14:10:00,41
ACT0003341,O000544,S035,Email,2023-03-13 11:33:00,0
ACT0003342,O000545,S002,Email,2023-07-07 14:35:00,0
ACT0003343,O000545,S002,Email,2023-08-12 16:24:00,0
ACT0003344,O000545,S002,Demo,2023-04-20 08:02:00,104
ACT0003345,O000546,S018,Call,2024-11-27 15:27:00,28
ACT0003346,O000546,S018,Email,2023-01-04 16:37:00,0
ACT0003347,O000546,S018,Email,2024-12-16 14:46:00,0
ACT0003348,O000546,S018,Demo,2024-12-05 13:19:00,88
ACT0003349,O000546,S018,Meeting,2024-11-21 13:34:00,66
ACT0003350,O000547,S017,Meeting,2025-06-25 10:23:00,73
ACT0003351,O000547,S017,Email,2025-06-23 12:03:00,0
ACT0003352,O000547,S017,Demo,2025-06-29 17:32:00,81
ACT0003353,O000548,S016,Email,2025-06-27 09:56:00,0
ACT0003354,O000548,S016,Email,2025-06-20 13:09:00,0
ACT0003355,O000548,S016,Meeting,2025-06-23 08:07:00,68
ACT0003356,O000548,S016,Meeting,2025-06-27 13:56:00,65
ACT0003357,O000548,S016,Email,2025-06-30 09:42:00,0
ACT0003358,O000548,S016,Call,2025-06-15 16:59:00,26
ACT0003359,O000548,S016,Email,2025-06-13 18:26:00,0
ACT0003360,O000548,S016,Call,2025-06-30 08:01:00,41
ACT0003361,O000549,S033,Email,2024-02-25 13:35:00,0
ACT0003362,O000549,S033,Call,2024-04-02 13:48:00,28
ACT0003363,O000549,S033,Email,2024-03-07 11:48:00,0
ACT0003364,O000549,S033,Email,2024-03-15 10:15:00,0
ACT0003365,O000549,S033,Call,2024-03-05 11:56:00,33
ACT0003366,O000549,S033,Call,2024-03-13 15:29:00,35
ACT0003367,O000549,S033,Call,2024-03-13 15:28:00,27
ACT0003368,O000549,S033,Email,2024-03-07 16:44:00,0
ACT0003369,O000549,S033,Call,2024-02-28 11:31:00,35
ACT0003370,O000549,S033,Meeting,2024-03-28 12:26:00,49
ACT0003371,O000550,S002,Email,2025-06-22 14:20:00,0
ACT0003372,O000550,S002,Call,2025-06-08 13:49:00,41
ACT0003373,O000550,S002,Email,2025-05-26 10:09:00,0
ACT0003374,O000550,S002,Email,2025-05-18 13:24:00,0
ACT0003375,O000550,S002,Call,2025-06-27 10:50:00,10
ACT0003376,O000550,S002,Email,2025-05-22 10:44:00,0
ACT0003377,O000550,S002,Email,2025-06-10 16:52:00,0
ACT0003378,O000550,S002,Demo,2025-06-17 09:22:00,87
ACT0003379,O000551,S028,Meeting,2023-10-09 11:27:00,57
ACT0003380,O000551,S028,Meeting,2023-09-28 14:19:00,47
ACT0003381,O000551,S028,Email,2023-09-14 14:16:00,0
ACT0003382,O000551,S028,Meeting,2023-09-20 10:01:00,72
ACT0003383,O000551,S028,Email,2023-09-26 17:44:00,0
ACT0003384,O000551,S028,Demo,2023-09-20 14:45:00,86
ACT0003385,O000551,S028,Call,2023-09-21 15:53:00,14
ACT0003386,O000552,S038,Email,2023-09-13 13:12:00,0
ACT0003387,O000552,S038,Meeting,2023-10-04 10:48:00,73
ACT0003388,O000552,S038,Call,2023-08-18 14:46:00,13
ACT0003389,O000552,S038,Call,2023-08-22 14:19:00,24
ACT0003390,O000552,S038,Email,2023-08-21 13:23:00,0
ACT0003391,O000553,S027,Email,2023-02-20 17:36:00,0
ACT0003392,O000553,S027,Email,2023-03-18 12:09:00,0
ACT0003393,O000553,S027,Call,2023-03-20 13:36:00,9
ACT0003394,O000553,S027,Email,2023-03-09 14:47:00,0
ACT0003395,O000553,S027,Call,2023-03-20 13:56:00,26
ACT0003396,O000553,S027,Call,2023-02-23 13:09:00,12
ACT0003397,O000554,S031,Call,2025-06-17 13:21:00,14
ACT0003398,O000554,S031,Call,2025-06-03 11:47:00,35
ACT0003399,O000554,S031,Call,2025-06-29 16:38:00,22
ACT0003400,O000554,S031,Email,2025-05-29 12:45:00,0
ACT0003401,O000555,S039,Email,2023-05-18 12:55:00,0
ACT0003402,O000555,S039,Call,2023-05-18 08:50:00,42
ACT0003403,O000555,S039,Meeting,2023-05-10 09:45:00,81
ACT0003404,O000555,S039,Meeting,2023-05-30 09:15:00,85
ACT0003405,O000555,S039,Demo,2023-05-14 18:14:00,71
ACT0003406,O000555,S039,Call,2023-06-13 12:38:00,13
ACT0003407,O000555,S039,Email,2023-05-20 11:34:00,0
ACT0003408,O000556,S020,Call,2024-06-20 15:13:00,23
ACT0003409,O000556,S020,Call,2024-06-18 08:15:00,21
ACT0003410,O000556,S020,Call,2024-06-21 14:28:00,38
ACT0003411,O000556,S020,Demo,2024-06-28 11:56:00,85
ACT0003412,O000556,S020,Call,2024-06-26 13:08:00,31
ACT0003413,O000556,S020,Email,2024-06-30 13:22:00,0
ACT0003414,O000556,S020,Meeting,2024-06-26 18:43:00,35
ACT0003415,O000557,S005,Call,2023-11-16 08:02:00,14
ACT0003416,O000557,S005,Call,2023-10-13 18:24:00,10
ACT0003417,O000557,S005,Email,2023-11-27 16:29:00,0
ACT0003418,O000557,S005,Call,2023-12-06 08:30:00,11
ACT0003419,O000557,S005,Call,2023-10-15 16:55:00,27
ACT0003420,O000558,S036,Demo,2025-02-28 15:55:00,90
ACT0003421,O000558,S036,Meeting,2025-04-26 18:23:00,57
ACT0003422,O000558,S036,Email,2025-02-17 10:13:00,0
ACT0003423,O000559,S027,Email,2025-06-26 08:47:00,0
ACT0003424,O000559,S027,Email,2025-06-30 17:56:00,0
ACT0003425,O000559,S027,Email,2025-06-30 11:28:00,0
ACT0003426,O000559,S027,Meeting,2025-06-30 08:03:00,79
ACT0003427,O000559,S027,Email,2025-06-27 16:46:00,0
ACT0003428,O000560,S029,Email,2024-08-23 13:07:00,0
ACT0003429,O000560,S029,Email,2024-08-26 14:25:00,0
ACT0003430,O000561,S027,Call,2025-06-27 12:07:00,16
ACT0003431,O000562,S008,Call,2024-06-26 17:57:00,10
ACT0003432,O000562,S008,Call,2024-06-26 08:46:00,20
ACT0003433,O000562,S008,Call,2024-07-13 15:40:00,6
ACT0003434,O000562,S008,Demo,2024-07-13 11:30:00,86
ACT0003435,O000562,S008,Call,2024-07-07 08:30:00,7
ACT0003436,O000562,S008,Call,2024-07-01 13:20:00,7
ACT0003437,O000562,S008,Call,2024-07-08 08:37:00,15
ACT0003438,O000563,S023,Demo,2025-03-25 10:43:00,96
ACT0003439,O000563,S023,Email,2025-03-09 14:48:00,0
ACT0003440,O000563,S023,Meeting,2025-04-03 16:29:00,69
ACT0003441,O000563,S023,Email,2025-04-24 12:15:00,0
ACT0003442,O000564,S002,Email,2024-05-14 14:36:00,0
ACT0003443,O000564,S002,Email,2024-05-20 17:07:00,0
ACT0003444,O000564,S002,Email,2024-06-11 18:13:00,0
ACT0003445,O000564,S002,Call,2024-05-18 16:53:00,35
ACT0003446,O000564,S002,Call,2024-06-14 16:47:00,44
ACT0003447,O000564,S002,Email,2024-06-23 10:11:00,0
ACT0003448,O000564,S002,Call,2024-06-21 09:19:00,31
ACT0003449,O000564,S002,Demo,2024-05-20 18:51:00,113
ACT0003450,O000565,S017,Call,2023-07-26 18:27:00,40
ACT0003451,O000565,S017,Demo,2023-07-30 13:17:00,108
ACT0003452,O000565,S017,Email,2023-08-09 15:17:00,0
ACT0003453,O000565,S017,Email,2023-07-25 11:07:00,0
ACT0003454,O000565,S017,Email,2023-08-15 15:56:00,0
ACT0003455,O000565,S017,Meeting,2023-08-15 14:43:00,78
ACT0003456,O000565,S017,Call,2023-08-04 16:58:00,8
ACT0003457,O000565,S017,Call,2023-07-24 18:04:00,15
ACT0003458,O000565,S017,Email,2023-07-24 13:36:00,0
ACT0003459,O000565,S017,Email,2023-08-16 16:48:00,0
ACT0003460,O000565,S017,Email,2023-07-21 14:51:00,0
ACT0003461,O000565,S017,Email,2023-08-15 09:58:00,0
ACT0003462,O000566,S032,Email,2023-08-21 12:43:00,0
ACT0003463,O000566,S032,Email,2023-09-06 10:39:00,0
ACT0003464,O000566,S032,Meeting,2023-09-10 16:38:00,73
ACT0003465,O000566,S032,Email,2023-09-08 09:44:00,0
ACT0003466,O000566,S032,Call,2023-09-09 15:14:00,15
ACT0003467,O000566,S032,Email,2023-09-12 12:44:00,0
ACT0003468,O000566,S032,Meeting,2023-08-24 16:46:00,50
ACT0003469,O000566,S032,Email,2023-08-25 17:39:00,0
ACT0003470,O000566,S032,Email,2023-09-08 13:44:00,0
ACT0003471,O000566,S032,Email,2023-09-14 11:50:00,0
ACT0003472,O000567,S037,Call,2023-02-12 12:51:00,31
ACT0003473,O000567,S037,Call,2023-02-19 14:07:00,39
ACT0003474,O000567,S037,Call,2023-03-04 17:09:00,20
ACT0003475,O000567,S037,Call,2023-02-02 18:51:00,18
ACT0003476,O000567,S037,Meeting,2023-03-12 15:10:00,54
ACT0003477,O000567,S037,Email,2023-03-08 08:57:00,0
ACT0003478,O000567,S037,Call,2023-02-20 10:54:00,14
ACT0003479,O000568,S019,Email,2023-06-01 11:16:00,0
ACT0003480,O000568,S019,Email,2023-05-31 09:58:00,0
ACT0003481,O000568,S019,Email,2023-06-19 10:06:00,0
ACT0003482,O000568,S019,Call,2023-05-11 09:54:00,27
ACT0003483,O000568,S019,Email,2023-04-24 18:46:00,0
ACT0003484,O000569,S022,Meeting,2023-05-17 11:34:00,53
ACT0003485,O000569,S022,Email,2023-05-11 10:50:00,0
ACT0003486,O000569,S022,Call,2023-03-26 13:33:00,11
ACT0003487,O000569,S022,Email,2023-06-02 11:47:00,0
ACT0003488,O000569,S022,Email,2023-04-29 15:27:00,0
ACT0003489,O000569,S022,Meeting,2023-04-07 10:50:00,33
ACT0003490,O000570,S029,Email,2024-09-15 13:59:00,0
ACT0003491,O000570,S029,Demo,2024-09-16 09:12:00,106
ACT0003492,O000570,S029,Email,2024-09-17 14:35:00,0
ACT0003493,O000570,S029,Email,2024-08-30 13:39:00,0
ACT0003494,O000570,S029,Email,2024-09-17 14:16:00,0
ACT0003495,O000570,S029,Email,2024-09-17 13:30:00,0
ACT0003496,O000570,S029,Call,2024-09-12 08:40:00,42
ACT0003497,O000571,S010,Email,2025-04-15 14:33:00,0
ACT0003498,O000571,S010,Email,2025-04-14 10:43:00,0
ACT0003499,O000571,S010,Email,2025-05-04 12:55:00,0
ACT0003500,O000571,S010,Email,2025-04-20 14:16:00,0
ACT0003501,O000571,S010,Call,2025-05-07 13:16:00,7
ACT0003502,O000571,S010,Email,2025-05-07 13:11:00,0
ACT0003503,O000571,S010,Call,2025-04-28 10:46:00,21
ACT0003504,O000571,S010,Email,2025-05-08 17:52:00,0
ACT0003505,O000571,S010,Meeting,2025-04-14 14:46:00,57
ACT0003506,O000571,S010,Meeting,2025-04-30 17:40:00,67
ACT0003507,O000571,S010,Email,2025-05-16 12:02:00,0
ACT0003508,O000572,S009,Meeting,2025-04-26 08:17:00,70
ACT0003509,O000572,S009,Call,2025-03-14 16:59:00,5
ACT0003510,O000572,S009,Demo,2025-03-31 09:10:00,59
ACT0003511,O000572,S009,Call,2025-03-08 15:33:00,5
ACT0003512,O000573,S006,Email,2023-09-28 13:23:00,0
ACT0003513,O000573,S006,Call,2023-10-11 10:17:00,9
ACT0003514,O000573,S006,Call,2023-08-22 08:38:00,34
ACT0003515,O000573,S006,Email,2023-08-06 15:20:00,0
ACT0003516,O000573,S006,Meeting,2023-09-11 08:29:00,76
ACT0003517,O000573,S006,Email,2023-09-25 18:19:00,0
ACT0003518,O000573,S006,Call,2023-08-18 17:31:00,39
ACT0003519,O000574,S025,Email,2024-12-13 18:06:00,0
ACT0003520,O000574,S025,Call,2024-09-14 16:15:00,22
ACT0003521,O000575,S002,Call,2024-07-07 14:12:00,38
ACT0003522,O000575,S002,Demo,2024-06-13 16:17:00,105
ACT0003523,O000575,S002,Call,2024-06-14 13:39:00,41
ACT0003524,O000575,S002,Email,2024-05-29 14:04:00,0
ACT0003525,O000575,S002,Email,2024-07-11 18:38:00,0
ACT0003526,O000575,S002,Call,2024-06-12 17:53:00,40
ACT0003527,O000575,S002,Email,2024-05-17 18:12:00,0
ACT0003528,O000575,S002,Meeting,2024-05-25 15:44:00,43
ACT0003529,O000575,S002,Email,2024-06-14 18:02:00,0
ACT0003530,O000576,S032,Meeting,2025-05-16 16:47:00,39
ACT0003531,O000576,S032,Call,2025-06-04 17:34:00,19
ACT0003532,O000576,S032,Call,2025-05-25 18:37:00,33
ACT0003533,O000576,S032,Demo,2025-06-28 10:19:00,79
ACT0003534,O000576,S032,Email,2025-06-13 13:34:00,0
ACT0003535,O000576,S032,Email,2025-06-13 09:36:00,0
ACT0003536,O000577,S033,Call,2024-10-18 11:49:00,30
ACT0003537,O000577,S033,Email,2024-10-15 17:29:00,0
ACT0003538,O000577,S033,Call,2024-09-21 08:27:00,23
ACT0003539,O000577,S033,Email,2024-10-25 12:04:00,0
ACT0003540,O000577,S033,Call,2024-09-24 08:54:00,9
ACT0003541,O000578,S021,Call,2025-03-18 11:18:00,20
ACT0003542,O000578,S021,Demo,2025-02-24 10:15:00,49
ACT0003543,O000578,S021,Call,2025-04-01 13:29:00,10
ACT0003544,O000578,S021,Email,2025-02-28 16:34:00,0
ACT0003545,O000578,S021,Meeting,2025-03-11 10:11:00,34
ACT0003546,O000578,S021,Call,2025-03-08 15:25:00,43
ACT0003547,O000578,S021,Call,2025-03-26 18:11:00,41
ACT0003548,O000579,S037,Call,2023-05-04 10:43:00,9
ACT0003549,O000579,S037,Email,2023-05-02 11:02:00,0
ACT0003550,O000579,S037,Demo,2023-04-25 08:47:00,103
ACT0003551,O000579,S037,Email,2023-04-29 11:28:00,0
ACT0003552,O000579,S037,Demo,2023-05-01 14:10:00,68
ACT0003553,O000580,S040,Call,2024-07-30 17:10:00,18
ACT0003554,O000581,S025,Email,2023-12-19 08:42:00,0
ACT0003555,O000581,S025,Call,2023-12-19 12:49:00,26
ACT0003556,O000581,S025,Call,2023-12-02 08:57:00,15
ACT0003557,O000581,S025,Email,2023-12-17 17:07:00,0
ACT0003558,O000581,S025,Call,2023-12-15 11:31:00,27
ACT0003559,O000581,S025,Call,2023-12-14 13:35:00,14
ACT0003560,O000581,S025,Call,2023-12-18 18:21:00,20
ACT0003561,O000581,S025,Call,2023-12-18 09:18:00,31
ACT0003562,O000581,S025,Email,2023-12-11 09:21:00,0
ACT0003563,O000582,S016,Email,2025-03-26 09:55:00,0
ACT0003564,O000582,S016,Call,2025-03-12 18:15:00,37
ACT0003565,O000582,S016,Email,2025-03-13 18:02:00,0
ACT0003566,O000582,S016,Email,2025-03-05 17:24:00,0
ACT0003567,O000582,S016,Meeting,2025-03-19 14:44:00,61
ACT0003568,O000582,S016,Email,2025-03-09 09:06:00,0
ACT0003569,O000582,S016,Email,2025-03-21 10:28:00,0
ACT0003570,O000582,S016,Email,2025-03-12 15:55:00,0
ACT0003571,O000583,S025,Email,2023-10-06 13:41:00,0
ACT0003572,O000583,S025,Call,2023-11-24 14:01:00,30
ACT0003573,O000583,S025,Email,2023-10-17 15:25:00,0
ACT0003574,O000584,S038,Email,2025-02-06 11:07:00,0
ACT0003575,O000584,S038,Email,2025-02-09 15:30:00,0
ACT0003576,O000584,S038,Meeting,2025-02-16 08:34:00,87
ACT0003577,O000584,S038,Email,2025-02-13 16:59:00,0
ACT0003578,O000584,S038,Call,2025-02-17 14:51:00,20
ACT0003579,O000585,S032,Call,2025-04-13 14:27:00,14
ACT0003580,O000585,S032,Call,2025-04-14 11:00:00,20
ACT0003581,O000585,S032,Email,2025-04-08 09:14:00,0
ACT0003582,O000585,S032,Email,2025-04-12 09:51:00,0
ACT0003583,O000585,S032,Call,2025-04-08 17:47:00,7
ACT0003584,O000585,S032,Email,2025-04-05 11:16:00,0
ACT0003585,O000585,S032,Meeting,2025-04-11 08:35:00,63
ACT0003586,O000586,S025,Email,2025-06-11 18:36:00,0
ACT0003587,O000586,S025,Demo,2025-05-23 15:08:00,53
ACT0003588,O000586,S025,Call,2025-05-03 16:23:00,44
ACT0003589,O000586,S025,Meeting,2025-05-19 08:11:00,63
ACT0003590,O000586,S025,Call,2025-05-21 08:52:00,5
ACT0003591,O000586,S025,Email,2025-06-07 13:09:00,0
ACT0003592,O000586,S025,Call,2025-04-30 15:50:00,10
ACT0003593,O000586,S025,Call,2025-05-17 10:52:00,12
ACT0003594,O000586,S025,Call,2025-05-30 18:33:00,5
ACT0003595,O000587,S023,Email,2022-07-30 15:56:00,0
ACT0003596,O000587,S023,Meeting,2024-08-25 12:26:00,42
ACT0003597,O000587,S023,Call,2024-08-29 18:22:00,33
ACT0003598,O000587,S023,Demo,2024-08-13 16:14:00,79
ACT0003599,O000588,S013,Call,2023-12-15 15:16:00,31
ACT0003600,O000588,S013,Call,2023-12-16 13:37:00,38
ACT0003601,O000588,S013,Demo,2023-12-08 18:33:00,117
ACT0003602,O000588,S013,Email,2023-12-07 13:12:00,0
ACT0003603,O000588,S013,Meeting,2023-12-15 18:56:00,63
ACT0003604,O000588,S013,Call,2023-12-21 10:53:00,13
ACT0003605,O000589,S010,Email,2023-12-04 09:46:00,0
ACT0003606,O000589,S010,Email,2023-11-23 09:48:00,0
ACT0003607,O000589,S010,Call,2023-10-31 14:21:00,8
ACT0003608,O000589,S010,Email,2023-11-10 11:54:00,0
ACT0003609,O000589,S010,Call,2023-12-01 12:11:00,20
ACT0003610,O000589,S010,Email,2023-11-26 11:48:00,0
ACT0003611,O000590,S023,Call,2025-01-03 08:18:00,28
ACT0003612,O000590,S023,Email,2025-01-12 16:54:00,0
ACT0003613,O000590,S023,Email,2025-01-17 16:23:00,0
ACT0003614,O000590,S023,Meeting,2024-12-25 08:48:00,73
ACT0003615,O000590,S023,Email,2024-12-23 18:58:00,0
ACT0003616,O000591,S034,Meeting,2025-06-30 14:00:00,70
ACT0003617,O000591,S034,Meeting,2025-06-23 15:42:00,82
ACT0003618,O000591,S034,Email,2025-06-27 11:46:00,0
ACT0003619,O000592,S017,Meeting,2023-11-12 08:31:00,43
ACT0003620,O000592,S017,Email,2023-11-15 11:57:00,0
ACT0003621,O000592,S017,Call,2023-11-01 12:59:00,42
ACT0003622,O000593,S040,Call,2025-05-29 12:20:00,41
ACT0003623,O000593,S040,Email,2025-06-13 16:40:00,0
ACT0003624,O000593,S040,Meeting,2025-06-27 10:48:00,87
ACT0003625,O000593,S040,Demo,2025-04-27 18:58:00,80
ACT0003626,O000593,S040,Email,2025-05-01 08:03:00,0
ACT0003627,O000594,S026,Email,2024-12-10 16:19:00,0
ACT0003628,O000594,S026,Email,2024-12-08 11:36:00,0
ACT0003629,O000594,S026,Call,2024-12-05 18:26:00,44
ACT0003630,O000594,S026,Call,2024-12-10 11:04:00,20
ACT0003631,O000594,S026,Email,2024-12-08 18:07:00,0
ACT0003632,O000594,S026,Demo,2024-12-07 17:28:00,74
ACT0003633,O000594,S026,Email,2024-12-08 15:01:00,0
ACT0003634,O000594,S026,Demo,2024-12-08 08:40:00,48
ACT0003635,O000595,S027,Email,2024-11-25 16:45:00,0
ACT0003636,O000595,S027,Email,2024-10-31 13:01:00,0
ACT0003637,O000595,S027,Email,2024-10-08 14:39:00,0
ACT0003638,O000595,S027,Meeting,2024-11-12 11:57:00,34
ACT0003639,O000596,S009,Email,2023-07-29 11:44:00,0
ACT0003640,O000596,S009,Email,2023-07-29 10:47:00,0
ACT0003641,O000596,S009,Demo,2023-07-18 18:58:00,86
ACT0003642,O000596,S009,Email,2023-07-16 16:43:00,0
ACT0003643,O000596,S009,Call,2023-07-30 15:47:00,15
ACT0003644,O000597,S034,Email,2023-06-14 08:48:00,0
ACT0003645,O000597,S034,Meeting,2023-07-14 10:37:00,59
ACT0003646,O000597,S034,Email,2023-05-28 11:12:00,0
ACT0003647,O000597,S034,Email,2023-07-19 13:13:00,0
ACT0003648,O000597,S034,Call,2023-07-07 08:43:00,11
ACT0003649,O000598,S012,Demo,2025-06-08 13:55:00,108
ACT0003650,O000598,S012,Demo,2025-06-20 09:58:00,84
ACT0003651,O000598,S012,Email,2025-05-24 18:59:00,0
ACT0003652,O000598,S012,Email,2025-05-07 12:24:00,0
ACT0003653,O000598,S012,Email,2025-05-12 08:37:00,0
ACT0003654,O000599,S019,Call,2025-02-03 14:35:00,26
ACT0003655,O000599,S019,Email,2025-03-06 13:07:00,0
ACT0003656,O000599,S019,Call,2025-03-07 08:51:00,28
ACT0003657,O000600,S022,Meeting,2024-03-03 10:04:00,58
ACT0003658,O000600,S022,Email,2024-03-18 15:57:00,0
ACT0003659,O000600,S022,Email,2024-02-10 15:54:00,0
ACT0003660,O000600,S022,Email,2024-02-04 18:22:00,0
ACT0003661,O000600,S022,Demo,2024-01-10 16:38:00,90
ACT0003662,O000601,S002,Email,2025-04-17 16:37:00,0
ACT0003663,O000601,S002,Call,2025-03-30 14:02:00,30
ACT0003664,O000601,S002,Email,2025-03-26 18:44:00,0
ACT0003665,O000601,S002,Email,2025-03-23 10:16:00,0
ACT0003666,O000601,S002,Email,2025-03-19 18:32:00,0
ACT0003667,O000601,S002,Demo,2025-03-20 14:30:00,60
ACT0003668,O000601,S002,Call,2025-03-21 09:34:00,17
ACT0003669,O000601,S002,Call,2025-04-15 08:57:00,34
ACT0003670,O000601,S002,Email,2025-03-13 15:27:00,0
ACT0003671,O000602,S030,Email,2024-11-28 17:46:00,0
ACT0003672,O000602,S030,Meeting,2024-11-26 18:16:00,89
ACT0003673,O000602,S030,Email,2024-12-09 13:30:00,0
ACT0003674,O000603,S028,Call,2025-06-16 14:09:00,7
ACT0003675,O000603,S028,Call,2025-06-21 08:20:00,39
ACT0003676,O000603,S028,Email,2025-06-20 16:09:00,0
ACT0003677,O000603,S028,Call,2025-06-18 18:56:00,13
ACT0003678,O000603,S028,Email,2025-06-21 13:07:00,0
ACT0003679,O000603,S028,Call,2025-06-20 15:26:00,15
ACT0003680,O000603,S028,Email,2025-06-19 10:31:00,0
ACT0003681,O000604,S003,Email,2024-04-20 16:47:00,0
ACT0003682,O000604,S003,Call,2024-02-18 08:16:00,13
ACT0003683,O000604,S003,Demo,2024-03-25 16:12:00,96
ACT0003684,O000604,S003,Call,2024-03-15 09:09:00,12
ACT0003685,O000604,S003,Email,2024-04-18 10:22:00,0
ACT0003686,O000604,S003,Email,2024-03-27 13:11:00,0
ACT0003687,O000604,S003,Call,2024-03-29 11:09:00,23
ACT0003688,O000605,S023,Call,2024-09-05 16:04:00,20
ACT0003689,O000605,S023,Demo,2024-08-25 17:53:00,96
ACT0003690,O000605,S023,Email,2024-08-03 18:09:00,0
ACT0003691,O000605,S023,Email,2024-08-08 08:11:00,0
ACT0003692,O000605,S023,Meeting,2024-08-18 09:17:00,57
ACT0003693,O000605,S023,Call,2024-08-23 08:24:00,31
ACT0003694,O000606,S022,Email,2025-06-02 09:55:00,0
ACT0003695,O000606,S022,Demo,2025-06-23 10:05:00,108
ACT0003696,O000606,S022,Email,2025-06-14 10:32:00,0
ACT0003697,O000607,S002,Email,2025-05-22 17:10:00,0
ACT0003698,O000607,S002,Meeting,2025-06-28 12:55:00,53
ACT0003699,O000607,S002,Call,2025-06-17 09:17:00,23
ACT0003700,O000607,S002,Email,2025-06-04 15:30:00,0
ACT0003701,O000607,S002,Demo,2025-05-18 09:25:00,101
ACT0003702,O000607,S002,Meeting,2025-05-21 17:29:00,86
ACT0003703,O000607,S002,Call,2025-06-25 12:57:00,26
ACT0003704,O000607,S002,Email,2025-05-12 14:09:00,0
ACT0003705,O000608,S032,Call,2023-06-13 10:51:00,27
ACT0003706,O000608,S032,Email,2023-06-02 16:24:00,0
ACT0003707,O000608,S032,Email,2023-05-28 11:36:00,0
ACT0003708,O000608,S032,Meeting,2023-06-11 11:49:00,58
ACT0003709,O000608,S032,Demo,2023-06-13 08:35:00,72
ACT0003710,O000608,S032,Email,2023-06-03 12:45:00,0
ACT0003711,O000608,S032,Call,2023-06-09 17:39:00,38
ACT0003712,O000608,S032,Call,2023-06-18 12:01:00,31
ACT0003713,O000608,S032,Call,2023-06-19 14:45:00,5
ACT0003714,O000609,S012,Email,2025-06-04 08:43:00,0
ACT0003715,O000609,S012,Email,2025-06-02 11:34:00,0
ACT0003716,O000609,S012,Email,2025-06-10 08:36:00,0
ACT0003717,O000609,S012,Email,2025-06-14 16:59:00,0
ACT0003718,O000609,S012,Meeting,2025-05-29 11:56:00,34
ACT0003719,O000610,S038,Email,2023-08-06 08:45:00,0
ACT0003720,O000610,S038,Email,2023-07-25 17:46:00,0
ACT0003721,O000610,S038,Email,2023-06-11 08:09:00,0
ACT0003722,O000610,S038,Email,2023-07-07 14:13:00,0
ACT0003723,O000610,S038,Meeting,2023-07-03 15:07:00,48
ACT0003724,O000610,S038,Demo,2023-07-12 12:28:00,104
ACT0003725,O000610,S038,Meeting,2023-06-19 12:05:00,72
ACT0003726,O000610,S038,Call,2023-06-06 16:27:00,18
ACT0003727,O000611,S020,Email,2025-06-12 08:40:00,0
ACT0003728,O000611,S020,Meeting,2025-05-04 15:43:00,55
ACT0003729,O000611,S020,Call,2025-05-08 08:44:00,15
ACT0003730,O000611,S020,Demo,2025-04-15 08:20:00,60
ACT0003731,O000611,S020,Email,2025-04-30 13:38:00,0
ACT0003732,O000611,S020,Email,2025-06-21 16:30:00,0
ACT0003733,O000612,S037,Meeting,2023-07-13 14:28:00,62
ACT0003734,O000612,S037,Call,2023-07-12 18:35:00,28
ACT0003735,O000612,S037,Demo,2023-07-16 13:17:00,63
ACT0003736,O000612,S037,Email,2023-07-09 16:22:00,0
ACT0003737,O000612,S037,Email,2023-06-10 08:26:00,0
ACT0003738,O000612,S037,Call,2023-06-14 15:57:00,27
ACT0003739,O000612,S037,Meeting,2023-06-06 17:35:00,68
ACT0003740,O000612,S037,Call,2023-06-16 15:01:00,35
ACT0003741,O000612,S037,Email,2023-05-30 16:49:00,0
ACT0003742,O000612,S037,Demo,2023-07-02 09:05:00,51
ACT0003743,O000612,S037,Demo,2023-07-21 09:37:00,51
ACT0003744,O000613,S013,Email,2024-05-31 11:48:00,0
ACT0003745,O000613,S013,Call,2024-05-27 16:26:00,36
ACT0003746,O000613,S013,Email,2024-06-12 16:28:00,0
ACT0003747,O000613,S013,Email,2024-06-16 14:42:00,0
ACT0003748,O000613,S013,Email,2024-05-27 18:03:00,0
ACT0003749,O000613,S013,Email,2024-05-04 10:00:00,0
ACT0003750,O000613,S013,Meeting,2024-04-29 09:43:00,64
ACT0003751,O000613,S013,Email,2024-06-16 16:54:00,0
ACT0003752,O000613,S013,Meeting,2024-05-15 18:15:00,36
ACT0003753,O000613,S013,Call,2024-06-16 09:54:00,44
ACT0003754,O000614,S016,Email,2024-08-27 17:16:00,0
ACT0003755,O000614,S016,Demo,2024-09-01 15:36:00,75
ACT0003756,O000614,S016,Call,2024-08-29 10:21:00,35
ACT0003757,O000614,S016,Call,2024-08-07 09:05:00,35
ACT0003758,O000614,S016,Email,2024-08-27 09:07:00,0
ACT0003759,O000614,S016,Meeting,2024-08-17 17:32:00,86
ACT0003760,O000614,S016,Meeting,2024-09-04 17:50:00,89
ACT0003761,O000615,S008,Email,2024-06-28 10:56:00,0
ACT0003762,O000615,S008,Meeting,2024-07-31 11:55:00,53
ACT0003763,O000615,S008,Email,2024-07-28 10:16:00,0
ACT0003764,O000615,S008,Call,2024-06-22 17:28:00,42
ACT0003765,O000615,S008,Call,2024-07-25 15:46:00,42
ACT0003766,O000615,S008,Call,2024-06-29 17:06:00,27
ACT0003767,O000616,S006,Email,2025-03-13 09:00:00,0
ACT0003768,O000616,S006,Email,2025-04-06 13:23:00,0
ACT0003769,O000616,S006,Email,2025-03-27 16:21:00,0
ACT0003770,O000616,S006,Call,2025-03-26 12:15:00,19
ACT0003771,O000616,S006,Email,2025-03-19 12:29:00,0
ACT0003772,O000616,S006,Meeting,2025-02-27 16:26:00,52
ACT0003773,O000617,S001,Email,2024-04-19 12:24:00,0
ACT0003774,O000617,S001,Email,2024-04-14 17:00:00,0
ACT0003775,O000617,S001,Call,2024-05-09 14:25:00,17
ACT0003776,O000617,S001,Email,2024-05-03 17:10:00,0
ACT0003777,O000617,S001,Email,2024-04-19 13:25:00,0
ACT0003778,O000617,S001,Call,2024-04-29 08:37:00,26
ACT0003779,O000617,S001,Demo,2024-05-25 16:54:00,83
ACT0003780,O000617,S001,Email,2024-05-14 12:20:00,0
ACT0003781,O000618,S021,Email,2023-10-15 13:07:00,0
ACT0003782,O000618,S021,Email,2023-12-19 17:42:00,0
ACT0003783,O000618,S021,Demo,2024-01-17 14:20:00,61
ACT0003784,O000618,S021,Call,2023-08-26 18:20:00,42
ACT0003785,O000618,S021,Demo,2023-11-19 16:00:00,61
ACT0003786,O000618,S021,Email,2023-10-08 09:12:00,0
ACT0003787,O000618,S021,Email,2024-02-24 17:36:00,0
ACT0003788,O000618,S021,Email,2023-10-23 15:46:00,0
ACT0003789,O000618,S021,Call,2024-01-29 15:36:00,44
ACT0003790,O000618,S021,Email,2023-09-25 18:58:00,0
ACT0003791,O000619,S012,Email,2023-07-21 11:18:00,0
ACT0003792,O000619,S012,Email,2023-07-17 13:44:00,0
ACT0003793,O000619,S012,Email,2023-07-09 10:31:00,0
ACT0003794,O000619,S012,Meeting,2023-07-12 17:09:00,67
ACT0003795,O000619,S012,Email,2023-07-22 09:44:00,0
ACT0003796,O000620,S004,Meeting,2025-05-13 16:16:00,47
ACT0003797,O000620,S004,Call,2025-05-12 10:28:00,42
ACT0003798,O000620,S004,Email,2025-05-31 13:31:00,0
ACT0003799,O000620,S004,Meeting,2025-05-25 10:41:00,40
ACT0003800,O000620,S004,Demo,2025-05-07 15:53:00,49
ACT0003801,O000620,S004,Email,2025-05-29 08:47:00,0
ACT0003802,O000621,S035,Call,2025-06-14 18:04:00,44
ACT0003803,O000621,S035,Call,2025-06-30 10:48:00,25
ACT0003804,O000621,S035,Email,2025-06-15 08:36:00,0
ACT0003805,O000621,S035,Call,2025-06-20 14:00:00,11
ACT0003806,O000622,S001,Email,2023-09-27 10:34:00,0
ACT0003807,O000622,S001,Email,2023-08-27 12:47:00,0
ACT0003808,O000622,S001,Meeting,2023-10-16 10:55:00,69
ACT0003809,O000622,S001,Call,2023-08-19 15:37:00,32
ACT0003810,O000623,S009,Email,2023-04-15 09:48:00,0
ACT0003811,O000623,S009,Meeting,2023-04-22 10:37:00,88
ACT0003812,O000623,S009,Call,2023-04-01 11:10:00,33
ACT0003813,O000623,S009,Meeting,2023-03-30 18:17:00,72
ACT0003814,O000623,S009,Call,2023-04-12 14:19:00,6
ACT0003815,O000623,S009,Email,2023-04-19 18:04:00,0
ACT0003816,O000624,S008,Call,2024-05-08 18:03:00,44
ACT0003817,O000624,S008,Call,2024-04-15 14:39:00,41
ACT0003818,O000624,S008,Email,2024-03-05 12:00:00,0
ACT0003819,O000624,S008,Meeting,2024-03-05 16:01:00,47
ACT0003820,O000624,S008,Meeting,2024-04-03 09:48:00,70
ACT0003821,O000624,S008,Email,2024-04-21 13:23:00,0
ACT0003822,O000625,S015,Email,2023-03-19 15:52:00,0
ACT0003823,O000625,S015,Email,2023-05-18 14:11:00,0
ACT0003824,O000625,S015,Call,2023-05-21 11:54:00,42
ACT0003825,O000625,S015,Email,2023-04-21 18:35:00,0
ACT0003826,O000625,S015,Meeting,2023-04-20 08:20:00,81
ACT0003827,O000625,S015,Call,2023-04-15 15:56:00,24
ACT0003828,O000626,S016,Meeting,2025-02-11 12:15:00,59
ACT0003829,O000626,S016,Meeting,2025-02-04 08:10:00,33
ACT0003830,O000626,S016,Meeting,2025-02-01 18:35:00,84
ACT0003831,O000626,S016,Call,2025-02-07 18:33:00,30
ACT0003832,O000626,S016,Email,2025-02-11 16:26:00,0
ACT0003833,O000626,S016,Call,2025-02-21 11:30:00,26
ACT0003834,O000626,S016,Demo,2025-02-12 16:32:00,114
ACT0003835,O000626,S016,Meeting,2025-02-08 10:44:00,47
ACT0003836,O000627,S014,Call,2025-03-26 09:01:00,11
ACT0003837,O000627,S014,Email,2025-04-01 09:21:00,0
ACT0003838,O000627,S014,Call,2025-04-14 09:26:00,19
ACT0003839,O000627,S014,Call,2025-03-12 11:47:00,44
ACT0003840,O000627,S014,Call,2025-04-11 14:01:00,19
ACT0003841,O000627,S014,Demo,2025-05-20 10:13:00,103
ACT0003842,O000627,S014,Call,2025-05-14 17:14:00,12
ACT0003843,O000628,S004,Meeting,2025-02-12 11:14:00,81
ACT0003844,O000628,S004,Email,2025-03-26 10:30:00,0
ACT0003845,O000628,S004,Email,2025-02-07 09:48:00,0
ACT0003846,O000628,S004,Call,2025-03-09 12:45:00,23
ACT0003847,O000628,S004,Email,2025-03-02 12:41:00,0
ACT0003848,O000628,S004,Email,2025-02-16 08:17:00,0
ACT0003849,O000628,S004,Call,2025-03-24 11:07:00,37
ACT0003850,O000628,S004,Email,2025-03-03 18:11:00,0
ACT0003851,O000629,S003,Email,2024-03-27 16:44:00,0
ACT0003852,O000629,S003,Meeting,2024-03-21 17:45:00,57
ACT0003853,O000629,S003,Demo,2024-04-03 10:37:00,84
ACT0003854,O000629,S003,Demo,2024-03-22 10:29:00,75
ACT0003855,O000629,S003,Call,2024-03-10 13:41:00,26
ACT0003856,O000630,S035,Call,2023-04-04 18:48:00,13
ACT0003857,O000630,S035,Demo,2023-05-22 15:42:00,78
ACT0003858,O000630,S035,Email,2023-04-07 13:50:00,0
ACT0003859,O000630,S035,Meeting,2023-05-04 12:52:00,38
ACT0003860,O000630,S035,Meeting,2023-05-07 16:56:00,89
ACT0003861,O000630,S035,Meeting,2023-04-06 14:09:00,46
ACT0003862,O000631,S022,Call,2023-09-12 10:21:00,25
ACT0003863,O000631,S022,Email,2023-08-03 15:46:00,0
ACT0003864,O000631,S022,Meeting,2023-08-25 08:28:00,35
ACT0003865,O000631,S022,Email,2023-08-19 13:33:00,0
ACT0003866,O000631,S022,Call,2023-08-12 09:14:00,19
ACT0003867,O000632,S015,Call,2025-06-16 17:56:00,12
ACT0003868,O000632,S015,Meeting,2025-06-04 09:25:00,48
ACT0003869,O000633,S027,Email,2025-03-08 10:10:00,0
ACT0003870,O000633,S027,Call,2025-03-02 17:45:00,12
ACT0003871,O000633,S027,Meeting,2025-03-12 12:47:00,88
ACT0003872,O000633,S027,Email,2025-03-10 12:40:00,0
ACT0003873,O000633,S027,Email,2025-03-27 10:09:00,0
ACT0003874,O000633,S027,Call,2025-03-04 12:50:00,20
ACT0003875,O000633,S027,Email,2025-03-13 14:26:00,0
ACT0003876,O000633,S027,Call,2025-03-08 09:44:00,22
ACT0003877,O000634,S003,Email,2025-03-24 10:13:00,0
ACT0003878,O000634,S003,Email,2025-06-15 14:55:00,0
ACT0003879,O000634,S003,Call,2025-04-23 14:19:00,19
ACT0003880,O000634,S003,Email,2025-06-25 08:23:00,0
ACT0003881,O000634,S003,Email,2025-03-17 18:46:00,0
ACT0003882,O000635,S016,Email,2025-06-23 10:48:00,0
ACT0003883,O000635,S016,Call,2025-06-01 08:32:00,25
ACT0003884,O000636,S006,Email,2024-09-09 15:40:00,0
ACT0003885,O000636,S006,Email,2024-09-08 13:38:00,0
ACT0003886,O000636,S006,Email,2024-09-10 15:31:00,0
ACT0003887,O000636,S006,Meeting,2024-09-09 13:18:00,82
ACT0003888,O000636,S006,Call,2024-09-05 08:01:00,10
ACT0003889,O000637,S036,Email,2024-09-10 08:54:00,0
ACT0003890,O000637,S036,Meeting,2024-08-26 09:20:00,75
ACT0003891,O000637,S036,Email,2024-07-26 10:33:00,0
ACT0003892,O000637,S036,Email,2024-08-25 11:03:00,0
ACT0003893,O000637,S036,Email,2024-08-17 13:06:00,0
ACT0003894,O000637,S036,Call,2024-09-23 18:05:00,38
ACT0003895,O000638,S005,Email,2023-12-05 18:23:00,0
ACT0003896,O000638,S005,Call,2023-11-22 13:19:00,41
ACT0003897,O000638,S005,Email,2023-12-02 18:44:00,0
ACT0003898,O000638,S005,Email,2023-12-16 18:41:00,0
ACT0003899,O000638,S005,Email,2023-12-19 17:04:00,0
ACT0003900,O000638,S005,Email,2023-12-22 08:48:00,0
ACT0003901,O000638,S005,Call,2023-11-26 12:55:00,25
ACT0003902,O000638,S005,Email,2023-12-13 08:18:00,0
ACT0003903,O000638,S005,Meeting,2023-12-02 11:58:00,64
ACT0003904,O000638,S005,Email,2023-12-14 18:38:00,0
ACT0003905,O000638,S005,Call,2023-11-26 16:44:00,42
ACT0003906,O000638,S005,Demo,2023-12-11 09:53:00,68
ACT0003907,O000639,S022,Email,2024-08-31 14:03:00,0
ACT0003908,O000639,S022,Email,2024-08-17 16:37:00,0
ACT0003909,O000639,S022,Demo,2024-08-15 13:00:00,74
ACT0003910,O000639,S022,Demo,2024-08-23 14:41:00,110
ACT0003911,O000639,S022,Demo,2024-08-02 10:27:00,103
ACT0003912,O000639,S022,Email,2024-08-04 09:53:00,0
ACT0003913,O000639,S022,Meeting,2024-08-10 08:58:00,52
ACT0003914,O000639,S022,Email,2024-08-30 18:38:00,0
ACT0003915,O000640,S023,Call,2023-07-16 18:30:00,41
ACT0003916,O000640,S023,Email,2023-07-04 15:36:00,0
ACT0003917,O000640,S023,Meeting,2023-07-15 16:28:00,38
ACT0003918,O000640,S023,Meeting,2023-07-06 16:35:00,80
ACT0003919,O000640,S023,Call,2023-07-06 15:44:00,10
ACT0003920,O000640,S023,Call,2023-07-07 11:42:00,17
ACT0003921,O000640,S023,Demo,2023-07-07 13:28:00,85
ACT0003922,O000641,S009,Demo,2025-06-29 16:45:00,65
ACT0003923,O000641,S009,Email,2025-06-24 08:32:00,0
ACT0003924,O000641,S009,Demo,2025-06-20 14:56:00,66
ACT0003925,O000641,S009,Email,2025-06-17 10:59:00,0
ACT0003926,O000641,S009,Call,2025-04-07 11:07:00,5
ACT0003927,O000642,S013,Email,2023-06-07 12:04:00,0
ACT0003928,O000642,S013,Meeting,2023-05-29 11:39:00,71
ACT0003929,O000642,S013,Demo,2023-06-02 10:22:00,100
ACT0003930,O000643,S004,Call,2025-06-08 15:37:00,38
ACT0003931,O000643,S004,Email,2025-06-02 13:42:00,0
ACT0003932,O000643,S004,Call,2025-06-06 16:54:00,6
ACT0003933,O000643,S004,Call,2025-06-01 09:19:00,14
ACT0003934,O000643,S004,Demo,2025-06-15 13:39:00,102
ACT0003935,O000643,S004,Call,2025-06-15 14:30:00,32
ACT0003936,O000643,S004,Call,2025-06-03 15:48:00,5
ACT0003937,O000643,S004,Email,2025-06-08 16:13:00,0
ACT0003938,O000643,S004,Call,2025-06-13 11:55:00,16
ACT0003939,O000644,S002,Email,2023-07-08 13:13:00,0
ACT0003940,O000644,S002,Call,2023-07-30 12:33:00,16
ACT0003941,O000644,S002,Email,2023-06-25 16:23:00,0
ACT0003942,O000644,S002,Call,2023-07-03 16:46:00,15
ACT0003943,O000644,S002,Call,2023-06-26 13:14:00,7
ACT0003944,O000644,S002,Meeting,2023-07-24 10:53:00,81
ACT0003945,O000644,S002,Meeting,2023-06-22 16:39:00,85
ACT0003946,O000644,S002,Demo,2023-07-16 10:51:00,75
ACT0003947,O000644,S002,Call,2023-07-17 13:29:00,29
ACT0003948,O000644,S002,Call,2023-08-04 13:21:00,36
ACT0003949,O000644,S002,Call,2023-07-01 08:29:00,41
ACT0003950,O000644,S002,Email,2023-07-09 09:56:00,0
ACT0003951,O000645,S026,Email,2025-03-30 17:33:00,0
ACT0003952,O000645,S026,Email,2025-04-04 11:37:00,0
ACT0003953,O000645,S026,Email,2025-04-09 15:11:00,0
ACT0003954,O000645,S026,Demo,2025-04-06 18:18:00,85
ACT0003955,O000645,S026,Email,2025-04-05 17:41:00,0
ACT0003956,O000646,S008,Meeting,2023-11-21 15:58:00,87
ACT0003957,O000646,S008,Call,2024-02-04 11:04:00,18
ACT0003958,O000646,S008,Email,2024-01-09 13:42:00,0
ACT0003959,O000647,S032,Call,2025-05-25 12:18:00,13
ACT0003960,O000647,S032,Email,2025-06-01 10:50:00,0
ACT0003961,O000647,S032,Demo,2025-06-05 11:19:00,48
ACT0003962,O000647,S032,Email,2025-05-24 14:58:00,0
ACT0003963,O000648,S016,Meeting,2024-11-24 12:21:00,41
ACT0003964,O000648,S016,Call,2024-12-02 14:47:00,26
ACT0003965,O000648,S016,Call,2024-11-17 18:21:00,28
ACT0003966,O000648,S016,Call,2024-12-28 13:46:00,15
ACT0003967,O000649,S037,Meeting,2025-03-28 12:44:00,46
ACT0003968,O000650,S035,Demo,2023-07-18 11:18:00,101
ACT0003969,O000650,S035,Demo,2023-07-18 12:51:00,96
ACT0003970,O000651,S012,Call,2025-03-27 12:24:00,36
ACT0003971,O000651,S012,Call,2025-04-20 10:25:00,39
ACT0003972,O000651,S012,Call,2025-04-02 15:53:00,33
ACT0003973,O000651,S012,Email,2025-03-14 09:23:00,0
ACT0003974,O000651,S012,Call,2025-03-21 18:55:00,25
ACT0003975,O000651,S012,Call,2025-03-15 08:53:00,17
ACT0003976,O000651,S012,Call,2025-04-30 12:13:00,31
ACT0003977,O000651,S012,Call,2025-04-01 10:51:00,10
ACT0003978,O000651,S012,Call,2025-03-12 10:40:00,41
ACT0003979,O000652,S008,Email,2023-09-03 11:24:00,0
ACT0003980,O000652,S008,Meeting,2023-10-07 18:19:00,63
ACT0003981,O000652,S008,Call,2023-10-11 13:40:00,11
ACT0003982,O000652,S008,Call,2023-10-29 10:18:00,8
ACT0003983,O000652,S008,Email,2023-08-13 11:21:00,0
ACT0003984,O000652,S008,Meeting,2023-08-06 11:08:00,68
ACT0003985,O000652,S008,Call,2022-07-07 12:07:00,39
ACT0003986,O000652,S008,Call,2023-09-06 11:53:00,22
ACT0003987,O000652,S008,Call,2023-08-26 11:16:00,12
ACT0003988,O000652,S008,Email,2023-11-28 17:22:00,0
ACT0003989,O000653,S002,Email,2024-01-18 10:33:00,0
ACT0003990,O000653,S002,Call,2024-02-17 14:56:00,28
ACT0003991,O000654,S009,Email,2025-01-30 09:12:00,0
ACT0003992,O000654,S009,Meeting,2025-01-29 16:17:00,85
ACT0003993,O000654,S009,Email,2024-12-19 16:02:00,0
ACT0003994,O000654,S009,Email,2024-12-28 16:25:00,0
ACT0003995,O000654,S009,Demo,2025-01-18 09:36:00,100
ACT0003996,O000654,S009,Call,2025-01-02 14:35:00,32
ACT0003997,O000654,S009,Email,2024-11-18 13:32:00,0
ACT0003998,O000654,S009,Meeting,2025-02-05 17:13:00,69
ACT0003999,O000655,S019,Email,2025-02-19 12:33:00,0
ACT0004000,O000655,S019,Meeting,2025-02-11 15:33:00,53
ACT0004001,O000655,S019,Email,2025-02-13 10:26:00,0
ACT0004002,O000655,S019,Call,2025-03-26 12:48:00,25
ACT0004003,O000655,S019,Email,2025-03-19 12:48:00,0
ACT0004004,O000655,S019,Call,2025-03-05 10:24:00,26
ACT0004005,O000655,S019,Meeting,2025-02-14 14:18:00,39
ACT0004006,O000655,S019,Call,2025-02-17 15:45:00,25
ACT0004007,O000655,S019,Email,2025-03-20 08:56:00,0
ACT0004008,O000656,S012,Meeting,2025-02-01 13:57:00,36
ACT0004009,O000656,S012,Demo,2025-01-05 12:02:00,49
ACT0004010,O000656,S012,Call,2024-12-20 10:15:00,26
ACT0004011,O000656,S012,Meeting,2024-12-08 16:57:00,48
ACT0004012,O000657,S037,Email,2024-12-28 08:40:00,0
ACT0004013,O000657,S037,Email,2024-12-28 11:04:00,0
ACT0004014,O000657,S037,Email,2025-01-01 13:25:00,0
ACT0004015,O000657,S037,Meeting,2025-01-07 16:54:00,59
ACT0004016,O000657,S037,Call,2025-01-08 08:52:00,13
ACT0004017,O000657,S037,Call,2025-01-02 17:16:00,23
ACT0004018,O000657,S037,Call,2025-01-12 16:58:00,8
ACT0004019,O000658,S013,Email,2025-03-05 10:22:00,0
ACT0004020,O000658,S013,Email,2025-04-07 08:15:00,0
ACT0004021,O000658,S013,Demo,2025-03-05 11:50:00,116
ACT0004022,O000658,S013,Meeting,2025-02-26 11:17:00,34
ACT0004023,O000658,S013,Email,2025-02-07 16:08:00,0
ACT0004024,O000658,S013,Email,2025-04-03 17:34:00,0
ACT0004025,O000659,S016,Email,2024-09-03 14:17:00,0
ACT0004026,O000659,S016,Demo,2024-08-27 10:05:00,105
ACT0004027,O000659,S016,Email,2024-08-30 12:46:00,0
ACT0004028,O000659,S016,Demo,2024-08-23 12:41:00,97
ACT0004029,O000660,S034,Demo,2025-05-21 13:45:00,111
ACT0004030,O000660,S034,Meeting,2025-05-13 18:57:00,75
ACT0004031,O000660,S034,Call,2025-05-15 16:45:00,29
ACT0004032,O000660,S034,Demo,2025-04-14 13:54:00,94
ACT0004033,O000660,S034,Call,2025-05-25 13:31:00,29
ACT0004034,O000660,S034,Call,2025-04-08 15:31:00,22
ACT0004035,O000661,S019,Email,2023-05-19 09:44:00,0
ACT0004036,O000661,S019,Demo,2023-05-16 16:16:00,90
ACT0004037,O000661,S019,Call,2023-05-31 09:43:00,24
ACT0004038,O000662,S028,Call,2024-06-07 14:02:00,34
ACT0004039,O000662,S028,Email,2024-05-22 15:25:00,0
ACT0004040,O000662,S028,Demo,2024-06-04 15:06:00,110
ACT0004041,O000662,S028,Email,2024-06-06 09:57:00,0
ACT0004042,O000662,S028,Call,2024-05-17 13:48:00,20
ACT0004043,O000663,S023,Call,2023-11-22 16:48:00,19
ACT0004044,O000663,S023,Call,2023-11-21 15:19:00,21
ACT0004045,O000663,S023,Call,2023-11-20 16:21:00,43
ACT0004046,O000664,S035,Email,2025-03-12 14:25:00,0
ACT0004047,O000664,S035,Call,2025-03-18 17:38:00,11
ACT0004048,O000664,S035,Email,2025-03-10 11:01:00,0
ACT0004049,O000664,S035,Email,2025-03-09 15:05:00,0
ACT0004050,O000664,S035,Call,2025-02-14 09:43:00,35
ACT0004051,O000664,S035,Email,2025-03-09 12:31:00,0
ACT0004052,O000665,S027,Call,2024-09-09 17:15:00,20
ACT0004053,O000665,S027,Email,2024-09-13 13:17:00,0
ACT0004054,O000665,S027,Email,2024-08-16 08:07:00,0
ACT0004055,O000665,S027,Meeting,2024-08-12 09:16:00,81
ACT0004056,O000665,S027,Call,2024-08-29 15:51:00,35
ACT0004057,O000666,S033,Demo,2023-12-23 10:41:00,80
ACT0004058,O000666,S033,Email,2023-11-23 14:39:00,0
ACT0004059,O000666,S033,Email,2023-10-26 18:33:00,0
ACT0004060,O000666,S033,Email,2023-12-25 18:02:00,0
ACT0004061,O000666,S033,Email,2023-10-22 08:02:00,0
ACT0004062,O000667,S039,Email,2024-06-05 13:43:00,0
ACT0004063,O000667,S039,Email,2024-08-13 09:55:00,0
ACT0004064,O000667,S039,Email,2024-06-26 14:17:00,0
ACT0004065,O000667,S039,Meeting,2024-07-21 15:00:00,87
ACT0004066,O000667,S039,Email,2024-07-13 08:47:00,0
ACT0004067,O000667,S039,Call,2024-07-08 14:03:00,31
ACT0004068,O000667,S039,Call,2024-07-18 14:37:00,5
ACT0004069,O000667,S039,Meeting,2024-08-22 13:29:00,33
ACT0004070,O000668,S023,Demo,2025-03-12 11:42:00,83
ACT0004071,O000668,S023,Call,2025-02-27 08:22:00,7
ACT0004072,O000669,S008,Email,2024-06-23 09:27:00,0
ACT0004073,O000669,S008,Demo,2024-06-14 10:10:00,67
ACT0004074,O000669,S008,Call,2024-06-10 17:29:00,40
ACT0004075,O000669,S008,Email,2024-06-09 16:40:00,0
ACT0004076,O000670,S028,Email,2023-06-23 09:10:00,0
ACT0004077,O000670,S028,Call,2023-06-10 08:24:00,12
ACT0004078,O000670,S028,Call,2023-06-04 18:11:00,41
ACT0004079,O000670,S028,Meeting,2023-07-26 09:55:00,75
ACT0004080,O000670,S028,Meeting,2023-05-27 12:32:00,37
ACT0004081,O000671,S010,Call,2024-03-18 10:43:00,8
ACT0004082,O000671,S010,Email,2024-04-08 13:13:00,0
ACT0004083,O000671,S010,Demo,2024-03-25 17:00:00,111
ACT0004084,O000671,S010,Email,2024-04-09 14:25:00,0
ACT0004085,O000671,S010,Email,2024-03-23 09:54:00,0
ACT0004086,O000671,S010,Meeting,2024-03-26 18:30:00,72
ACT0004087,O000671,S010,Meeting,2024-04-10 16:51:00,40
ACT0004088,O000672,S033,Demo,2025-06-22 14:36:00,102
ACT0004089,O000672,S033,Call,2025-06-20 17:30:00,29
ACT0004090,O000672,S033,Call,2025-06-24 13:43:00,35
ACT0004091,O000672,S033,Demo,2025-06-21 13:35:00,54
ACT0004092,O000673,S031,Demo,2024-12-31 08:31:00,85
ACT0004093,O000673,S031,Email,2025-02-05 18:03:00,0
ACT0004094,O000673,S031,Meeting,2025-01-17 14:32:00,88
ACT0004095,O000673,S031,Email,2024-12-13 10:59:00,0
ACT0004096,O000673,S031,Email,2025-03-13 14:09:00,0
ACT0004097,O000673,S031,Email,2025-03-15 14:00:00,0
ACT0004098,O000673,S031,Call,2025-03-15 16:32:00,41
ACT0004099,O000673,S031,Email,2025-01-12 17:24:00,0
ACT0004100,O000673,S031,Email,2025-03-08 12:01:00,0
ACT0004101,O000673,S031,Email,2024-12-11 17:46:00,0
ACT0004102,O000674,S027,Call,2024-11-29 15:06:00,16
ACT0004103,O000674,S027,Email,2024-11-22 09:10:00,0
ACT0004104,O000674,S027,Email,2024-11-15 17:36:00,0
ACT0004105,O000674,S027,Email,2024-11-11 16:13:00,0
ACT0004106,O000674,S027,Email,2024-12-05 16:39:00,0
ACT0004107,O000674,S027,Call,2024-12-05 13:32:00,22
ACT0004108,O000674,S027,Email,2024-11-23 11:34:00,0
ACT0004109,O000674,S027,Call,2024-12-03 12:31:00,30
ACT0004110,O000674,S027,Meeting,2024-11-19 12:16:00,47
ACT0004111,O000674,S027,Call,2024-11-25 17:01:00,38
ACT0004112,O000674,S027,Demo,2024-11-22 09:01:00,57
ACT0004113,O000674,S027,Call,2024-11-15 16:18:00,40
ACT0004114,O000674,S027,Email,2024-12-07 10:39:00,0
ACT0004115,O000675,S012,Email,2023-05-08 12:58:00,0
ACT0004116,O000675,S012,Meeting,2023-05-19 08:54:00,36
ACT0004117,O000675,S012,Demo,2023-07-01 14:43:00,95
ACT0004118,O000675,S012,Meeting,2023-07-02 15:10:00,61
ACT0004119,O000676,S024,Email,2025-02-13 17:17:00,0
ACT0004120,O000676,S024,Email,2025-02-12 14:54:00,0
ACT0004121,O000676,S024,Meeting,2025-02-05 15:06:00,80
ACT0004122,O000676,S024,Meeting,2025-01-24 11:11:00,66
ACT0004123,O000676,S024,Email,2025-01-16 08:38:00,0
ACT0004124,O000677,S017,Call,2023-11-05 10:44:00,9
ACT0004125,O000677,S017,Email,2023-11-06 16:02:00,0
ACT0004126,O000677,S017,Call,2023-10-30 14:14:00,31
ACT0004127,O000677,S017,Meeting,2023-11-18 12:11:00,38
ACT0004128,O000677,S017,Email,2023-11-20 11:56:00,0
ACT0004129,O000677,S017,Email,2023-11-09 14:49:00,0
ACT0004130,O000678,S016,Email,2024-07-16 10:12:00,0
ACT0004131,O000678,S016,Call,2024-08-03 08:08:00,42
ACT0004132,O000678,S016,Email,2024-07-08 15:25:00,0
ACT0004133,O000678,S016,Call,2024-07-18 15:41:00,21
ACT0004134,O000679,S030,Email,2024-09-17 11:31:00,0
ACT0004135,O000679,S030,Call,2024-08-29 15:51:00,38
ACT0004136,O000679,S030,Email,2024-08-09 16:56:00,0
ACT0004137,O000680,S009,Call,2023-03-19 09:39:00,16
ACT0004138,O000680,S009,Meeting,2023-04-02 08:06:00,86
ACT0004139,O000680,S009,Email,2023-03-13 10:51:00,0
ACT0004140,O000680,S009,Call,2023-03-25 13:19:00,18
ACT0004141,O000680,S009,Meeting,2023-05-26 09:41:00,37
ACT0004142,O000680,S009,Email,2023-05-06 16:41:00,0
ACT0004143,O000681,S017,Email,2024-01-28 10:45:00,0
ACT0004144,O000681,S017,Email,2024-02-01 08:33:00,0
ACT0004145,O000681,S017,Email,2024-02-25 09:11:00,0
ACT0004146,O000681,S017,Email,2024-02-14 11:16:00,0
ACT0004147,O000681,S017,Call,2024-02-02 15:49:00,36
ACT0004148,O000681,S017,Call,2024-02-26 18:29:00,30
ACT0004149,O000682,S006,Call,2025-05-17 17:56:00,36
ACT0004150,O000682,S006,Demo,2025-05-26 12:34:00,87
ACT0004151,O000682,S006,Call,2025-05-19 14:46:00,44
ACT0004152,O000682,S006,Email,2025-05-20 10:03:00,0
ACT0004153,O000682,S006,Email,2025-05-22 13:38:00,0
ACT0004154,O000682,S006,Call,2025-05-28 12:56:00,10
ACT0004155,O000682,S006,Call,2025-05-17 17:36:00,9
ACT0004156,O000682,S006,Call,2025-05-21 14:41:00,17
ACT0004157,O000682,S006,Email,2025-05-28 13:49:00,0
ACT0004158,O000683,S010,Call,2025-04-01 11:52:00,5
ACT0004159,O000683,S010,Email,2025-02-14 12:01:00,0
ACT0004160,O000683,S010,Demo,2025-03-14 12:05:00,109
ACT0004161,O000683,S010,Email,2025-02-11 08:52:00,0
ACT0004162,O000683,S010,Call,2025-04-08 17:36:00,31
ACT0004163,O000683,S010,Call,2025-02-18 16:54:00,9
ACT0004164,O000683,S010,Email,2025-03-17 17:18:00,0
ACT0004165,O000683,S010,Meeting,2025-03-08 11:13:00,82
ACT0004166,O000684,S015,Call,2025-03-08 12:33:00,39
ACT0004167,O000684,S015,Call,2025-03-22 09:25:00,29
ACT0004168,O000684,S015,Call,2025-04-04 08:45:00,32
ACT0004169,O000684,S015,Email,2025-05-02 11:29:00,0
ACT0004170,O000685,S033,Call,2025-05-25 14:28:00,29
ACT0004171,O000685,S033,Meeting,2025-04-27 10:18:00,86
ACT0004172,O000685,S033,Call,2025-03-20 15:55:00,17
ACT0004173,O000685,S033,Email,2025-05-23 10:58:00,0
ACT0004174,O000685,S033,Call,2025-04-20 15:41:00,29
ACT0004175,O000685,S033,Call,2025-03-29 17:08:00,25
ACT0004176,O000685,S033,Demo,2025-03-22 13:44:00,69
ACT0004177,O000686,S025,Call,2024-04-20 15:40:00,22
ACT0004178,O000686,S025,Email,2024-02-21 18:26:00,0
ACT0004179,O000686,S025,Email,2024-03-18 18:09:00,0
ACT0004180,O000686,S025,Meeting,2024-03-16 14:39:00,36
ACT0004181,O000686,S025,Call,2024-02-07 14:25:00,24
ACT0004182,O000686,S025,Meeting,2024-02-18 14:11:00,61
ACT0004183,O000686,S025,Call,2024-04-06 17:37:00,35
ACT0004184,O000687,S033,Meeting,2025-03-30 08:48:00,87
ACT0004185,O000687,S033,Email,2025-04-12 08:07:00,0
ACT0004186,O000687,S033,Email,2025-04-05 12:22:00,0
ACT0004187,O000687,S033,Email,2025-04-07 12:41:00,0
ACT0004188,O000688,S024,Email,2024-04-05 09:33:00,0
ACT0004189,O000688,S024,Call,2024-03-14 16:10:00,8
ACT0004190,O000688,S024,Meeting,2024-04-24 11:20:00,39
ACT0004191,O000688,S024,Email,2024-05-07 14:15:00,0
ACT0004192,O000688,S024,Call,2024-03-19 09:49:00,35
ACT0004193,O000688,S024,Call,2024-03-11 10:54:00,20
ACT0004194,O000689,S025,Call,2025-03-19 17:45:00,40
ACT0004195,O000689,S025,Email,2025-05-26 10:51:00,0
ACT0004196,O000689,S025,Call,2025-03-07 08:46:00,29
ACT0004197,O000689,S025,Call,2025-04-16 18:53:00,12
ACT0004198,O000689,S025,Email,2025-04-17 13:02:00,0
ACT0004199,O000689,S025,Call,2025-03-20 13:10:00,25
ACT0004200,O000689,S025,Meeting,2025-05-27 17:50:00,60
ACT0004201,O000689,S025,Email,2025-03-23 17:25:00,0
ACT0004202,O000689,S025,Call,2025-05-27 12:03:00,9
ACT0004203,O000689,S025,Email,2025-03-25 18:28:00,0
ACT0004204,O000690,S034,Email,2024-07-26 18:21:00,0
ACT0004205,O000690,S034,Call,2024-07-15 13:29:00,40
ACT0004206,O000690,S034,Email,2024-07-12 17:43:00,0
ACT0004207,O000690,S034,Email,2024-06-13 12:40:00,0
ACT0004208,O000690,S034,Meeting,2024-07-23 12:28:00,65
ACT0004209,O000691,S002,Call,2024-10-23 12:09:00,19
ACT0004210,O000691,S002,Call,2024-10-09 11:48:00,26
ACT0004211,O000691,S002,Call,2024-11-07 15:18:00,41
ACT0004212,O000691,S002,Call,2024-10-18 14:05:00,12
ACT0004213,O000691,S002,Meeting,2024-10-27 09:19:00,79
ACT0004214,O000691,S002,Email,2024-10-29 13:31:00,0
ACT0004215,O000691,S002,Call,2024-10-25 10:37:00,35
ACT0004216,O000691,S002,Email,2024-10-30 18:58:00,0
ACT0004217,O000692,S020,Email,2024-11-23 12:40:00,0
ACT0004218,O000692,S020,Meeting,2024-11-04 13:56:00,79
ACT0004219,O000692,S020,Email,2024-11-11 18:17:00,0
ACT0004220,O000692,S020,Email,2024-11-21 12:14:00,0
ACT0004221,O000692,S020,Email,2024-11-18 12:39:00,0
ACT0004222,O000692,S020,Call,2024-11-27 14:31:00,21
ACT0004223,O000692,S020,Demo,2024-11-09 15:35:00,116
ACT0004224,O000692,S020,Call,2024-11-15 13:12:00,42
ACT0004225,O000692,S020,Email,2024-11-08 08:35:00,0
ACT0004226,O000693,S021,Email,2024-11-12 13:44:00,0
ACT0004227,O000693,S021,Email,2024-12-02 17:58:00,0
ACT0004228,O000693,S021,Meeting,2024-12-21 08:27:00,72
ACT0004229,O000693,S021,Email,2024-10-29 12:51:00,0
ACT0004230,O000694,S022,Call,2025-02-16 15:10:00,10
ACT0004231,O000694,S022,Call,2025-01-17 18:54:00,13
ACT0004232,O000694,S022,Email,2024-12-13 10:37:00,0
ACT0004233,O000694,S022,Email,2024-12-30 12:47:00,0
ACT0004234,O000694,S022,Meeting,2024-11-19 12:34:00,33
ACT0004235,O000694,S022,Demo,2025-01-27 18:54:00,80
ACT0004236,O000694,S022,Email,2024-11-28 13:30:00,0
ACT0004237,O000694,S022,Meeting,2024-12-19 12:06:00,54
ACT0004238,O000694,S022,Call,2024-12-09 14:02:00,25
ACT0004239,O000694,S022,Call,2024-11-21 18:39:00,39
ACT0004240,O000694,S022,Call,2024-12-26 16:06:00,7
ACT0004241,O000694,S022,Email,2025-01-20 10:33:00,0
ACT0004242,O000695,S025,Demo,2024-02-05 16:36:00,92
ACT0004243,O000695,S025,Email,2023-12-14 08:10:00,0
ACT0004244,O000696,S002,Call,2023-10-14 15:43:00,26
ACT0004245,O000696,S002,Email,2023-10-18 18:41:00,0
ACT0004246,O000696,S002,Meeting,2023-10-27 09:57:00,79
ACT0004247,O000696,S002,Email,2023-10-09 09:48:00,0
ACT0004248,O000696,S002,Email,2023-10-03 09:34:00,0
ACT0004249,O000697,S029,Meeting,2024-04-18 08:47:00,48
ACT0004250,O000697,S029,Email,2024-04-18 13:10:00,0
ACT0004251,O000697,S029,Email,2024-04-09 12:46:00,0
ACT0004252,O000697,S029,Email,2024-05-07 14:22:00,0
ACT0004253,O000697,S029,Call,2024-05-06 16:29:00,42
ACT0004254,O000697,S029,Email,2024-04-03 14:33:00,0
ACT0004255,O000697,S029,Call,2024-03-29 17:43:00,11
ACT0004256,O000697,S029,Demo,2024-04-17 10:03:00,105
ACT0004257,O000698,S026,Email,2025-04-13 17:44:00,0
ACT0004258,O000698,S026,Call,2025-04-11 16:20:00,19
ACT0004259,O000698,S026,Meeting,2025-03-16 09:14:00,84
ACT0004260,O000698,S026,Demo,2025-03-29 12:57:00,46
ACT0004261,O000698,S026,Email,2025-04-01 12:27:00,0
ACT0004262,O000699,S038,Email,2024-07-15 11:36:00,0
ACT0004263,O000699,S038,Call,2024-07-14 18:01:00,17
ACT0004264,O000699,S038,Meeting,2024-07-12 13:23:00,63
ACT0004265,O000699,S038,Call,2024-07-17 17:37:00,16
ACT0004266,O000699,S038,Call,2024-07-25 13:14:00,26
ACT0004267,O000699,S038,Meeting,2024-07-15 09:41:00,63
ACT0004268,O000699,S038,Call,2024-07-24 10:22:00,36
ACT0004269,O000699,S038,Meeting,2024-07-20 16:33:00,82
ACT0004270,O000699,S038,Call,2024-07-15 08:52:00,33
ACT0004271,O000699,S038,Call,2024-07-16 12:37:00,23
ACT0004272,O000700,S023,Email,2025-04-08 09:05:00,0
ACT0004273,O000700,S023,Meeting,2025-04-14 09:37:00,60
ACT0004274,O000700,S023,Email,2025-03-26 12:36:00,0
ACT0004275,O000700,S023,Call,2025-04-17 13:13:00,41
ACT0004276,O000701,S031,Call,2024-04-25 09:58:00,15
ACT0004277,O000701,S031,Call,2024-05-11 15:01:00,42
ACT0004278,O000701,S031,Meeting,2024-05-06 12:19:00,85
ACT0004279,O000701,S031,Email,2024-05-11 15:19:00,0
ACT0004280,O000701,S031,Email,2024-04-13 17:04:00,0
ACT0004281,O000701,S031,Email,2024-05-07 10:35:00,0
ACT0004282,O000701,S031,Email,2024-04-14 12:49:00,0
ACT0004283,O000701,S031,Demo,2024-05-10 09:34:00,62
ACT0004284,O000701,S031,Call,2024-04-22 14:27:00,20
ACT0004285,O000701,S031,Demo,2024-05-10 17:08:00,101
ACT0004286,O000702,S004,Email,2024-07-19 14:25:00,0
ACT0004287,O000702,S004,Call,2024-06-26 16:06:00,24
ACT0004288,O000702,S004,Demo,2024-06-09 18:12:00,77
ACT0004289,O000702,S004,Email,2024-07-12 13:04:00,0
ACT0004290,O000702,S004,Call,2022-03-25 12:43:00,32
ACT0004291,O000702,S004,Call,2024-07-04 17:43:00,42
ACT0004292,O000702,S004,Demo,2024-07-23 17:40:00,55
ACT0004293,O000702,S004,Email,2024-07-10 16:37:00,0
ACT0004294,O000703,S018,Email,2024-12-19 17:00:00,0
ACT0004295,O000703,S018,Email,2024-12-09 08:59:00,0
ACT0004296,O000703,S018,Email,2024-11-08 18:48:00,0
ACT0004297,O000703,S018,Email,2024-11-18 08:58:00,0
ACT0004298,O000703,S018,Call,2024-11-16 15:31:00,14
ACT0004299,O000703,S018,Call,2024-11-13 14:23:00,25
ACT0004300,O000704,S016,Email,2025-03-31 14:07:00,0
ACT0004301,O000704,S016,Meeting,2025-04-11 16:57:00,40
ACT0004302,O000704,S016,Meeting,2025-04-02 14:31:00,82
ACT0004303,O000704,S016,Email,2025-03-21 15:29:00,0
ACT0004304,O000704,S016,Call,2025-04-04 16:15:00,24
ACT0004305,O000704,S016,Email,2025-04-13 16:20:00,0
ACT0004306,O000704,S016,Call,2025-03-20 13:12:00,38
ACT0004307,O000704,S016,Email,2025-03-22 08:10:00,0
ACT0004308,O000704,S016,Email,2025-03-26 11:28:00,0
ACT0004309,O000704,S016,Call,2025-03-22 15:33:00,16
ACT0004310,O000704,S016,Call,2025-04-05 16:14:00,32
ACT0004311,O000705,S034,Call,2025-06-11 18:38:00,21
ACT0004312,O000705,S034,Email,2025-06-28 16:06:00,0
ACT0004313,O000705,S034,Call,2025-06-15 09:41:00,42
ACT0004314,O000706,S002,Demo,2023-09-23 11:54:00,105
ACT0004315,O000706,S002,Email,2023-07-25 14:40:00,0
ACT0004316,O000706,S002,Email,2023-08-27 09:25:00,0
ACT0004317,O000706,S002,Email,2023-08-17 15:36:00,0
ACT0004318,O000707,S016,Email,2023-07-09 12:53:00,0
ACT0004319,O000707,S016,Email,2023-09-03 10:59:00,0
ACT0004320,O000708,S019,Email,2025-06-02 17:18:00,0
ACT0004321,O000708,S019,Call,2025-06-09 11:59:00,6
ACT0004322,O000708,S019,Call,2025-06-27 08:10:00,19
ACT0004323,O000708,S019,Email,2025-06-14 08:21:00,0
ACT0004324,O000708,S019,Demo,2025-06-17 09:44:00,99
ACT0004325,O000709,S009,Demo,2024-02-11 14:55:00,108
ACT0004326,O000709,S009,Call,2024-01-17 09:08:00,42
ACT0004327,O000709,S009,Email,2024-01-12 12:18:00,0
ACT0004328,O000709,S009,Call,2024-01-09 09:19:00,42
ACT0004329,O000709,S009,Meeting,2023-12-18 08:00:00,30
ACT0004330,O000709,S009,Call,2024-02-05 08:49:00,33
ACT0004331,O000709,S009,Email,2024-02-09 16:39:00,0
ACT0004332,O000709,S009,Demo,2024-02-09 15:25:00,96
ACT0004333,O000710,S005,Call,2024-04-22 16:38:00,16
ACT0004334,O000710,S005,Meeting,2024-03-07 18:41:00,51
ACT0004335,O000710,S005,Email,2024-03-30 10:19:00,0
ACT0004336,O000710,S005,Call,2024-04-21 13:13:00,30
ACT0004337,O000710,S005,Email,2024-04-05 18:05:00,0
ACT0004338,O000710,S005,Call,2024-05-04 14:01:00,28
ACT0004339,O000710,S005,Email,2024-03-13 18:13:00,0
ACT0004340,O000710,S005,Email,2024-03-13 18:48:00,0
ACT0004341,O000711,S034,Call,2024-09-04 15:49:00,35
ACT0004342,O000711,S034,Meeting,2024-09-26 11:49:00,82
ACT0004343,O000711,S034,Email,2024-08-26 08:54:00,0
ACT0004344,O000711,S034,Meeting,2024-08-26 15:10:00,45
ACT0004345,O000711,S034,Email,2024-08-22 15:03:00,0
ACT0004346,O000711,S034,Demo,2024-08-22 16:23:00,86
ACT0004347,O000711,S034,Call,2024-09-14 13:24:00,10
ACT0004348,O000712,S024,Demo,2023-06-13 11:31:00,104
ACT0004349,O000712,S024,Email,2023-05-09 17:20:00,0
ACT0004350,O000712,S024,Call,2023-11-05 14:11:00,5
ACT0004351,O000712,S024,Email,2023-10-28 15:16:00,0
ACT0004352,O000712,S024,Email,2023-07-14 08:18:00,0
ACT0004353,O000712,S024,Demo,2023-07-28 15:08:00,91
ACT0004354,O000713,S009,Call,2025-05-06 16:51:00,18
ACT0004355,O000713,S009,Email,2025-05-02 14:04:00,0
ACT0004356,O000713,S009,Call,2025-05-02 15:06:00,28
ACT0004357,O000713,S009,Email,2025-05-01 14:40:00,0
ACT0004358,O000713,S009,Email,2025-05-02 13:07:00,0
ACT0004359,O000713,S009,Email,2025-05-01 11:27:00,0
ACT0004360,O000713,S009,Call,2025-05-06 12:32:00,26
ACT0004361,O000713,S009,Demo,2025-05-05 15:37:00,116
ACT0004362,O000713,S009,Call,2025-04-30 15:18:00,23
ACT0004363,O000714,S022,Email,2023-05-10 16:18:00,0
ACT0004364,O000714,S022,Call,2023-05-13 10:52:00,22
ACT0004365,O000714,S022,Email,2023-04-29 16:44:00,0
ACT0004366,O000715,S014,Demo,2024-09-02 18:19:00,109
ACT0004367,O000715,S014,Demo,2024-08-31 12:46:00,95
ACT0004368,O000715,S014,Call,2024-09-10 13:58:00,41
ACT0004369,O000715,S014,Email,2024-08-29 15:26:00,0
ACT0004370,O000715,S014,Meeting,2024-08-30 14:47:00,78
ACT0004371,O000715,S014,Call,2024-09-04 08:49:00,32
ACT0004372,O000715,S014,Meeting,2024-09-14 17:43:00,80
ACT0004373,O000715,S014,Meeting,2024-09-05 08:53:00,64
ACT0004374,O000715,S014,Call,2024-08-18 11:28:00,27
ACT0004375,O000715,S014,Meeting,2024-08-28 08:42:00,30
ACT0004376,O000715,S014,Demo,2024-08-20 15:54:00,118
ACT0004377,O000716,S031,Email,2023-10-21 09:08:00,0
ACT0004378,O000716,S031,Meeting,2023-12-13 11:21:00,35
ACT0004379,O000717,S012,Email,2024-01-25 18:09:00,0
ACT0004380,O000717,S012,Email,2024-03-16 15:58:00,0
ACT0004381,O000717,S012,Email,2024-01-28 13:57:00,0
ACT0004382,O000717,S012,Demo,2024-02-13 09:22:00,51
ACT0004383,O000717,S012,Call,2024-02-22 09:27:00,37
ACT0004384,O000717,S012,Email,2024-03-14 18:18:00,0
ACT0004385,O000718,S029,Call,2023-04-05 10:56:00,27
ACT0004386,O000718,S029,Call,2023-04-05 15:11:00,11
ACT0004387,O000719,S012,Email,2025-04-21 18:10:00,0
ACT0004388,O000719,S012,Email,2025-04-16 11:25:00,0
ACT0004389,O000719,S012,Email,2025-05-03 10:02:00,0
ACT0004390,O000719,S012,Call,2025-05-13 08:31:00,13
ACT0004391,O000719,S012,Call,2025-05-25 14:27:00,44
ACT0004392,O000719,S012,Meeting,2025-04-03 12:51:00,85
ACT0004393,O000719,S012,Demo,2025-04-22 14:28:00,71
ACT0004394,O000719,S012,Meeting,2025-04-05 18:37:00,65
ACT0004395,O000719,S012,Demo,2025-05-25 15:53:00,60
ACT0004396,O000719,S012,Meeting,2025-05-09 18:08:00,38
ACT0004397,O000719,S012,Call,2025-05-02 18:00:00,42
ACT0004398,O000719,S012,Email,2025-04-21 14:19:00,0
ACT0004399,O000720,S025,Meeting,2024-08-01 14:42:00,73
ACT0004400,O000720,S025,Email,2024-07-29 10:00:00,0
ACT0004401,O000720,S025,Demo,2024-08-22 16:34:00,66
ACT0004402,O000720,S025,Email,2024-06-21 15:33:00,0
ACT0004403,O000720,S025,Email,2023-04-06 14:39:00,0
ACT0004404,O000720,S025,Email,2024-09-24 15:38:00,0
ACT0004405,O000720,S025,Email,2024-08-16 15:44:00,0
ACT0004406,O000720,S025,Call,2024-08-24 17:13:00,44
ACT0004407,O000721,S029,Call,2025-02-11 15:25:00,34
ACT0004408,O000721,S029,Email,2025-01-30 11:56:00,0
ACT0004409,O000721,S029,Call,2025-01-28 18:58:00,27
ACT0004410,O000721,S029,Meeting,2025-01-27 14:37:00,60
ACT0004411,O000721,S029,Meeting,2025-01-28 16:35:00,56
ACT0004412,O000721,S029,Call,2025-01-15 08:27:00,6
ACT0004413,O000722,S022,Email,2024-10-13 18:54:00,0
ACT0004414,O000722,S022,Demo,2024-10-29 09:36:00,75
ACT0004415,O000722,S022,Email,2024-10-26 17:15:00,0
ACT0004416,O000722,S022,Call,2024-10-04 11:24:00,23
ACT0004417,O000723,S009,Meeting,2023-12-14 15:09:00,34
ACT0004418,O000723,S009,Email,2023-10-17 10:37:00,0
ACT0004419,O000723,S009,Email,2023-12-06 14:58:00,0
ACT0004420,O000723,S009,Email,2023-11-08 18:01:00,0
ACT0004421,O000723,S009,Demo,2023-09-30 18:42:00,111
ACT0004422,O000723,S009,Demo,2023-10-20 09:29:00,85
ACT0004423,O000723,S009,Email,2022-02-26 16:44:00,0
ACT0004424,O000723,S009,Call,2023-11-30 17:35:00,27
ACT0004425,O000723,S009,Email,2023-11-02 14:20:00,0
ACT0004426,O000723,S009,Call,2023-11-14 16:05:00,18
ACT0004427,O000723,S009,Demo,2023-10-14 14:14:00,87
ACT0004428,O000724,S033,Email,2025-06-10 08:55:00,0
ACT0004429,O000724,S033,Email,2025-05-09 17:12:00,0
ACT0004430,O000724,S033,Email,2025-05-27 18:51:00,0
ACT0004431,O000724,S033,Email,2025-04-06 09:02:00,0
ACT0004432,O000724,S033,Email,2025-06-14 10:47:00,0
ACT0004433,O000724,S033,Call,2025-04-12 15:58:00,13
ACT0004434,O000724,S033,Email,2025-04-30 18:04:00,0
ACT0004435,O000724,S033,Call,2025-05-27 08:28:00,20
ACT0004436,O000724,S033,Call,2025-04-26 09:40:00,29
ACT0004437,O000724,S033,Call,2025-04-09 12:09:00,11
ACT0004438,O000725,S033,Email,2023-04-06 12:42:00,0
ACT0004439,O000725,S033,Call,2023-04-06 08:16:00,42
ACT0004440,O000725,S033,Call,2023-04-06 17:31:00,24
ACT0004441,O000725,S033,Email,2023-04-09 15:59:00,0
ACT0004442,O000725,S033,Call,2023-04-12 12:36:00,8
ACT0004443,O000726,S009,Email,2025-03-12 13:27:00,0
ACT0004444,O000726,S009,Call,2025-01-24 17:58:00,18
ACT0004445,O000727,S018,Demo,2024-03-26 11:04:00,68
ACT0004446,O000727,S018,Demo,2024-02-28 11:33:00,112
ACT0004447,O000727,S018,Meeting,2024-03-16 09:53:00,33
ACT0004448,O000728,S023,Meeting,2023-09-24 16:40:00,63
ACT0004449,O000728,S023,Call,2023-09-21 10:22:00,29
ACT0004450,O000728,S023,Email,2023-09-26 17:27:00,0
ACT0004451,O000728,S023,Demo,2023-09-25 18:52:00,117
ACT0004452,O000728,S023,Demo,2023-09-23 16:42:00,53
ACT0004453,O000729,S032,Email,2024-12-16 12:12:00,0
ACT0004454,O000729,S032,Meeting,2024-12-07 08:40:00,68
ACT0004455,O000729,S032,Email,2024-12-25 10:15:00,0
ACT0004456,O000729,S032,Email,2024-11-28 13:14:00,0
ACT0004457,O000730,S011,Meeting,2025-04-20 16:32:00,75
ACT0004458,O000730,S011,Meeting,2025-05-02 11:13:00,49
ACT0004459,O000730,S011,Email,2025-04-25 10:43:00,0
ACT0004460,O000730,S011,Email,2025-04-20 11:30:00,0
ACT0004461,O000730,S011,Email,2025-04-19 11:08:00,0
ACT0004462,O000731,S033,Meeting,2025-06-25 11:32:00,70
ACT0004463,O000731,S033,Email,2025-06-28 17:33:00,0
ACT0004464,O000732,S022,Email,2023-10-10 14:11:00,0
ACT0004465,O000732,S022,Meeting,2023-10-11 12:29:00,89
ACT0004466,O000732,S022,Demo,2023-10-15 10:44:00,45
ACT0004467,O000732,S022,Email,2023-10-24 11:12:00,0
ACT0004468,O000733,S002,Call,2023-09-20 11:08:00,40
ACT0004469,O000733,S002,Call,2023-11-02 18:03:00,21
ACT0004470,O000733,S002,Email,2023-09-10 13:26:00,0
ACT0004471,O000733,S002,Call,2023-09-13 15:11:00,21
ACT0004472,O000733,S002,Call,2023-10-01 13:24:00,8
ACT0004473,O000733,S002,Call,2023-09-10 12:09:00,34
ACT0004474,O000734,S033,Demo,2025-03-27 13:31:00,86
ACT0004475,O000734,S033,Call,2025-03-01 09:51:00,24
ACT0004476,O000734,S033,Meeting,2025-04-19 11:36:00,36
ACT0004477,O000734,S033,Email,2025-03-20 09:40:00,0
ACT0004478,O000734,S033,Call,2025-03-23 08:59:00,44
ACT0004479,O000734,S033,Meeting,2025-03-18 12:13:00,53
ACT0004480,O000734,S033,Email,2025-02-08 18:27:00,0
ACT0004481,O000734,S033,Email,2025-04-21 16:10:00,0
ACT0004482,O000734,S033,Call,2025-03-16 08:16:00,13
ACT0004483,O000735,S012,Email,2025-05-02 17:35:00,0
ACT0004484,O000735,S012,Email,2025-05-21 17:49:00,0
ACT0004485,O000735,S012,Call,2025-05-14 14:11:00,35
ACT0004486,O000735,S012,Email,2025-05-02 09:44:00,0
ACT0004487,O000736,S029,Email,2023-04-29 08:17:00,0
ACT0004488,O000736,S029,Demo,2023-05-13 08:21:00,66
ACT0004489,O000736,S029,Call,2023-05-11 16:15:00,9
ACT0004490,O000736,S029,Meeting,2023-05-05 14:39:00,87
ACT0004491,O000736,S029,Email,2023-05-10 08:16:00,0
ACT0004492,O000736,S029,Meeting,2023-05-11 17:40:00,66
ACT0004493,O000736,S029,Email,2023-05-10 13:47:00,0
ACT0004494,O000737,S005,Email,2023-07-06 15:41:00,0
ACT0004495,O000737,S005,Email,2023-08-25 14:15:00,0
ACT0004496,O000737,S005,Email,2023-08-01 11:52:00,0
ACT0004497,O000737,S005,Email,2023-09-06 17:49:00,0
ACT0004498,O000737,S005,Email,2023-08-19 18:18:00,0
ACT0004499,O000737,S005,Call,2023-08-05 14:56:00,34
ACT0004500,O000737,S005,Email,2023-08-04 09:33:00,0
ACT0004501,O000737,S005,Call,2023-08-28 13:05:00,12
ACT0004502,O000738,S027,Meeting,2025-02-21 13:09:00,69
ACT0004503,O000738,S027,Call,2025-03-07 14:25:00,19
ACT0004504,O000738,S027,Email,2025-03-18 10:34:00,0
ACT0004505,O000738,S027,Call,2025-03-20 11:15:00,6
ACT0004506,O000738,S027,Meeting,2025-03-04 09:43:00,70
ACT0004507,O000738,S027,Email,2025-03-02 10:39:00,0
ACT0004508,O000738,S027,Call,2025-03-05 12:05:00,9
ACT0004509,O000739,S001,Meeting,2025-05-05 14:50:00,67
ACT0004510,O000739,S001,Call,2025-05-13 18:30:00,22
ACT0004511,O000739,S001,Email,2025-05-16 13:21:00,0
ACT0004512,O000739,S001,Demo,2025-05-17 08:14:00,119
ACT0004513,O000739,S001,Email,2025-05-05 13:55:00,0
ACT0004514,O000739,S001,Email,2025-05-04 17:31:00,0
ACT0004515,O000739,S001,Demo,2025-05-05 16:33:00,88
ACT0004516,O000740,S009,Meeting,2025-05-18 15:57:00,32
ACT0004517,O000740,S009,Demo,2025-05-02 14:00:00,94
ACT0004518,O000740,S009,Email,2025-05-10 15:08:00,0
ACT0004519,O000740,S009,Meeting,2025-06-07 10:18:00,77
ACT0004520,O000741,S037,Email,2025-03-13 10:17:00,0
ACT0004521,O000741,S037,Email,2025-03-22 13:13:00,0
ACT0004522,O000741,S037,Email,2025-03-16 08:31:00,0
ACT0004523,O000741,S037,Call,2025-03-20 14:33:00,43
ACT0004524,O000741,S037,Call,2025-03-18 12:23:00,10
ACT0004525,O000741,S037,Demo,2025-03-25 12:11:00,59
ACT0004526,O000741,S037,Demo,2025-03-25 11:37:00,112
ACT0004527,O000742,S023,Demo,2023-10-19 15:19:00,93
ACT0004528,O000742,S023,Email,2023-11-11 15:18:00,0
ACT0004529,O000742,S023,Email,2023-10-23 16:05:00,0
ACT0004530,O000743,S010,Meeting,2024-02-11 09:10:00,55
ACT0004531,O000743,S010,Email,2024-02-24 08:10:00,0
ACT0004532,O000743,S010,Call,2024-02-16 09:29:00,37
ACT0004533,O000743,S010,Call,2024-02-22 14:15:00,6
ACT0004534,O000744,S037,Email,2024-05-24 09:11:00,0
ACT0004535,O000744,S037,Email,2024-05-02 11:39:00,0
ACT0004536,O000744,S037,Meeting,2024-06-22 11:22:00,72
ACT0004537,O000744,S037,Call,2024-05-23 17:55:00,38
ACT0004538,O000745,S015,Email,2025-03-04 13:57:00,0
ACT0004539,O000745,S015,Call,2025-03-05 08:01:00,17
ACT0004540,O000745,S015,Call,2025-02-10 18:38:00,20
ACT0004541,O000745,S015,Meeting,2025-02-21 09:58:00,31
ACT0004542,O000745,S015,Email,2025-03-02 11:40:00,0
ACT0004543,O000745,S015,Call,2025-03-04 14:27:00,42
ACT0004544,O000745,S015,Call,2025-03-04 17:19:00,19
ACT0004545,O000745,S015,Email,2025-02-28 16:30:00,0
ACT0004546,O000745,S015,Call,2025-02-19 11:05:00,42
ACT0004547,O000745,S015,Email,2025-02-17 08:59:00,0
ACT0004548,O000746,S036,Email,2024-12-19 13:36:00,0
ACT0004549,O000746,S036,Call,2024-12-25 09:06:00,30
ACT0004550,O000746,S036,Call,2024-12-21 14:43:00,31
ACT0004551,O000746,S036,Email,2024-12-29 08:43:00,0
ACT0004552,O000747,S009,Meeting,2023-09-06 17:47:00,57
ACT0004553,O000747,S009,Meeting,2023-08-13 08:30:00,82
ACT0004554,O000747,S009,Call,2023-07-30 10:22:00,41
ACT0004555,O000748,S032,Meeting,2025-04-06 15:30:00,78
ACT0004556,O000748,S032,Meeting,2025-04-06 11:42:00,71
ACT0004557,O000748,S032,Demo,2025-04-08 08:50:00,104
ACT0004558,O000748,S032,Call,2025-04-03 16:42:00,16
ACT0004559,O000748,S032,Email,2025-04-07 17:08:00,0
ACT0004560,O000748,S032,Email,2025-04-07 14:12:00,0
ACT0004561,O000748,S032,Meeting,2025-04-14 11:59:00,43
ACT0004562,O000749,S032,Call,2023-01-22 15:27:00,24
ACT0004563,O000749,S032,Call,2023-02-04 12:05:00,20
ACT0004564,O000749,S032,Demo,2023-01-27 15:41:00,101
ACT0004565,O000749,S032,Call,2023-02-07 13:18:00,34
ACT0004566,O000749,S032,Demo,2023-01-09 13:59:00,53
ACT0004567,O000749,S032,Call,2023-01-14 08:23:00,10
ACT0004568,O000750,S040,Email,2024-03-27 10:52:00,0
ACT0004569,O000750,S040,Email,2024-04-08 12:29:00,0
ACT0004570,O000750,S040,Demo,2024-03-15 11:53:00,51
ACT0004571,O000750,S040,Call,2024-02-22 13:50:00,15
ACT0004572,O000751,S037,Email,2024-02-23 16:26:00,0
ACT0004573,O000751,S037,Email,2024-03-07 10:23:00,0
ACT0004574,O000751,S037,Email,2024-03-05 12:18:00,0
ACT0004575,O000751,S037,Call,2024-03-07 15:57:00,35
ACT0004576,O000751,S037,Email,2024-02-13 08:50:00,0
ACT0004577,O000751,S037,Call,2024-02-24 08:32:00,22
ACT0004578,O000752,S001,Email,2025-03-04 11:31:00,0
ACT0004579,O000752,S001,Call,2025-04-05 09:30:00,11
ACT0004580,O000752,S001,Email,2025-04-09 18:17:00,0
ACT0004581,O000752,S001,Meeting,2025-03-30 18:04:00,89
ACT0004582,O000752,S001,Email,2025-03-04 11:41:00,0
ACT0004583,O000752,S001,Demo,2025-04-11 09:08:00,60
ACT0004584,O000752,S001,Email,2025-04-04 14:23:00,0
ACT0004585,O000752,S001,Call,2025-03-01 12:31:00,12
ACT0004586,O000753,S032,Meeting,2025-05-11 13:43:00,31
ACT0004587,O000753,S032,Call,2025-04-09 11:14:00,31
ACT0004588,O000753,S032,Call,2025-04-18 15:30:00,17
ACT0004589,O000753,S032,Call,2025-04-16 13:27:00,44
ACT0004590,O000753,S032,Demo,2025-04-20 17:30:00,78
ACT0004591,O000753,S032,Email,2025-03-31 14:08:00,0
ACT0004592,O000753,S032,Demo,2025-04-02 12:23:00,54
ACT0004593,O000754,S016,Call,2025-02-27 11:59:00,26
ACT0004594,O000754,S016,Meeting,2025-04-25 13:21:00,36
ACT0004595,O000754,S016,Email,2025-02-05 09:27:00,0
ACT0004596,O000754,S016,Call,2025-01-12 17:54:00,26
ACT0004597,O000754,S016,Demo,2024-12-30 12:21:00,100
ACT0004598,O000755,S038,Meeting,2025-04-08 18:13:00,68
ACT0004599,O000755,S038,Call,2025-04-12 16:41:00,5
ACT0004600,O000756,S029,Meeting,2023-07-03 11:29:00,44
ACT0004601,O000756,S029,Meeting,2023-07-05 15:14:00,77
ACT0004602,O000756,S029,Demo,2023-05-27 12:03:00,119
ACT0004603,O000756,S029,Call,2023-05-22 14:56:00,32
ACT0004604,O000756,S029,Call,2023-06-28 09:29:00,6
ACT0004605,O000756,S029,Email,2023-06-03 11:41:00,0
ACT0004606,O000756,S029,Email,2023-05-28 10:49:00,0
ACT0004607,O000756,S029,Email,2023-05-23 09:44:00,0
ACT0004608,O000757,S032,Call,2025-02-24 13:41:00,23
ACT0004609,O000757,S032,Email,2025-02-26 11:35:00,0
ACT0004610,O000757,S032,Call,2025-02-15 09:20:00,27
ACT0004611,O000757,S032,Meeting,2025-03-16 09:19:00,37
ACT0004612,O000757,S032,Demo,2025-03-01 08:48:00,82
ACT0004613,O000758,S024,Meeting,2024-07-18 16:50:00,59
ACT0004614,O000758,S024,Call,2024-07-21 09:22:00,23
ACT0004615,O000759,S004,Email,2024-12-07 13:24:00,0
ACT0004616,O000759,S004,Call,2024-12-28 13:22:00,36
ACT0004617,O000759,S004,Email,2024-12-06 14:15:00,0
ACT0004618,O000759,S004,Call,2024-12-24 09:21:00,36
ACT0004619,O000760,S021,Email,2025-03-22 12:41:00,0
ACT0004620,O000760,S021,Call,2025-03-26 09:58:00,11
ACT0004621,O000760,S021,Meeting,2025-03-25 16:40:00,40
ACT0004622,O000760,S021,Call,2025-03-25 13:54:00,34
ACT0004623,O000760,S021,Email,2025-03-22 17:20:00,0
ACT0004624,O000760,S021,Email,2025-03-21 18:51:00,0
ACT0004625,O000760,S021,Email,2025-03-25 18:17:00,0
ACT0004626,O000760,S021,Email,2025-03-21 14:39:00,0
ACT0004627,O000760,S021,Demo,2025-03-23 18:14:00,47
ACT0004628,O000760,S021,Call,2025-03-21 18:45:00,37
ACT0004629,O000761,S009,Call,2023-06-01 18:31:00,34
ACT0004630,O000761,S009,Call,2023-05-26 14:11:00,39
ACT0004631,O000761,S009,Email,2023-05-11 18:37:00,0
ACT0004632,O000761,S009,Call,2023-06-07 08:50:00,39
ACT0004633,O000761,S009,Call,2023-05-04 15:29:00,33
ACT0004634,O000762,S040,Email,2023-07-22 09:33:00,0
ACT0004635,O000762,S040,Demo,2023-06-01 16:36:00,61
ACT0004636,O000762,S040,Call,2023-06-10 14:24:00,11
ACT0004637,O000762,S040,Demo,2023-07-07 13:07:00,109
ACT0004638,O000762,S040,Email,2023-06-03 12:33:00,0
ACT0004639,O000762,S040,Call,2023-06-14 11:59:00,17
ACT0004640,O000762,S040,Demo,2023-07-02 08:00:00,107
ACT0004641,O000763,S005,Email,2023-04-26 11:00:00,0
ACT0004642,O000763,S005,Email,2023-04-22 10:58:00,0
ACT0004643,O000763,S005,Call,2023-04-19 08:26:00,20
ACT0004644,O000763,S005,Email,2023-03-30 15:12:00,0
ACT0004645,O000763,S005,Email,2023-04-17 17:43:00,0
ACT0004646,O000764,S010,Email,2023-07-04 15:56:00,0
ACT0004647,O000764,S010,Call,2023-06-03 08:03:00,21
ACT0004648,O000764,S010,Email,2023-05-25 14:38:00,0
ACT0004649,O000764,S010,Email,2023-06-25 18:12:00,0
ACT0004650,O000764,S010,Call,2023-07-11 11:26:00,8
ACT0004651,O000764,S010,Email,2023-07-05 14:23:00,0
ACT0004652,O000764,S010,Email,2023-06-29 13:54:00,0
ACT0004653,O000765,S034,Demo,2024-08-26 09:18:00,95
ACT0004654,O000765,S034,Meeting,2024-08-24 14:03:00,59
ACT0004655,O000765,S034,Email,2024-08-23 11:27:00,0
ACT0004656,O000765,S034,Call,2024-09-09 17:20:00,21
ACT0004657,O000765,S034,Email,2024-08-27 18:57:00,0
ACT0004658,O000765,S034,Email,2024-09-09 10:07:00,0
ACT0004659,O000765,S034,Call,2024-08-26 18:51:00,23
ACT0004660,O000765,S034,Email,2024-09-14 08:37:00,0
ACT0004661,O000765,S034,Call,2024-09-08 10:17:00,24
ACT0004662,O000766,S002,Email,2025-05-21 12:06:00,0
ACT0004663,O000766,S002,Email,2025-05-28 09:05:00,0
ACT0004664,O000766,S002,Call,2025-06-08 12:08:00,22
ACT0004665,O000766,S002,Meeting,2025-05-26 15:45:00,45
ACT0004666,O000767,S030,Email,2024-08-13 08:45:00,0
ACT0004667,O000767,S030,Meeting,2024-08-15 10:24:00,66
ACT0004668,O000767,S030,Call,2024-08-11 08:04:00,5
ACT0004669,O000767,S030,Call,2024-08-15 15:39:00,5
ACT0004670,O000767,S030,Email,2024-08-09 18:44:00,0
ACT0004671,O000768,S010,Email,2025-03-27 17:14:00,0
ACT0004672,O000768,S010,Call,2025-04-15 16:33:00,8
ACT0004673,O000768,S010,Email,2025-03-14 15:19:00,0
ACT0004674,O000768,S010,Call,2025-03-18 11:21:00,8
ACT0004675,O000769,S019,Meeting,2023-05-09 08:44:00,43
ACT0004676,O000769,S019,Call,2023-04-11 16:17:00,40
ACT0004677,O000769,S019,Call,2023-04-15 11:48:00,42
ACT0004678,O000769,S019,Meeting,2023-04-23 13:27:00,82
ACT0004679,O000769,S019,Meeting,2023-04-08 18:20:00,85
ACT0004680,O000769,S019,Meeting,2023-04-21 16:52:00,36
ACT0004681,O000769,S019,Call,2023-04-25 09:42:00,27
ACT0004682,O000770,S004,Call,2024-11-24 09:00:00,5
ACT0004683,O000770,S004,Email,2024-10-20 14:28:00,0
ACT0004684,O000770,S004,Email,2024-10-07 10:55:00,0
ACT0004685,O000770,S004,Email,2024-11-19 12:40:00,0
ACT0004686,O000770,S004,Meeting,2024-12-21 15:22:00,74
ACT0004687,O000771,S005,Email,2024-10-26 14:19:00,0
ACT0004688,O000771,S005,Email,2024-11-07 18:23:00,0
ACT0004689,O000771,S005,Email,2024-10-13 18:53:00,0
ACT0004690,O000771,S005,Call,2024-09-22 13:30:00,24
ACT0004691,O000771,S005,Call,2024-09-02 11:54:00,44
ACT0004692,O000772,S006,Email,2024-01-27 16:50:00,0
ACT0004693,O000772,S006,Email,2024-01-26 09:05:00,0
ACT0004694,O000772,S006,Email,2022-03-25 10:49:00,0
ACT0004695,O000772,S006,Email,2024-01-18 08:05:00,0
ACT0004696,O000772,S006,Call,2024-01-29 09:54:00,23
ACT0004697,O000772,S006,Call,2024-01-13 17:05:00,33
ACT0004698,O000773,S019,Meeting,2024-08-15 11:06:00,56
ACT0004699,O000773,S019,Call,2024-07-21 18:57:00,18
ACT0004700,O000773,S019,Email,2024-09-24 11:14:00,0
ACT0004701,O000773,S019,Call,2024-08-23 18:24:00,10
ACT0004702,O000773,S019,Email,2024-07-25 15:07:00,0
ACT0004703,O000773,S019,Demo,2024-09-05 16:26:00,76
ACT0004704,O000774,S028,Meeting,2025-03-05 09:28:00,74
ACT0004705,O000774,S028,Meeting,2025-03-13 13:58:00,42
ACT0004706,O000774,S028,Demo,2025-03-05 12:16:00,50
ACT0004707,O000774,S028,Call,2025-02-25 17:42:00,22
ACT0004708,O000774,S028,Call,2025-03-18 18:19:00,32
ACT0004709,O000774,S028,Demo,2025-03-21 14:33:00,56
ACT0004710,O000775,S008,Demo,2024-01-15 14:46:00,104
ACT0004711,O000775,S008,Call,2024-01-09 15:47:00,40
ACT0004712,O000775,S008,Call,2024-01-09 10:03:00,5
ACT0004713,O000775,S008,Call,2024-01-12 14:10:00,14
ACT0004714,O000775,S008,Demo,2024-01-13 09:06:00,59
ACT0004715,O000775,S008,Demo,2024-01-13 14:53:00,73
ACT0004716,O000776,S040,Email,2024-07-22 08:44:00,0
ACT0004717,O000776,S040,Call,2024-08-04 11:24:00,25
ACT0004718,O000776,S040,Call,2024-06-29 10:38:00,20
ACT0004719,O000776,S040,Demo,2024-09-18 18:58:00,49
ACT0004720,O000776,S040,Call,2024-10-11 15:28:00,31
ACT0004721,O000776,S040,Meeting,2024-10-10 15:43:00,43
ACT0004722,O000777,S017,Email,2025-06-28 09:39:00,0
ACT0004723,O000777,S017,Email,2025-06-28 17:05:00,0
ACT0004724,O000777,S017,Meeting,2025-06-29 13:20:00,89
ACT0004725,O000778,S039,Call,2023-09-18 09:52:00,40
ACT0004726,O000778,S039,Meeting,2023-09-18 18:42:00,38
ACT0004727,O000778,S039,Email,2023-10-13 08:04:00,0
ACT0004728,O000779,S001,Email,2023-01-30 12:10:00,0
ACT0004729,O000779,S001,Call,2023-02-15 09:13:00,17
ACT0004730,O000779,S001,Call,2023-03-09 17:58:00,31
ACT0004731,O000779,S001,Email,2023-01-13 16:43:00,0
ACT0004732,O000779,S001,Call,2023-02-19 15:23:00,30
ACT0004733,O000779,S001,Email,2023-02-27 16:37:00,0
ACT0004734,O000779,S001,Call,2023-01-06 17:42:00,43
ACT0004735,O000779,S001,Email,2023-03-25 17:33:00,0
ACT0004736,O000779,S001,Call,2023-03-10 17:59:00,39
ACT0004737,O000780,S023,Email,2025-06-24 12:31:00,0
ACT0004738,O000780,S023,Meeting,2025-06-18 08:25:00,73
ACT0004739,O000780,S023,Email,2025-06-24 17:38:00,0
ACT0004740,O000780,S023,Email,2025-06-19 18:07:00,0
ACT0004741,O000781,S012,Email,2025-05-19 10:01:00,0
ACT0004742,O000781,S012,Demo,2025-05-01 10:17:00,62
ACT0004743,O000781,S012,Email,2025-06-07 10:26:00,0
ACT0004744,O000781,S012,Call,2025-05-28 14:32:00,7
ACT0004745,O000781,S012,Call,2025-05-01 15:12:00,10
ACT0004746,O000781,S012,Call,2025-05-05 11:23:00,33
ACT0004747,O000782,S024,Call,2025-06-22 14:29:00,44
ACT0004748,O000782,S024,Email,2025-06-29 13:57:00,0
ACT0004749,O000783,S030,Call,2025-06-15 12:53:00,23
ACT0004750,O000783,S030,Email,2025-05-29 13:46:00,0
ACT0004751,O000783,S030,Meeting,2025-06-15 17:19:00,36
ACT0004752,O000783,S030,Demo,2025-06-13 15:11:00,61
ACT0004753,O000783,S030,Meeting,2025-06-08 11:30:00,38
ACT0004754,O000784,S025,Call,2025-03-17 12:36:00,39
ACT0004755,O000784,S025,Email,2025-05-01 15:42:00,0
ACT0004756,O000784,S025,Call,2025-04-23 18:10:00,8
ACT0004757,O000784,S025,Email,2025-04-11 09:19:00,0
ACT0004758,O000784,S025,Call,2025-04-23 18:16:00,39
ACT0004759,O000784,S025,Demo,2025-05-08 10:46:00,79
ACT0004760,O000784,S025,Call,2025-05-19 13:21:00,8
ACT0004761,O000784,S025,Meeting,2025-03-27 17:57:00,46
ACT0004762,O000784,S025,Call,2025-05-19 17:08:00,28
ACT0004763,O000784,S025,Call,2025-04-22 13:18:00,23
ACT0004764,O000784,S025,Meeting,2025-05-04 09:30:00,58
ACT0004765,O000784,S025,Meeting,2025-03-08 13:57:00,83
ACT0004766,O000784,S025,Call,2025-04-07 16:30:00,44
ACT0004767,O000785,S011,Email,2023-05-22 16:55:00,0
ACT0004768,O000785,S011,Demo,2023-06-09 12:08:00,76
ACT0004769,O000785,S011,Email,2023-05-24 16:32:00,0
ACT0004770,O000785,S011,Meeting,2023-05-16 12:05:00,73
ACT0004771,O000785,S011,Demo,2023-06-06 18:17:00,64
ACT0004772,O000785,S011,Meeting,2023-06-09 09:31:00,75
ACT0004773,O000785,S011,Demo,2023-06-10 14:07:00,47
ACT0004774,O000786,S027,Demo,2023-09-17 17:39:00,111
ACT0004775,O000786,S027,Email,2023-09-06 11:55:00,0
ACT0004776,O000786,S027,Email,2023-09-11 11:41:00,0
ACT0004777,O000786,S027,Meeting,2023-09-06 08:03:00,34
ACT0004778,O000787,S033,Email,2024-04-21 14:28:00,0
ACT0004779,O000787,S033,Call,2024-04-12 09:52:00,24
ACT0004780,O000787,S033,Email,2024-05-03 13:57:00,0
ACT0004781,O000787,S033,Email,2024-05-09 14:26:00,0
ACT0004782,O000787,S033,Call,2024-04-14 14:48:00,15
ACT0004783,O000787,S033,Email,2024-04-17 14:09:00,0
ACT0004784,O000787,S033,Email,2024-05-07 16:37:00,0
ACT0004785,O000787,S033,Demo,2024-05-27 16:44:00,65
ACT0004786,O000787,S033,Meeting,2024-04-17 16:01:00,57
ACT0004787,O000788,S016,Demo,2025-03-27 09:16:00,58
ACT0004788,O000788,S016,Call,2025-05-18 08:24:00,8
ACT0004789,O000788,S016,Email,2025-04-13 10:20:00,0
ACT0004790,O000788,S016,Meeting,2025-05-10 13:52:00,86
ACT0004791,O000789,S008,Demo,2024-07-06 18:49:00,107
ACT0004792,O000789,S008,Demo,2024-07-06 17:22:00,76
ACT0004793,O000789,S008,Email,2024-07-04 15:02:00,0
ACT0004794,O000789,S008,Email,2024-07-08 14:52:00,0
ACT0004795,O000789,S008,Call,2024-07-04 16:34:00,28
ACT0004796,O000789,S008,Email,2024-07-04 15:12:00,0
ACT0004797,O000789,S008,Meeting,2024-07-10 10:51:00,56
ACT0004798,O000790,S040,Meeting,2024-03-29 14:58:00,41
ACT0004799,O000790,S040,Demo,2024-04-22 11:19:00,116
ACT0004800,O000790,S040,Email,2024-05-11 10:47:00,0
ACT0004801,O000790,S040,Email,2024-03-30 10:45:00,0
ACT0004802,O000790,S040,Email,2024-05-15 11:46:00,0
ACT0004803,O000790,S040,Call,2024-04-02 16:13:00,5
ACT0004804,O000791,S027,Demo,2025-05-03 09:23:00,96
ACT0004805,O000791,S027,Meeting,2025-05-12 13:23:00,60
ACT0004806,O000792,S038,Email,2023-04-17 08:18:00,0
ACT0004807,O000792,S038,Call,2023-04-17 18:21:00,36
ACT0004808,O000792,S038,Email,2023-03-29 17:15:00,0
ACT0004809,O000792,S038,Demo,2023-02-14 08:12:00,52
ACT0004810,O000792,S038,Email,2023-02-02 17:24:00,0
ACT0004811,O000793,S036,Demo,2025-02-21 15:40:00,101
ACT0004812,O000793,S036,Meeting,2025-02-13 16:27:00,37
ACT0004813,O000793,S036,Email,2025-03-01 14:27:00,0
ACT0004814,O000793,S036,Email,2025-01-20 16:22:00,0
ACT0004815,O000793,S036,Call,2025-01-17 14:44:00,43
ACT0004816,O000794,S018,Call,2025-04-27 18:25:00,38
ACT0004817,O000794,S018,Email,2025-04-23 11:36:00,0
ACT0004818,O000794,S018,Demo,2025-05-02 12:33:00,57
ACT0004819,O000794,S018,Meeting,2025-05-11 08:49:00,32
ACT0004820,O000794,S018,Call,2025-04-21 09:14:00,17
ACT0004821,O000794,S018,Call,2025-05-04 11:26:00,11
ACT0004822,O000794,S018,Email,2025-04-25 10:07:00,0
ACT0004823,O000794,S018,Call,2025-04-23 12:17:00,9
ACT0004824,O000794,S018,Meeting,2025-05-04 09:07:00,30
ACT0004825,O000794,S018,Call,2025-04-24 09:27:00,14
ACT0004826,O000795,S034,Email,2025-04-25 17:36:00,0
ACT0004827,O000795,S034,Call,2025-04-08 13:27:00,41
ACT0004828,O000795,S034,Call,2025-03-19 13:14:00,27
ACT0004829,O000795,S034,Email,2025-03-13 08:47:00,0
ACT0004830,O000796,S021,Email,2024-10-05 15:55:00,0
ACT0004831,O000796,S021,Call,2024-10-08 10:36:00,14
ACT0004832,O000796,S021,Call,2024-10-08 10:42:00,14
ACT0004833,O000796,S021,Email,2024-08-29 15:54:00,0
ACT0004834,O000796,S021,Call,2024-08-13 16:22:00,38
ACT0004835,O000796,S021,Meeting,2024-08-18 15:26:00,60
ACT0004836,O000797,S029,Call,2025-04-16 11:49:00,17
ACT0004837,O000797,S029,Email,2025-04-04 11:47:00,0
ACT0004838,O000797,S029,Meeting,2025-04-15 14:39:00,70
ACT0004839,O000797,S029,Email,2025-04-15 08:15:00,0
ACT0004840,O000797,S029,Demo,2025-04-18 16:04:00,71
ACT0004841,O000797,S029,Demo,2025-04-07 16:25:00,80
ACT0004842,O000797,S029,Call,2025-04-08 18:44:00,27
ACT0004843,O000797,S029,Call,2025-04-11 13:55:00,25
ACT0004844,O000798,S035,Meeting,2023-07-11 17:39:00,52
ACT0004845,O000798,S035,Demo,2023-08-02 14:20:00,106
ACT0004846,O000798,S035,Call,2023-07-26 18:51:00,12
ACT0004847,O000798,S035,Call,2023-07-04 11:42:00,25
ACT0004848,O000798,S035,Email,2023-07-19 12:40:00,0
ACT0004849,O000798,S035,Demo,2023-07-27 17:58:00,80
ACT0004850,O000798,S035,Call,2023-07-14 10:17:00,16
ACT0004851,O000799,S016,Call,2023-07-06 18:18:00,24
ACT0004852,O000799,S016,Email,2023-07-01 14:24:00,0
ACT0004853,O000799,S016,Email,2023-05-27 18:24:00,0
ACT0004854,O000799,S016,Meeting,2023-05-27 10:20:00,65
ACT0004855,O000799,S016,Call,2023-05-21 11:49:00,30
ACT0004856,O000799,S016,Email,2023-06-28 12:48:00,0
ACT0004857,O000799,S016,Call,2023-06-01 11:02:00,8
ACT0004858,O000799,S016,Call,2023-06-19 10:57:00,12
ACT0004859,O000800,S014,Email,2025-06-10 15:56:00,0
ACT0004860,O000801,S020,Call,2023-08-19 08:42:00,41
ACT0004861,O000801,S020,Meeting,2023-08-30 18:17:00,46
ACT0004862,O000801,S020,Call,2023-08-17 15:42:00,13
ACT0004863,O000801,S020,Call,2023-08-18 12:05:00,7
ACT0004864,O000801,S020,Call,2023-09-04 16:18:00,21
ACT0004865,O000801,S020,Call,2023-09-19 14:16:00,12
ACT0004866,O000801,S020,Email,2023-09-26 15:49:00,0
ACT0004867,O000802,S013,Meeting,2024-07-23 11:39:00,58
ACT0004868,O000802,S013,Call,2024-09-04 13:04:00,32
ACT0004869,O000802,S013,Email,2024-08-17 17:03:00,0
ACT0004870,O000802,S013,Email,2024-08-31 13:02:00,0
ACT0004871,O000802,S013,Meeting,2024-07-13 12:57:00,75
ACT0004872,O000802,S013,Call,2024-09-28 14:25:00,43
ACT0004873,O000802,S013,Meeting,2024-10-02 14:08:00,81
ACT0004874,O000802,S013,Call,2024-10-13 12:48:00,27
ACT0004875,O000802,S013,Call,2024-06-26 18:08:00,6
ACT0004876,O000803,S022,Email,2023-04-22 17:12:00,0
ACT0004877,O000803,S022,Meeting,2023-04-26 15:03:00,63
ACT0004878,O000803,S022,Call,2023-04-29 13:42:00,28
ACT0004879,O000803,S022,Email,2023-04-26 15:00:00,0
ACT0004880,O000803,S022,Call,2023-04-28 10:46:00,14
ACT0004881,O000804,S031,Call,2024-04-16 17:11:00,7
ACT0004882,O000804,S031,Demo,2024-04-19 11:12:00,67
ACT0004883,O000804,S031,Call,2024-06-05 11:04:00,17
ACT0004884,O000804,S031,Call,2024-05-05 14:00:00,32
ACT0004885,O000804,S031,Call,2024-05-17 15:26:00,40
ACT0004886,O000804,S031,Meeting,2024-06-07 09:52:00,68
ACT0004887,O000805,S013,Email,2025-05-31 18:53:00,0
ACT0004888,O000805,S013,Call,2025-06-06 15:32:00,15
ACT0004889,O000806,S011,Email,2023-05-16 18:57:00,0
ACT0004890,O000806,S011,Email,2023-04-20 11:15:00,0
ACT0004891,O000806,S011,Call,2023-04-26 18:46:00,11
ACT0004892,O000806,S011,Email,2023-04-02 13:33:00,0
ACT0004893,O000806,S011,Call,2023-03-15 18:16:00,7
ACT0004894,O000806,S011,Email,2023-05-13 10:11:00,0
ACT0004895,O000807,S039,Email,2025-06-11 13:47:00,0
ACT0004896,O000808,S035,Call,2023-05-07 11:28:00,22
ACT0004897,O000808,S035,Email,2023-05-04 15:15:00,0
ACT0004898,O000808,S035,Email,2023-03-30 08:45:00,0
ACT0004899,O000808,S035,Email,2023-04-29 10:45:00,0
ACT0004900,O000808,S035,Call,2023-06-07 18:54:00,6
ACT0004901,O000808,S035,Email,2023-05-25 13:37:00,0
ACT0004902,O000808,S035,Meeting,2023-04-12 18:57:00,50
ACT0004903,O000808,S035,Email,2023-04-13 14:55:00,0
ACT0004904,O000808,S035,Call,2023-05-19 15:31:00,13
ACT0004905,O000809,S039,Meeting,2023-03-08 09:50:00,34
ACT0004906,O000809,S039,Email,2023-04-11 08:34:00,0
ACT0004907,O000809,S039,Email,2023-04-22 09:16:00,0
ACT0004908,O000809,S039,Call,2023-05-09 08:13:00,34
ACT0004909,O000810,S002,Email,2025-06-20 12:31:00,0
ACT0004910,O000811,S022,Meeting,2025-04-26 11:33:00,50
ACT0004911,O000811,S022,Call,2025-04-22 14:15:00,22
ACT0004912,O000811,S022,Demo,2025-06-14 10:26:00,88
ACT0004913,O000812,S005,Email,2025-02-26 16:44:00,0
ACT0004914,O000812,S005,Email,2025-03-18 12:02:00,0
ACT0004915,O000812,S005,Call,2025-02-04 16:29:00,37
ACT0004916,O000812,S005,Email,2025-05-07 14:15:00,0
ACT0004917,O000812,S005,Call,2024-12-12 16:34:00,7
ACT0004918,O000812,S005,Email,2024-12-24 13:44:00,0
ACT0004919,O000812,S005,Demo,2025-02-22 13:15:00,51
ACT0004920,O000813,S016,Email,2025-05-22 10:10:00,0
ACT0004921,O000813,S016,Email,2025-05-14 09:57:00,0
ACT0004922,O000813,S016,Email,2025-05-22 17:31:00,0
ACT0004923,O000813,S016,Meeting,2025-04-20 18:24:00,63
ACT0004924,O000813,S016,Email,2025-05-28 08:27:00,0
ACT0004925,O000813,S016,Meeting,2025-06-07 17:39:00,81
ACT0004926,O000813,S016,Demo,2025-05-12 14:19:00,70
ACT0004927,O000813,S016,Email,2025-06-09 13:40:00,0
ACT0004928,O000813,S016,Email,2025-05-10 16:58:00,0
ACT0004929,O000814,S036,Email,2024-12-02 08:07:00,0
ACT0004930,O000814,S036,Email,2024-12-01 11:38:00,0
ACT0004931,O000814,S036,Demo,2024-11-28 14:05:00,72
ACT0004932,O000814,S036,Email,2024-11-30 10:40:00,0
ACT0004933,O000814,S036,Email,2024-11-18 09:37:00,0
ACT0004934,O000814,S036,Meeting,2024-12-02 09:23:00,45
ACT0004935,O000814,S036,Call,2024-12-13 09:07:00,40
ACT0004936,O000814,S036,Email,2024-11-18 16:51:00,0
ACT0004937,O000814,S036,Meeting,2024-12-22 17:14:00,35
ACT0004938,O000815,S003,Email,2024-03-14 10:26:00,0
ACT0004939,O000815,S003,Email,2024-04-07 16:36:00,0
ACT0004940,O000816,S023,Email,2024-09-15 10:24:00,0
ACT0004941,O000816,S023,Call,2024-08-06 18:42:00,22
ACT0004942,O000816,S023,Email,2024-08-25 15:08:00,0
ACT0004943,O000816,S023,Demo,2024-09-24 17:36:00,67
ACT0004944,O000816,S023,Call,2024-09-18 18:28:00,43
ACT0004945,O000817,S011,Email,2024-07-01 17:58:00,0
ACT0004946,O000817,S011,Email,2024-05-29 11:23:00,0
ACT0004947,O000817,S011,Call,2024-08-17 11:30:00,40
ACT0004948,O000817,S011,Email,2024-07-01 09:25:00,0
ACT0004949,O000818,S023,Call,2024-12-29 08:37:00,5
ACT0004950,O000818,S023,Email,2025-01-07 10:22:00,0
ACT0004951,O000818,S023,Email,2025-01-10 12:23:00,0
ACT0004952,O000818,S023,Email,2024-12-26 08:33:00,0
ACT0004953,O000818,S023,Call,2024-12-29 14:14:00,36
ACT0004954,O000819,S035,Email,2024-02-09 15:22:00,0
ACT0004955,O000819,S035,Call,2024-01-01 12:56:00,15
ACT0004956,O000819,S035,Demo,2024-01-12 11:44:00,100
ACT0004957,O000819,S035,Demo,2023-12-30 15:02:00,62
ACT0004958,O000819,S035,Call,2023-12-25 18:33:00,43
ACT0004959,O000819,S035,Meeting,2024-01-21 11:11:00,83
ACT0004960,O000819,S035,Email,2024-01-17 08:14:00,0
ACT0004961,O000819,S035,Email,2023-12-28 08:48:00,0
ACT0004962,O000820,S013,Call,2025-06-05 18:19:00,37
ACT0004963,O000820,S013,Demo,2025-04-23 17:17:00,99
ACT0004964,O000820,S013,Call,2025-03-12 16:07:00,15
ACT0004965,O000820,S013,Meeting,2025-05-02 09:43:00,40
ACT0004966,O000820,S013,Call,2025-05-13 08:05:00,37
ACT0004967,O000820,S013,Email,2025-05-05 17:32:00,0
ACT0004968,O000820,S013,Call,2025-03-20 09:03:00,36
ACT0004969,O000820,S013,Email,2025-04-30 11:47:00,0
ACT0004970,O000820,S013,Email,2025-05-08 16:44:00,0
ACT0004971,O000820,S013,Email,2025-04-27 17:17:00,0
ACT0004972,O000821,S023,Meeting,2024-02-21 18:37:00,82
ACT0004973,O000821,S023,Call,2024-02-22 14:59:00,31
ACT0004974,O000821,S023,Meeting,2024-03-03 18:58:00,46
ACT0004975,O000821,S023,Call,2024-03-04 08:57:00,17
ACT0004976,O000821,S023,Email,2024-02-18 13:42:00,0
ACT0004977,O000821,S023,Demo,2024-03-01 10:47:00,108
ACT0004978,O000822,S037,Meeting,2024-08-30 11:27:00,87
ACT0004979,O000822,S037,Meeting,2024-09-22 12:29:00,49
ACT0004980,O000822,S037,Email,2024-09-11 18:58:00,0
ACT0004981,O000822,S037,Meeting,2024-09-06 10:36:00,54
ACT0004982,O000822,S037,Email,2024-09-16 17:38:00,0
ACT0004983,O000822,S037,Call,2024-09-20 15:13:00,12
ACT0004984,O000823,S010,Email,2023-04-27 18:53:00,0
ACT0004985,O000823,S010,Meeting,2023-04-30 16:27:00,49
ACT0004986,O000823,S010,Call,2023-05-04 16:12:00,29
ACT0004987,O000823,S010,Demo,2023-05-01 12:34:00,50
ACT0004988,O000823,S010,Call,2023-05-03 13:34:00,42
ACT0004989,O000824,S020,Call,2023-03-20 17:23:00,34
ACT0004990,O000824,S020,Email,2023-03-19 12:06:00,0
ACT0004991,O000824,S020,Email,2023-03-17 11:53:00,0
ACT0004992,O000824,S020,Call,2023-03-19 15:59:00,26
ACT0004993,O000824,S020,Call,2023-03-27 13:45:00,34
ACT0004994,O000824,S020,Email,2023-03-27 14:14:00,0
ACT0004995,O000825,S032,Meeting,2024-07-06 09:41:00,61
ACT0004996,O000825,S032,Email,2024-08-04 18:42:00,0
ACT0004997,O000825,S032,Meeting,2024-06-26 08:04:00,82
ACT0004998,O000825,S032,Call,2024-08-15 15:12:00,29
ACT0004999,O000825,S032,Meeting,2024-05-28 15:31:00,45
ACT0005000,O000826,S015,Call,2024-03-06 11:19:00,40
ACT0005001,O000826,S015,Email,2024-06-13 11:44:00,0
ACT0005002,O000826,S015,Call,2024-05-02 08:58:00,32
ACT0005003,O000826,S015,Call,2024-05-03 18:22:00,33
ACT0005004,O000826,S015,Email,2024-05-26 18:43:00,0
ACT0005005,O000826,S015,Email,2024-05-24 12:41:00,0
ACT0005006,O000826,S015,Meeting,2024-02-29 17:45:00,89
ACT0005007,O000826,S015,Email,2024-06-29 17:01:00,0
ACT0005008,O000826,S015,Call,2024-05-15 10:57:00,33
ACT0005009,O000827,S016,Email,2024-02-02 10:30:00,0
ACT0005010,O000827,S016,Call,2024-06-03 08:18:00,33
ACT0005011,O000827,S016,Call,2024-02-14 13:30:00,38
ACT0005012,O000827,S016,Demo,2024-05-29 09:39:00,84
ACT0005013,O000827,S016,Email,2024-04-19 13:55:00,0
ACT0005014,O000828,S016,Call,2024-03-24 15:39:00,19
ACT0005015,O000828,S016,Meeting,2024-03-25 08:15:00,33
ACT0005016,O000828,S016,Call,2024-03-24 10:44:00,21
ACT0005017,O000828,S016,Call,2024-04-14 18:28:00,29
ACT0005018,O000828,S016,Call,2024-04-17 09:22:00,17
ACT0005019,O000828,S016,Meeting,2024-04-01 10:29:00,52
ACT0005020,O000828,S016,Call,2024-04-21 18:36:00,32
ACT0005021,O000828,S016,Call,2024-04-07 08:15:00,26
ACT0005022,O000828,S016,Email,2024-03-25 16:35:00,0
ACT0005023,O000829,S026,Email,2024-09-04 14:10:00,0
ACT0005024,O000829,S026,Call,2024-09-01 09:54:00,43
ACT0005025,O000829,S026,Email,2024-09-03 09:18:00,0
ACT0005026,O000829,S026,Call,2024-08-31 12:33:00,9
ACT0005027,O000829,S026,Call,2024-09-08 13:20:00,40
ACT0005028,O000829,S026,Meeting,2024-09-04 18:48:00,76
ACT0005029,O000830,S022,Email,2025-05-06 16:28:00,0
ACT0005030,O000830,S022,Email,2025-05-17 14:32:00,0
ACT0005031,O000830,S022,Email,2025-05-17 17:55:00,0
ACT0005032,O000830,S022,Call,2025-05-13 14:36:00,27
ACT0005033,O000830,S022,Email,2025-05-07 08:00:00,0
ACT0005034,O000831,S028,Email,2025-06-16 13:10:00,0
ACT0005035,O000831,S028,Email,2025-06-24 09:16:00,0
ACT0005036,O000831,S028,Call,2025-06-29 17:16:00,8
ACT0005037,O000831,S028,Demo,2025-06-04 18:33:00,109
ACT0005038,O000831,S028,Call,2025-06-19 09:41:00,22
ACT0005039,O000832,S009,Call,2025-05-16 10:13:00,29
ACT0005040,O000832,S009,Email,2025-05-23 13:29:00,0
ACT0005041,O000832,S009,Call,2025-05-29 13:49:00,42
ACT0005042,O000832,S009,Email,2025-05-28 16:29:00,0
ACT0005043,O000833,S025,Email,2024-06-25 08:36:00,0
ACT0005044,O000833,S025,Call,2024-06-30 15:28:00,22
ACT0005045,O000833,S025,Demo,2024-05-30 17:28:00,75
ACT0005046,O000833,S025,Demo,2024-07-03 18:17:00,63
ACT0005047,O000834,S026,Email,2025-02-19 17:51:00,0
ACT0005048,O000834,S026,Call,2025-02-24 18:32:00,16
ACT0005049,O000834,S026,Meeting,2025-02-23 18:48:00,58
ACT0005050,O000834,S026,Demo,2025-03-01 11:56:00,60
ACT0005051,O000834,S026,Call,2025-02-20 14:54:00,34
ACT0005052,O000834,S026,Email,2025-03-07 15:08:00,0
ACT0005053,O000834,S026,Email,2025-02-12 17:28:00,0
ACT0005054,O000834,S026,Call,2025-02-23 15:29:00,7
ACT0005055,O000835,S022,Call,2025-04-23 10:17:00,7
ACT0005056,O000835,S022,Meeting,2025-04-26 11:27:00,78
ACT0005057,O000835,S022,Email,2025-04-23 12:47:00,0
ACT0005058,O000835,S022,Demo,2025-04-29 15:42:00,105
ACT0005059,O000835,S022,Call,2025-04-19 14:29:00,25
ACT0005060,O000835,S022,Email,2025-05-08 10:30:00,0
ACT0005061,O000835,S022,Call,2025-04-29 16:25:00,40
ACT0005062,O000835,S022,Demo,2025-04-25 09:58:00,58
ACT0005063,O000836,S033,Email,2023-01-27 09:15:00,0
ACT0005064,O000836,S033,Call,2023-01-27 13:18:00,32
ACT0005065,O000836,S033,Meeting,2023-01-31 18:24:00,63
ACT0005066,O000836,S033,Call,2023-01-22 18:43:00,7
ACT0005067,O000836,S033,Meeting,2023-01-28 17:56:00,79
ACT0005068,O000836,S033,Email,2023-01-17 10:27:00,0
ACT0005069,O000836,S033,Email,2023-01-28 18:24:00,0
ACT0005070,O000836,S033,Email,2023-01-20 08:38:00,0
ACT0005071,O000837,S036,Email,2023-05-09 18:14:00,0
ACT0005072,O000837,S036,Call,2023-04-30 08:43:00,33
ACT0005073,O000837,S036,Meeting,2023-05-09 12:24:00,48
ACT0005074,O000837,S036,Email,2023-04-26 11:28:00,0
ACT0005075,O000837,S036,Call,2023-04-27 16:24:00,29
ACT0005076,O000837,S036,Email,2023-05-04 10:27:00,0
ACT0005077,O000837,S036,Call,2023-05-12 15:09:00,15
ACT0005078,O000837,S036,Call,2023-05-09 09:37:00,44
ACT0005079,O000838,S011,Meeting,2023-04-04 11:46:00,72
ACT0005080,O000838,S011,Call,2023-03-14 16:06:00,13
ACT0005081,O000838,S011,Email,2023-03-02 16:07:00,0
ACT0005082,O000838,S011,Call,2023-04-03 11:53:00,32
ACT0005083,O000838,S011,Meeting,2023-03-21 18:24:00,37
ACT0005084,O000838,S011,Email,2023-03-25 13:06:00,0
ACT0005085,O000838,S011,Meeting,2023-03-16 11:38:00,60
ACT0005086,O000839,S018,Email,2024-07-10 15:42:00,0
ACT0005087,O000839,S018,Call,2024-06-29 17:04:00,42
ACT0005088,O000839,S018,Call,2024-07-08 10:06:00,35
ACT0005089,O000839,S018,Meeting,2024-06-25 14:36:00,43
ACT0005090,O000839,S018,Meeting,2024-06-22 08:05:00,79
ACT0005091,O000839,S018,Email,2024-07-10 17:40:00,0
ACT0005092,O000840,S022,Email,2025-05-12 18:54:00,0
ACT0005093,O000840,S022,Email,2025-05-18 12:06:00,0
ACT0005094,O000840,S022,Call,2025-05-07 18:10:00,18
ACT0005095,O000840,S022,Demo,2025-05-09 12:15:00,73
ACT0005096,O000840,S022,Demo,2025-05-15 18:27:00,95
ACT0005097,O000840,S022,Email,2025-05-14 13:47:00,0
ACT0005098,O000840,S022,Meeting,2025-05-14 17:33:00,81
ACT0005099,O000840,S022,Call,2023-04-30 18:29:00,11
ACT0005100,O000840,S022,Call,2025-05-04 10:56:00,22
ACT0005101,O000840,S022,Email,2025-05-08 12:19:00,0
ACT0005102,O000840,S022,Email,2025-05-22 08:24:00,0
ACT0005103,O000841,S017,Call,2025-03-02 10:01:00,30
ACT0005104,O000841,S017,Meeting,2025-02-16 14:00:00,36
ACT0005105,O000841,S017,Call,2025-01-14 17:30:00,9
ACT0005106,O000842,S016,Email,2025-02-21 18:21:00,0
ACT0005107,O000842,S016,Email,2025-03-04 17:27:00,0
ACT0005108,O000842,S016,Demo,2025-02-24 18:16:00,107
ACT0005109,O000842,S016,Call,2025-02-10 10:55:00,23
ACT0005110,O000842,S016,Meeting,2025-02-15 18:31:00,62
ACT0005111,O000843,S032,Email,2023-05-11 16:10:00,0
ACT0005112,O000843,S032,Demo,2023-04-16 15:46:00,100
ACT0005113,O000843,S032,Call,2023-04-10 08:37:00,13
ACT0005114,O000843,S032,Email,2023-05-10 09:07:00,0
ACT0005115,O000844,S003,Call,2025-04-10 15:40:00,19
ACT0005116,O000844,S003,Demo,2025-05-23 08:21:00,75
ACT0005117,O000844,S003,Email,2025-04-26 12:49:00,0
ACT0005118,O000844,S003,Email,2025-05-07 13:00:00,0
ACT0005119,O000844,S003,Email,2025-05-05 10:51:00,0
ACT0005120,O000844,S003,Email,2025-05-02 10:12:00,0
ACT0005121,O000844,S003,Email,2025-04-15 14:05:00,0
ACT0005122,O000844,S003,Call,2025-04-30 13:33:00,12
ACT0005123,O000845,S017,Meeting,2025-02-16 18:07:00,42
ACT0005124,O000845,S017,Meeting,2025-02-11 17:23:00,43
ACT0005125,O000845,S017,Email,2025-02-21 11:04:00,0
ACT0005126,O000845,S017,Meeting,2025-02-06 10:06:00,86
ACT0005127,O000845,S017,Email,2025-02-03 11:11:00,0
ACT0005128,O000845,S017,Email,2025-02-03 15:08:00,0
ACT0005129,O000846,S026,Email,2024-01-02 16:36:00,0
ACT0005130,O000846,S026,Call,2023-10-22 13:03:00,9
ACT0005131,O000846,S026,Email,2023-11-15 18:51:00,0
ACT0005132,O000846,S026,Email,2023-10-23 16:23:00,0
ACT0005133,O000846,S026,Call,2023-12-17 11:30:00,15
ACT0005134,O000847,S005,Call,2023-10-12 09:52:00,32
ACT0005135,O000847,S005,Email,2023-11-08 16:46:00,0
ACT0005136,O000847,S005,Email,2024-01-19 11:47:00,0
ACT0005137,O000847,S005,Meeting,2023-11-12 14:01:00,87
ACT0005138,O000847,S005,Email,2023-12-23 11:57:00,0
ACT0005139,O000848,S006,Email,2025-06-01 08:13:00,0
ACT0005140,O000848,S006,Meeting,2025-05-31 13:15:00,71
ACT0005141,O000848,S006,Email,2025-05-30 13:05:00,0
ACT0005142,O000848,S006,Email,2025-05-18 11:09:00,0
ACT0005143,O000848,S006,Call,2025-06-04 18:41:00,30
ACT0005144,O000848,S006,Email,2025-05-26 17:14:00,0
ACT0005145,O000848,S006,Email,2025-06-03 08:30:00,0
ACT0005146,O000849,S030,Call,2025-06-20 14:31:00,34
ACT0005147,O000849,S030,Email,2025-05-31 14:21:00,0
ACT0005148,O000849,S030,Meeting,2025-06-25 17:05:00,77
ACT0005149,O000849,S030,Email,2025-06-04 12:26:00,0
ACT0005150,O000849,S030,Call,2025-06-06 08:26:00,38
ACT0005151,O000849,S030,Meeting,2025-06-22 14:17:00,75
ACT0005152,O000850,S002,Meeting,2024-01-26 13:42:00,45
ACT0005153,O000850,S002,Email,2024-01-26 12:02:00,0
ACT0005154,O000850,S002,Email,2024-02-02 18:47:00,0
ACT0005155,O000850,S002,Call,2024-02-14 15:33:00,26
ACT0005156,O000850,S002,Call,2024-02-02 11:53:00,20
ACT0005157,O000851,S021,Call,2024-01-30 11:38:00,29
ACT0005158,O000851,S021,Meeting,2024-01-28 18:27:00,65
ACT0005159,O000851,S021,Demo,2024-01-31 12:27:00,92
ACT0005160,O000851,S021,Meeting,2024-01-24 13:56:00,33
ACT0005161,O000851,S021,Email,2024-01-25 13:43:00,0
ACT0005162,O000851,S021,Call,2024-02-01 14:32:00,30
ACT0005163,O000851,S021,Email,2024-01-30 14:58:00,0
ACT0005164,O000851,S021,Demo,2024-02-04 11:21:00,62
ACT0005165,O000851,S021,Email,2024-02-02 17:23:00,0
ACT0005166,O000851,S021,Meeting,2024-02-04 13:32:00,46
ACT0005167,O000852,S017,Email,2023-02-03 08:25:00,0
ACT0005168,O000852,S017,Email,2023-01-15 17:28:00,0
ACT0005169,O000852,S017,Email,2023-02-19 13:27:00,0
ACT0005170,O000852,S017,Email,2023-02-13 10:00:00,0
ACT0005171,O000853,S006,Email,2023-07-12 15:58:00,0
ACT0005172,O000853,S006,Call,2023-08-04 13:55:00,12
ACT0005173,O000853,S006,Call,2023-07-20 13:33:00,14
ACT0005174,O000853,S006,Call,2023-07-11 14:44:00,32
ACT0005175,O000853,S006,Demo,2023-07-08 12:33:00,106
ACT0005176,O000853,S006,Email,2023-08-05 12:27:00,0
ACT0005177,O000854,S004,Call,2025-06-12 18:31:00,38
ACT0005178,O000854,S004,Meeting,2025-05-20 17:31:00,78
ACT0005179,O000854,S004,Email,2025-05-31 08:13:00,0
ACT0005180,O000854,S004,Email,2025-05-28 16:55:00,0
ACT0005181,O000854,S004,Meeting,2025-06-12 15:55:00,79
ACT0005182,O000854,S004,Email,2025-05-19 09:44:00,0
ACT0005183,O000854,S004,Call,2025-05-25 18:11:00,32
ACT0005184,O000854,S004,Meeting,2025-06-03 12:27:00,85
ACT0005185,O000855,S032,Email,2024-12-13 14:49:00,0
ACT0005186,O000855,S032,Call,2024-12-14 15:01:00,38
ACT0005187,O000855,S032,Meeting,2024-12-14 12:16:00,45
ACT0005188,O000855,S032,Meeting,2024-12-07 13:17:00,71
ACT0005189,O000855,S032,Call,2024-12-11 09:15:00,37
ACT0005190,O000855,S032,Call,2024-12-11 11:48:00,15
ACT0005191,O000856,S016,Call,2025-04-21 11:09:00,18
ACT0005192,O000856,S016,Call,2025-05-10 16:53:00,36
ACT0005193,O000856,S016,Call,2025-04-05 18:38:00,15
ACT0005194,O000856,S016,Call,2025-05-24 09:00:00,15
ACT0005195,O000856,S016,Email,2025-05-19 13:02:00,0
ACT0005196,O000856,S016,Email,2025-02-09 17:15:00,0
ACT0005197,O000856,S016,Call,2025-04-28 16:07:00,27
ACT0005198,O000856,S016,Email,2025-03-21 12:22:00,0
ACT0005199,O000856,S016,Email,2025-05-18 08:13:00,0
ACT0005200,O000856,S016,Email,2025-05-23 13:19:00,0
ACT0005201,O000856,S016,Call,2025-05-18 09:52:00,19
ACT0005202,O000857,S036,Call,2024-10-25 13:05:00,18
ACT0005203,O000858,S002,Meeting,2024-05-10 12:05:00,34
ACT0005204,O000858,S002,Email,2024-05-01 12:22:00,0
ACT0005205,O000858,S002,Call,2024-05-03 15:44:00,8
ACT0005206,O000858,S002,Meeting,2024-05-11 14:26:00,71
ACT0005207,O000858,S002,Email,2024-05-05 13:54:00,0
ACT0005208,O000858,S002,Call,2024-05-10 13:25:00,6
ACT0005209,O000858,S002,Call,2024-05-06 13:48:00,19
ACT0005210,O000859,S016,Call,2023-12-02 14:35:00,32
ACT0005211,O000859,S016,Call,2023-11-09 16:35:00,30
ACT0005212,O000859,S016,Demo,2023-11-09 18:12:00,64
ACT0005213,O000859,S016,Meeting,2023-12-03 09:16:00,54
ACT0005214,O000859,S016,Meeting,2024-01-05 12:20:00,69
ACT0005215,O000859,S016,Email,2024-01-06 11:55:00,0
ACT0005216,O000859,S016,Call,2023-11-12 11:29:00,26
ACT0005217,O000859,S016,Call,2023-11-19 13:57:00,9
ACT0005218,O000860,S040,Meeting,2025-02-16 18:57:00,33
ACT0005219,O000860,S040,Email,2025-02-22 13:08:00,0
ACT0005220,O000860,S040,Meeting,2025-02-28 09:54:00,33
ACT0005221,O000860,S040,Meeting,2025-02-16 18:38:00,39
ACT0005222,O000860,S040,Email,2025-02-27 12:32:00,0
ACT0005223,O000860,S040,Call,2025-02-17 11:58:00,13
ACT0005224,O000860,S040,Call,2025-02-12 14:53:00,24
ACT0005225,O000861,S032,Email,2023-12-07 15:11:00,0
ACT0005226,O000861,S032,Email,2023-12-07 11:25:00,0
ACT0005227,O000861,S032,Call,2023-11-23 11:09:00,33
ACT0005228,O000861,S032,Email,2024-01-10 13:38:00,0
ACT0005229,O000861,S032,Meeting,2023-11-25 18:37:00,63
ACT0005230,O000861,S032,Demo,2023-12-21 12:12:00,73
ACT0005231,O000862,S005,Call,2023-06-26 12:36:00,32
ACT0005232,O000862,S005,Meeting,2023-08-10 11:47:00,67
ACT0005233,O000862,S005,Call,2023-05-21 10:41:00,38
ACT0005234,O000862,S005,Call,2023-08-11 11:45:00,24
ACT0005235,O000862,S005,Call,2023-05-20 17:01:00,19
ACT0005236,O000862,S005,Demo,2023-05-07 15:48:00,117
ACT0005237,O000863,S009,Email,2025-06-30 17:30:00,0
ACT0005238,O000863,S009,Call,2025-05-06 12:06:00,44
ACT0005239,O000863,S009,Email,2025-04-27 10:38:00,0
ACT0005240,O000864,S022,Email,2025-06-18 17:03:00,0
ACT0005241,O000865,S032,Email,2024-03-03 17:09:00,0
ACT0005242,O000865,S032,Call,2024-02-26 13:36:00,37
ACT0005243,O000865,S032,Call,2024-03-11 11:28:00,7
ACT0005244,O000865,S032,Email,2024-02-20 17:27:00,0
ACT0005245,O000865,S032,Email,2024-03-10 09:42:00,0
ACT0005246,O000865,S032,Call,2024-02-26 11:28:00,42
ACT0005247,O000865,S032,Email,2024-02-22 16:36:00,0
ACT0005248,O000865,S032,Email,2024-02-25 09:40:00,0
ACT0005249,O000865,S032,Call,2024-03-12 18:55:00,31
ACT0005250,O000866,S040,Call,2025-06-27 18:28:00,24
ACT0005251,O000866,S040,Meeting,2025-06-28 12:31:00,67
ACT0005252,O000866,S040,Call,2025-06-27 09:52:00,16
ACT0005253,O000866,S040,Demo,2025-06-28 09:50:00,115
ACT0005254,O000867,S005,Email,2025-03-09 13:18:00,0
ACT0005255,O000867,S005,Meeting,2025-04-11 18:12:00,37
ACT0005256,O000867,S005,Email,2025-03-21 17:32:00,0
ACT0005257,O000867,S005,Email,2025-03-27 15:47:00,0
ACT0005258,O000867,S005,Demo,2025-03-11 09:38:00,99
ACT0005259,O000867,S005,Call,2025-04-13 15:45:00,40
ACT0005260,O000867,S005,Email,2025-04-01 18:33:00,0
ACT0005261,O000868,S018,Demo,2025-03-20 17:13:00,114
ACT0005262,O000868,S018,Email,2025-03-19 11:55:00,0
ACT0005263,O000868,S018,Meeting,2025-03-27 16:34:00,77
ACT0005264,O000868,S018,Call,2025-03-19 14:38:00,8
ACT0005265,O000869,S036,Meeting,2023-11-07 16:32:00,41
ACT0005266,O000869,S036,Email,2023-11-08 13:25:00,0
ACT0005267,O000869,S036,Email,2023-11-06 09:13:00,0
ACT0005268,O000869,S036,Email,2023-10-18 11:24:00,0
ACT0005269,O000869,S036,Email,2023-10-24 16:24:00,0
ACT0005270,O000869,S036,Meeting,2023-11-03 16:19:00,64
ACT0005271,O000869,S036,Call,2023-10-16 10:21:00,20
ACT0005272,O000869,S036,Call,2023-10-15 10:04:00,32
ACT0005273,O000869,S036,Email,2023-10-26 15:52:00,0
ACT0005274,O000870,S006,Email,2025-05-15 15:12:00,0
ACT0005275,O000870,S006,Email,2025-02-19 16:29:00,0
ACT0005276,O000870,S006,Email,2025-04-01 18:22:00,0
ACT0005277,O000870,S006,Demo,2025-03-03 09:11:00,91
ACT0005278,O000870,S006,Call,2025-02-14 15:51:00,20
ACT0005279,O000870,S006,Demo,2025-03-21 13:22:00,119
ACT0005280,O000870,S006,Email,2025-03-25 08:30:00,0
ACT0005281,O000870,S006,Email,2025-04-29 16:11:00,0
ACT0005282,O000870,S006,Call,2025-02-16 15:45:00,22
ACT0005283,O000870,S006,Call,2025-04-06 08:34:00,8
ACT0005284,O000870,S006,Demo,2025-04-11 16:08:00,97
ACT0005285,O000871,S011,Call,2024-06-03 13:54:00,33
ACT0005286,O000871,S011,Call,2024-06-01 14:26:00,30
ACT0005287,O000871,S011,Meeting,2024-06-12 14:52:00,89
ACT0005288,O000871,S011,Email,2024-05-24 14:22:00,0
ACT0005289,O000871,S011,Call,2024-06-10 13:48:00,7
ACT0005290,O000871,S011,Meeting,2024-05-21 12:09:00,69
ACT0005291,O000871,S011,Demo,2024-06-12 17:12:00,69
ACT0005292,O000872,S009,Demo,2025-03-23 15:02:00,110
ACT0005293,O000872,S009,Demo,2025-03-09 16:17:00,58
ACT0005294,O000872,S009,Email,2025-04-03 13:31:00,0
ACT0005295,O000872,S009,Meeting,2025-03-17 10:30:00,70
ACT0005296,O000873,S034,Email,2023-05-13 11:50:00,0
ACT0005297,O000873,S034,Call,2023-05-04 18:34:00,17
ACT0005298,O000873,S034,Meeting,2023-05-16 11:08:00,40
ACT0005299,O000873,S034,Email,2023-05-11 08:05:00,0
ACT0005300,O000873,S034,Call,2023-04-29 08:22:00,22
ACT0005301,O000873,S034,Demo,2023-05-20 17:39:00,58
ACT0005302,O000873,S034,Demo,2023-05-06 17:30:00,76
ACT0005303,O000873,S034,Email,2023-05-11 14:48:00,0
ACT0005304,O000873,S034,Call,2023-05-11 17:14:00,16
ACT0005305,O000874,S038,Call,2024-10-27 13:54:00,29
ACT0005306,O000874,S038,Call,2024-10-26 17:54:00,7
ACT0005307,O000874,S038,Email,2024-11-13 14:12:00,0
ACT0005308,O000874,S038,Meeting,2024-11-24 16:01:00,47
ACT0005309,O000874,S038,Email,2024-12-06 16:25:00,0
ACT0005310,O000874,S038,Call,2024-11-18 11:18:00,19
ACT0005311,O000875,S028,Call,2023-12-07 14:01:00,5
ACT0005312,O000875,S028,Email,2023-12-26 10:17:00,0
ACT0005313,O000875,S028,Email,2023-12-07 13:40:00,0
ACT0005314,O000875,S028,Meeting,2023-12-15 10:44:00,54
ACT0005315,O000875,S028,Email,2023-12-22 10:32:00,0
ACT0005316,O000875,S028,Email,2023-12-30 16:49:00,0
ACT0005317,O000875,S028,Email,2023-12-29 09:30:00,0
ACT0005318,O000875,S028,Call,2023-12-28 17:06:00,22
ACT0005319,O000875,S028,Email,2023-12-29 13:07:00,0
ACT0005320,O000876,S004,Call,2023-03-17 12:21:00,21
ACT0005321,O000876,S004,Call,2023-04-10 08:17:00,18
ACT0005322,O000876,S004,Email,2023-04-05 12:30:00,0
ACT0005323,O000876,S004,Email,2023-03-12 08:57:00,0
ACT0005324,O000876,S004,Meeting,2023-03-20 18:44:00,31
ACT0005325,O000876,S004,Call,2023-04-03 09:14:00,7
ACT0005326,O000876,S004,Email,2023-03-13 14:11:00,0
ACT0005327,O000877,S016,Email,2024-03-10 18:20:00,0
ACT0005328,O000877,S016,Email,2024-03-18 16:53:00,0
ACT0005329,O000877,S016,Demo,2024-02-15 17:05:00,90
ACT0005330,O000877,S016,Email,2024-03-06 10:26:00,0
ACT0005331,O000878,S020,Email,2024-03-30 15:42:00,0
ACT0005332,O000878,S020,Call,2024-03-20 18:12:00,20
ACT0005333,O000878,S020,Call,2024-04-21 12:41:00,44
ACT0005334,O000878,S020,Email,2024-04-16 18:29:00,0
ACT0005335,O000878,S020,Demo,2024-03-21 14:07:00,104
ACT0005336,O000878,S020,Demo,2024-03-24 17:12:00,45
ACT0005337,O000879,S008,Email,2024-03-23 11:25:00,0
ACT0005338,O000879,S008,Demo,2024-03-08 17:53:00,109
ACT0005339,O000879,S008,Call,2024-03-08 18:56:00,25
ACT0005340,O000879,S008,Email,2024-03-14 17:51:00,0
ACT0005341,O000879,S008,Email,2024-03-29 10:01:00,0
ACT0005342,O000879,S008,Meeting,2024-03-27 09:12:00,79
ACT0005343,O000879,S008,Email,2024-03-12 10:43:00,0
ACT0005344,O000879,S008,Email,2024-03-28 18:12:00,0
ACT0005345,O000879,S008,Call,2024-03-18 11:26:00,11
ACT0005346,O000879,S008,Call,2024-03-14 14:02:00,9
ACT0005347,O000879,S008,Email,2024-03-29 09:44:00,0
ACT0005348,O000880,S004,Call,2025-04-30 17:41:00,14
ACT0005349,O000880,S004,Email,2025-05-08 09:25:00,0
ACT0005350,O000880,S004,Meeting,2025-04-27 18:44:00,54
ACT0005351,O000880,S004,Email,2025-05-11 16:51:00,0
ACT0005352,O000880,S004,Email,2025-05-02 10:40:00,0
ACT0005353,O000880,S004,Meeting,2025-04-30 13:52:00,75
ACT0005354,O000880,S004,Call,2025-05-05 16:07:00,5
ACT0005355,O000880,S004,Call,2025-05-09 13:23:00,24
ACT0005356,O000881,S016,Email,2025-03-19 10:53:00,0
ACT0005357,O000881,S016,Call,2025-03-21 08:45:00,9
ACT0005358,O000881,S016,Call,2025-03-16 09:09:00,18
ACT0005359,O000882,S012,Call,2025-05-19 15:57:00,36
ACT0005360,O000882,S012,Email,2025-05-02 10:07:00,0
ACT0005361,O000882,S012,Call,2025-04-17 15:05:00,17
ACT0005362,O000882,S012,Email,2025-05-09 09:14:00,0
ACT0005363,O000882,S012,Call,2025-06-22 10:45:00,14
ACT0005364,O000882,S012,Meeting,2025-04-28 12:21:00,64
ACT0005365,O000882,S012,Email,2025-05-10 14:28:00,0
ACT0005366,O000882,S012,Email,2025-05-21 13:20:00,0
ACT0005367,O000882,S012,Call,2025-04-29 13:10:00,12
ACT0005368,O000882,S012,Email,2025-05-28 09:16:00,0
ACT0005369,O000882,S012,Call,2025-05-23 15:11:00,33
ACT0005370,O000882,S012,Email,2025-04-15 17:29:00,0
ACT0005371,O000883,S024,Call,2024-09-10 08:46:00,34
ACT0005372,O000883,S024,Email,2024-10-02 10:28:00,0
ACT0005373,O000883,S024,Email,2024-10-13 16:44:00,0
ACT0005374,O000883,S024,Call,2024-10-04 17:48:00,22
ACT0005375,O000883,S024,Email,2024-10-21 16:58:00,0
ACT0005376,O000883,S024,Email,2024-09-16 10:18:00,0
ACT0005377,O000883,S024,Call,2024-09-10 14:24:00,43
ACT0005378,O000883,S024,Meeting,2024-11-14 13:14:00,32
ACT0005379,O000884,S006,Meeting,2023-02-04 17:44:00,82
ACT0005380,O000884,S006,Meeting,2023-01-27 11:24:00,48
ACT0005381,O000884,S006,Call,2023-02-05 13:53:00,28
ACT0005382,O000884,S006,Email,2023-01-27 16:12:00,0
ACT0005383,O000884,S006,Call,2023-01-27 10:34:00,15
ACT0005384,O000884,S006,Call,2023-02-12 18:38:00,37
ACT0005385,O000885,S009,Demo,2024-01-22 16:31:00,61
ACT0005386,O000885,S009,Meeting,2024-02-25 10:07:00,84
ACT0005387,O000885,S009,Call,2024-02-06 15:47:00,21
ACT0005388,O000885,S009,Email,2024-02-24 15:18:00,0
ACT0005389,O000885,S009,Demo,2024-03-04 08:01:00,95
ACT0005390,O000886,S019,Email,2024-08-27 12:38:00,0
ACT0005391,O000886,S019,Call,2024-08-31 08:44:00,8
ACT0005392,O000886,S019,Demo,2024-09-02 08:11:00,84
ACT0005393,O000886,S019,Meeting,2024-09-02 15:10:00,70
ACT0005394,O000886,S019,Email,2024-08-31 18:51:00,0
ACT0005395,O000886,S019,Call,2024-08-25 11:17:00,24
ACT0005396,O000886,S019,Meeting,2024-08-29 18:40:00,78
ACT0005397,O000886,S019,Email,2024-09-06 08:06:00,0
ACT0005398,O000886,S019,Demo,2024-08-26 08:45:00,77
ACT0005399,O000886,S019,Call,2024-08-31 18:06:00,41
ACT0005400,O000886,S019,Call,2024-08-27 14:20:00,15
ACT0005401,O000886,S019,Meeting,2024-09-07 12:38:00,53
ACT0005402,O000886,S019,Call,2024-08-24 15:55:00,26
ACT0005403,O000887,S037,Meeting,2024-05-30 08:18:00,68
ACT0005404,O000887,S037,Email,2024-05-24 16:04:00,0
ACT0005405,O000887,S037,Call,2024-05-31 11:52:00,20
ACT0005406,O000887,S037,Meeting,2024-05-19 18:17:00,52
ACT0005407,O000887,S037,Call,2024-05-10 18:36:00,32
ACT0005408,O000887,S037,Demo,2024-05-25 09:02:00,82
ACT0005409,O000887,S037,Call,2024-05-23 09:25:00,9
ACT0005410,O000888,S013,Email,2025-06-22 15:08:00,0
ACT0005411,O000888,S013,Email,2025-06-28 14:57:00,0
ACT0005412,O000888,S013,Call,2025-06-30 11:34:00,15
ACT0005413,O000888,S013,Call,2025-06-27 09:53:00,37
ACT0005414,O000888,S013,Email,2025-06-22 09:40:00,0
ACT0005415,O000889,S027,Email,2024-02-06 16:13:00,0
ACT0005416,O000889,S027,Email,2024-01-25 13:27:00,0
ACT0005417,O000889,S027,Email,2024-01-28 14:46:00,0
ACT0005418,O000889,S027,Email,2024-01-05 11:36:00,0
ACT0005419,O000889,S027,Email,2024-01-26 13:42:00,0
ACT0005420,O000889,S027,Email,2024-01-29 10:56:00,0
ACT0005421,O000890,S039,Email,2025-05-09 15:43:00,0
ACT0005422,O000890,S039,Email,2025-04-02 09:25:00,0
ACT0005423,O000890,S039,Meeting,2025-05-13 17:29:00,85
ACT0005424,O000890,S039,Call,2025-05-08 16:04:00,44
ACT0005425,O000890,S039,Email,2025-03-25 12:53:00,0
ACT0005426,O000890,S039,Call,2025-04-14 10:53:00,27
ACT0005427,O000890,S039,Email,2025-05-07 16:09:00,0
ACT0005428,O000891,S011,Call,2024-07-05 18:40:00,42
ACT0005429,O000891,S011,Call,2024-06-19 08:29:00,28
ACT0005430,O000891,S011,Email,2024-06-25 09:09:00,0
ACT0005431,O000891,S011,Call,2024-07-24 09:03:00,20
ACT0005432,O000891,S011,Email,2024-06-16 17:07:00,0
ACT0005433,O000891,S011,Demo,2024-07-11 08:02:00,54
ACT0005434,O000892,S022,Call,2023-02-19 08:35:00,23
ACT0005435,O000892,S022,Call,2023-02-10 15:07:00,13
ACT0005436,O000892,S022,Email,2023-02-02 15:33:00,0
ACT0005437,O000892,S022,Call,2023-02-23 10:38:00,38
ACT0005438,O000892,S022,Email,2023-01-27 08:48:00,0
ACT0005439,O000892,S022,Call,2023-01-31 13:04:00,44
ACT0005440,O000892,S022,Email,2023-02-05 12:46:00,0
ACT0005441,O000892,S022,Email,2023-02-05 17:11:00,0
ACT0005442,O000893,S017,Call,2024-10-13 08:17:00,16
ACT0005443,O000893,S017,Meeting,2024-07-26 08:52:00,77
ACT0005444,O000893,S017,Email,2024-10-07 09:04:00,0
ACT0005445,O000893,S017,Email,2024-09-02 13:37:00,0
ACT0005446,O000893,S017,Email,2024-10-10 15:08:00,0
ACT0005447,O000893,S017,Email,2024-08-27 18:46:00,0
ACT0005448,O000894,S004,Call,2023-06-25 17:45:00,9
ACT0005449,O000894,S004,Email,2023-07-02 16:42:00,0
ACT0005450,O000894,S004,Email,2023-07-19 13:49:00,0
ACT0005451,O000895,S004,Email,2023-08-31 16:20:00,0
ACT0005452,O000895,S004,Email,2023-09-16 14:54:00,0
ACT0005453,O000895,S004,Email,2023-08-30 10:19:00,0
ACT0005454,O000895,S004,Email,2023-09-12 09:15:00,0
ACT0005455,O000895,S004,Call,2023-09-05 15:04:00,29
ACT0005456,O000895,S004,Email,2023-09-22 17:56:00,0
ACT0005457,O000895,S004,Email,2023-09-21 12:41:00,0
ACT0005458,O000895,S004,Call,2023-08-30 09:33:00,18
ACT0005459,O000895,S004,Email,2023-09-15 11:01:00,0
ACT0005460,O000895,S004,Call,2023-09-09 17:43:00,26
ACT0005461,O000895,S004,Call,2023-09-18 09:02:00,39
ACT0005462,O000895,S004,Email,2023-09-24 09:11:00,0
ACT0005463,O000896,S006,Call,2024-05-29 08:00:00,12
ACT0005464,O000896,S006,Email,2024-07-15 15:07:00,0
ACT0005465,O000896,S006,Email,2024-07-07 14:51:00,0
ACT0005466,O000896,S006,Email,2024-07-03 14:47:00,0
ACT0005467,O000896,S006,Demo,2024-06-11 12:06:00,73
ACT0005468,O000896,S006,Meeting,2024-07-01 08:37:00,85
ACT0005469,O000896,S006,Call,2024-07-15 18:36:00,38
ACT0005470,O000896,S006,Call,2024-06-08 10:42:00,37
ACT0005471,O000897,S037,Call,2024-03-10 10:59:00,33
ACT0005472,O000897,S037,Email,2024-03-04 15:12:00,0
ACT0005473,O000897,S037,Meeting,2024-02-27 13:00:00,71
ACT0005474,O000897,S037,Call,2024-03-04 09:00:00,7
ACT0005475,O000897,S037,Meeting,2024-03-18 13:20:00,42
ACT0005476,O000897,S037,Email,2024-02-25 10:45:00,0
ACT0005477,O000897,S037,Demo,2024-03-13 12:32:00,98
ACT0005478,O000897,S037,Meeting,2024-03-04 10:54:00,62
ACT0005479,O000897,S037,Call,2024-03-15 09:44:00,27
ACT0005480,O000897,S037,Meeting,2024-03-13 12:51:00,51
ACT0005481,O000897,S037,Email,2024-03-01 14:19:00,0
ACT0005482,O000897,S037,Email,2024-03-06 17:12:00,0
ACT0005483,O000897,S037,Email,2024-03-11 13:43:00,0
ACT0005484,O000897,S037,Call,2024-02-27 14:54:00,26
ACT0005485,O000897,S037,Email,2024-02-22 12:05:00,0
ACT0005486,O000898,S005,Email,2024-11-29 17:28:00,0
ACT0005487,O000898,S005,Email,2025-01-28 08:48:00,0
ACT0005488,O000898,S005,Call,2025-01-29 18:19:00,44
ACT0005489,O000898,S005,Call,2025-01-17 15:54:00,42
ACT0005490,O000898,S005,Call,2024-12-17 15:32:00,11
ACT0005491,O000898,S005,Call,2025-01-08 16:58:00,32
ACT0005492,O000898,S005,Email,2024-11-21 12:04:00,0
ACT0005493,O000898,S005,Call,2024-12-11 16:30:00,40
ACT0005494,O000898,S005,Meeting,2024-12-23 11:13:00,40
ACT0005495,O000898,S005,Email,2024-11-22 18:25:00,0
ACT0005496,O000899,S008,Email,2024-09-05 12:57:00,0
ACT0005497,O000899,S008,Demo,2024-08-26 12:16:00,92
ACT0005498,O000899,S008,Meeting,2024-08-19 12:55:00,51
ACT0005499,O000899,S008,Email,2024-09-05 11:02:00,0
ACT0005500,O000899,S008,Meeting,2024-08-25 15:29:00,83
ACT0005501,O000899,S008,Call,2024-09-23 11:26:00,5
ACT0005502,O000899,S008,Demo,2024-09-08 10:20:00,94
ACT0005503,O000900,S023,Call,2025-06-09 17:26:00,44
ACT0005504,O000900,S023,Email,2025-06-14 08:06:00,0
ACT0005505,O000901,S005,Call,2025-06-30 13:48:00,30
ACT0005506,O000901,S005,Call,2025-06-29 08:43:00,12
ACT0005507,O000902,S008,Email,2023-07-15 09:52:00,0
ACT0005508,O000902,S008,Demo,2023-08-09 14:19:00,101
ACT0005509,O000902,S008,Demo,2023-08-12 08:24:00,75
ACT0005510,O000902,S008,Email,2023-07-18 09:16:00,0
ACT0005511,O000903,S040,Call,2025-03-02 16:34:00,13
ACT0005512,O000903,S040,Meeting,2025-02-02 11:51:00,32
ACT0005513,O000903,S040,Email,2025-03-05 16:56:00,0
ACT0005514,O000903,S040,Email,2025-02-04 15:07:00,0
ACT0005515,O000903,S040,Demo,2025-03-03 09:56:00,54
ACT0005516,O000903,S040,Call,2025-03-04 14:31:00,16
ACT0005517,O000903,S040,Email,2025-02-12 15:28:00,0
ACT0005518,O000903,S040,Meeting,2025-03-08 08:41:00,82
ACT0005519,O000903,S040,Call,2025-02-27 18:38:00,7
ACT0005520,O000903,S040,Call,2025-04-05 08:32:00,7
ACT0005521,O000903,S040,Call,2025-04-06 12:53:00,19
ACT0005522,O000903,S040,Email,2025-02-21 11:27:00,0
ACT0005523,O000904,S022,Call,2023-10-07 18:47:00,42
ACT0005524,O000904,S022,Call,2023-09-09 08:28:00,6
ACT0005525,O000904,S022,Call,2023-10-09 10:35:00,15
ACT0005526,O000904,S022,Call,2023-09-13 09:43:00,21
ACT0005527,O000904,S022,Email,2023-09-07 15:23:00,0
ACT0005528,O000904,S022,Email,2023-09-28 09:34:00,0
ACT0005529,O000904,S022,Call,2023-09-16 09:09:00,44
ACT0005530,O000904,S022,Email,2023-09-27 09:12:00,0
ACT0005531,O000904,S022,Email,2023-09-28 16:05:00,0
ACT0005532,O000905,S012,Call,2023-10-28 14:55:00,16
ACT0005533,O000905,S012,Demo,2023-10-25 14:15:00,65
ACT0005534,O000905,S012,Email,2023-10-31 16:35:00,0
ACT0005535,O000905,S012,Meeting,2023-10-30 13:06:00,32
ACT0005536,O000905,S012,Email,2023-11-03 10:25:00,0
ACT0005537,O000905,S012,Email,2023-11-02 15:33:00,0
ACT0005538,O000905,S012,Meeting,2023-10-22 12:19:00,79
ACT0005539,O000906,S015,Email,2024-08-19 14:07:00,0
ACT0005540,O000906,S015,Call,2024-03-01 16:12:00,42
ACT0005541,O000906,S015,Email,2024-03-09 09:32:00,0
ACT0005542,O000906,S015,Email,2024-09-24 08:17:00,0
ACT0005543,O000907,S018,Call,2025-06-14 17:02:00,30
ACT0005544,O000908,S019,Email,2025-01-01 08:58:00,0
ACT0005545,O000908,S019,Call,2025-02-27 09:24:00,20
ACT0005546,O000908,S019,Email,2025-01-22 14:53:00,0
ACT0005547,O000908,S019,Call,2025-02-13 17:27:00,43
ACT0005548,O000908,S019,Call,2025-01-15 13:55:00,21
ACT0005549,O000908,S019,Call,2025-02-17 08:18:00,13
ACT0005550,O000909,S026,Call,2024-08-02 16:33:00,21
ACT0005551,O000909,S026,Email,2024-08-16 10:20:00,0
ACT0005552,O000909,S026,Call,2024-08-27 13:55:00,10
ACT0005553,O000909,S026,Email,2024-08-07 14:25:00,0
ACT0005554,O000909,S026,Email,2024-08-08 13:10:00,0
ACT0005555,O000909,S026,Email,2024-08-10 11:31:00,0
ACT0005556,O000909,S026,Email,2024-08-22 09:51:00,0
ACT0005557,O000910,S008,Meeting,2023-09-21 12:37:00,67
ACT0005558,O000910,S008,Email,2023-09-13 13:08:00,0
ACT0005559,O000911,S016,Call,2025-06-02 10:41:00,26
ACT0005560,O000911,S016,Demo,2025-06-01 16:56:00,119
ACT0005561,O000911,S016,Demo,2025-05-25 15:03:00,63
ACT0005562,O000911,S016,Email,2025-05-07 11:11:00,0
ACT0005563,O000911,S016,Demo,2025-06-11 12:30:00,48
ACT0005564,O000911,S016,Call,2025-06-26 10:02:00,31
ACT0005565,O000911,S016,Meeting,2025-06-05 08:11:00,33
ACT0005566,O000911,S016,Call,2025-06-01 14:33:00,10
ACT0005567,O000911,S016,Email,2025-06-03 15:50:00,0
ACT0005568,O000911,S016,Call,2025-06-11 11:08:00,28
ACT0005569,O000912,S040,Call,2025-04-10 17:54:00,44
ACT0005570,O000912,S040,Email,2025-02-19 10:42:00,0
ACT0005571,O000912,S040,Demo,2025-03-16 12:00:00,110
ACT0005572,O000912,S040,Email,2025-04-04 16:29:00,0
ACT0005573,O000912,S040,Call,2025-04-06 15:21:00,43
ACT0005574,O000912,S040,Email,2025-03-31 13:23:00,0
ACT0005575,O000913,S008,Call,2023-07-09 12:28:00,9
ACT0005576,O000913,S008,Demo,2023-06-07 14:55:00,66
ACT0005577,O000913,S008,Call,2023-07-12 09:34:00,11
ACT0005578,O000913,S008,Email,2023-06-18 12:10:00,0
ACT0005579,O000913,S008,Email,2023-06-18 08:31:00,0
ACT0005580,O000913,S008,Call,2023-07-12 11:29:00,9
ACT0005581,O000913,S008,Meeting,2023-06-28 18:57:00,46
ACT0005582,O000913,S008,Email,2023-07-09 10:39:00,0
ACT0005583,O000913,S008,Meeting,2023-06-18 10:36:00,60
ACT0005584,O000913,S008,Email,2023-06-16 18:48:00,0
ACT0005585,O000913,S008,Email,2023-06-20 11:29:00,0
ACT0005586,O000914,S031,Email,2025-04-28 16:33:00,0
ACT0005587,O000914,S031,Email,2025-04-20 08:03:00,0
ACT0005588,O000914,S031,Call,2025-05-02 18:57:00,37
ACT0005589,O000914,S031,Email,2025-04-18 10:31:00,0
ACT0005590,O000914,S031,Email,2025-04-24 17:06:00,0
ACT0005591,O000914,S031,Call,2025-04-26 14:44:00,35
ACT0005592,O000914,S031,Call,2025-05-02 15:06:00,23
ACT0005593,O000914,S031,Email,2025-04-26 09:35:00,0
ACT0005594,O000914,S031,Email,2025-04-23 12:17:00,0
ACT0005595,O000915,S021,Call,2024-12-08 10:18:00,11
ACT0005596,O000915,S021,Email,2025-03-02 17:19:00,0
ACT0005597,O000915,S021,Call,2025-02-23 13:21:00,33
ACT0005598,O000916,S039,Email,2024-09-03 17:28:00,0
ACT0005599,O000916,S039,Call,2024-08-29 13:43:00,12
ACT0005600,O000916,S039,Email,2024-09-03 09:30:00,0
ACT0005601,O000916,S039,Demo,2024-09-28 09:10:00,101
ACT0005602,O000916,S039,Demo,2024-09-05 10:12:00,85
ACT0005603,O000916,S039,Meeting,2024-09-28 08:51:00,79
ACT0005604,O000916,S039,Demo,2024-08-31 17:49:00,97
ACT0005605,O000916,S039,Call,2024-09-04 15:19:00,38
ACT0005606,O000917,S026,Email,2025-05-29 08:38:00,0
ACT0005607,O000917,S026,Demo,2025-05-18 10:58:00,79
ACT0005608,O000917,S026,Call,2025-06-10 14:36:00,6
ACT0005609,O000917,S026,Email,2025-06-13 13:40:00,0
ACT0005610,O000918,S019,Email,2023-04-12 15:12:00,0
ACT0005611,O000918,S019,Email,2023-02-23 12:44:00,0
ACT0005612,O000918,S019,Email,2023-02-21 14:23:00,0
ACT0005613,O000918,S019,Email,2023-04-17 09:21:00,0
ACT0005614,O000919,S016,Call,2024-07-22 08:25:00,6
ACT0005615,O000919,S016,Demo,2024-08-11 08:24:00,81
ACT0005616,O000919,S016,Email,2024-07-17 09:09:00,0
ACT0005617,O000919,S016,Call,2024-08-09 13:37:00,40
ACT0005618,O000919,S016,Email,2024-09-10 12:02:00,0
ACT0005619,O000919,S016,Email,2024-08-23 17:45:00,0
ACT0005620,O000920,S034,Call,2023-03-07 13:33:00,6
ACT0005621,O000920,S034,Call,2023-02-18 13:58:00,24
ACT0005622,O000920,S034,Call,2023-04-05 12:48:00,6
ACT0005623,O000920,S034,Meeting,2023-02-22 18:50:00,32
ACT0005624,O000920,S034,Email,2023-04-02 10:02:00,0
ACT0005625,O000920,S034,Email,2023-02-11 18:25:00,0
ACT0005626,O000920,S034,Call,2023-03-21 13:12:00,30
ACT0005627,O000920,S034,Call,2023-04-02 12:36:00,38
ACT0005628,O000920,S034,Call,2023-02-27 15:45:00,37
ACT0005629,O000921,S034,Meeting,2023-06-05 16:52:00,52
ACT0005630,O000921,S034,Email,2023-06-05 12:52:00,0
ACT0005631,O000921,S034,Meeting,2023-06-04 08:33:00,65
ACT0005632,O000921,S034,Email,2023-06-07 12:21:00,0
ACT0005633,O000921,S034,Call,2021-10-13 18:45:00,24
ACT0005634,O000921,S034,Call,2023-05-30 11:51:00,23
ACT0005635,O000922,S016,Email,2024-07-30 11:32:00,0
ACT0005636,O000922,S016,Meeting,2024-08-18 08:52:00,54
ACT0005637,O000922,S016,Demo,2024-09-02 12:12:00,52
ACT0005638,O000923,S012,Email,2021-06-30 15:08:00,0
ACT0005639,O000923,S012,Demo,2023-08-31 10:43:00,79
ACT0005640,O000923,S012,Email,2023-09-14 10:49:00,0
ACT0005641,O000923,S012,Email,2023-09-25 15:09:00,0
ACT0005642,O000923,S012,Call,2023-09-01 16:52:00,27
ACT0005643,O000924,S011,Meeting,2023-12-23 12:30:00,59
ACT0005644,O000924,S011,Email,2024-01-02 11:52:00,0
ACT0005645,O000924,S011,Call,2024-01-03 17:53:00,27
ACT0005646,O000925,S036,Email,2023-01-25 08:14:00,0
ACT0005647,O000925,S036,Meeting,2023-02-10 10:00:00,86
ACT0005648,O000925,S036,Call,2023-01-28 11:06:00,22
ACT0005649,O000925,S036,Meeting,2023-01-29 12:45:00,73
ACT0005650,O000925,S036,Email,2023-02-26 12:27:00,0
ACT0005651,O000925,S036,Demo,2023-03-07 17:11:00,46
ACT0005652,O000926,S019,Email,2025-05-26 08:45:00,0
ACT0005653,O000926,S019,Meeting,2025-06-16 18:56:00,59
ACT0005654,O000926,S019,Email,2025-06-10 11:18:00,0
ACT0005655,O000926,S019,Email,2025-06-04 12:47:00,0
ACT0005656,O000926,S019,Call,2025-06-01 16:21:00,32
ACT0005657,O000926,S019,Call,2025-06-12 10:19:00,11
ACT0005658,O000926,S019,Call,2025-06-09 10:22:00,19
ACT0005659,O000926,S019,Email,2025-06-12 11:32:00,0
ACT0005660,O000927,S012,Call,2023-07-05 18:24:00,37
ACT0005661,O000927,S012,Email,2023-09-13 15:52:00,0
ACT0005662,O000927,S012,Meeting,2023-09-08 15:51:00,66
ACT0005663,O000927,S012,Email,2023-08-31 08:29:00,0
ACT0005664,O000927,S012,Meeting,2023-08-01 12:13:00,64
ACT0005665,O000927,S012,Demo,2023-09-17 08:34:00,62
ACT0005666,O000927,S012,Call,2023-10-21 14:21:00,8
ACT0005667,O000927,S012,Call,2023-10-15 08:28:00,18
ACT0005668,O000928,S031,Email,2025-03-09 11:26:00,0
ACT0005669,O000928,S031,Email,2025-03-16 16:15:00,0
ACT0005670,O000928,S031,Meeting,2025-03-29 11:51:00,57
ACT0005671,O000928,S031,Call,2025-04-06 16:34:00,25
ACT0005672,O000928,S031,Demo,2025-03-18 17:09:00,60
ACT0005673,O000928,S031,Email,2025-04-04 15:42:00,0
ACT0005674,O000928,S031,Demo,2025-04-15 18:32:00,112
ACT0005675,O000928,S031,Email,2025-03-22 13:22:00,0
ACT0005676,O000928,S031,Email,2025-03-09 16:37:00,0
ACT0005677,O000929,S002,Call,2025-04-05 17:03:00,20
ACT0005678,O000929,S002,Meeting,2025-03-10 10:46:00,59
ACT0005679,O000929,S002,Call,2025-02-21 11:57:00,5
ACT0005680,O000929,S002,Email,2025-03-28 16:40:00,0
ACT0005681,O000929,S002,Demo,2025-03-31 14:29:00,61
ACT0005682,O000929,S002,Email,2025-03-30 11:50:00,0
ACT0005683,O000929,S002,Call,2025-02-24 11:41:00,34
ACT0005684,O000929,S002,Email,2025-03-24 13:27:00,0
ACT0005685,O000929,S002,Demo,2025-03-14 08:10:00,64
ACT0005686,O000930,S034,Meeting,2025-02-06 17:07:00,81
ACT0005687,O000930,S034,Demo,2025-01-25 12:12:00,117
ACT0005688,O000930,S034,Email,2025-01-02 09:15:00,0
ACT0005689,O000931,S035,Meeting,2025-03-10 14:19:00,74
ACT0005690,O000931,S035,Demo,2025-02-10 09:12:00,103
ACT0005691,O000931,S035,Email,2025-02-28 08:35:00,0
ACT0005692,O000931,S035,Email,2025-02-11 12:46:00,0
ACT0005693,O000931,S035,Demo,2025-03-04 10:04:00,87
ACT0005694,O000931,S035,Meeting,2025-02-18 11:30:00,75
ACT0005695,O000932,S005,Call,2023-05-03 15:25:00,37
ACT0005696,O000932,S005,Meeting,2023-07-09 10:43:00,83
ACT0005697,O000932,S005,Meeting,2023-05-26 12:28:00,65
ACT0005698,O000932,S005,Demo,2023-08-18 14:52:00,46
ACT0005699,O000932,S005,Email,2023-08-15 12:27:00,0
ACT0005700,O000932,S005,Call,2023-08-26 13:17:00,28
ACT0005701,O000932,S005,Meeting,2023-04-27 18:42:00,44
ACT0005702,O000932,S005,Demo,2023-05-29 15:18:00,76
ACT0005703,O000932,S005,Call,2023-06-20 15:24:00,10
ACT0005704,O000932,S005,Email,2023-05-13 12:24:00,0
ACT0005705,O000933,S023,Call,2024-08-27 13:03:00,28
ACT0005706,O000933,S023,Demo,2024-10-15 13:53:00,61
ACT0005707,O000933,S023,Call,2024-09-03 08:42:00,16
ACT0005708,O000934,S004,Demo,2023-11-21 18:32:00,69
ACT0005709,O000934,S004,Demo,2024-01-18 18:04:00,88
ACT0005710,O000934,S004,Call,2023-12-17 14:48:00,14
ACT0005711,O000934,S004,Email,2024-02-12 12:47:00,0
ACT0005712,O000934,S004,Call,2023-12-29 13:48:00,17
ACT0005713,O000935,S004,Email,2024-06-26 14:10:00,0
ACT0005714,O000935,S004,Call,2024-07-26 12:06:00,21
ACT0005715,O000935,S004,Call,2024-07-27 11:40:00,43
ACT0005716,O000935,S004,Meeting,2024-07-22 18:54:00,50
ACT0005717,O000935,S004,Call,2024-06-27 16:52:00,29
ACT0005718,O000935,S004,Meeting,2024-07-24 14:22:00,79
ACT0005719,O000935,S004,Email,2024-07-28 12:10:00,0
ACT0005720,O000935,S004,Email,2024-05-29 12:42:00,0
ACT0005721,O000936,S009,Call,2025-02-08 12:13:00,16
ACT0005722,O000936,S009,Email,2025-02-28 16:31:00,0
ACT0005723,O000936,S009,Email,2025-02-22 17:54:00,0
ACT0005724,O000936,S009,Call,2025-03-04 10:15:00,31
ACT0005725,O000936,S009,Call,2025-02-13 18:52:00,21
ACT0005726,O000937,S001,Demo,2025-06-30 15:59:00,58
ACT0005727,O000938,S034,Call,2023-04-03 11:56:00,16
ACT0005728,O000938,S034,Call,2023-04-16 08:55:00,15
ACT0005729,O000938,S034,Call,2023-04-11 13:57:00,30
ACT0005730,O000938,S034,Call,2023-04-11 08:45:00,34
ACT0005731,O000938,S034,Demo,2023-04-08 13:18:00,49
ACT0005732,O000938,S034,Demo,2023-03-30 12:45:00,47
ACT0005733,O000938,S034,Call,2023-03-25 14:18:00,5
ACT0005734,O000939,S019,Email,2024-02-23 11:47:00,0
ACT0005735,O000939,S019,Call,2024-03-18 08:06:00,40
ACT0005736,O000939,S019,Demo,2024-01-21 12:53:00,119
ACT0005737,O000939,S019,Email,2024-01-28 17:31:00,0
ACT0005738,O000939,S019,Meeting,2024-01-02 15:22:00,45
ACT0005739,O000939,S019,Email,2023-12-25 16:07:00,0
ACT0005740,O000939,S019,Email,2024-01-09 12:21:00,0
ACT0005741,O000939,S019,Call,2024-03-09 14:56:00,22
ACT0005742,O000939,S019,Email,2024-01-11 12:29:00,0
ACT0005743,O000939,S019,Call,2024-01-23 08:56:00,25
ACT0005744,O000940,S032,Demo,2023-08-26 10:08:00,114
ACT0005745,O000940,S032,Call,2023-09-02 12:27:00,22
ACT0005746,O000940,S032,Email,2023-08-31 13:36:00,0
ACT0005747,O000940,S032,Email,2023-08-26 10:42:00,0
ACT0005748,O000940,S032,Meeting,2023-08-25 12:29:00,74
ACT0005749,O000940,S032,Email,2023-09-02 13:06:00,0
ACT0005750,O000940,S032,Demo,2023-09-01 08:52:00,94
ACT0005751,O000941,S011,Call,2025-03-29 13:13:00,37
ACT0005752,O000941,S011,Email,2025-05-23 11:56:00,0
ACT0005753,O000941,S011,Call,2025-05-02 10:14:00,35
ACT0005754,O000941,S011,Call,2025-04-04 14:52:00,25
ACT0005755,O000941,S011,Meeting,2025-04-26 14:40:00,50
ACT0005756,O000942,S029,Email,2024-11-20 14:08:00,0
ACT0005757,O000942,S029,Demo,2024-11-17 12:00:00,76
ACT0005758,O000942,S029,Call,2024-11-10 14:37:00,8
ACT0005759,O000942,S029,Call,2024-11-20 12:35:00,14
ACT0005760,O000943,S035,Demo,2025-04-26 08:35:00,81
ACT0005761,O000943,S035,Meeting,2025-04-22 09:47:00,39
ACT0005762,O000943,S035,Meeting,2025-05-11 08:46:00,32
ACT0005763,O000943,S035,Meeting,2025-06-04 13:25:00,44
ACT0005764,O000943,S035,Demo,2025-05-28 13:59:00,118
ACT0005765,O000943,S035,Call,2025-04-21 10:06:00,7
ACT0005766,O000943,S035,Email,2025-05-11 11:53:00,0
ACT0005767,O000944,S023,Call,2025-04-25 08:38:00,26
ACT0005768,O000944,S023,Meeting,2025-04-06 10:52:00,41
ACT0005769,O000944,S023,Email,2025-02-18 09:09:00,0
ACT0005770,O000944,S023,Call,2025-02-22 13:45:00,20
ACT0005771,O000944,S023,Demo,2025-04-29 14:11:00,80
ACT0005772,O000944,S023,Call,2025-03-15 16:07:00,25
ACT0005773,O000944,S023,Call,2025-04-29 08:23:00,13
ACT0005774,O000945,S019,Email,2023-09-02 08:39:00,0
ACT0005775,O000945,S019,Meeting,2023-09-10 16:25:00,84
ACT0005776,O000945,S019,Email,2023-09-11 13:04:00,0
ACT0005777,O000945,S019,Email,2023-09-02 13:59:00,0
ACT0005778,O000945,S019,Email,2023-08-24 08:19:00,0
ACT0005779,O000945,S019,Call,2023-08-30 17:19:00,26
ACT0005780,O000945,S019,Demo,2023-08-24 13:39:00,93
ACT0005781,O000946,S039,Call,2025-06-20 10:38:00,44
ACT0005782,O000946,S039,Demo,2025-06-22 14:48:00,108
ACT0005783,O000946,S039,Call,2025-06-24 08:40:00,12
ACT0005784,O000946,S039,Email,2025-06-03 13:26:00,0
ACT0005785,O000946,S039,Email,2025-06-28 18:43:00,0
ACT0005786,O000947,S019,Demo,2025-03-29 14:16:00,68
ACT0005787,O000947,S019,Call,2025-04-05 08:24:00,11
ACT0005788,O000947,S019,Call,2025-04-20 18:53:00,16
ACT0005789,O000947,S019,Meeting,2025-04-13 10:25:00,66
ACT0005790,O000947,S019,Demo,2025-04-21 13:00:00,47
ACT0005791,O000948,S013,Email,2023-06-13 17:35:00,0
ACT0005792,O000948,S013,Email,2023-05-08 18:13:00,0
ACT0005793,O000948,S013,Demo,2023-06-14 09:27:00,104
ACT0005794,O000948,S013,Meeting,2023-07-13 09:50:00,67
ACT0005795,O000948,S013,Demo,2023-07-12 08:15:00,118
ACT0005796,O000948,S013,Email,2023-05-30 09:16:00,0
ACT0005797,O000948,S013,Email,2023-06-27 16:02:00,0
ACT0005798,O000949,S007,Demo,2025-03-19 14:28:00,83
ACT0005799,O000949,S007,Meeting,2025-03-24 18:30:00,83
ACT0005800,O000949,S007,Call,2025-04-22 12:59:00,40
ACT0005801,O000949,S007,Call,2025-03-29 12:35:00,33
ACT0005802,O000949,S007,Call,2025-04-22 16:06:00,14
ACT0005803,O000949,S007,Email,2025-04-22 15:41:00,0
ACT0005804,O000949,S007,Call,2025-04-16 18:38:00,34
ACT0005805,O000949,S007,Email,2025-03-15 10:28:00,0
ACT0005806,O000950,S026,Email,2023-10-05 17:05:00,0
ACT0005807,O000950,S026,Meeting,2023-09-19 13:48:00,75
ACT0005808,O000950,S026,Email,2023-09-12 18:51:00,0
ACT0005809,O000950,S026,Demo,2023-09-19 15:12:00,107
ACT0005810,O000950,S026,Demo,2023-09-27 14:52:00,102
ACT0005811,O000950,S026,Call,2023-10-13 13:07:00,29
ACT0005812,O000951,S018,Call,2023-12-05 11:46:00,5
ACT0005813,O000951,S018,Demo,2023-11-03 16:53:00,71
ACT0005814,O000951,S018,Call,2023-11-03 09:46:00,11
ACT0005815,O000951,S018,Email,2023-10-22 11:46:00,0
ACT0005816,O000951,S018,Call,2023-11-17 10:59:00,19
ACT0005817,O000951,S018,Meeting,2023-10-31 08:11:00,43
ACT0005818,O000952,S002,Email,2023-10-11 14:25:00,0
ACT0005819,O000952,S002,Email,2023-10-27 14:08:00,0
ACT0005820,O000952,S002,Call,2024-01-09 18:25:00,7
ACT0005821,O000952,S002,Demo,2023-11-09 14:30:00,65
ACT0005822,O000952,S002,Email,2023-09-11 18:44:00,0
ACT0005823,O000952,S002,Call,2023-10-15 17:53:00,43
ACT0005824,O000952,S002,Call,2023-09-13 14:36:00,7
ACT0005825,O000953,S009,Email,2025-06-16 16:35:00,0
ACT0005826,O000954,S037,Email,2025-03-19 15:16:00,0
ACT0005827,O000954,S037,Call,2025-03-12 15:12:00,25
ACT0005828,O000954,S037,Call,2025-03-26 18:39:00,28
ACT0005829,O000954,S037,Meeting,2025-03-02 08:28:00,82
ACT0005830,O000954,S037,Call,2025-03-25 08:28:00,41
ACT0005831,O000954,S037,Call,2025-03-14 15:24:00,19
ACT0005832,O000954,S037,Demo,2025-03-01 17:19:00,82
ACT0005833,O000954,S037,Call,2025-03-17 13:31:00,21
ACT0005834,O000954,S037,Email,2025-02-25 13:59:00,0
ACT0005835,O000955,S029,Meeting,2025-05-20 11:18:00,46
ACT0005836,O000955,S029,Call,2025-06-02 13:06:00,44
ACT0005837,O000955,S029,Call,2025-05-06 10:41:00,29
ACT0005838,O000955,S029,Email,2025-05-05 16:08:00,0
ACT0005839,O000955,S029,Email,2025-05-19 15:52:00,0
ACT0005840,O000955,S029,Call,2025-05-15 18:20:00,27
ACT0005841,O000955,S029,Email,2025-05-31 18:34:00,0
ACT0005842,O000955,S029,Meeting,2025-05-27 17:00:00,66
ACT0005843,O000955,S029,Email,2025-05-22 18:34:00,0
ACT0005844,O000956,S005,Email,2024-01-26 17:27:00,0
ACT0005845,O000956,S005,Demo,2024-01-27 13:15:00,75
ACT0005846,O000957,S038,Email,2025-06-21 15:46:00,0
ACT0005847,O000957,S038,Call,2025-06-18 10:28:00,6
ACT0005848,O000957,S038,Call,2025-06-29 13:59:00,39
ACT0005849,O000958,S002,Call,2025-01-10 10:45:00,8
ACT0005850,O000958,S002,Call,2024-12-05 16:16:00,15
ACT0005851,O000958,S002,Call,2024-11-15 08:48:00,18
ACT0005852,O000959,S037,Email,2024-03-20 12:27:00,0
ACT0005853,O000959,S037,Email,2024-04-11 16:42:00,0
ACT0005854,O000959,S037,Email,2024-03-20 09:25:00,0
ACT0005855,O000959,S037,Call,2024-04-11 18:31:00,25
ACT0005856,O000959,S037,Email,2024-03-13 10:14:00,0
ACT0005857,O000959,S037,Meeting,2024-03-18 17:19:00,31
ACT0005858,O000959,S037,Email,2024-03-28 18:03:00,0
ACT0005859,O000959,S037,Call,2024-03-23 08:09:00,8
ACT0005860,O000959,S037,Email,2024-03-15 14:03:00,0
ACT0005861,O000959,S037,Meeting,2024-04-05 17:25:00,33
ACT0005862,O000959,S037,Meeting,2024-03-09 10:53:00,64
ACT0005863,O000960,S026,Email,2025-06-27 18:56:00,0
ACT0005864,O000960,S026,Demo,2025-06-29 16:40:00,96
ACT0005865,O000961,S009,Email,2024-10-02 11:50:00,0
ACT0005866,O000961,S009,Call,2024-10-02 11:42:00,22
ACT0005867,O000961,S009,Demo,2024-10-25 18:26:00,62
ACT0005868,O000961,S009,Call,2024-10-10 14:24:00,26
ACT0005869,O000961,S009,Email,2024-10-11 11:32:00,0
ACT0005870,O000962,S040,Demo,2025-04-16 18:45:00,92
ACT0005871,O000962,S040,Email,2025-04-22 09:05:00,0
ACT0005872,O000962,S040,Demo,2025-04-29 08:42:00,107
ACT0005873,O000963,S020,Email,2025-05-09 12:35:00,0
ACT0005874,O000963,S020,Email,2025-05-12 09:48:00,0
ACT0005875,O000963,S020,Call,2025-05-05 09:43:00,43
ACT0005876,O000964,S017,Email,2025-05-12 12:04:00,0
ACT0005877,O000964,S017,Email,2025-06-01 12:06:00,0
ACT0005878,O000964,S017,Meeting,2025-06-08 14:26:00,57
ACT0005879,O000964,S017,Meeting,2025-05-13 10:50:00,66
ACT0005880,O000964,S017,Call,2025-05-23 13:32:00,14
ACT0005881,O000964,S017,Email,2025-06-16 13:01:00,0
ACT0005882,O000964,S017,Meeting,2025-05-26 11:00:00,56
ACT0005883,O000965,S012,Email,2023-08-28 14:28:00,0
ACT0005884,O000965,S012,Email,2023-09-25 16:18:00,0
ACT0005885,O000965,S012,Email,2023-08-25 13:49:00,0
ACT0005886,O000965,S012,Meeting,2023-09-11 09:48:00,59
ACT0005887,O000965,S012,Email,2023-08-24 11:57:00,0
ACT0005888,O000965,S012,Meeting,2023-08-15 09:12:00,37
ACT0005889,O000965,S012,Email,2023-08-14 09:39:00,0
ACT0005890,O000965,S012,Email,2023-09-18 10:32:00,0
ACT0005891,O000965,S012,Meeting,2023-09-21 12:27:00,31
ACT0005892,O000966,S023,Email,2025-05-25 13:20:00,0
ACT0005893,O000966,S023,Call,2025-05-25 17:01:00,16
ACT0005894,O000966,S023,Email,2025-06-01 10:52:00,0
ACT0005895,O000966,S023,Call,2025-05-18 17:40:00,30
ACT0005896,O000966,S023,Email,2025-05-13 14:02:00,0
ACT0005897,O000966,S023,Email,2025-06-11 11:18:00,0
ACT0005898,O000966,S023,Email,2025-05-30 16:01:00,0
ACT0005899,O000967,S027,Call,2023-05-07 12:25:00,26
ACT0005900,O000967,S027,Email,2023-07-15 18:32:00,0
ACT0005901,O000967,S027,Email,2023-05-30 14:47:00,0
ACT0005902,O000967,S027,Email,2023-05-16 12:47:00,0
ACT0005903,O000968,S008,Demo,2025-04-08 08:25:00,47
ACT0005904,O000968,S008,Email,2025-04-21 08:26:00,0
ACT0005905,O000968,S008,Demo,2025-04-23 15:28:00,56
ACT0005906,O000968,S008,Email,2025-05-02 13:05:00,0
ACT0005907,O000968,S008,Demo,2025-04-26 18:07:00,100
ACT0005908,O000968,S008,Meeting,2025-04-18 12:36:00,53
ACT0005909,O000968,S008,Email,2025-04-09 15:43:00,0
ACT0005910,O000968,S008,Email,2025-04-14 13:36:00,0
ACT0005911,O000969,S006,Demo,2023-07-04 09:12:00,83
ACT0005912,O000969,S006,Meeting,2023-07-03 08:26:00,72
ACT0005913,O000969,S006,Call,2023-07-05 16:12:00,12
ACT0005914,O000969,S006,Demo,2023-06-23 15:59:00,76
ACT0005915,O000969,S006,Meeting,2023-07-02 10:57:00,54
ACT0005916,O000969,S006,Meeting,2023-07-08 09:50:00,62
ACT0005917,O000970,S033,Email,2023-03-12 11:52:00,0
ACT0005918,O000970,S033,Meeting,2023-03-14 14:49:00,81
ACT0005919,O000970,S033,Call,2023-03-27 13:35:00,12
ACT0005920,O000970,S033,Meeting,2023-03-10 16:57:00,82
ACT0005921,O000970,S033,Call,2023-03-27 15:21:00,10
ACT0005922,O000970,S033,Email,2023-03-20 10:09:00,0
ACT0005923,O000970,S033,Email,2023-03-07 15:02:00,0
ACT0005924,O000970,S033,Meeting,2023-03-15 11:58:00,85
ACT0005925,O000971,S003,Email,2023-11-08 10:27:00,0
ACT0005926,O000971,S003,Email,2023-09-28 16:20:00,0
ACT0005927,O000971,S003,Email,2023-09-13 09:59:00,0
ACT0005928,O000971,S003,Email,2023-07-29 18:26:00,0
ACT0005929,O000971,S003,Email,2023-11-05 08:08:00,0
ACT0005930,O000972,S016,Call,2025-06-30 10:33:00,15
ACT0005931,O000973,S036,Demo,2024-12-01 12:13:00,109
ACT0005932,O000973,S036,Email,2024-11-16 09:37:00,0
ACT0005933,O000973,S036,Email,2024-11-20 12:20:00,0
ACT0005934,O000973,S036,Email,2024-11-29 14:09:00,0
ACT0005935,O000973,S036,Email,2024-12-04 18:47:00,0
ACT0005936,O000974,S004,Call,2025-06-07 08:12:00,19
ACT0005937,O000974,S004,Meeting,2025-06-17 10:12:00,38
ACT0005938,O000974,S004,Demo,2025-06-06 09:58:00,71
ACT0005939,O000974,S004,Email,2025-05-28 08:16:00,0
ACT0005940,O000975,S017,Email,2023-09-29 14:25:00,0
ACT0005941,O000975,S017,Email,2023-09-23 11:07:00,0
ACT0005942,O000975,S017,Demo,2023-09-29 14:37:00,117
ACT0005943,O000975,S017,Call,2023-09-25 08:36:00,44
ACT0005944,O000975,S017,Call,2023-09-24 12:48:00,22
ACT0005945,O000975,S017,Demo,2023-09-24 11:30:00,110
ACT0005946,O000975,S017,Meeting,2023-09-26 10:31:00,51
ACT0005947,O000975,S017,Call,2023-10-01 11:09:00,34
ACT0005948,O000976,S022,Call,2025-06-22 13:40:00,27
ACT0005949,O000976,S022,Email,2025-05-22 14:32:00,0
ACT0005950,O000977,S038,Call,2023-03-27 14:35:00,29
ACT0005951,O000977,S038,Email,2023-04-09 10:25:00,0
ACT0005952,O000977,S038,Email,2023-04-13 14:03:00,0
ACT0005953,O000977,S038,Email,2023-04-12 18:35:00,0
ACT0005954,O000977,S038,Email,2023-03-23 12:26:00,0
ACT0005955,O000977,S038,Call,2023-04-10 12:20:00,7
ACT0005956,O000977,S038,Email,2023-03-31 09:46:00,0
ACT0005957,O000978,S029,Call,2024-11-05 15:09:00,16
ACT0005958,O000978,S029,Meeting,2024-11-07 09:09:00,38
ACT0005959,O000978,S029,Call,2025-01-03 10:04:00,22
ACT0005960,O000978,S029,Email,2024-12-23 09:35:00,0
ACT0005961,O000978,S029,Call,2024-11-03 13:58:00,30
ACT0005962,O000978,S029,Email,2025-02-11 16:12:00,0
ACT0005963,O000978,S029,Email,2024-11-12 18:14:00,0
ACT0005964,O000979,S001,Call,2023-03-03 08:37:00,16
ACT0005965,O000979,S001,Meeting,2023-02-27 10:50:00,31
ACT0005966,O000979,S001,Email,2023-03-10 18:59:00,0
ACT0005967,O000979,S001,Call,2023-03-12 15:19:00,11
ACT0005968,O000979,S001,Call,2023-03-17 09:50:00,26
ACT0005969,O000979,S001,Call,2023-03-04 12:33:00,10
ACT0005970,O000980,S008,Email,2025-01-06 13:46:00,0
ACT0005971,O000980,S008,Email,2025-01-26 13:59:00,0
ACT0005972,O000980,S008,Email,2025-01-25 09:10:00,0
ACT0005973,O000981,S008,Meeting,2023-09-09 17:43:00,43
ACT0005974,O000981,S008,Meeting,2023-08-27 08:32:00,83
ACT0005975,O000981,S008,Email,2023-08-08 09:13:00,0
ACT0005976,O000981,S008,Demo,2023-09-07 08:06:00,91
ACT0005977,O000981,S008,Email,2023-09-12 09:15:00,0
ACT0005978,O000981,S008,Call,2023-08-08 16:44:00,43
ACT0005979,O000981,S008,Call,2023-09-04 12:31:00,40
ACT0005980,O000982,S027,Call,2024-05-30 09:53:00,20
ACT0005981,O000982,S027,Email,2024-07-02 14:55:00,0
ACT0005982,O000982,S027,Call,2024-08-01 08:39:00,37
ACT0005983,O000982,S027,Call,2024-06-11 14:15:00,26
ACT0005984,O000982,S027,Email,2024-07-04 13:16:00,0
ACT0005985,O000982,S027,Email,2024-06-27 12:19:00,0
ACT0005986,O000982,S027,Demo,2024-07-01 15:21:00,110
ACT0005987,O000982,S027,Email,2024-06-24 13:05:00,0
ACT0005988,O000983,S011,Call,2023-04-02 10:30:00,24
ACT0005989,O000983,S011,Call,2023-04-16 13:20:00,10
ACT0005990,O000983,S011,Email,2023-01-26 17:27:00,0
ACT0005991,O000983,S011,Email,2023-01-29 18:06:00,0
ACT0005992,O000983,S011,Call,2023-02-08 15:30:00,37
ACT0005993,O000983,S011,Email,2023-04-23 11:53:00,0
ACT0005994,O000983,S011,Email,2023-04-03 17:32:00,0
ACT0005995,O000984,S002,Call,2024-03-05 13:06:00,16
ACT0005996,O000984,S002,Demo,2024-04-14 18:14:00,63
ACT0005997,O000984,S002,Call,2024-05-04 08:26:00,6
ACT0005998,O000984,S002,Call,2024-02-22 16:12:00,17
ACT0005999,O000984,S002,Meeting,2024-04-04 10:13:00,31
ACT0006000,O000985,S008,Meeting,2025-06-13 13:31:00,66
ACT0006001,O000986,S028,Demo,2023-07-21 17:53:00,86
ACT0006002,O000986,S028,Email,2023-07-13 10:16:00,0
ACT0006003,O000986,S028,Meeting,2023-07-28 16:03:00,82
ACT0006004,O000987,S019,Call,2023-03-26 15:29:00,14
ACT0006005,O000987,S019,Call,2023-03-22 10:31:00,6
ACT0006006,O000987,S019,Email,2023-04-14 14:30:00,0
ACT0006007,O000987,S019,Call,2023-03-24 17:00:00,16
ACT0006008,O000987,S019,Email,2023-03-19 18:04:00,0
ACT0006009,O000987,S019,Demo,2023-03-21 09:58:00,71
ACT0006010,O000987,S019,Call,2023-04-22 12:48:00,8
ACT0006011,O000988,S007,Call,2023-04-30 13:38:00,25
ACT0006012,O000988,S007,Email,2023-04-09 18:40:00,0
ACT0006013,O000988,S007,Meeting,2023-06-10 13:26:00,44
ACT0006014,O000988,S007,Call,2023-04-16 11:14:00,6
ACT0006015,O000989,S031,Call,2024-10-11 14:45:00,9
ACT0006016,O000989,S031,Call,2024-11-25 08:46:00,12
ACT0006017,O000989,S031,Email,2024-11-05 12:58:00,0
ACT0006018,O000989,S031,Meeting,2024-10-10 16:47:00,89
ACT0006019,O000989,S031,Email,2024-11-28 14:30:00,0
ACT0006020,O000989,S031,Email,2024-10-08 13:59:00,0
ACT0006021,O000989,S031,Call,2024-11-19 18:42:00,19
ACT0006022,O000990,S032,Call,2023-11-30 08:10:00,30
ACT0006023,O000990,S032,Meeting,2023-12-08 12:34:00,37
ACT0006024,O000990,S032,Call,2023-11-09 15:19:00,25
ACT0006025,O000990,S032,Demo,2023-11-17 09:17:00,97
ACT0006026,O000991,S023,Call,2024-07-02 12:07:00,9
ACT0006027,O000991,S023,Email,2024-07-16 13:52:00,0
ACT0006028,O000991,S023,Call,2024-07-11 08:22:00,5
ACT0006029,O000991,S023,Demo,2024-08-05 09:10:00,64
ACT0006030,O000991,S023,Email,2024-07-15 12:20:00,0
ACT0006031,O000991,S023,Meeting,2024-06-19 17:23:00,81
ACT0006032,O000992,S002,Meeting,2025-04-04 08:36:00,67
ACT0006033,O000992,S002,Email,2025-04-14 14:15:00,0
ACT0006034,O000992,S002,Demo,2025-03-26 11:32:00,103
ACT0006035,O000992,S002,Meeting,2025-05-08 08:01:00,80
ACT0006036,O000992,S002,Meeting,2025-05-27 12:10:00,82
ACT0006037,O000992,S002,Email,2025-03-23 18:23:00,0
ACT0006038,O000993,S027,Email,2024-07-31 11:19:00,0
ACT0006039,O000993,S027,Call,2024-07-24 11:28:00,34
ACT0006040,O000993,S027,Email,2024-09-08 10:52:00,0
ACT0006041,O000993,S027,Email,2024-08-08 16:11:00,0
ACT0006042,O000993,S027,Email,2024-08-30 10:46:00,0
ACT0006043,O000993,S027,Email,2024-07-27 17:24:00,0
ACT0006044,O000994,S006,Meeting,2023-02-25 14:42:00,49
ACT0006045,O000994,S006,Demo,2023-03-25 14:54:00,85
ACT0006046,O000994,S006,Meeting,2023-02-07 16:56:00,31
ACT0006047,O000994,S006,Email,2023-03-04 17:00:00,0
ACT0006048,O000994,S006,Email,2023-02-04 13:42:00,0
ACT0006049,O000994,S006,Email,2023-02-10 16:21:00,0
ACT0006050,O000994,S006,Email,2023-03-27 18:31:00,0
ACT0006051,O000994,S006,Call,2023-02-28 11:24:00,32
ACT0006052,O000994,S006,Meeting,2023-03-17 09:49:00,69
ACT0006053,O000995,S040,Call,2025-04-17 12:29:00,36
ACT0006054,O000995,S040,Email,2025-04-30 18:02:00,0
ACT0006055,O000995,S040,Call,2025-04-08 13:45:00,20
ACT0006056,O000995,S040,Meeting,2025-04-05 09:41:00,68
ACT0006057,O000995,S040,Call,2025-04-08 15:16:00,43
ACT0006058,O000995,S040,Call,2025-04-30 14:44:00,42
ACT0006059,O000996,S032,Email,2025-04-29 17:37:00,0
ACT0006060,O000996,S032,Email,2025-06-05 11:02:00,0
ACT0006061,O000996,S032,Call,2025-05-25 10:07:00,8
ACT0006062,O000997,S040,Email,2023-04-17 08:56:00,0
ACT0006063,O000997,S040,Meeting,2023-05-20 17:25:00,71
ACT0006064,O000997,S040,Email,2023-04-27 14:23:00,0
ACT0006065,O000997,S040,Email,2023-05-15 09:17:00,0
ACT0006066,O000997,S040,Meeting,2023-03-05 08:59:00,88
ACT0006067,O000997,S040,Demo,2023-03-07 11:36:00,99
ACT0006068,O000997,S040,Call,2023-04-12 11:04:00,40
ACT0006069,O000998,S003,Email,2023-03-28 14:05:00,0
ACT0006070,O000998,S003,Call,2023-07-28 14:42:00,13
ACT0006071,O000998,S003,Email,2023-03-22 10:29:00,0
ACT0006072,O000998,S003,Call,2023-02-21 15:36:00,5
ACT0006073,O000998,S003,Email,2023-03-16 08:06:00,0
ACT0006074,O000998,S003,Meeting,2023-04-15 13:54:00,88
ACT0006075,O000998,S003,Call,2023-02-21 16:43:00,38
ACT0006076,O000999,S008,Email,2023-09-08 11:48:00,0
ACT0006077,O000999,S008,Call,2023-10-19 08:05:00,22
ACT0006078,O000999,S008,Call,2023-09-10 18:36:00,32
ACT0006079,O000999,S008,Meeting,2023-09-22 12:00:00,75
ACT0006080,O000999,S008,Email,2023-10-20 13:41:00,0
ACT0006081,O000999,S008,Call,2023-10-21 10:36:00,35
ACT0006082,O000999,S008,Call,2023-09-06 16:08:00,20
ACT0006083,O001000,S040,Email,2024-08-31 14:19:00,0
ACT0006084,O001000,S040,Call,2024-08-26 15:28:00,27
ACT0006085,O001001,S031,Email,2023-10-18 08:49:00,0
ACT0006086,O001001,S031,Call,2023-10-12 14:41:00,15
ACT0006087,O001002,S012,Call,2024-11-29 12:01:00,42
ACT0006088,O001002,S012,Call,2024-09-30 17:05:00,7
ACT0006089,O001002,S012,Call,2024-11-27 10:19:00,24
ACT0006090,O001002,S012,Demo,2024-10-05 18:50:00,116
ACT0006091,O001002,S012,Demo,2024-10-01 09:08:00,80
ACT0006092,O001002,S012,Call,2024-10-20 13:27:00,25
ACT0006093,O001002,S012,Email,2024-09-10 13:37:00,0
ACT0006094,O001002,S012,Call,2024-12-06 10:21:00,17
ACT0006095,O001002,S012,Call,2024-11-06 15:56:00,20
ACT0006096,O001003,S019,Call,2025-06-27 09:12:00,44
ACT0006097,O001003,S019,Demo,2025-06-12 18:33:00,64
ACT0006098,O001003,S019,Email,2025-06-22 10:19:00,0
ACT0006099,O001003,S019,Demo,2025-06-15 15:46:00,100
ACT0006100,O001003,S019,Email,2025-06-20 11:20:00,0
ACT0006101,O001003,S019,Email,2025-06-12 09:38:00,0
ACT0006102,O001004,S008,Call,2025-05-17 11:46:00,29
ACT0006103,O001004,S008,Demo,2025-05-20 10:06:00,76
ACT0006104,O001004,S008,Email,2025-04-07 15:36:00,0
ACT0006105,O001004,S008,Meeting,2025-04-14 15:27:00,60
ACT0006106,O001004,S008,Call,2025-04-30 08:22:00,22
ACT0006107,O001004,S008,Email,2025-04-18 16:20:00,0
ACT0006108,O001004,S008,Email,2025-04-04 08:46:00,0
ACT0006109,O001005,S006,Call,2023-02-05 12:51:00,7
ACT0006110,O001005,S006,Call,2023-02-06 09:50:00,18
ACT0006111,O001005,S006,Email,2023-02-06 16:11:00,0
ACT0006112,O001005,S006,Call,2023-02-04 18:38:00,39
ACT0006113,O001005,S006,Demo,2023-02-06 18:51:00,90
ACT0006114,O001006,S032,Email,2023-12-10 10:18:00,0
ACT0006115,O001006,S032,Email,2023-12-15 18:02:00,0
ACT0006116,O001006,S032,Email,2023-12-31 17:11:00,0
ACT0006117,O001006,S032,Call,2023-12-02 16:01:00,11
ACT0006118,O001006,S032,Call,2023-11-23 17:15:00,6
ACT0006119,O001006,S032,Demo,2024-01-16 11:07:00,55
ACT0006120,O001006,S032,Call,2023-12-20 10:44:00,37
ACT0006121,O001006,S032,Meeting,2024-01-13 11:11:00,69
ACT0006122,O001006,S032,Call,2023-11-18 13:19:00,43
ACT0006123,O001006,S032,Email,2023-11-05 10:15:00,0
ACT0006124,O001007,S040,Call,2024-12-01 11:16:00,20
ACT0006125,O001007,S040,Demo,2024-11-15 13:48:00,75
ACT0006126,O001007,S040,Call,2024-11-29 09:31:00,20
ACT0006127,O001007,S040,Email,2024-12-01 10:46:00,0
ACT0006128,O001007,S040,Call,2024-11-16 09:49:00,32
ACT0006129,O001007,S040,Meeting,2024-12-02 09:37:00,83
ACT0006130,O001008,S023,Call,2025-05-03 16:11:00,40
ACT0006131,O001008,S023,Call,2025-05-09 11:04:00,40
ACT0006132,O001008,S023,Email,2025-05-07 10:18:00,0
ACT0006133,O001009,S031,Email,2025-03-20 17:39:00,0
ACT0006134,O001009,S031,Demo,2025-03-27 12:20:00,58
ACT0006135,O001009,S031,Meeting,2025-04-23 13:42:00,59
ACT0006136,O001009,S031,Call,2025-03-13 10:20:00,10
ACT0006137,O001009,S031,Email,2025-03-20 16:40:00,0
ACT0006138,O001009,S031,Demo,2025-05-14 18:52:00,80
ACT0006139,O001010,S012,Call,2025-02-15 10:43:00,39
ACT0006140,O001010,S012,Call,2025-03-11 17:05:00,28
ACT0006141,O001010,S012,Call,2025-03-23 12:57:00,10
ACT0006142,O001010,S012,Call,2025-03-15 17:50:00,35
ACT0006143,O001011,S008,Email,2023-09-01 16:21:00,0
ACT0006144,O001011,S008,Call,2023-09-18 12:43:00,13
ACT0006145,O001011,S008,Email,2023-09-11 12:34:00,0
ACT0006146,O001011,S008,Call,2023-08-29 18:36:00,14
ACT0006147,O001011,S008,Email,2023-08-21 15:49:00,0
ACT0006148,O001011,S008,Email,2023-09-04 17:14:00,0
ACT0006149,O001011,S008,Call,2023-10-05 08:23:00,11
ACT0006150,O001011,S008,Email,2023-09-01 16:15:00,0
ACT0006151,O001011,S008,Meeting,2023-10-10 13:53:00,57
ACT0006152,O001011,S008,Demo,2023-08-29 14:29:00,49
ACT0006153,O001012,S008,Demo,2025-05-29 10:02:00,115
ACT0006154,O001012,S008,Email,2025-05-24 17:36:00,0
ACT0006155,O001012,S008,Call,2025-05-31 08:38:00,16
ACT0006156,O001012,S008,Demo,2025-05-30 18:45:00,71
ACT0006157,O001012,S008,Email,2025-05-16 17:14:00,0
ACT0006158,O001013,S008,Call,2024-03-13 08:35:00,36
ACT0006159,O001013,S008,Email,2024-03-01 12:56:00,0
ACT0006160,O001013,S008,Meeting,2024-02-16 09:38:00,58
ACT0006161,O001013,S008,Call,2024-02-27 13:40:00,34
ACT0006162,O001013,S008,Call,2024-02-11 09:15:00,5
ACT0006163,O001014,S018,Call,2025-02-06 17:43:00,28
ACT0006164,O001014,S018,Email,2025-02-06 09:05:00,0
ACT0006165,O001014,S018,Email,2025-02-05 17:51:00,0
ACT0006166,O001014,S018,Email,2025-02-10 11:13:00,0
ACT0006167,O001014,S018,Meeting,2025-02-05 13:05:00,88
ACT0006168,O001014,S018,Call,2025-02-06 16:39:00,40
ACT0006169,O001014,S018,Call,2025-02-05 09:36:00,33
ACT0006170,O001015,S021,Call,2024-05-16 12:02:00,23
ACT0006171,O001015,S021,Demo,2024-06-10 09:17:00,58
ACT0006172,O001015,S021,Call,2024-04-30 16:18:00,7
ACT0006173,O001015,S021,Email,2024-06-13 12:18:00,0
ACT0006174,O001015,S021,Email,2024-06-06 15:38:00,0
ACT0006175,O001016,S025,Email,2024-05-06 10:48:00,0
ACT0006176,O001016,S025,Email,2024-04-27 09:35:00,0
ACT0006177,O001016,S025,Call,2024-05-16 12:25:00,15
ACT0006178,O001016,S025,Email,2024-04-11 16:36:00,0
ACT0006179,O001016,S025,Call,2024-05-30 18:55:00,17
ACT0006180,O001016,S025,Call,2024-05-29 10:56:00,19
ACT0006181,O001016,S025,Email,2024-05-19 13:57:00,0
ACT0006182,O001017,S005,Email,2023-07-24 09:08:00,0
ACT0006183,O001017,S005,Call,2023-07-19 14:03:00,27
ACT0006184,O001017,S005,Demo,2023-07-17 11:25:00,49
ACT0006185,O001017,S005,Email,2023-07-03 14:27:00,0
ACT0006186,O001017,S005,Email,2023-08-01 13:42:00,0
ACT0006187,O001017,S005,Call,2023-06-27 15:12:00,12
ACT0006188,O001017,S005,Call,2023-07-31 16:43:00,17
ACT0006189,O001017,S005,Email,2023-07-09 13:34:00,0
ACT0006190,O001017,S005,Call,2023-06-15 18:46:00,17
ACT0006191,O001018,S013,Email,2023-09-29 09:01:00,0
ACT0006192,O001018,S013,Email,2023-09-16 08:49:00,0
ACT0006193,O001018,S013,Meeting,2023-10-03 16:55:00,66
ACT0006194,O001018,S013,Call,2021-08-14 16:50:00,20
ACT0006195,O001018,S013,Call,2022-03-30 14:07:00,25
ACT0006196,O001018,S013,Call,2023-09-18 10:47:00,24
ACT0006197,O001019,S037,Meeting,2022-10-03 14:25:00,76
ACT0006198,O001019,S037,Email,2024-08-23 15:06:00,0
ACT0006199,O001019,S037,Email,2024-08-03 11:25:00,0
ACT0006200,O001019,S037,Meeting,2024-08-22 09:39:00,59
ACT0006201,O001019,S037,Meeting,2024-07-29 11:37:00,46
ACT0006202,O001019,S037,Meeting,2024-07-29 09:35:00,86
ACT0006203,O001019,S037,Call,2024-07-28 14:27:00,39
ACT0006204,O001019,S037,Email,2024-09-01 18:20:00,0
ACT0006205,O001020,S020,Email,2023-05-31 14:25:00,0
ACT0006206,O001020,S020,Call,2023-06-02 11:20:00,30
ACT0006207,O001020,S020,Email,2023-06-03 12:23:00,0
ACT0006208,O001020,S020,Email,2023-06-04 15:42:00,0
ACT0006209,O001020,S020,Demo,2023-06-07 12:58:00,114
ACT0006210,O001020,S020,Call,2023-05-29 15:33:00,16
ACT0006211,O001020,S020,Email,2023-06-14 13:50:00,0
ACT0006212,O001020,S020,Email,2023-06-02 16:08:00,0
ACT0006213,O001020,S020,Email,2023-06-07 16:17:00,0
ACT0006214,O001020,S020,Email,2023-05-28 09:55:00,0
ACT0006215,O001020,S020,Email,2023-06-03 08:14:00,0
ACT0006216,O001021,S027,Meeting,2023-05-29 11:16:00,64
ACT0006217,O001021,S027,Meeting,2023-05-23 09:34:00,62
ACT0006218,O001021,S027,Meeting,2023-06-12 10:18:00,42
ACT0006219,O001021,S027,Call,2023-06-14 09:36:00,20
ACT0006220,O001022,S009,Call,2024-04-29 14:37:00,29
ACT0006221,O001022,S009,Email,2024-06-01 11:15:00,0
ACT0006222,O001022,S009,Email,2024-05-05 10:03:00,0
ACT0006223,O001022,S009,Call,2024-05-01 12:17:00,24
ACT0006224,O001023,S013,Email,2025-06-07 09:55:00,0
ACT0006225,O001023,S013,Email,2025-05-15 11:52:00,0
ACT0006226,O001023,S013,Call,2025-05-30 09:31:00,10
ACT0006227,O001023,S013,Email,2025-05-31 15:32:00,0
ACT0006228,O001024,S035,Call,2024-09-15 16:58:00,42
ACT0006229,O001024,S035,Call,2024-08-11 15:00:00,15
ACT0006230,O001024,S035,Demo,2024-09-08 17:46:00,115
ACT0006231,O001024,S035,Email,2024-09-16 08:18:00,0
ACT0006232,O001025,S009,Meeting,2025-03-20 10:26:00,35
ACT0006233,O001025,S009,Meeting,2025-03-05 15:59:00,45
ACT0006234,O001025,S009,Call,2025-03-19 18:43:00,30
ACT0006235,O001025,S009,Demo,2025-03-09 13:00:00,54
ACT0006236,O001025,S009,Call,2025-03-19 15:51:00,7
ACT0006237,O001025,S009,Demo,2025-03-06 14:42:00,57
ACT0006238,O001026,S020,Email,2025-05-06 13:57:00,0
ACT0006239,O001026,S020,Call,2025-04-02 10:15:00,33
ACT0006240,O001026,S020,Email,2025-03-08 14:01:00,0
ACT0006241,O001026,S020,Meeting,2025-04-03 18:51:00,57
ACT0006242,O001026,S020,Email,2025-05-24 16:38:00,0
ACT0006243,O001026,S020,Call,2025-03-10 11:25:00,16
ACT0006244,O001026,S020,Meeting,2025-04-19 14:08:00,75
ACT0006245,O001026,S020,Demo,2025-04-10 08:39:00,79
ACT0006246,O001026,S020,Call,2025-04-07 10:00:00,29
ACT0006247,O001027,S040,Email,2023-12-02 18:15:00,0
ACT0006248,O001027,S040,Demo,2023-12-01 12:10:00,50
ACT0006249,O001027,S040,Meeting,2023-11-03 18:39:00,67
ACT0006250,O001027,S040,Call,2023-11-04 10:06:00,15
ACT0006251,O001027,S040,Email,2023-12-05 18:29:00,0
ACT0006252,O001027,S040,Call,2023-12-13 14:18:00,32
ACT0006253,O001027,S040,Meeting,2023-12-05 08:43:00,55
ACT0006254,O001028,S016,Email,2025-02-04 18:50:00,0
ACT0006255,O001028,S016,Call,2025-04-20 16:00:00,29
ACT0006256,O001028,S016,Email,2025-02-16 10:40:00,0
ACT0006257,O001028,S016,Meeting,2025-03-26 11:27:00,73
ACT0006258,O001028,S016,Email,2025-03-06 12:54:00,0
ACT0006259,O001028,S016,Call,2025-02-04 11:00:00,27
ACT0006260,O001028,S016,Email,2025-04-19 10:04:00,0
ACT0006261,O001029,S008,Call,2025-04-03 18:55:00,8
ACT0006262,O001029,S008,Call,2025-04-05 10:51:00,28
ACT0006263,O001029,S008,Demo,2025-04-21 13:00:00,62
ACT0006264,O001029,S008,Email,2025-04-20 10:35:00,0
ACT0006265,O001029,S008,Call,2025-04-15 12:08:00,21
ACT0006266,O001029,S008,Meeting,2025-04-21 17:40:00,68
ACT0006267,O001029,S008,Call,2025-04-21 08:13:00,5
ACT0006268,O001030,S013,Email,2023-05-29 17:13:00,0
ACT0006269,O001030,S013,Email,2023-04-03 13:23:00,0
ACT0006270,O001030,S013,Call,2023-04-24 09:30:00,23
ACT0006271,O001030,S013,Email,2023-03-31 09:18:00,0
ACT0006272,O001030,S013,Email,2023-03-28 10:02:00,0
ACT0006273,O001030,S013,Email,2023-05-27 08:42:00,0
ACT0006274,O001030,S013,Call,2023-05-28 10:17:00,19
ACT0006275,O001031,S025,Email,2025-01-30 12:39:00,0
ACT0006276,O001031,S025,Meeting,2025-01-25 18:41:00,36
ACT0006277,O001031,S025,Email,2025-02-22 12:41:00,0
ACT0006278,O001031,S025,Email,2025-02-07 14:57:00,0
ACT0006279,O001031,S025,Demo,2025-01-22 15:33:00,46
ACT0006280,O001031,S025,Meeting,2025-01-24 13:27:00,50
ACT0006281,O001031,S025,Email,2025-01-15 11:14:00,0
ACT0006282,O001031,S025,Email,2025-01-26 18:59:00,0
ACT0006283,O001032,S012,Email,2024-02-09 10:25:00,0
ACT0006284,O001032,S012,Meeting,2024-02-11 08:56:00,52
ACT0006285,O001032,S012,Meeting,2024-02-08 10:30:00,39
ACT0006286,O001032,S012,Demo,2024-02-07 18:46:00,83
ACT0006287,O001032,S012,Demo,2024-03-05 18:42:00,77
ACT0006288,O001032,S012,Call,2024-01-30 16:42:00,15
ACT0006289,O001033,S008,Call,2025-03-12 09:47:00,28
ACT0006290,O001033,S008,Email,2025-03-27 15:07:00,0
ACT0006291,O001033,S008,Call,2025-02-28 13:42:00,13
ACT0006292,O001033,S008,Email,2025-02-25 13:30:00,0
ACT0006293,O001033,S008,Email,2025-02-18 10:14:00,0
ACT0006294,O001034,S009,Meeting,2023-05-09 13:31:00,36
ACT0006295,O001034,S009,Meeting,2023-05-25 14:25:00,36
ACT0006296,O001034,S009,Email,2023-05-05 13:26:00,0
ACT0006297,O001034,S009,Call,2023-07-02 10:02:00,41
ACT0006298,O001034,S009,Email,2023-07-02 17:03:00,0
ACT0006299,O001034,S009,Demo,2023-05-06 18:50:00,95
ACT0006300,O001034,S009,Demo,2023-05-10 17:22:00,61
ACT0006301,O001035,S023,Meeting,2024-11-16 13:12:00,78
ACT0006302,O001035,S023,Email,2024-10-11 08:19:00,0
ACT0006303,O001036,S036,Email,2025-03-21 15:42:00,0
ACT0006304,O001036,S036,Meeting,2025-03-26 15:41:00,76
ACT0006305,O001036,S036,Meeting,2025-03-25 12:17:00,64
ACT0006306,O001036,S036,Email,2025-04-07 13:54:00,0
ACT0006307,O001036,S036,Call,2025-03-30 08:00:00,8
ACT0006308,O001036,S036,Demo,2025-04-08 16:33:00,64
ACT0006309,O001036,S036,Email,2025-04-11 18:25:00,0
ACT0006310,O001037,S010,Meeting,2025-02-28 09:34:00,31
ACT0006311,O001037,S010,Call,2025-03-13 13:49:00,43
ACT0006312,O001037,S010,Call,2025-02-26 18:22:00,33
ACT0006313,O001037,S010,Demo,2025-02-21 13:13:00,63
ACT0006314,O001037,S010,Demo,2025-03-03 11:30:00,88
ACT0006315,O001037,S010,Email,2025-03-11 08:02:00,0
ACT0006316,O001037,S010,Call,2025-03-10 13:46:00,23
ACT0006317,O001038,S024,Call,2024-03-26 11:02:00,15
ACT0006318,O001038,S024,Call,2024-04-15 10:27:00,42
ACT0006319,O001038,S024,Call,2024-04-12 08:42:00,44
ACT0006320,O001038,S024,Call,2024-05-13 11:59:00,35
ACT0006321,O001038,S024,Email,2024-05-15 12:37:00,0
ACT0006322,O001039,S040,Email,2024-01-06 15:34:00,0
ACT0006323,O001039,S040,Demo,2024-01-16 08:00:00,105
ACT0006324,O001039,S040,Email,2024-01-15 11:53:00,0
ACT0006325,O001039,S040,Meeting,2024-01-14 15:21:00,88
ACT0006326,O001039,S040,Email,2024-01-16 11:44:00,0
ACT0006327,O001040,S016,Email,2025-06-29 17:22:00,0
ACT0006328,O001041,S023,Email,2023-05-20 18:37:00,0
ACT0006329,O001041,S023,Email,2023-05-28 17:31:00,0
ACT0006330,O001041,S023,Email,2023-06-27 13:03:00,0
ACT0006331,O001041,S023,Call,2023-05-21 10:20:00,35
ACT0006332,O001041,S023,Call,2023-06-19 13:09:00,19
ACT0006333,O001042,S009,Call,2023-11-16 10:52:00,35
ACT0006334,O001042,S009,Email,2023-12-09 18:03:00,0
ACT0006335,O001042,S009,Email,2023-11-03 18:53:00,0
ACT0006336,O001043,S039,Call,2024-04-20 12:15:00,33
ACT0006337,O001043,S039,Email,2024-03-18 18:45:00,0
ACT0006338,O001043,S039,Email,2024-03-29 18:47:00,0
ACT0006339,O001043,S039,Call,2024-04-29 12:45:00,5
ACT0006340,O001043,S039,Meeting,2024-04-29 16:45:00,35
ACT0006341,O001043,S039,Email,2024-05-25 18:44:00,0
ACT0006342,O001043,S039,Demo,2024-04-22 18:48:00,112
ACT0006343,O001043,S039,Demo,2024-04-20 14:41:00,99
ACT0006344,O001044,S022,Email,2023-02-07 15:50:00,0
ACT0006345,O001044,S022,Email,2023-01-24 09:55:00,0
ACT0006346,O001044,S022,Demo,2023-01-24 16:00:00,72
ACT0006347,O001044,S022,Call,2023-01-26 17:14:00,6
ACT0006348,O001044,S022,Call,2023-02-06 12:39:00,36
ACT0006349,O001044,S022,Call,2023-01-31 17:54:00,16
ACT0006350,O001044,S022,Call,2023-01-25 15:51:00,40
ACT0006351,O001045,S027,Call,2025-02-21 13:28:00,12
ACT0006352,O001045,S027,Demo,2025-02-12 08:20:00,91
ACT0006353,O001045,S027,Email,2025-02-04 14:25:00,0
ACT0006354,O001045,S027,Email,2025-03-10 14:23:00,0
ACT0006355,O001045,S027,Email,2025-02-10 09:40:00,0
ACT0006356,O001045,S027,Email,2025-02-09 08:32:00,0
ACT0006357,O001046,S020,Call,2025-02-05 08:17:00,20
ACT0006358,O001046,S020,Call,2024-11-26 08:04:00,12
ACT0006359,O001046,S020,Email,2024-12-11 09:57:00,0
ACT0006360,O001046,S020,Call,2025-02-02 09:13:00,40
ACT0006361,O001046,S020,Meeting,2024-12-08 18:39:00,44
ACT0006362,O001046,S020,Email,2025-01-24 10:48:00,0
ACT0006363,O001046,S020,Call,2025-01-09 16:46:00,25
ACT0006364,O001046,S020,Email,2024-12-09 13:32:00,0
ACT0006365,O001046,S020,Meeting,2025-02-16 09:02:00,54
ACT0006366,O001047,S010,Call,2024-01-14 17:33:00,18
ACT0006367,O001047,S010,Call,2024-01-16 09:58:00,6
ACT0006368,O001047,S010,Email,2024-01-14 12:04:00,0
ACT0006369,O001047,S010,Call,2024-01-10 17:43:00,13
ACT0006370,O001047,S010,Call,2024-02-10 18:06:00,14
ACT0006371,O001048,S002,Email,2024-11-21 08:06:00,0
ACT0006372,O001048,S002,Call,2024-11-14 14:40:00,40
ACT0006373,O001048,S002,Email,2024-10-01 13:48:00,0
ACT0006374,O001049,S040,Email,2023-07-03 13:42:00,0
ACT0006375,O001049,S040,Email,2023-07-02 16:11:00,0
ACT0006376,O001049,S040,Email,2023-07-18 15:16:00,0
ACT0006377,O001049,S040,Email,2023-07-31 18:05:00,0
ACT0006378,O001049,S040,Email,2023-07-18 15:46:00,0
ACT0006379,O001049,S040,Email,2023-07-15 10:39:00,0
ACT0006380,O001050,S005,Call,2024-11-22 12:34:00,37
ACT0006381,O001050,S005,Email,2024-11-15 08:14:00,0
ACT0006382,O001050,S005,Email,2025-01-02 17:11:00,0
ACT0006383,O001050,S005,Demo,2025-01-01 09:40:00,112
ACT0006384,O001050,S005,Call,2024-11-18 15:30:00,32
ACT0006385,O001050,S005,Call,2024-11-17 16:08:00,14
ACT0006386,O001050,S005,Demo,2024-11-25 08:56:00,99
ACT0006387,O001051,S017,Email,2024-05-06 09:23:00,0
ACT0006388,O001051,S017,Meeting,2024-06-08 14:21:00,49
ACT0006389,O001051,S017,Email,2024-06-10 14:23:00,0
ACT0006390,O001051,S017,Call,2024-06-30 15:40:00,19
ACT0006391,O001051,S017,Meeting,2024-06-22 14:19:00,89
ACT0006392,O001051,S017,Demo,2024-07-03 15:32:00,76
ACT0006393,O001051,S017,Demo,2024-06-05 15:03:00,109
ACT0006394,O001052,S024,Meeting,2024-08-12 16:57:00,32
ACT0006395,O001052,S024,Email,2024-08-24 13:54:00,0
ACT0006396,O001052,S024,Email,2024-08-01 13:06:00,0
ACT0006397,O001052,S024,Email,2024-07-31 17:57:00,0
ACT0006398,O001052,S024,Demo,2024-08-21 13:12:00,84
ACT0006399,O001052,S024,Email,2024-08-22 13:43:00,0
ACT0006400,O001052,S024,Email,2024-08-03 16:50:00,0
ACT0006401,O001052,S024,Call,2024-07-30 12:45:00,7
ACT0006402,O001052,S024,Email,2024-08-18 17:25:00,0
ACT0006403,O001052,S024,Email,2024-08-25 13:16:00,0
ACT0006404,O001052,S024,Call,2024-08-09 13:41:00,15
ACT0006405,O001052,S024,Email,2024-08-05 15:02:00,0
ACT0006406,O001052,S024,Meeting,2024-08-19 12:29:00,55
ACT0006407,O001052,S024,Demo,2024-08-10 14:06:00,111
ACT0006408,O001052,S024,Call,2024-08-05 14:42:00,14
ACT0006409,O001053,S007,Email,2023-02-17 10:10:00,0
ACT0006410,O001053,S007,Call,2023-02-19 15:47:00,32
ACT0006411,O001053,S007,Call,2023-02-20 16:38:00,19
ACT0006412,O001053,S007,Email,2023-02-20 16:38:00,0
ACT0006413,O001053,S007,Call,2023-02-20 16:27:00,14
ACT0006414,O001053,S007,Call,2023-02-16 10:24:00,28
ACT0006415,O001053,S007,Email,2023-02-22 10:48:00,0
ACT0006416,O001054,S001,Email,2023-12-22 09:16:00,0
ACT0006417,O001054,S001,Call,2023-12-25 10:55:00,7
ACT0006418,O001054,S001,Call,2023-11-15 18:55:00,44
ACT0006419,O001055,S031,Email,2025-06-22 16:17:00,0
ACT0006420,O001055,S031,Meeting,2025-06-23 10:27:00,78
ACT0006421,O001055,S031,Meeting,2025-06-27 16:28:00,74
ACT0006422,O001055,S031,Email,2025-06-14 15:20:00,0
ACT0006423,O001055,S031,Email,2025-06-19 15:46:00,0
ACT0006424,O001055,S031,Call,2025-06-23 18:47:00,8
ACT0006425,O001056,S024,Email,2025-06-27 09:22:00,0
ACT0006426,O001057,S022,Email,2025-03-27 12:35:00,0
ACT0006427,O001057,S022,Meeting,2025-03-21 16:10:00,84
ACT0006428,O001057,S022,Call,2025-04-02 16:18:00,34
ACT0006429,O001057,S022,Call,2025-03-26 16:28:00,10
ACT0006430,O001057,S022,Call,2025-03-22 13:04:00,12
ACT0006431,O001058,S009,Meeting,2025-01-28 17:00:00,88
ACT0006432,O001058,S009,Meeting,2025-02-05 11:29:00,69
ACT0006433,O001058,S009,Meeting,2025-02-01 09:01:00,50
ACT0006434,O001058,S009,Meeting,2025-01-18 13:29:00,86
ACT0006435,O001058,S009,Meeting,2025-01-23 13:22:00,36
ACT0006436,O001058,S009,Call,2025-01-20 16:17:00,31
ACT0006437,O001058,S009,Call,2025-02-03 16:08:00,16
ACT0006438,O001059,S026,Call,2025-01-08 13:26:00,29
ACT0006439,O001059,S026,Meeting,2025-01-08 12:23:00,36
ACT0006440,O001059,S026,Call,2025-01-15 10:39:00,33
ACT0006441,O001059,S026,Email,2025-01-03 11:26:00,0
ACT0006442,O001059,S026,Email,2025-01-11 11:21:00,0
ACT0006443,O001059,S026,Call,2025-01-15 12:53:00,26
ACT0006444,O001060,S009,Meeting,2025-03-24 16:21:00,60
ACT0006445,O001060,S009,Email,2025-02-05 13:11:00,0
ACT0006446,O001060,S009,Email,2025-03-23 16:33:00,0
ACT0006447,O001060,S009,Email,2025-01-01 16:39:00,0
ACT0006448,O001060,S009,Call,2025-01-29 13:14:00,41
ACT0006449,O001060,S009,Email,2024-12-14 14:37:00,0
ACT0006450,O001061,S011,Call,2025-03-28 16:36:00,11
ACT0006451,O001061,S011,Call,2025-03-19 17:15:00,37
ACT0006452,O001061,S011,Demo,2025-04-14 09:06:00,81
ACT0006453,O001061,S011,Meeting,2025-03-20 08:46:00,77
ACT0006454,O001061,S011,Email,2025-03-22 10:23:00,0
ACT0006455,O001062,S025,Email,2024-06-06 10:57:00,0
ACT0006456,O001062,S025,Email,2024-06-01 17:32:00,0
ACT0006457,O001062,S025,Email,2024-07-19 18:27:00,0
ACT0006458,O001062,S025,Email,2024-06-23 11:56:00,0
ACT0006459,O001062,S025,Email,2024-07-04 13:40:00,0
ACT0006460,O001062,S025,Email,2024-07-28 11:21:00,0
ACT0006461,O001063,S013,Demo,2024-05-02 15:17:00,69
ACT0006462,O001063,S013,Email,2024-03-12 09:40:00,0
ACT0006463,O001063,S013,Email,2024-02-27 17:13:00,0
ACT0006464,O001063,S013,Call,2024-02-22 09:26:00,13
ACT0006465,O001063,S013,Demo,2024-04-30 15:04:00,55
ACT0006466,O001063,S013,Meeting,2024-03-14 09:31:00,73
ACT0006467,O001063,S013,Call,2024-03-09 16:53:00,41
ACT0006468,O001063,S013,Demo,2024-01-20 14:18:00,107
ACT0006469,O001063,S013,Email,2024-03-05 18:16:00,0
ACT0006470,O001063,S013,Email,2024-03-31 12:24:00,0
ACT0006471,O001063,S013,Call,2024-01-17 13:17:00,5
ACT0006472,O001064,S016,Email,2023-12-20 13:47:00,0
ACT0006473,O001064,S016,Email,2024-01-02 18:05:00,0
ACT0006474,O001064,S016,Call,2024-01-05 17:34:00,13
ACT0006475,O001064,S016,Call,2023-12-26 13:36:00,5
ACT0006476,O001064,S016,Call,2024-01-13 14:50:00,34
ACT0006477,O001064,S016,Call,2023-12-31 15:43:00,14
ACT0006478,O001064,S016,Call,2024-01-08 13:31:00,24
ACT0006479,O001064,S016,Call,2023-12-31 17:56:00,34
ACT0006480,O001065,S029,Call,2025-06-26 16:28:00,40
ACT0006481,O001065,S029,Call,2025-06-21 11:05:00,37
ACT0006482,O001065,S029,Email,2025-06-28 12:33:00,0
ACT0006483,O001065,S029,Call,2025-06-20 13:51:00,41
ACT0006484,O001065,S029,Call,2025-06-22 09:09:00,6
ACT0006485,O001065,S029,Call,2025-06-28 11:42:00,38
ACT0006486,O001065,S029,Email,2025-06-26 12:34:00,0
ACT0006487,O001065,S029,Call,2025-06-25 08:51:00,40
ACT0006488,O001065,S029,Email,2025-06-20 16:36:00,0
ACT0006489,O001066,S012,Email,2025-04-22 10:55:00,0
ACT0006490,O001066,S012,Meeting,2025-04-16 12:06:00,57
ACT0006491,O001066,S012,Email,2025-04-13 17:14:00,0
ACT0006492,O001067,S012,Call,2023-07-06 08:56:00,13
ACT0006493,O001067,S012,Email,2023-06-30 11:53:00,0
ACT0006494,O001067,S012,Call,2023-07-04 14:34:00,42
ACT0006495,O001067,S012,Demo,2023-06-20 12:07:00,46
ACT0006496,O001067,S012,Call,2023-06-24 12:45:00,43
ACT0006497,O001068,S026,Call,2023-04-02 18:31:00,17
ACT0006498,O001068,S026,Email,2020-11-28 12:05:00,0
ACT0006499,O001068,S026,Demo,2023-02-08 15:01:00,82
ACT0006500,O001068,S026,Call,2023-02-07 08:37:00,34
ACT0006501,O001068,S026,Call,2023-02-16 14:21:00,18
ACT0006502,O001068,S026,Meeting,2023-04-17 12:13:00,65
ACT0006503,O001068,S026,Email,2023-02-22 16:27:00,0
ACT0006504,O001068,S026,Email,2023-04-06 16:01:00,0
ACT0006505,O001068,S026,Email,2023-04-09 12:36:00,0
ACT0006506,O001069,S024,Email,2024-09-29 16:56:00,0
ACT0006507,O001069,S024,Email,2024-08-03 08:15:00,0
ACT0006508,O001069,S024,Call,2024-08-08 13:52:00,10
ACT0006509,O001069,S024,Email,2024-08-05 09:08:00,0
ACT0006510,O001069,S024,Meeting,2024-09-28 15:41:00,48
ACT0006511,O001069,S024,Email,2024-09-17 16:57:00,0
ACT0006512,O001070,S012,Call,2025-03-26 09:49:00,17
ACT0006513,O001070,S012,Call,2025-03-05 12:17:00,5
ACT0006514,O001070,S012,Demo,2025-03-18 15:06:00,54
ACT0006515,O001070,S012,Email,2025-02-22 14:32:00,0
ACT0006516,O001070,S012,Email,2025-03-14 15:03:00,0
ACT0006517,O001070,S012,Call,2025-03-14 10:28:00,23
ACT0006518,O001070,S012,Meeting,2025-02-23 10:15:00,63
ACT0006519,O001070,S012,Call,2025-02-19 08:15:00,25
ACT0006520,O001070,S012,Meeting,2025-03-10 10:42:00,47
ACT0006521,O001071,S019,Email,2024-01-07 14:46:00,0
ACT0006522,O001071,S019,Call,2024-01-08 15:28:00,19
ACT0006523,O001071,S019,Email,2024-01-16 13:33:00,0
ACT0006524,O001071,S019,Call,2024-01-08 13:18:00,36
ACT0006525,O001071,S019,Email,2023-12-31 15:16:00,0
ACT0006526,O001071,S019,Meeting,2024-01-01 18:32:00,32
ACT0006527,O001071,S019,Email,2023-12-30 10:40:00,0
ACT0006528,O001072,S008,Call,2024-05-28 08:50:00,42
ACT0006529,O001072,S008,Email,2024-05-26 12:19:00,0
ACT0006530,O001072,S008,Demo,2024-04-22 08:44:00,73
ACT0006531,O001072,S008,Meeting,2024-05-25 15:42:00,58
ACT0006532,O001073,S037,Email,2023-12-31 14:12:00,0
ACT0006533,O001073,S037,Meeting,2024-01-04 13:46:00,61
ACT0006534,O001073,S037,Email,2024-01-13 08:49:00,0
ACT0006535,O001073,S037,Email,2024-01-19 08:15:00,0
ACT0006536,O001073,S037,Demo,2023-12-29 14:05:00,92
ACT0006537,O001073,S037,Meeting,2023-12-26 18:45:00,51
ACT0006538,O001074,S035,Call,2023-04-23 10:16:00,18
ACT0006539,O001074,S035,Demo,2023-05-08 14:05:00,78
ACT0006540,O001074,S035,Demo,2023-05-06 12:24:00,99
ACT0006541,O001074,S035,Email,2023-04-25 11:37:00,0
ACT0006542,O001074,S035,Call,2023-04-07 09:51:00,25
ACT0006543,O001074,S035,Email,2023-04-20 13:06:00,0
ACT0006544,O001074,S035,Email,2023-04-23 13:28:00,0
ACT0006545,O001074,S035,Email,2023-05-05 15:35:00,0
ACT0006546,O001075,S016,Email,2024-03-19 12:37:00,0
ACT0006547,O001075,S016,Email,2024-03-25 09:42:00,0
ACT0006548,O001075,S016,Call,2024-04-05 14:36:00,43
ACT0006549,O001075,S016,Email,2024-03-24 14:51:00,0
ACT0006550,O001075,S016,Email,2024-05-02 14:11:00,0
ACT0006551,O001075,S016,Meeting,2024-04-13 15:06:00,38
ACT0006552,O001076,S002,Call,2024-12-05 11:23:00,35
ACT0006553,O001076,S002,Email,2024-12-20 09:03:00,0
ACT0006554,O001077,S034,Call,2025-05-28 10:11:00,38
ACT0006555,O001077,S034,Meeting,2025-06-21 10:29:00,65
ACT0006556,O001077,S034,Email,2025-05-02 11:51:00,0
ACT0006557,O001077,S034,Meeting,2025-05-27 12:47:00,76
ACT0006558,O001078,S028,Meeting,2023-06-12 18:16:00,71
ACT0006559,O001078,S028,Call,2023-06-20 14:18:00,40
ACT0006560,O001078,S028,Meeting,2023-06-15 15:47:00,43
ACT0006561,O001078,S028,Email,2023-05-10 08:32:00,0
ACT0006562,O001078,S028,Email,2023-06-18 15:52:00,0
ACT0006563,O001078,S028,Email,2023-06-04 09:31:00,0
ACT0006564,O001079,S012,Email,2025-05-27 16:07:00,0
ACT0006565,O001079,S012,Email,2025-05-29 15:30:00,0
ACT0006566,O001079,S012,Meeting,2025-05-27 16:47:00,62
ACT0006567,O001079,S012,Email,2025-05-26 17:45:00,0
ACT0006568,O001079,S012,Email,2025-05-22 17:53:00,0
ACT0006569,O001079,S012,Email,2025-05-29 13:30:00,0
ACT0006570,O001079,S012,Email,2025-05-15 18:09:00,0
ACT0006571,O001079,S012,Call,2025-05-14 16:27:00,37
ACT0006572,O001080,S013,Call,2024-11-13 12:43:00,41
ACT0006573,O001080,S013,Call,2024-11-13 17:48:00,20
ACT0006574,O001080,S013,Call,2024-11-03 18:43:00,43
ACT0006575,O001080,S013,Call,2024-11-08 12:02:00,14
ACT0006576,O001080,S013,Call,2024-11-01 09:23:00,31
ACT0006577,O001080,S013,Call,2024-11-04 10:50:00,29
ACT0006578,O001080,S013,Email,2024-11-01 14:48:00,0
ACT0006579,O001080,S013,Call,2024-11-13 09:55:00,10
ACT0006580,O001080,S013,Call,2024-11-03 12:35:00,15
ACT0006581,O001081,S011,Call,2025-04-09 09:57:00,40
ACT0006582,O001081,S011,Call,2025-05-01 16:11:00,35
ACT0006583,O001081,S011,Call,2025-05-09 17:06:00,22
ACT0006584,O001081,S011,Call,2025-05-03 18:25:00,13
ACT0006585,O001081,S011,Call,2025-04-11 11:13:00,21
ACT0006586,O001081,S011,Call,2025-04-10 10:49:00,28
ACT0006587,O001082,S015,Email,2025-06-04 16:11:00,0
ACT0006588,O001082,S015,Email,2025-05-26 13:45:00,0
ACT0006589,O001082,S015,Call,2025-05-15 11:29:00,7
ACT0006590,O001082,S015,Call,2025-05-06 10:51:00,35
ACT0006591,O001082,S015,Call,2025-05-21 16:37:00,35
ACT0006592,O001082,S015,Email,2025-05-17 15:38:00,0
ACT0006593,O001082,S015,Email,2025-06-17 09:45:00,0
ACT0006594,O001082,S015,Meeting,2025-06-14 13:42:00,75
ACT0006595,O001082,S015,Call,2025-05-22 11:12:00,15
ACT0006596,O001083,S011,Call,2025-05-01 18:39:00,42
ACT0006597,O001083,S011,Email,2025-05-21 10:58:00,0
ACT0006598,O001083,S011,Meeting,2025-04-06 17:42:00,83
ACT0006599,O001083,S011,Demo,2025-05-21 12:47:00,62
ACT0006600,O001084,S011,Meeting,2025-06-25 11:54:00,56
ACT0006601,O001084,S011,Call,2025-06-30 11:47:00,17
ACT0006602,O001084,S011,Call,2025-06-21 08:46:00,36
ACT0006603,O001085,S025,Call,2025-02-03 17:43:00,14
ACT0006604,O001085,S025,Email,2025-02-15 10:00:00,0
ACT0006605,O001085,S025,Email,2025-02-25 08:58:00,0
ACT0006606,O001085,S025,Email,2025-02-09 13:21:00,0
ACT0006607,O001085,S025,Email,2025-02-07 10:08:00,0
ACT0006608,O001085,S025,Call,2025-02-16 15:47:00,37
ACT0006609,O001086,S018,Call,2024-03-01 15:30:00,32
ACT0006610,O001086,S018,Call,2024-02-23 13:37:00,30
ACT0006611,O001086,S018,Meeting,2024-02-27 16:08:00,50
ACT0006612,O001086,S018,Email,2024-03-07 18:01:00,0
ACT0006613,O001086,S018,Email,2024-03-09 12:36:00,0
ACT0006614,O001086,S018,Demo,2024-03-09 16:35:00,61
ACT0006615,O001086,S018,Demo,2024-02-27 10:31:00,112
ACT0006616,O001086,S018,Email,2024-03-02 08:23:00,0
ACT0006617,O001086,S018,Email,2024-03-02 14:57:00,0
ACT0006618,O001087,S020,Call,2023-10-22 14:09:00,43
ACT0006619,O001087,S020,Demo,2023-10-20 10:58:00,108
ACT0006620,O001087,S020,Email,2023-11-16 09:07:00,0
ACT0006621,O001087,S020,Call,2023-10-26 13:25:00,39
ACT0006622,O001087,S020,Demo,2023-10-20 08:08:00,59
ACT0006623,O001087,S020,Email,2023-10-22 16:44:00,0
ACT0006624,O001088,S027,Demo,2023-04-08 16:56:00,92
ACT0006625,O001088,S027,Email,2023-05-09 10:18:00,0
ACT0006626,O001088,S027,Call,2023-05-22 16:47:00,31
ACT0006627,O001088,S027,Email,2023-04-09 14:49:00,0
ACT0006628,O001088,S027,Call,2023-03-31 15:29:00,18
ACT0006629,O001088,S027,Email,2023-04-17 10:28:00,0
ACT0006630,O001089,S002,Email,2023-05-05 12:12:00,0
ACT0006631,O001089,S002,Call,2023-05-11 16:18:00,32
ACT0006632,O001089,S002,Meeting,2023-03-16 09:28:00,65
ACT0006633,O001089,S002,Email,2023-05-13 13:52:00,0
ACT0006634,O001089,S002,Email,2023-04-09 12:58:00,0
ACT0006635,O001090,S028,Call,2024-07-02 15:32:00,38
ACT0006636,O001090,S028,Demo,2024-06-27 14:06:00,97
ACT0006637,O001090,S028,Email,2024-08-28 18:32:00,0
ACT0006638,O001090,S028,Email,2024-07-16 10:01:00,0
ACT0006639,O001090,S028,Demo,2024-07-08 10:44:00,117
ACT0006640,O001091,S019,Email,2024-07-17 18:36:00,0
ACT0006641,O001091,S019,Call,2024-07-19 09:40:00,5
ACT0006642,O001091,S019,Email,2024-07-17 17:37:00,0
ACT0006643,O001091,S019,Call,2024-07-20 08:06:00,18
ACT0006644,O001091,S019,Email,2024-07-17 16:05:00,0
ACT0006645,O001091,S019,Demo,2024-07-21 10:22:00,102
ACT0006646,O001092,S019,Email,2024-01-07 18:58:00,0
ACT0006647,O001092,S019,Call,2024-02-17 11:54:00,29
ACT0006648,O001092,S019,Meeting,2024-03-02 15:37:00,45
ACT0006649,O001092,S019,Email,2024-03-09 17:39:00,0
ACT0006650,O001092,S019,Meeting,2024-03-08 18:41:00,59
ACT0006651,O001093,S034,Email,2023-07-31 10:51:00,0
ACT0006652,O001093,S034,Email,2023-08-01 13:04:00,0
ACT0006653,O001093,S034,Call,2023-08-06 15:20:00,13
ACT0006654,O001093,S034,Email,2023-08-02 17:54:00,0
ACT0006655,O001093,S034,Call,2023-08-07 09:31:00,31
ACT0006656,O001094,S007,Email,2024-10-28 16:53:00,0
ACT0006657,O001094,S007,Email,2024-10-01 12:38:00,0
ACT0006658,O001094,S007,Call,2024-11-13 14:11:00,41
ACT0006659,O001094,S007,Email,2024-09-28 13:50:00,0
ACT0006660,O001094,S007,Demo,2024-09-07 15:01:00,61
ACT0006661,O001094,S007,Call,2024-09-20 08:57:00,19
ACT0006662,O001094,S007,Email,2024-10-13 09:26:00,0
ACT0006663,O001094,S007,Meeting,2024-11-11 08:10:00,86
ACT0006664,O001094,S007,Email,2024-10-03 09:53:00,0
ACT0006665,O001095,S034,Meeting,2024-05-01 17:36:00,66
ACT0006666,O001095,S034,Meeting,2024-05-14 09:50:00,76
ACT0006667,O001095,S034,Email,2024-05-12 14:00:00,0
ACT0006668,O001096,S020,Email,2024-01-22 14:16:00,0
ACT0006669,O001096,S020,Email,2024-02-05 13:42:00,0
ACT0006670,O001096,S020,Email,2024-01-30 11:38:00,0
ACT0006671,O001096,S020,Call,2024-01-17 09:55:00,27
ACT0006672,O001096,S020,Call,2024-01-14 08:58:00,30
ACT0006673,O001096,S020,Email,2024-03-05 17:02:00,0
ACT0006674,O001096,S020,Email,2024-03-05 09:21:00,0
ACT0006675,O001096,S020,Email,2024-01-03 14:49:00,0
ACT0006676,O001096,S020,Call,2024-01-17 14:49:00,28
ACT0006677,O001096,S020,Meeting,2024-02-19 10:10:00,79
ACT0006678,O001097,S009,Call,2025-05-23 08:56:00,18
ACT0006679,O001097,S009,Email,2025-05-13 15:22:00,0
ACT0006680,O001097,S009,Meeting,2025-05-30 16:18:00,71
ACT0006681,O001097,S009,Email,2025-06-27 08:51:00,0
ACT0006682,O001097,S009,Call,2025-06-20 10:08:00,5
ACT0006683,O001097,S009,Call,2025-06-30 11:50:00,30
ACT0006684,O001097,S009,Demo,2025-05-17 11:56:00,100
ACT0006685,O001097,S009,Email,2025-05-31 12:56:00,0
ACT0006686,O001097,S009,Call,2025-06-17 14:03:00,28
ACT0006687,O001097,S009,Email,2025-05-17 18:58:00,0
ACT0006688,O001098,S001,Email,2025-06-24 17:50:00,0
ACT0006689,O001098,S001,Call,2025-05-13 12:35:00,5
ACT0006690,O001098,S001,Call,2025-05-07 15:06:00,26
ACT0006691,O001098,S001,Email,2025-06-07 11:56:00,0
ACT0006692,O001098,S001,Email,2025-06-02 17:17:00,0
ACT0006693,O001098,S001,Email,2025-05-08 11:05:00,0
ACT0006694,O001098,S001,Email,2025-04-21 18:13:00,0
ACT0006695,O001099,S016,Email,2023-08-16 14:41:00,0
ACT0006696,O001099,S016,Call,2023-07-30 11:48:00,20
ACT0006697,O001099,S016,Demo,2023-07-24 14:38:00,55
ACT0006698,O001099,S016,Call,2023-08-15 12:21:00,31
ACT0006699,O001099,S016,Call,2023-08-14 09:16:00,15
ACT0006700,O001099,S016,Call,2023-08-02 17:41:00,29
ACT0006701,O001099,S016,Demo,2023-08-07 15:31:00,94
ACT0006702,O001099,S016,Call,2023-07-29 10:35:00,44
ACT0006703,O001099,S016,Email,2023-08-17 10:13:00,0
ACT0006704,O001099,S016,Email,2023-07-28 17:14:00,0
ACT0006705,O001100,S039,Email,2025-04-22 12:12:00,0
ACT0006706,O001100,S039,Demo,2025-05-01 09:06:00,52
ACT0006707,O001100,S039,Call,2025-04-15 14:18:00,15
ACT0006708,O001100,S039,Meeting,2025-04-20 14:49:00,85
ACT0006709,O001100,S039,Call,2025-04-11 18:46:00,18
ACT0006710,O001100,S039,Email,2025-05-17 13:01:00,0
ACT0006711,O001100,S039,Email,2025-03-25 17:28:00,0
ACT0006712,O001101,S009,Demo,2025-06-17 14:54:00,99
ACT0006713,O001101,S009,Call,2025-06-02 13:06:00,40
ACT0006714,O001102,S020,Email,2023-08-09 10:14:00,0
ACT0006715,O001102,S020,Meeting,2023-08-09 09:56:00,48
ACT0006716,O001102,S020,Call,2023-08-21 17:08:00,15
ACT0006717,O001102,S020,Meeting,2023-08-18 12:07:00,83
ACT0006718,O001103,S025,Call,2024-03-20 18:25:00,22
ACT0006719,O001103,S025,Email,2023-12-10 16:12:00,0
ACT0006720,O001103,S025,Demo,2023-11-25 14:08:00,103
ACT0006721,O001103,S025,Call,2023-12-09 15:54:00,6
ACT0006722,O001103,S025,Call,2024-03-06 10:29:00,38
ACT0006723,O001104,S030,Email,2023-12-13 11:53:00,0
ACT0006724,O001104,S030,Email,2023-12-13 18:04:00,0
ACT0006725,O001104,S030,Email,2023-11-10 13:49:00,0
ACT0006726,O001104,S030,Call,2023-10-18 10:59:00,27
ACT0006727,O001104,S030,Email,2023-11-22 18:00:00,0
ACT0006728,O001105,S018,Call,2025-05-28 08:40:00,5
ACT0006729,O001105,S018,Email,2025-01-10 18:34:00,0
ACT0006730,O001105,S018,Demo,2025-03-15 09:28:00,83
ACT0006731,O001105,S018,Email,2025-01-31 13:22:00,0
ACT0006732,O001105,S018,Call,2025-04-19 11:00:00,41
ACT0006733,O001105,S018,Email,2025-03-31 12:14:00,0
ACT0006734,O001105,S018,Call,2025-03-18 12:52:00,24
ACT0006735,O001106,S018,Call,2023-06-23 13:15:00,21
ACT0006736,O001106,S018,Call,2023-06-09 11:29:00,13
ACT0006737,O001106,S018,Call,2023-07-07 11:29:00,38
ACT0006738,O001106,S018,Email,2021-12-23 13:02:00,0
ACT0006739,O001106,S018,Call,2023-07-02 10:31:00,17
ACT0006740,O001107,S009,Email,2023-06-21 12:47:00,0
ACT0006741,O001107,S009,Call,2023-06-18 10:16:00,30
ACT0006742,O001107,S009,Demo,2023-06-23 18:36:00,53
ACT0006743,O001107,S009,Meeting,2023-06-23 09:12:00,50
ACT0006744,O001108,S028,Call,2024-09-22 18:15:00,33
ACT0006745,O001108,S028,Email,2024-09-04 17:11:00,0
ACT0006746,O001108,S028,Call,2024-09-30 16:51:00,30
ACT0006747,O001108,S028,Meeting,2024-10-04 18:09:00,81
ACT0006748,O001108,S028,Email,2024-10-02 12:37:00,0
ACT0006749,O001108,S028,Call,2024-09-21 12:00:00,38
ACT0006750,O001109,S040,Email,2025-06-10 15:19:00,0
ACT0006751,O001109,S040,Demo,2025-06-25 14:54:00,102
ACT0006752,O001109,S040,Call,2025-06-21 10:42:00,34
ACT0006753,O001109,S040,Call,2025-06-21 14:49:00,27
ACT0006754,O001110,S037,Call,2023-11-25 09:06:00,29
ACT0006755,O001110,S037,Demo,2023-11-01 09:49:00,46
ACT0006756,O001110,S037,Call,2023-09-22 12:49:00,19
ACT0006757,O001110,S037,Email,2023-10-23 11:48:00,0
ACT0006758,O001110,S037,Demo,2023-11-04 18:06:00,58
ACT0006759,O001110,S037,Email,2023-10-26 17:19:00,0
ACT0006760,O001110,S037,Email,2023-11-27 15:54:00,0
ACT0006761,O001111,S001,Email,2023-04-11 17:30:00,0
ACT0006762,O001111,S001,Email,2023-04-15 16:06:00,0
ACT0006763,O001111,S001,Demo,2023-03-24 08:43:00,92
ACT0006764,O001112,S022,Call,2025-05-29 11:33:00,19
ACT0006765,O001112,S022,Email,2025-05-11 12:32:00,0
ACT0006766,O001112,S022,Email,2025-05-10 11:02:00,0
ACT0006767,O001112,S022,Email,2025-05-26 15:24:00,0
ACT0006768,O001112,S022,Demo,2025-05-16 18:50:00,98
ACT0006769,O001112,S022,Email,2025-05-03 12:42:00,0
ACT0006770,O001112,S022,Email,2025-05-30 16:36:00,0
ACT0006771,O001112,S022,Email,2025-05-12 18:20:00,0
ACT0006772,O001112,S022,Meeting,2025-05-02 17:25:00,69
ACT0006773,O001112,S022,Email,2025-05-07 16:59:00,0
ACT0006774,O001113,S030,Email,2025-06-23 10:11:00,0
ACT0006775,O001114,S002,Call,2025-06-12 18:11:00,34
ACT0006776,O001114,S002,Demo,2025-06-14 18:10:00,99
ACT0006777,O001114,S002,Meeting,2025-06-14 13:01:00,51
ACT0006778,O001115,S023,Meeting,2025-06-22 15:31:00,83
ACT0006779,O001115,S023,Email,2025-06-30 08:10:00,0
ACT0006780,O001115,S023,Call,2025-06-28 08:48:00,14
ACT0006781,O001116,S008,Email,2024-01-01 14:26:00,0
ACT0006782,O001116,S008,Call,2023-12-21 16:12:00,8
ACT0006783,O001116,S008,Call,2023-12-20 14:09:00,5
ACT0006784,O001117,S020,Email,2023-03-20 11:41:00,0
ACT0006785,O001117,S020,Meeting,2023-03-23 11:00:00,61
ACT0006786,O001117,S020,Demo,2023-03-19 13:03:00,52
ACT0006787,O001117,S020,Email,2023-03-18 16:38:00,0
ACT0006788,O001117,S020,Email,2023-03-19 18:24:00,0
ACT0006789,O001117,S020,Email,2023-03-15 08:32:00,0
ACT0006790,O001117,S020,Call,2023-03-14 17:40:00,15
ACT0006791,O001117,S020,Meeting,2023-03-13 15:24:00,80
ACT0006792,O001117,S020,Email,2023-03-18 14:34:00,0
ACT0006793,O001117,S020,Email,2023-03-16 08:49:00,0
ACT0006794,O001118,S035,Meeting,2023-10-05 17:32:00,80
ACT0006795,O001118,S035,Demo,2023-10-05 17:00:00,98
ACT0006796,O001118,S035,Call,2023-10-02 15:57:00,22
ACT0006797,O001118,S035,Email,2023-10-19 17:27:00,0
ACT0006798,O001119,S030,Call,2024-03-06 11:30:00,33
ACT0006799,O001119,S030,Call,2024-02-09 16:54:00,22
ACT0006800,O001119,S030,Call,2022-08-17 17:40:00,7
ACT0006801,O001119,S030,Call,2024-02-21 11:23:00,33
ACT0006802,O001119,S030,Call,2024-02-25 16:01:00,23
ACT0006803,O001119,S030,Email,2024-03-06 15:20:00,0
ACT0006804,O001119,S030,Email,2024-02-10 09:00:00,0
ACT0006805,O001120,S016,Meeting,2023-05-11 15:49:00,35
ACT0006806,O001120,S016,Call,2023-06-08 08:02:00,14
ACT0006807,O001120,S016,Email,2023-06-01 09:51:00,0
ACT0006808,O001120,S016,Call,2023-06-28 09:06:00,34
ACT0006809,O001120,S016,Call,2023-06-17 13:49:00,12
ACT0006810,O001120,S016,Call,2023-05-15 11:32:00,26
ACT0006811,O001120,S016,Email,2023-05-08 11:52:00,0
ACT0006812,O001120,S016,Call,2023-06-25 09:05:00,28
ACT0006813,O001121,S031,Call,2024-06-17 10:02:00,26
ACT0006814,O001121,S031,Email,2024-06-09 17:02:00,0
ACT0006815,O001121,S031,Call,2024-04-30 14:23:00,36
ACT0006816,O001121,S031,Email,2024-05-27 12:15:00,0
ACT0006817,O001121,S031,Call,2024-05-18 09:36:00,31
ACT0006818,O001121,S031,Email,2024-04-23 09:28:00,0
ACT0006819,O001122,S018,Email,2025-05-15 11:11:00,0
ACT0006820,O001122,S018,Email,2025-05-11 15:53:00,0
ACT0006821,O001122,S018,Email,2025-05-05 10:27:00,0
ACT0006822,O001122,S018,Email,2025-04-21 10:10:00,0
ACT0006823,O001122,S018,Meeting,2025-04-08 15:48:00,34
ACT0006824,O001122,S018,Demo,2025-04-11 15:21:00,67
ACT0006825,O001122,S018,Demo,2025-05-06 16:14:00,114
ACT0006826,O001122,S018,Email,2025-04-15 08:24:00,0
ACT0006827,O001123,S002,Meeting,2023-04-17 08:32:00,89
ACT0006828,O001123,S002,Call,2023-03-15 09:57:00,18
ACT0006829,O001123,S002,Email,2023-04-17 17:33:00,0
ACT0006830,O001123,S002,Meeting,2023-03-23 12:56:00,86
ACT0006831,O001123,S002,Call,2023-03-16 14:21:00,34
ACT0006832,O001124,S040,Call,2023-08-06 11:53:00,28
ACT0006833,O001124,S040,Email,2023-08-08 14:34:00,0
ACT0006834,O001124,S040,Call,2023-08-06 14:59:00,32
ACT0006835,O001125,S004,Call,2024-06-14 08:10:00,17
ACT0006836,O001125,S004,Meeting,2024-06-29 13:57:00,51
ACT0006837,O001125,S004,Meeting,2024-06-14 09:41:00,63
ACT0006838,O001125,S004,Meeting,2024-06-25 08:42:00,52
ACT0006839,O001125,S004,Demo,2024-06-20 15:29:00,71
ACT0006840,O001125,S004,Call,2024-06-04 16:40:00,35
ACT0006841,O001126,S012,Email,2024-12-30 14:10:00,0
ACT0006842,O001126,S012,Email,2024-12-18 13:02:00,0
ACT0006843,O001126,S012,Call,2025-01-27 12:55:00,25
ACT0006844,O001126,S012,Email,2024-12-11 15:50:00,0
ACT0006845,O001127,S012,Call,2023-09-23 17:41:00,30
ACT0006846,O001127,S012,Email,2023-09-05 08:36:00,0
ACT0006847,O001127,S012,Demo,2023-10-05 11:52:00,115
ACT0006848,O001127,S012,Meeting,2023-10-03 16:22:00,79
ACT0006849,O001127,S012,Call,2023-08-16 17:06:00,42
ACT0006850,O001127,S012,Meeting,2023-08-27 13:38:00,53
ACT0006851,O001127,S012,Meeting,2023-10-09 17:43:00,40
ACT0006852,O001128,S035,Call,2025-02-15 10:46:00,17
ACT0006853,O001128,S035,Email,2025-03-01 08:49:00,0
ACT0006854,O001128,S035,Meeting,2025-03-08 16:47:00,70
ACT0006855,O001128,S035,Demo,2025-02-26 18:32:00,110
ACT0006856,O001128,S035,Email,2025-03-17 17:58:00,0
ACT0006857,O001128,S035,Call,2025-03-04 09:33:00,32
ACT0006858,O001128,S035,Email,2025-03-26 09:02:00,0
ACT0006859,O001128,S035,Call,2025-03-15 17:23:00,29
ACT0006860,O001129,S018,Email,2025-04-16 15:49:00,0
ACT0006861,O001129,S018,Call,2025-05-09 10:54:00,34
ACT0006862,O001129,S018,Demo,2025-05-08 18:59:00,80
ACT0006863,O001129,S018,Demo,2025-04-19 08:11:00,118
ACT0006864,O001129,S018,Call,2025-05-05 16:50:00,28
ACT0006865,O001129,S018,Call,2025-04-12 09:31:00,34
ACT0006866,O001129,S018,Demo,2025-04-30 16:03:00,77
ACT0006867,O001129,S018,Call,2025-05-01 12:49:00,9
ACT0006868,O001129,S018,Email,2025-05-02 16:29:00,0
ACT0006869,O001129,S018,Call,2025-04-12 10:01:00,34
ACT0006870,O001129,S018,Call,2025-05-05 14:04:00,22
ACT0006871,O001130,S037,Call,2023-11-30 14:52:00,26
ACT0006872,O001130,S037,Meeting,2023-11-06 11:25:00,33
ACT0006873,O001130,S037,Email,2023-11-19 08:39:00,0
ACT0006874,O001130,S037,Email,2023-11-13 08:35:00,0
ACT0006875,O001130,S037,Call,2023-11-12 11:33:00,14
ACT0006876,O001130,S037,Email,2023-11-12 15:07:00,0
ACT0006877,O001130,S037,Email,2023-11-26 11:11:00,0
ACT0006878,O001130,S037,Call,2023-11-04 08:29:00,7
ACT0006879,O001131,S008,Demo,2025-03-01 09:32:00,98
ACT0006880,O001131,S008,Email,2025-02-23 10:24:00,0
ACT0006881,O001131,S008,Meeting,2025-02-20 10:28:00,72
ACT0006882,O001131,S008,Email,2025-02-23 17:39:00,0
ACT0006883,O001131,S008,Call,2025-02-22 10:35:00,40
ACT0006884,O001131,S008,Meeting,2025-02-27 15:55:00,47
ACT0006885,O001131,S008,Email,2025-03-08 11:39:00,0
ACT0006886,O001131,S008,Call,2025-02-24 14:12:00,17
ACT0006887,O001132,S038,Call,2025-04-01 08:28:00,24
ACT0006888,O001132,S038,Call,2025-05-07 10:32:00,43
ACT0006889,O001132,S038,Email,2025-04-23 18:12:00,0
ACT0006890,O001132,S038,Email,2025-06-16 15:45:00,0
ACT0006891,O001132,S038,Call,2025-04-24 10:35:00,26
ACT0006892,O001132,S038,Call,2025-06-06 16:49:00,35
ACT0006893,O001132,S038,Email,2025-06-12 18:22:00,0
ACT0006894,O001132,S038,Email,2025-06-14 12:39:00,0
ACT0006895,O001132,S038,Email,2025-04-03 12:01:00,0
ACT0006896,O001132,S038,Call,2025-06-16 16:53:00,20
ACT0006897,O001132,S038,Call,2025-06-21 12:11:00,27
ACT0006898,O001132,S038,Email,2022-12-15 17:37:00,0
ACT0006899,O001133,S031,Meeting,2023-08-28 18:43:00,35
ACT0006900,O001133,S031,Call,2023-07-15 15:33:00,31
ACT0006901,O001133,S031,Meeting,2023-07-19 10:21:00,36
ACT0006902,O001133,S031,Email,2023-07-09 15:51:00,0
ACT0006903,O001133,S031,Email,2023-05-26 10:12:00,0
ACT0006904,O001134,S020,Email,2024-10-30 17:27:00,0
ACT0006905,O001134,S020,Meeting,2024-12-13 14:38:00,34
ACT0006906,O001134,S020,Meeting,2024-11-19 12:38:00,78
ACT0006907,O001134,S020,Email,2024-11-04 12:44:00,0
ACT0006908,O001134,S020,Email,2024-12-16 18:09:00,0
ACT0006909,O001134,S020,Call,2024-10-30 13:06:00,19
ACT0006910,O001134,S020,Demo,2024-11-13 16:02:00,106
ACT0006911,O001134,S020,Call,2024-10-28 15:03:00,6
ACT0006912,O001134,S020,Meeting,2024-11-06 15:35:00,76
ACT0006913,O001135,S013,Email,2024-11-25 14:12:00,0
ACT0006914,O001135,S013,Email,2024-08-28 12:10:00,0
ACT0006915,O001135,S013,Call,2024-09-30 08:47:00,21
ACT0006916,O001135,S013,Call,2024-11-07 15:38:00,29
ACT0006917,O001136,S022,Call,2024-05-22 14:24:00,29
ACT0006918,O001136,S022,Email,2024-05-22 10:20:00,0
ACT0006919,O001136,S022,Call,2024-05-27 15:22:00,13
ACT0006920,O001136,S022,Demo,2024-05-09 08:18:00,95
ACT0006921,O001136,S022,Email,2024-05-22 10:13:00,0
ACT0006922,O001136,S022,Call,2024-05-23 18:33:00,32
ACT0006923,O001136,S022,Email,2024-05-17 08:58:00,0
ACT0006924,O001136,S022,Email,2024-05-12 09:19:00,0
ACT0006925,O001137,S001,Demo,2025-02-08 14:23:00,51
ACT0006926,O001137,S001,Call,2025-03-07 14:20:00,28
ACT0006927,O001137,S001,Call,2025-02-28 15:18:00,27
ACT0006928,O001137,S001,Meeting,2025-02-24 11:25:00,44
ACT0006929,O001137,S001,Email,2025-03-11 17:31:00,0
ACT0006930,O001138,S034,Call,2025-04-24 08:03:00,14
ACT0006931,O001138,S034,Email,2025-05-05 08:55:00,0
ACT0006932,O001139,S017,Call,2025-05-06 08:14:00,37
ACT0006933,O001139,S017,Call,2025-05-03 11:40:00,37
ACT0006934,O001140,S005,Email,2025-02-09 15:13:00,0
ACT0006935,O001140,S005,Meeting,2025-02-19 14:50:00,46
ACT0006936,O001140,S005,Call,2025-03-02 15:00:00,18
ACT0006937,O001140,S005,Email,2025-02-01 13:01:00,0
ACT0006938,O001141,S038,Call,2024-05-09 16:48:00,37
ACT0006939,O001141,S038,Call,2024-05-31 16:04:00,41
ACT0006940,O001141,S038,Email,2024-06-19 13:13:00,0
ACT0006941,O001141,S038,Call,2024-06-05 17:24:00,27
ACT0006942,O001141,S038,Call,2024-07-05 15:24:00,27
ACT0006943,O001141,S038,Email,2024-05-15 18:58:00,0
ACT0006944,O001141,S038,Call,2024-07-10 14:35:00,30
ACT0006945,O001142,S009,Call,2025-06-16 09:25:00,8
ACT0006946,O001142,S009,Email,2025-06-17 13:30:00,0
ACT0006947,O001142,S009,Demo,2025-06-16 12:50:00,62
ACT0006948,O001142,S009,Call,2025-06-15 09:03:00,19
ACT0006949,O001142,S009,Call,2025-06-12 17:14:00,38
ACT0006950,O001142,S009,Email,2025-06-20 11:38:00,0
ACT0006951,O001142,S009,Meeting,2025-06-16 12:19:00,86
ACT0006952,O001143,S032,Email,2025-06-04 08:20:00,0
ACT0006953,O001143,S032,Email,2025-05-31 08:20:00,0
ACT0006954,O001143,S032,Call,2025-05-20 09:38:00,17
ACT0006955,O001143,S032,Meeting,2025-06-08 13:39:00,69
ACT0006956,O001143,S032,Call,2025-06-02 16:48:00,40
ACT0006957,O001144,S005,Email,2023-09-25 16:35:00,0
ACT0006958,O001144,S005,Call,2023-10-14 12:40:00,5
ACT0006959,O001144,S005,Call,2023-10-04 18:54:00,39
ACT0006960,O001144,S005,Meeting,2023-09-26 18:11:00,79
ACT0006961,O001144,S005,Meeting,2023-10-10 10:00:00,45
ACT0006962,O001144,S005,Call,2023-10-10 09:07:00,27
ACT0006963,O001145,S022,Call,2025-06-27 14:21:00,7
ACT0006964,O001145,S022,Call,2025-06-22 14:58:00,39
ACT0006965,O001145,S022,Call,2025-06-22 09:40:00,34
ACT0006966,O001146,S002,Call,2025-05-18 12:24:00,33
ACT0006967,O001146,S002,Call,2025-05-20 15:47:00,8
ACT0006968,O001146,S002,Call,2025-05-31 09:36:00,28
ACT0006969,O001146,S002,Email,2025-05-25 10:58:00,0
ACT0006970,O001146,S002,Meeting,2025-05-10 13:41:00,46
ACT0006971,O001146,S002,Email,2025-05-15 09:29:00,0
ACT0006972,O001146,S002,Call,2025-05-20 08:07:00,14
ACT0006973,O001146,S002,Email,2025-05-30 09:08:00,0
ACT0006974,O001146,S002,Email,2025-05-29 09:54:00,0
ACT0006975,O001147,S012,Call,2024-05-22 12:31:00,37
ACT0006976,O001147,S012,Email,2024-05-08 08:19:00,0
ACT0006977,O001147,S012,Demo,2024-04-28 14:08:00,45
ACT0006978,O001148,S021,Call,2025-05-12 14:42:00,12
ACT0006979,O001148,S021,Demo,2025-06-06 16:54:00,47
ACT0006980,O001148,S021,Demo,2025-05-05 13:27:00,68
ACT0006981,O001149,S037,Call,2025-02-24 10:34:00,18
ACT0006982,O001149,S037,Call,2025-02-25 17:40:00,37
ACT0006983,O001149,S037,Email,2025-02-03 12:41:00,0
ACT0006984,O001150,S023,Meeting,2025-06-20 11:59:00,72
ACT0006985,O001150,S023,Call,2025-06-27 17:50:00,21
ACT0006986,O001150,S023,Email,2025-06-15 09:03:00,0
ACT0006987,O001150,S023,Demo,2025-06-28 16:47:00,81
ACT0006988,O001150,S023,Email,2025-06-20 10:36:00,0
ACT0006989,O001150,S023,Meeting,2025-06-24 17:28:00,44
ACT0006990,O001151,S034,Meeting,2023-09-25 13:56:00,38
ACT0006991,O001151,S034,Email,2023-10-07 11:41:00,0
ACT0006992,O001151,S034,Call,2021-05-20 12:29:00,33
ACT0006993,O001151,S034,Call,2023-09-18 18:45:00,21
ACT0006994,O001152,S037,Call,2023-12-19 15:20:00,25
ACT0006995,O001152,S037,Demo,2024-01-02 09:14:00,61
ACT0006996,O001152,S037,Email,2024-01-02 08:07:00,0
ACT0006997,O001152,S037,Call,2023-12-14 18:59:00,43
ACT0006998,O001153,S019,Email,2024-04-09 08:24:00,0
ACT0006999,O001153,S019,Call,2024-04-25 08:21:00,14
ACT0007000,O001153,S019,Call,2024-05-05 13:02:00,15
ACT0007001,O001153,S019,Meeting,2024-04-19 18:24:00,38
ACT0007002,O001154,S004,Demo,2023-05-21 09:07:00,89
ACT0007003,O001154,S004,Email,2023-05-28 08:33:00,0
ACT0007004,O001154,S004,Email,2023-05-15 14:10:00,0
ACT0007005,O001154,S004,Demo,2023-05-24 14:38:00,97
ACT0007006,O001154,S004,Meeting,2023-05-12 10:38:00,54
ACT0007007,O001154,S004,Call,2023-05-22 12:33:00,40
ACT0007008,O001154,S004,Call,2023-05-24 15:58:00,13
ACT0007009,O001154,S004,Demo,2023-05-17 12:59:00,82
ACT0007010,O001154,S004,Call,2023-05-25 10:08:00,27
ACT0007011,O001154,S004,Demo,2023-06-01 10:17:00,98
ACT0007012,O001155,S030,Meeting,2025-03-17 09:57:00,49
ACT0007013,O001155,S030,Call,2025-02-25 12:09:00,33
ACT0007014,O001155,S030,Demo,2025-03-15 10:29:00,58
ACT0007015,O001155,S030,Demo,2025-02-22 15:27:00,118
ACT0007016,O001155,S030,Email,2025-03-13 11:59:00,0
ACT0007017,O001155,S030,Email,2025-03-10 08:37:00,0
ACT0007018,O001155,S030,Meeting,2025-03-07 15:18:00,38
ACT0007019,O001156,S025,Email,2024-11-28 16:25:00,0
ACT0007020,O001156,S025,Call,2024-12-17 08:42:00,10
ACT0007021,O001156,S025,Meeting,2024-10-21 14:48:00,56
ACT0007022,O001156,S025,Email,2024-10-06 14:02:00,0
ACT0007023,O001156,S025,Email,2024-10-20 14:29:00,0
ACT0007024,O001156,S025,Call,2024-11-15 14:38:00,40
ACT0007025,O001156,S025,Demo,2022-09-24 10:43:00,66
ACT0007026,O001156,S025,Email,2024-11-27 15:50:00,0
ACT0007027,O001156,S025,Meeting,2024-10-26 18:19:00,73
ACT0007028,O001156,S025,Email,2024-11-16 10:20:00,0
ACT0007029,O001157,S018,Meeting,2023-05-06 11:09:00,89
ACT0007030,O001157,S018,Call,2023-06-28 12:12:00,18
ACT0007031,O001157,S018,Meeting,2023-06-11 11:51:00,42
ACT0007032,O001157,S018,Call,2023-05-18 13:53:00,39
ACT0007033,O001157,S018,Email,2023-05-29 13:43:00,0
ACT0007034,O001157,S018,Call,2023-05-20 12:07:00,11
ACT0007035,O001157,S018,Call,2023-05-22 09:34:00,8
ACT0007036,O001158,S013,Email,2025-06-24 08:13:00,0
ACT0007037,O001158,S013,Meeting,2025-06-28 09:19:00,37
ACT0007038,O001158,S013,Email,2025-06-09 18:28:00,0
ACT0007039,O001158,S013,Email,2025-06-23 11:15:00,0
ACT0007040,O001158,S013,Email,2025-06-08 18:10:00,0
ACT0007041,O001159,S020,Email,2024-03-24 15:25:00,0
ACT0007042,O001159,S020,Meeting,2024-04-20 08:32:00,69
ACT0007043,O001159,S020,Call,2024-03-15 14:38:00,32
ACT0007044,O001159,S020,Meeting,2024-03-14 18:04:00,75
ACT0007045,O001159,S020,Call,2024-03-09 18:33:00,18
ACT0007046,O001159,S020,Call,2024-03-13 16:01:00,14
ACT0007047,O001160,S038,Email,2023-03-14 15:01:00,0
ACT0007048,O001160,S038,Meeting,2023-02-20 15:03:00,73
ACT0007049,O001160,S038,Email,2023-03-06 15:58:00,0
ACT0007050,O001160,S038,Demo,2023-03-02 13:05:00,97
ACT0007051,O001160,S038,Call,2023-02-24 09:46:00,42
ACT0007052,O001160,S038,Email,2023-02-26 11:17:00,0
ACT0007053,O001160,S038,Meeting,2023-02-19 08:28:00,72
ACT0007054,O001160,S038,Demo,2023-03-08 15:22:00,74
ACT0007055,O001160,S038,Email,2023-03-01 10:32:00,0
ACT0007056,O001161,S001,Email,2025-05-10 15:07:00,0
ACT0007057,O001161,S001,Call,2025-05-19 17:41:00,27
ACT0007058,O001161,S001,Email,2025-06-27 17:32:00,0
ACT0007059,O001161,S001,Call,2025-06-20 11:46:00,19
ACT0007060,O001161,S001,Demo,2025-06-14 13:06:00,50
ACT0007061,O001162,S022,Call,2023-03-29 15:46:00,42
ACT0007062,O001162,S022,Call,2023-04-12 08:28:00,44
ACT0007063,O001162,S022,Email,2023-03-12 10:39:00,0
ACT0007064,O001162,S022,Call,2023-04-04 13:39:00,5
ACT0007065,O001162,S022,Call,2023-04-11 18:19:00,43
ACT0007066,O001162,S022,Email,2023-03-14 11:30:00,0
ACT0007067,O001162,S022,Meeting,2023-03-31 15:50:00,52
ACT0007068,O001163,S032,Call,2025-04-30 16:17:00,44
ACT0007069,O001163,S032,Call,2025-06-05 17:21:00,31
ACT0007070,O001164,S011,Email,2024-01-14 18:52:00,0
ACT0007071,O001164,S011,Call,2024-02-07 10:32:00,34
ACT0007072,O001164,S011,Call,2024-02-05 18:25:00,35
ACT0007073,O001164,S011,Email,2022-12-02 13:40:00,0
ACT0007074,O001164,S011,Meeting,2024-01-03 13:59:00,63
ACT0007075,O001164,S011,Email,2024-01-12 08:06:00,0
ACT0007076,O001165,S034,Email,2023-02-18 15:37:00,0
ACT0007077,O001165,S034,Call,2023-02-15 16:02:00,25
ACT0007078,O001165,S034,Email,2023-02-14 11:40:00,0
ACT0007079,O001165,S034,Email,2023-02-11 12:15:00,0
ACT0007080,O001165,S034,Meeting,2023-02-07 13:30:00,39
ACT0007081,O001166,S016,Demo,2025-05-19 14:51:00,100
ACT0007082,O001166,S016,Email,2025-05-24 11:12:00,0
ACT0007083,O001166,S016,Email,2025-05-12 09:21:00,0
ACT0007084,O001167,S031,Email,2024-05-29 15:31:00,0
ACT0007085,O001167,S031,Email,2024-08-14 09:48:00,0
ACT0007086,O001167,S031,Call,2024-08-26 15:09:00,44
ACT0007087,O001167,S031,Call,2024-06-14 09:42:00,12
ACT0007088,O001167,S031,Email,2024-07-06 08:26:00,0
ACT0007089,O001167,S031,Email,2024-05-28 13:04:00,0
ACT0007090,O001167,S031,Call,2024-07-25 18:13:00,35
ACT0007091,O001167,S031,Meeting,2024-07-14 18:10:00,48
ACT0007092,O001167,S031,Demo,2024-06-22 15:31:00,47
ACT0007093,O001167,S031,Email,2024-07-06 15:03:00,0
ACT0007094,O001168,S002,Email,2023-11-28 10:15:00,0
ACT0007095,O001168,S002,Demo,2023-10-24 14:47:00,91
ACT0007096,O001168,S002,Meeting,2023-11-09 17:07:00,67
ACT0007097,O001168,S002,Email,2023-12-24 15:13:00,0
ACT0007098,O001168,S002,Call,2024-01-31 15:25:00,23
ACT0007099,O001168,S002,Meeting,2023-11-20 17:35:00,44
ACT0007100,O001169,S016,Call,2025-01-02 11:44:00,39
ACT0007101,O001169,S016,Call,2024-12-25 18:03:00,10
ACT0007102,O001169,S016,Demo,2024-11-18 17:11:00,119
ACT0007103,O001169,S016,Call,2024-12-15 18:46:00,26
ACT0007104,O001169,S016,Meeting,2024-12-10 09:05:00,65
ACT0007105,O001169,S016,Email,2024-12-13 12:41:00,0
ACT0007106,O001169,S016,Meeting,2024-12-30 11:40:00,71
ACT0007107,O001170,S005,Meeting,2023-10-02 08:58:00,38
ACT0007108,O001170,S005,Call,2023-09-11 09:30:00,9
ACT0007109,O001170,S005,Email,2023-08-21 11:55:00,0
ACT0007110,O001170,S005,Email,2023-09-15 10:56:00,0
ACT0007111,O001171,S018,Email,2025-04-23 12:18:00,0
ACT0007112,O001171,S018,Call,2025-04-18 08:18:00,20
ACT0007113,O001171,S018,Meeting,2025-03-31 17:48:00,56
ACT0007114,O001171,S018,Email,2025-03-15 10:04:00,0
ACT0007115,O001171,S018,Meeting,2025-05-07 11:58:00,61
ACT0007116,O001171,S018,Demo,2025-03-08 11:38:00,98
ACT0007117,O001171,S018,Email,2025-04-05 16:31:00,0
ACT0007118,O001171,S018,Call,2025-04-26 15:02:00,33
ACT0007119,O001171,S018,Call,2025-03-01 09:44:00,43
ACT0007120,O001171,S018,Demo,2025-04-16 17:31:00,51
ACT0007121,O001172,S012,Call,2024-09-07 10:31:00,11
ACT0007122,O001172,S012,Demo,2024-08-29 18:35:00,109
ACT0007123,O001172,S012,Call,2024-09-05 14:20:00,29
ACT0007124,O001172,S012,Call,2024-09-23 11:13:00,5
ACT0007125,O001172,S012,Demo,2024-10-05 10:12:00,111
ACT0007126,O001172,S012,Call,2024-09-02 15:44:00,14
ACT0007127,O001173,S037,Email,2025-03-16 11:55:00,0
ACT0007128,O001173,S037,Call,2025-04-02 16:52:00,19
ACT0007129,O001173,S037,Meeting,2025-03-16 09:57:00,39
ACT0007130,O001173,S037,Call,2025-04-13 14:10:00,13
ACT0007131,O001173,S037,Email,2025-03-21 17:58:00,0
ACT0007132,O001173,S037,Meeting,2025-03-14 08:00:00,45
ACT0007133,O001174,S011,Email,2024-04-22 09:41:00,0
ACT0007134,O001174,S011,Call,2024-04-22 11:29:00,9
ACT0007135,O001174,S011,Email,2024-03-17 08:08:00,0
ACT0007136,O001174,S011,Email,2024-03-12 09:31:00,0
ACT0007137,O001174,S011,Demo,2024-04-14 11:48:00,78
ACT0007138,O001174,S011,Email,2024-03-20 10:23:00,0
ACT0007139,O001175,S039,Call,2023-12-02 08:48:00,18
ACT0007140,O001175,S039,Demo,2023-11-27 15:21:00,57
ACT0007141,O001175,S039,Meeting,2023-12-08 10:34:00,56
ACT0007142,O001175,S039,Email,2023-12-26 15:23:00,0
ACT0007143,O001175,S039,Call,2023-12-08 10:03:00,12
ACT0007144,O001176,S031,Meeting,2024-09-15 15:09:00,31
ACT0007145,O001176,S031,Email,2022-10-07 14:41:00,0
ACT0007146,O001176,S031,Email,2024-09-13 12:22:00,0
ACT0007147,O001176,S031,Meeting,2024-10-14 18:30:00,59
ACT0007148,O001176,S031,Email,2024-10-26 15:36:00,0
ACT0007149,O001176,S031,Demo,2024-10-09 09:06:00,73
ACT0007150,O001177,S010,Call,2024-04-20 17:30:00,28
ACT0007151,O001177,S010,Email,2024-03-29 12:42:00,0
ACT0007152,O001177,S010,Call,2024-04-18 09:39:00,41
ACT0007153,O001177,S010,Demo,2024-03-31 08:30:00,106
ACT0007154,O001177,S010,Email,2024-04-25 15:07:00,0
ACT0007155,O001177,S010,Email,2024-04-26 15:03:00,0
ACT0007156,O001178,S003,Meeting,2024-01-27 11:29:00,38
ACT0007157,O001178,S003,Email,2023-12-21 10:52:00,0
ACT0007158,O001178,S003,Email,2024-01-13 17:45:00,0
ACT0007159,O001178,S003,Meeting,2024-01-18 14:21:00,65
ACT0007160,O001178,S003,Call,2023-12-21 18:41:00,13
ACT0007161,O001178,S003,Call,2023-12-24 13:45:00,28
ACT0007162,O001179,S035,Call,2023-12-19 14:26:00,18
ACT0007163,O001179,S035,Email,2024-03-01 12:17:00,0
ACT0007164,O001179,S035,Call,2024-03-07 11:43:00,41
ACT0007165,O001179,S035,Call,2024-01-30 16:25:00,35
ACT0007166,O001179,S035,Meeting,2023-12-31 16:39:00,41
ACT0007167,O001180,S036,Call,2024-10-25 15:13:00,41
ACT0007168,O001180,S036,Demo,2024-10-20 13:46:00,96
ACT0007169,O001180,S036,Demo,2024-10-21 10:06:00,54
ACT0007170,O001180,S036,Meeting,2024-10-24 15:29:00,83
ACT0007171,O001180,S036,Demo,2024-10-24 16:53:00,53
ACT0007172,O001180,S036,Email,2024-10-20 10:51:00,0
ACT0007173,O001180,S036,Email,2024-10-23 17:45:00,0
ACT0007174,O001181,S017,Email,2025-06-07 08:33:00,0
ACT0007175,O001181,S017,Email,2025-06-22 13:41:00,0
ACT0007176,O001181,S017,Email,2025-06-17 10:36:00,0
ACT0007177,O001182,S002,Demo,2024-02-20 15:32:00,88
ACT0007178,O001182,S002,Demo,2024-01-12 11:12:00,85
ACT0007179,O001182,S002,Demo,2024-01-15 18:55:00,48
ACT0007180,O001182,S002,Meeting,2024-02-26 15:14:00,45
ACT0007181,O001182,S002,Call,2024-01-15 12:08:00,24
ACT0007182,O001182,S002,Email,2023-11-01 16:43:00,0
ACT0007183,O001182,S002,Call,2023-11-17 15:56:00,25
ACT0007184,O001182,S002,Email,2024-01-29 08:52:00,0
ACT0007185,O001182,S002,Call,2024-01-21 11:59:00,39
ACT0007186,O001183,S040,Email,2024-07-30 11:26:00,0
ACT0007187,O001183,S040,Demo,2024-08-14 12:02:00,95
ACT0007188,O001183,S040,Email,2024-07-29 10:36:00,0
ACT0007189,O001183,S040,Meeting,2024-08-12 18:15:00,44
ACT0007190,O001183,S040,Call,2024-07-31 17:11:00,16
ACT0007191,O001183,S040,Meeting,2024-08-06 08:27:00,86
ACT0007192,O001184,S002,Email,2024-02-26 09:17:00,0
ACT0007193,O001184,S002,Call,2024-03-18 13:57:00,11
ACT0007194,O001184,S002,Call,2024-03-05 09:41:00,33
ACT0007195,O001184,S002,Call,2024-04-04 08:57:00,27
ACT0007196,O001184,S002,Call,2024-02-22 09:10:00,39
ACT0007197,O001185,S032,Demo,2025-05-06 17:32:00,70
ACT0007198,O001185,S032,Email,2025-04-29 17:51:00,0
ACT0007199,O001185,S032,Email,2025-06-15 12:31:00,0
ACT0007200,O001185,S032,Call,2025-06-07 11:41:00,31
ACT0007201,O001185,S032,Demo,2025-04-13 15:49:00,89
ACT0007202,O001185,S032,Call,2025-05-29 09:24:00,42
ACT0007203,O001186,S022,Call,2024-04-06 17:30:00,13
ACT0007204,O001186,S022,Email,2024-03-25 17:48:00,0
ACT0007205,O001186,S022,Call,2024-04-18 13:21:00,39
ACT0007206,O001186,S022,Email,2024-04-21 09:59:00,0
ACT0007207,O001186,S022,Email,2024-03-07 11:48:00,0
ACT0007208,O001186,S022,Email,2024-04-13 17:59:00,0
ACT0007209,O001186,S022,Meeting,2024-04-19 13:58:00,87
ACT0007210,O001186,S022,Meeting,2024-03-21 13:43:00,89
ACT0007211,O001186,S022,Email,2024-04-26 18:06:00,0
ACT0007212,O001186,S022,Call,2024-04-25 09:18:00,43
ACT0007213,O001187,S012,Call,2023-05-07 15:11:00,16
ACT0007214,O001187,S012,Email,2023-04-17 10:00:00,0
ACT0007215,O001187,S012,Call,2023-05-02 15:29:00,15
ACT0007216,O001187,S012,Meeting,2023-05-01 17:49:00,33
ACT0007217,O001187,S012,Email,2023-04-19 09:13:00,0
ACT0007218,O001187,S012,Call,2023-03-29 16:38:00,9
ACT0007219,O001187,S012,Email,2023-03-21 18:43:00,0
ACT0007220,O001187,S012,Email,2023-04-10 12:57:00,0
ACT0007221,O001188,S021,Call,2023-08-02 10:12:00,28
ACT0007222,O001188,S021,Email,2023-09-03 10:44:00,0
ACT0007223,O001188,S021,Email,2023-08-05 14:44:00,0
ACT0007224,O001188,S021,Email,2023-09-04 11:29:00,0
ACT0007225,O001188,S021,Email,2023-08-31 10:14:00,0
ACT0007226,O001188,S021,Demo,2023-08-18 17:55:00,77
ACT0007227,O001188,S021,Call,2023-09-05 16:21:00,39
ACT0007228,O001189,S011,Call,2024-09-13 09:10:00,40
ACT0007229,O001189,S011,Call,2024-08-24 10:20:00,22
ACT0007230,O001189,S011,Call,2024-08-20 17:04:00,31
ACT0007231,O001190,S010,Meeting,2025-03-31 12:32:00,56
ACT0007232,O001190,S010,Meeting,2025-03-31 15:05:00,52
ACT0007233,O001190,S010,Meeting,2025-03-17 13:18:00,67
ACT0007234,O001190,S010,Email,2025-03-07 10:08:00,0
ACT0007235,O001190,S010,Email,2025-02-28 15:33:00,0
ACT0007236,O001190,S010,Email,2025-03-22 12:27:00,0
ACT0007237,O001190,S010,Call,2025-02-27 13:24:00,8
ACT0007238,O001191,S016,Email,2024-07-03 15:53:00,0
ACT0007239,O001191,S016,Email,2024-06-06 13:58:00,0
ACT0007240,O001191,S016,Demo,2024-06-13 18:48:00,47
ACT0007241,O001191,S016,Call,2024-06-16 18:47:00,37
ACT0007242,O001191,S016,Email,2024-06-20 10:02:00,0
ACT0007243,O001191,S016,Call,2024-07-20 13:16:00,19
ACT0007244,O001192,S026,Call,2024-07-09 11:07:00,26
ACT0007245,O001192,S026,Meeting,2024-07-31 14:28:00,65
ACT0007246,O001192,S026,Call,2024-07-01 16:42:00,28
ACT0007247,O001192,S026,Meeting,2024-07-08 08:40:00,51
ACT0007248,O001192,S026,Call,2024-06-29 10:00:00,43
ACT0007249,O001192,S026,Email,2024-07-03 09:14:00,0
ACT0007250,O001192,S026,Email,2024-07-07 16:50:00,0
ACT0007251,O001192,S026,Call,2024-07-08 17:28:00,18
ACT0007252,O001192,S026,Call,2024-07-29 09:38:00,9
ACT0007253,O001192,S026,Call,2024-07-24 16:34:00,25
ACT0007254,O001193,S005,Demo,2024-07-25 16:28:00,82
ACT0007255,O001193,S005,Email,2024-09-20 12:36:00,0
ACT0007256,O001193,S005,Email,2024-09-19 10:08:00,0
ACT0007257,O001193,S005,Email,2024-09-22 08:37:00,0
ACT0007258,O001193,S005,Call,2024-08-04 17:52:00,13
ACT0007259,O001193,S005,Email,2024-08-14 17:00:00,0
ACT0007260,O001193,S005,Call,2024-09-21 17:19:00,15
ACT0007261,O001193,S005,Meeting,2024-07-11 11:15:00,31
ACT0007262,O001193,S005,Email,2024-08-11 12:14:00,0
ACT0007263,O001193,S005,Meeting,2024-08-15 14:27:00,61
ACT0007264,O001193,S005,Email,2024-09-24 08:52:00,0
ACT0007265,O001194,S030,Call,2024-12-20 15:37:00,5
ACT0007266,O001194,S030,Email,2024-12-09 13:33:00,0
ACT0007267,O001194,S030,Call,2024-12-19 15:45:00,29
ACT0007268,O001194,S030,Demo,2024-12-21 12:42:00,78
ACT0007269,O001194,S030,Call,2024-12-21 17:17:00,36
ACT0007270,O001194,S030,Email,2024-12-23 17:32:00,0
ACT0007271,O001194,S030,Meeting,2024-12-09 11:03:00,34
ACT0007272,O001195,S007,Email,2025-05-26 13:19:00,0
ACT0007273,O001195,S007,Email,2025-05-29 17:30:00,0
ACT0007274,O001195,S007,Call,2025-05-31 09:53:00,39
ACT0007275,O001195,S007,Call,2025-06-02 13:26:00,30
ACT0007276,O001195,S007,Call,2025-05-22 10:16:00,33
ACT0007277,O001196,S032,Call,2023-06-01 15:41:00,14
ACT0007278,O001196,S032,Email,2023-06-03 17:56:00,0
ACT0007279,O001196,S032,Email,2023-05-14 17:00:00,0
ACT0007280,O001196,S032,Meeting,2023-07-21 12:09:00,71
ACT0007281,O001196,S032,Call,2023-05-11 10:16:00,43
ACT0007282,O001196,S032,Email,2023-06-15 08:47:00,0
ACT0007283,O001197,S003,Email,2024-03-29 17:27:00,0
ACT0007284,O001197,S003,Meeting,2024-03-31 18:34:00,83
ACT0007285,O001197,S003,Email,2024-03-24 18:36:00,0
ACT0007286,O001197,S003,Demo,2024-02-27 12:41:00,71
ACT0007287,O001197,S003,Email,2024-02-28 13:32:00,0
ACT0007288,O001197,S003,Call,2024-03-21 09:12:00,11
ACT0007289,O001198,S036,Call,2024-10-12 17:43:00,36
ACT0007290,O001198,S036,Call,2024-09-28 16:38:00,39
ACT0007291,O001198,S036,Call,2024-10-10 10:37:00,31
ACT0007292,O001198,S036,Call,2024-10-07 11:16:00,30
ACT0007293,O001198,S036,Demo,2024-10-21 09:02:00,80
ACT0007294,O001198,S036,Demo,2024-10-05 09:14:00,72
ACT0007295,O001198,S036,Call,2024-09-26 10:07:00,21
ACT0007296,O001199,S012,Email,2024-05-02 10:27:00,0
ACT0007297,O001199,S012,Call,2024-05-08 09:05:00,43
ACT0007298,O001199,S012,Meeting,2024-05-10 17:57:00,84
ACT0007299,O001200,S002,Demo,2024-06-20 14:21:00,115
ACT0007300,O001200,S002,Call,2024-06-01 15:44:00,23
ACT0007301,O001200,S002,Meeting,2024-05-31 10:57:00,53
ACT0007302,O001200,S002,Email,2024-07-24 12:15:00,0
ACT0007303,O001200,S002,Email,2024-06-21 08:27:00,0
ACT0007304,O001200,S002,Email,2024-07-13 14:55:00,0
ACT0007305,O001200,S002,Email,2024-06-01 10:42:00,0
ACT0007306,O001201,S012,Call,2023-10-09 15:57:00,15
ACT0007307,O001201,S012,Email,2023-10-14 12:26:00,0
ACT0007308,O001201,S012,Call,2023-10-24 12:04:00,37
ACT0007309,O001201,S012,Call,2023-10-07 18:40:00,43
ACT0007310,O001201,S012,Call,2023-10-24 17:49:00,16
ACT0007311,O001202,S027,Email,2024-12-26 11:00:00,0
ACT0007312,O001202,S027,Email,2024-12-09 12:26:00,0
ACT0007313,O001202,S027,Call,2025-01-08 15:29:00,40
ACT0007314,O001202,S027,Email,2024-11-12 11:50:00,0
ACT0007315,O001202,S027,Demo,2024-12-13 08:52:00,105
ACT0007316,O001202,S027,Call,2024-12-18 15:59:00,6
ACT0007317,O001203,S029,Email,2024-03-11 17:36:00,0
ACT0007318,O001203,S029,Email,2024-04-15 10:40:00,0
ACT0007319,O001203,S029,Demo,2024-03-02 16:41:00,109
ACT0007320,O001203,S029,Call,2024-03-29 11:36:00,6
ACT0007321,O001203,S029,Call,2024-03-06 18:30:00,12
ACT0007322,O001203,S029,Call,2024-03-02 13:51:00,8
ACT0007323,O001203,S029,Email,2024-04-11 18:39:00,0
ACT0007324,O001203,S029,Demo,2024-02-27 12:49:00,55
ACT0007325,O001204,S004,Email,2023-08-20 14:39:00,0
ACT0007326,O001204,S004,Email,2023-08-09 12:52:00,0
ACT0007327,O001204,S004,Meeting,2023-08-13 18:20:00,43
ACT0007328,O001204,S004,Call,2023-07-23 08:17:00,13
ACT0007329,O001204,S004,Call,2023-06-23 09:04:00,18
ACT0007330,O001204,S004,Meeting,2023-06-28 10:49:00,87
ACT0007331,O001205,S009,Meeting,2023-03-18 11:57:00,36
ACT0007332,O001205,S009,Demo,2023-03-31 12:52:00,79
ACT0007333,O001205,S009,Call,2023-04-06 10:23:00,20
ACT0007334,O001206,S023,Call,2024-09-17 16:33:00,30
ACT0007335,O001206,S023,Call,2024-09-18 17:31:00,16
ACT0007336,O001206,S023,Email,2024-08-07 18:34:00,0
ACT0007337,O001206,S023,Meeting,2024-09-13 18:31:00,85
ACT0007338,O001207,S038,Call,2024-09-09 15:38:00,30
ACT0007339,O001207,S038,Email,2024-09-12 13:35:00,0
ACT0007340,O001207,S038,Email,2024-07-13 08:33:00,0
ACT0007341,O001207,S038,Call,2024-08-02 09:38:00,27
ACT0007342,O001207,S038,Email,2024-09-09 15:36:00,0
ACT0007343,O001207,S038,Call,2024-07-14 15:14:00,17
ACT0007344,O001207,S038,Email,2024-06-28 08:40:00,0
ACT0007345,O001207,S038,Call,2024-08-31 14:59:00,35
ACT0007346,O001208,S019,Email,2024-08-23 11:57:00,0
ACT0007347,O001208,S019,Demo,2024-08-20 16:28:00,58
ACT0007348,O001208,S019,Email,2024-09-10 13:53:00,0
ACT0007349,O001208,S019,Demo,2024-09-06 13:09:00,59
ACT0007350,O001208,S019,Email,2024-08-14 09:13:00,0
ACT0007351,O001209,S020,Call,2025-03-04 15:30:00,25
ACT0007352,O001209,S020,Email,2025-02-14 15:42:00,0
ACT0007353,O001209,S020,Call,2025-02-23 08:14:00,43
ACT0007354,O001209,S020,Email,2025-02-27 15:37:00,0
ACT0007355,O001209,S020,Email,2025-02-26 13:21:00,0
ACT0007356,O001209,S020,Call,2025-02-20 08:03:00,21
ACT0007357,O001210,S036,Email,2023-04-09 14:09:00,0
ACT0007358,O001210,S036,Email,2023-04-03 08:10:00,0
ACT0007359,O001210,S036,Meeting,2023-05-11 13:02:00,62
ACT0007360,O001210,S036,Email,2023-04-13 12:16:00,0
ACT0007361,O001210,S036,Meeting,2023-05-06 13:17:00,79
ACT0007362,O001210,S036,Call,2023-03-28 17:21:00,29
ACT0007363,O001211,S011,Demo,2024-04-30 16:46:00,64
ACT0007364,O001211,S011,Email,2024-03-29 13:43:00,0
ACT0007365,O001211,S011,Call,2022-09-02 11:47:00,21
ACT0007366,O001211,S011,Email,2024-04-15 13:41:00,0
ACT0007367,O001211,S011,Call,2024-04-23 17:03:00,14
ACT0007368,O001211,S011,Meeting,2024-04-08 15:50:00,85
ACT0007369,O001211,S011,Demo,2024-05-06 08:57:00,115
ACT0007370,O001211,S011,Call,2024-03-21 11:02:00,31
ACT0007371,O001211,S011,Email,2024-04-15 13:54:00,0
ACT0007372,O001212,S010,Demo,2024-12-07 09:58:00,79
ACT0007373,O001212,S010,Call,2024-12-15 10:07:00,8
ACT0007374,O001212,S010,Meeting,2024-12-24 11:12:00,72
ACT0007375,O001212,S010,Call,2025-01-27 11:37:00,42
ACT0007376,O001212,S010,Email,2024-12-09 12:51:00,0
ACT0007377,O001212,S010,Email,2025-01-10 17:04:00,0
ACT0007378,O001212,S010,Call,2025-01-28 13:13:00,40
ACT0007379,O001213,S021,Email,2023-06-10 09:55:00,0
ACT0007380,O001213,S021,Email,2023-06-09 17:16:00,0
ACT0007381,O001214,S005,Meeting,2025-04-01 18:31:00,50
ACT0007382,O001214,S005,Call,2025-04-08 14:25:00,22
ACT0007383,O001214,S005,Demo,2025-03-22 17:42:00,58
ACT0007384,O001214,S005,Call,2025-01-09 16:28:00,15
ACT0007385,O001214,S005,Email,2024-01-09 14:08:00,0
ACT0007386,O001214,S005,Call,2025-03-12 18:00:00,21
ACT0007387,O001214,S005,Call,2025-03-04 12:05:00,13
ACT0007388,O001214,S005,Email,2025-01-25 08:43:00,0
ACT0007389,O001215,S040,Call,2025-06-28 14:16:00,36
ACT0007390,O001215,S040,Demo,2025-06-21 08:38:00,73
ACT0007391,O001216,S037,Call,2024-08-22 15:36:00,25
ACT0007392,O001216,S037,Demo,2024-08-19 14:19:00,48
ACT0007393,O001216,S037,Call,2024-08-09 13:11:00,13
ACT0007394,O001216,S037,Demo,2024-08-21 18:17:00,107
ACT0007395,O001216,S037,Call,2024-08-22 16:55:00,40
ACT0007396,O001217,S004,Meeting,2024-03-30 12:06:00,68
ACT0007397,O001217,S004,Email,2024-02-26 13:55:00,0
ACT0007398,O001217,S004,Meeting,2024-03-10 10:01:00,55
ACT0007399,O001218,S013,Call,2025-06-28 13:50:00,26
ACT0007400,O001218,S013,Email,2025-06-27 12:13:00,0
ACT0007401,O001218,S013,Call,2025-06-28 09:14:00,43
ACT0007402,O001219,S009,Call,2025-06-30 09:53:00,21
ACT0007403,O001219,S009,Demo,2025-06-05 09:33:00,119
ACT0007404,O001219,S009,Demo,2025-06-02 15:31:00,99
ACT0007405,O001219,S009,Demo,2025-06-15 13:10:00,45
ACT0007406,O001219,S009,Email,2025-06-28 09:53:00,0
ACT0007407,O001220,S005,Call,2025-03-27 09:02:00,41
ACT0007408,O001220,S005,Call,2025-04-05 08:18:00,17
ACT0007409,O001220,S005,Call,2025-04-18 08:41:00,32
ACT0007410,O001220,S005,Email,2025-03-31 10:11:00,0
ACT0007411,O001220,S005,Call,2025-05-02 09:42:00,41
ACT0007412,O001220,S005,Meeting,2025-04-05 14:29:00,69
ACT0007413,O001220,S005,Email,2025-03-25 13:44:00,0
ACT0007414,O001221,S031,Email,2024-05-30 11:25:00,0
ACT0007415,O001221,S031,Email,2024-06-30 18:20:00,0
ACT0007416,O001221,S031,Email,2024-06-24 15:36:00,0
ACT0007417,O001221,S031,Email,2024-05-30 15:33:00,0
ACT0007418,O001221,S031,Email,2024-06-14 17:37:00,0
ACT0007419,O001221,S031,Email,2024-06-17 15:34:00,0
ACT0007420,O001222,S009,Call,2025-06-17 17:01:00,10
ACT0007421,O001222,S009,Email,2025-05-27 16:17:00,0
ACT0007422,O001222,S009,Call,2025-05-25 08:07:00,11
ACT0007423,O001222,S009,Call,2025-06-30 15:51:00,39
ACT0007424,O001223,S032,Demo,2023-06-26 08:35:00,75
ACT0007425,O001223,S032,Email,2023-06-10 11:55:00,0
ACT0007426,O001223,S032,Call,2023-06-15 09:10:00,40
ACT0007427,O001223,S032,Meeting,2023-06-25 11:59:00,53
ACT0007428,O001223,S032,Demo,2023-05-27 16:14:00,89
ACT0007429,O001223,S032,Meeting,2023-06-28 11:58:00,53
ACT0007430,O001223,S032,Meeting,2023-06-22 09:53:00,51
ACT0007431,O001223,S032,Meeting,2023-05-29 13:41:00,49
ACT0007432,O001224,S016,Call,2023-05-10 15:25:00,7
ACT0007433,O001224,S016,Call,2023-05-06 10:47:00,43
ACT0007434,O001224,S016,Call,2023-04-16 17:24:00,38
ACT0007435,O001224,S016,Meeting,2023-05-06 13:37:00,83
ACT0007436,O001224,S016,Call,2023-04-14 11:11:00,34
ACT0007437,O001224,S016,Email,2023-05-11 14:15:00,0
ACT0007438,O001224,S016,Meeting,2023-04-12 12:21:00,69
ACT0007439,O001224,S016,Meeting,2023-05-04 16:22:00,75
ACT0007440,O001225,S001,Call,2025-04-08 15:22:00,42
ACT0007441,O001225,S001,Email,2025-03-15 16:18:00,0
ACT0007442,O001225,S001,Meeting,2025-04-01 10:29:00,41
ACT0007443,O001225,S001,Call,2025-04-10 12:28:00,13
ACT0007444,O001225,S001,Meeting,2025-03-20 15:14:00,56
ACT0007445,O001225,S001,Email,2025-03-29 15:26:00,0
ACT0007446,O001225,S001,Meeting,2025-03-24 15:55:00,39
ACT0007447,O001226,S031,Email,2024-06-29 18:57:00,0
ACT0007448,O001226,S031,Meeting,2024-06-13 15:42:00,49
ACT0007449,O001226,S031,Email,2024-07-15 13:58:00,0
ACT0007450,O001226,S031,Email,2024-06-07 08:11:00,0
ACT0007451,O001226,S031,Email,2024-07-03 18:35:00,0
ACT0007452,O001226,S031,Email,2024-05-30 08:40:00,0
ACT0007453,O001226,S031,Email,2024-05-23 17:18:00,0
ACT0007454,O001226,S031,Demo,2024-05-30 17:38:00,47
ACT0007455,O001226,S031,Meeting,2024-06-04 14:36:00,57
ACT0007456,O001227,S016,Email,2025-05-04 10:36:00,0
ACT0007457,O001227,S016,Email,2025-04-30 16:50:00,0
ACT0007458,O001227,S016,Call,2025-04-21 08:36:00,14
ACT0007459,O001227,S016,Email,2025-05-11 17:47:00,0
ACT0007460,O001228,S012,Call,2024-05-23 14:19:00,43
ACT0007461,O001228,S012,Email,2024-05-01 18:27:00,0
ACT0007462,O001228,S012,Meeting,2024-05-01 11:57:00,53
ACT0007463,O001228,S012,Email,2024-05-23 17:40:00,0
ACT0007464,O001228,S012,Email,2024-05-29 12:58:00,0
ACT0007465,O001228,S012,Call,2024-05-27 15:27:00,11
ACT0007466,O001228,S012,Meeting,2024-05-10 15:28:00,79
ACT0007467,O001228,S012,Call,2024-05-20 12:01:00,41
ACT0007468,O001228,S012,Call,2024-05-12 10:01:00,6
ACT0007469,O001229,S032,Email,2024-02-24 10:41:00,0
ACT0007470,O001229,S032,Call,2024-03-02 09:19:00,44
ACT0007471,O001229,S032,Email,2024-02-24 12:22:00,0
ACT0007472,O001229,S032,Email,2024-03-16 10:49:00,0
ACT0007473,O001229,S032,Email,2024-02-07 09:38:00,0
ACT0007474,O001230,S024,Email,2023-08-09 09:28:00,0
ACT0007475,O001230,S024,Meeting,2023-08-13 09:20:00,70
ACT0007476,O001230,S024,Demo,2023-09-26 18:58:00,94
ACT0007477,O001230,S024,Call,2023-08-04 08:47:00,38
ACT0007478,O001230,S024,Call,2023-09-07 10:32:00,18
ACT0007479,O001230,S024,Call,2023-08-20 09:07:00,36
ACT0007480,O001230,S024,Call,2023-09-18 14:51:00,22
ACT0007481,O001230,S024,Meeting,2023-08-24 16:43:00,65
ACT0007482,O001231,S027,Email,2023-12-10 12:14:00,0
ACT0007483,O001231,S027,Call,2023-12-05 15:43:00,31
ACT0007484,O001232,S025,Meeting,2024-09-05 11:07:00,33
ACT0007485,O001232,S025,Call,2024-09-10 14:41:00,29
ACT0007486,O001232,S025,Call,2024-09-05 09:12:00,38
ACT0007487,O001232,S025,Call,2024-09-23 17:41:00,8
ACT0007488,O001232,S025,Email,2024-08-30 12:04:00,0
ACT0007489,O001232,S025,Meeting,2024-09-17 11:39:00,42
ACT0007490,O001233,S038,Email,2023-06-14 18:17:00,0
ACT0007491,O001233,S038,Meeting,2023-06-15 14:46:00,34
ACT0007492,O001233,S038,Call,2023-06-30 10:30:00,8
ACT0007493,O001233,S038,Email,2023-05-08 17:52:00,0
ACT0007494,O001233,S038,Email,2023-06-16 08:36:00,0
ACT0007495,O001234,S011,Demo,2023-07-06 15:17:00,56
ACT0007496,O001234,S011,Meeting,2023-06-30 14:52:00,32
ACT0007497,O001234,S011,Call,2023-05-12 12:38:00,11
ACT0007498,O001234,S011,Demo,2023-05-08 11:18:00,61
ACT0007499,O001235,S008,Call,2023-02-18 17:40:00,14
ACT0007500,O001235,S008,Call,2023-02-09 16:32:00,18
ACT0007501,O001235,S008,Call,2023-02-16 13:37:00,16
ACT0007502,O001236,S023,Call,2025-05-04 09:56:00,25
ACT0007503,O001236,S023,Email,2025-04-08 13:02:00,0
ACT0007504,O001236,S023,Email,2025-05-06 14:37:00,0
ACT0007505,O001236,S023,Email,2025-04-18 08:14:00,0
ACT0007506,O001237,S033,Demo,2023-05-10 11:51:00,112
ACT0007507,O001237,S033,Email,2023-05-15 12:08:00,0
ACT0007508,O001237,S033,Email,2023-04-17 10:21:00,0
ACT0007509,O001237,S033,Email,2023-02-28 14:09:00,0
ACT0007510,O001237,S033,Email,2023-04-12 18:06:00,0
ACT0007511,O001237,S033,Call,2023-03-11 18:38:00,39
ACT0007512,O001237,S033,Meeting,2023-05-19 14:19:00,73
ACT0007513,O001237,S033,Email,2023-03-30 13:00:00,0
ACT0007514,O001238,S016,Email,2023-08-11 12:21:00,0
ACT0007515,O001238,S016,Email,2023-08-24 18:40:00,0
ACT0007516,O001238,S016,Demo,2023-08-14 11:02:00,103
ACT0007517,O001238,S016,Email,2023-04-24 12:18:00,0
ACT0007518,O001238,S016,Email,2023-08-31 13:14:00,0
ACT0007519,O001239,S040,Demo,2023-04-23 09:03:00,95
ACT0007520,O001239,S040,Demo,2023-05-06 10:50:00,81
ACT0007521,O001239,S040,Email,2023-04-02 11:00:00,0
ACT0007522,O001239,S040,Demo,2023-04-30 10:16:00,76
ACT0007523,O001239,S040,Call,2023-05-15 18:04:00,31
ACT0007524,O001239,S040,Call,2023-03-16 11:46:00,12
ACT0007525,O001239,S040,Email,2023-03-30 13:13:00,0
ACT0007526,O001239,S040,Demo,2023-05-03 13:45:00,64
ACT0007527,O001239,S040,Email,2023-03-19 16:03:00,0
ACT0007528,O001239,S040,Call,2023-05-11 18:32:00,21
ACT0007529,O001240,S007,Demo,2025-04-24 15:19:00,52
ACT0007530,O001240,S007,Meeting,2025-04-13 18:16:00,58
ACT0007531,O001240,S007,Call,2025-04-14 09:41:00,14
ACT0007532,O001240,S007,Call,2025-04-08 08:49:00,44
ACT0007533,O001240,S007,Call,2025-03-26 13:33:00,15
ACT0007534,O001241,S024,Demo,2025-01-13 17:34:00,107
ACT0007535,O001241,S024,Call,2024-11-23 08:26:00,6
ACT0007536,O001241,S024,Email,2024-12-18 11:44:00,0
ACT0007537,O001241,S024,Meeting,2024-12-21 18:30:00,69
ACT0007538,O001242,S038,Meeting,2025-02-05 16:00:00,59
ACT0007539,O001242,S038,Call,2025-01-03 11:13:00,14
ACT0007540,O001242,S038,Meeting,2025-01-25 15:36:00,88
ACT0007541,O001242,S038,Email,2025-01-05 12:23:00,0
ACT0007542,O001242,S038,Call,2025-01-24 17:11:00,19
ACT0007543,O001242,S038,Email,2024-12-31 18:42:00,0
ACT0007544,O001242,S038,Call,2025-01-13 09:04:00,17
ACT0007545,O001242,S038,Meeting,2024-12-31 18:28:00,41
ACT0007546,O001242,S038,Call,2024-12-30 13:48:00,33
ACT0007547,O001242,S038,Meeting,2025-02-01 14:59:00,82
ACT0007548,O001242,S038,Demo,2025-01-20 11:33:00,71
ACT0007549,O001242,S038,Email,2025-01-31 12:03:00,0
ACT0007550,O001243,S007,Email,2024-05-13 12:35:00,0
ACT0007551,O001243,S007,Demo,2024-04-16 09:37:00,54
ACT0007552,O001243,S007,Call,2024-04-29 12:13:00,41
ACT0007553,O001243,S007,Email,2024-04-12 14:47:00,0
ACT0007554,O001243,S007,Email,2024-05-05 11:10:00,0
ACT0007555,O001243,S007,Call,2024-05-13 12:22:00,41
ACT0007556,O001243,S007,Meeting,2024-04-26 08:26:00,66
ACT0007557,O001243,S007,Email,2024-05-01 15:47:00,0
ACT0007558,O001243,S007,Call,2024-04-28 11:18:00,33
ACT0007559,O001244,S012,Meeting,2025-06-29 10:00:00,80
ACT0007560,O001244,S012,Email,2025-06-26 10:52:00,0
ACT0007561,O001244,S012,Email,2025-05-16 16:02:00,0
ACT0007562,O001244,S012,Email,2025-06-26 14:03:00,0
ACT0007563,O001244,S012,Email,2025-05-17 14:13:00,0
ACT0007564,O001244,S012,Email,2025-06-10 09:29:00,0
ACT0007565,O001245,S021,Email,2024-08-03 18:40:00,0
ACT0007566,O001245,S021,Email,2024-03-03 10:46:00,0
ACT0007567,O001245,S021,Meeting,2024-02-13 15:59:00,74
ACT0007568,O001245,S021,Call,2024-07-27 13:56:00,42
ACT0007569,O001245,S021,Email,2024-07-04 12:54:00,0
ACT0007570,O001245,S021,Email,2024-02-19 14:58:00,0
ACT0007571,O001246,S036,Meeting,2025-04-13 16:20:00,40
ACT0007572,O001246,S036,Meeting,2025-03-23 14:07:00,87
ACT0007573,O001246,S036,Meeting,2025-03-15 17:21:00,49
ACT0007574,O001246,S036,Demo,2025-02-28 17:14:00,102
ACT0007575,O001246,S036,Call,2025-03-16 16:05:00,40
ACT0007576,O001247,S032,Email,2024-07-14 10:59:00,0
ACT0007577,O001247,S032,Call,2024-06-01 17:50:00,7
ACT0007578,O001247,S032,Demo,2024-06-09 16:24:00,65
ACT0007579,O001247,S032,Email,2024-07-21 12:03:00,0
ACT0007580,O001247,S032,Call,2024-07-23 14:34:00,10
ACT0007581,O001247,S032,Email,2024-07-01 15:42:00,0
ACT0007582,O001247,S032,Meeting,2024-05-28 14:34:00,63
ACT0007583,O001248,S010,Email,2023-12-26 08:46:00,0
ACT0007584,O001248,S010,Demo,2023-12-06 09:27:00,72
ACT0007585,O001248,S010,Call,2024-01-02 12:51:00,11
ACT0007586,O001248,S010,Email,2023-12-13 12:00:00,0
ACT0007587,O001249,S028,Call,2025-06-18 13:25:00,17
ACT0007588,O001249,S028,Call,2025-06-28 12:47:00,32
ACT0007589,O001249,S028,Email,2025-06-18 15:46:00,0
ACT0007590,O001250,S016,Meeting,2024-10-10 12:26:00,65
ACT0007591,O001250,S016,Email,2024-09-12 13:12:00,0
ACT0007592,O001250,S016,Call,2024-09-14 14:13:00,43
ACT0007593,O001250,S016,Demo,2024-10-21 13:17:00,63
ACT0007594,O001250,S016,Email,2024-09-13 11:10:00,0
ACT0007595,O001250,S016,Call,2024-10-16 10:30:00,43
ACT0007596,O001251,S029,Meeting,2024-04-13 17:29:00,88
ACT0007597,O001251,S029,Demo,2024-03-23 15:29:00,51
ACT0007598,O001251,S029,Call,2024-03-06 10:51:00,11
ACT0007599,O001251,S029,Meeting,2024-03-20 10:19:00,84
ACT0007600,O001251,S029,Email,2024-03-18 11:15:00,0
ACT0007601,O001251,S029,Call,2024-03-27 11:13:00,35
ACT0007602,O001251,S029,Email,2024-03-17 09:41:00,0
ACT0007603,O001252,S028,Email,2025-02-23 16:29:00,0
ACT0007604,O001252,S028,Call,2025-02-28 17:52:00,10
ACT0007605,O001252,S028,Email,2025-03-12 18:50:00,0
ACT0007606,O001252,S028,Demo,2025-02-28 11:32:00,71
ACT0007607,O001252,S028,Email,2025-02-26 17:44:00,0
ACT0007608,O001252,S028,Email,2025-02-26 10:54:00,0
ACT0007609,O001252,S028,Email,2025-03-15 15:28:00,0
ACT0007610,O001252,S028,Call,2025-02-20 13:41:00,37
ACT0007611,O001253,S027,Meeting,2024-03-15 16:51:00,42
ACT0007612,O001253,S027,Call,2024-03-14 15:05:00,13
ACT0007613,O001253,S027,Call,2024-03-17 09:04:00,19
ACT0007614,O001253,S027,Email,2024-03-08 18:52:00,0
ACT0007615,O001253,S027,Call,2024-03-06 17:50:00,26
ACT0007616,O001254,S016,Email,2023-09-09 10:24:00,0
ACT0007617,O001254,S016,Email,2023-09-02 13:20:00,0
ACT0007618,O001254,S016,Email,2023-06-14 12:59:00,0
ACT0007619,O001254,S016,Call,2023-10-07 15:20:00,16
ACT0007620,O001254,S016,Meeting,2023-06-18 12:52:00,48
ACT0007621,O001255,S024,Call,2024-03-10 13:25:00,23
ACT0007622,O001255,S024,Email,2024-03-01 10:51:00,0
ACT0007623,O001255,S024,Email,2024-03-14 14:49:00,0
ACT0007624,O001255,S024,Meeting,2024-03-06 09:16:00,57
ACT0007625,O001255,S024,Email,2024-03-02 17:38:00,0
ACT0007626,O001255,S024,Email,2024-03-19 17:39:00,0
ACT0007627,O001255,S024,Call,2024-03-05 08:44:00,11
ACT0007628,O001255,S024,Meeting,2024-03-09 15:05:00,37
ACT0007629,O001255,S024,Call,2024-03-06 18:47:00,33
ACT0007630,O001256,S001,Email,2025-02-21 16:35:00,0
ACT0007631,O001256,S001,Demo,2025-03-03 12:55:00,99
ACT0007632,O001256,S001,Email,2025-02-03 17:20:00,0
ACT0007633,O001256,S001,Email,2025-02-28 11:54:00,0
ACT0007634,O001256,S001,Call,2025-05-14 15:54:00,23
ACT0007635,O001257,S032,Meeting,2023-02-08 08:09:00,64
ACT0007636,O001257,S032,Demo,2023-03-09 11:32:00,82
ACT0007637,O001257,S032,Email,2023-03-18 14:54:00,0
ACT0007638,O001257,S032,Call,2023-02-07 18:08:00,21
ACT0007639,O001257,S032,Call,2023-02-08 09:38:00,24
ACT0007640,O001257,S032,Call,2023-01-31 16:24:00,41
ACT0007641,O001258,S010,Email,2024-11-19 10:32:00,0
ACT0007642,O001258,S010,Email,2024-12-02 18:36:00,0
ACT0007643,O001258,S010,Call,2024-12-18 18:36:00,37
ACT0007644,O001258,S010,Call,2024-12-14 13:49:00,12
ACT0007645,O001259,S035,Call,2025-05-05 15:47:00,23
ACT0007646,O001259,S035,Demo,2025-05-28 12:09:00,77
ACT0007647,O001259,S035,Email,2025-05-16 13:52:00,0
ACT0007648,O001259,S035,Meeting,2025-04-19 17:07:00,33
ACT0007649,O001259,S035,Email,2025-05-24 18:05:00,0
ACT0007650,O001259,S035,Demo,2025-05-29 17:12:00,114
ACT0007651,O001259,S035,Call,2025-04-09 17:59:00,32
ACT0007652,O001259,S035,Meeting,2025-05-29 16:06:00,84
ACT0007653,O001259,S035,Email,2025-06-29 11:51:00,0
ACT0007654,O001259,S035,Email,2025-05-06 17:32:00,0
ACT0007655,O001259,S035,Email,2025-06-08 16:42:00,0
ACT0007656,O001260,S031,Email,2024-07-07 09:53:00,0
ACT0007657,O001260,S031,Call,2022-05-10 17:01:00,7
ACT0007658,O001260,S031,Call,2024-06-20 17:39:00,40
ACT0007659,O001260,S031,Email,2024-08-08 17:45:00,0
ACT0007660,O001260,S031,Call,2024-07-31 10:06:00,25
ACT0007661,O001260,S031,Call,2024-07-20 09:55:00,39
ACT0007662,O001261,S017,Call,2024-06-22 10:34:00,36
ACT0007663,O001261,S017,Email,2024-06-17 18:20:00,0
ACT0007664,O001261,S017,Email,2024-07-30 11:26:00,0
ACT0007665,O001261,S017,Call,2024-07-06 09:24:00,10
ACT0007666,O001261,S017,Call,2024-07-02 09:27:00,26
ACT0007667,O001262,S006,Meeting,2025-05-30 12:17:00,54
ACT0007668,O001262,S006,Meeting,2025-04-06 16:22:00,60
ACT0007669,O001262,S006,Call,2025-05-13 15:57:00,22
ACT0007670,O001262,S006,Email,2025-05-28 16:01:00,0
ACT0007671,O001263,S028,Call,2025-03-17 16:26:00,17
ACT0007672,O001263,S028,Call,2025-03-13 08:56:00,21
ACT0007673,O001263,S028,Demo,2025-03-09 08:52:00,106
ACT0007674,O001263,S028,Call,2025-03-13 15:04:00,36
ACT0007675,O001263,S028,Meeting,2025-03-08 18:24:00,44
ACT0007676,O001263,S028,Demo,2025-03-24 08:10:00,74
ACT0007677,O001263,S028,Email,2025-03-24 18:52:00,0
ACT0007678,O001264,S011,Call,2025-05-09 11:41:00,15
ACT0007679,O001264,S011,Call,2025-05-13 18:47:00,16
ACT0007680,O001264,S011,Call,2025-05-05 12:44:00,41
ACT0007681,O001264,S011,Email,2025-05-12 15:07:00,0
ACT0007682,O001264,S011,Call,2025-05-14 13:19:00,34
ACT0007683,O001264,S011,Email,2025-05-04 09:14:00,0
ACT0007684,O001264,S011,Call,2025-05-18 12:35:00,21
ACT0007685,O001264,S011,Call,2025-05-19 16:27:00,26
ACT0007686,O001265,S011,Email,2023-11-29 13:45:00,0
ACT0007687,O001266,S036,Call,2024-01-14 14:15:00,21
ACT0007688,O001266,S036,Call,2024-02-21 15:19:00,33
ACT0007689,O001266,S036,Meeting,2024-03-07 18:28:00,69
ACT0007690,O001266,S036,Demo,2024-01-12 17:00:00,87
ACT0007691,O001266,S036,Demo,2024-01-27 12:54:00,119
ACT0007692,O001266,S036,Call,2024-02-01 17:57:00,20
ACT0007693,O001266,S036,Email,2024-01-18 14:03:00,0
ACT0007694,O001266,S036,Meeting,2024-02-10 12:06:00,79
ACT0007695,O001267,S027,Meeting,2024-07-22 18:29:00,89
ACT0007696,O001267,S027,Call,2024-06-07 18:53:00,39
ACT0007697,O001267,S027,Meeting,2024-07-20 11:35:00,38
ACT0007698,O001267,S027,Call,2024-06-27 09:55:00,8
ACT0007699,O001267,S027,Email,2024-06-21 11:57:00,0
ACT0007700,O001268,S019,Meeting,2023-07-11 13:18:00,72
ACT0007701,O001268,S019,Email,2023-07-05 12:57:00,0
ACT0007702,O001268,S019,Email,2023-07-15 18:04:00,0
ACT0007703,O001268,S019,Email,2023-07-06 08:50:00,0
ACT0007704,O001268,S019,Call,2023-06-22 09:36:00,43
ACT0007705,O001269,S027,Email,2023-09-29 11:52:00,0
ACT0007706,O001269,S027,Call,2023-09-03 14:56:00,8
ACT0007707,O001269,S027,Meeting,2023-09-12 09:46:00,38
ACT0007708,O001269,S027,Meeting,2023-09-28 10:58:00,35
ACT0007709,O001269,S027,Meeting,2023-09-07 10:13:00,79
ACT0007710,O001269,S027,Call,2023-09-08 10:27:00,26
ACT0007711,O001270,S018,Call,2024-07-11 12:08:00,24
ACT0007712,O001270,S018,Call,2024-07-03 11:07:00,22
ACT0007713,O001270,S018,Email,2024-08-08 08:42:00,0
ACT0007714,O001271,S002,Call,2023-01-04 13:37:00,41
ACT0007715,O001271,S002,Email,2023-01-07 17:21:00,0
ACT0007716,O001271,S002,Call,2023-01-24 15:38:00,12
ACT0007717,O001271,S002,Meeting,2023-01-19 16:57:00,48
ACT0007718,O001271,S002,Call,2023-01-11 17:34:00,36
ACT0007719,O001272,S002,Call,2025-04-10 14:13:00,19
ACT0007720,O001272,S002,Email,2025-03-26 10:55:00,0
ACT0007721,O001272,S002,Meeting,2025-03-14 12:21:00,76
ACT0007722,O001272,S002,Call,2025-04-24 12:56:00,9
ACT0007723,O001273,S011,Email,2025-04-03 16:01:00,0
ACT0007724,O001273,S011,Email,2025-03-31 15:43:00,0
ACT0007725,O001273,S011,Call,2025-04-18 16:51:00,5
ACT0007726,O001273,S011,Meeting,2025-03-20 12:00:00,62
ACT0007727,O001273,S011,Email,2025-03-16 16:02:00,0
ACT0007728,O001273,S011,Email,2025-04-02 11:07:00,0
ACT0007729,O001273,S011,Call,2025-04-24 15:32:00,14
ACT0007730,O001274,S037,Demo,2025-06-18 18:34:00,89
ACT0007731,O001274,S037,Email,2025-06-24 12:48:00,0
ACT0007732,O001274,S037,Meeting,2025-06-28 10:59:00,84
ACT0007733,O001274,S037,Demo,2025-06-15 13:22:00,91
ACT0007734,O001275,S031,Demo,2023-04-17 11:59:00,58
ACT0007735,O001275,S031,Email,2023-03-23 10:38:00,0
ACT0007736,O001275,S031,Email,2023-04-06 16:43:00,0
ACT0007737,O001275,S031,Call,2023-04-05 09:06:00,14
ACT0007738,O001276,S028,Meeting,2023-03-09 10:16:00,53
ACT0007739,O001276,S028,Meeting,2023-03-24 13:55:00,56
ACT0007740,O001276,S028,Meeting,2023-03-29 15:34:00,47
ACT0007741,O001276,S028,Email,2023-05-07 13:25:00,0
ACT0007742,O001276,S028,Email,2023-04-23 10:10:00,0
ACT0007743,O001276,S028,Email,2023-03-26 09:20:00,0
ACT0007744,O001276,S028,Call,2023-04-13 17:04:00,9
ACT0007745,O001276,S028,Meeting,2023-05-05 14:03:00,76
ACT0007746,O001276,S028,Meeting,2023-03-29 09:43:00,42
ACT0007747,O001276,S028,Email,2023-04-27 11:09:00,0
ACT0007748,O001277,S027,Demo,2023-12-06 12:41:00,119
ACT0007749,O001277,S027,Demo,2023-11-28 16:31:00,63
ACT0007750,O001277,S027,Call,2023-12-18 09:11:00,19
ACT0007751,O001278,S022,Email,2025-06-16 09:55:00,0
ACT0007752,O001278,S022,Call,2025-06-21 16:46:00,36
ACT0007753,O001278,S022,Email,2025-06-21 09:55:00,0
ACT0007754,O001278,S022,Call,2025-06-11 11:39:00,23
ACT0007755,O001278,S022,Email,2025-05-10 18:19:00,0
ACT0007756,O001278,S022,Email,2025-06-06 11:06:00,0
ACT0007757,O001278,S022,Call,2025-05-07 17:04:00,27
ACT0007758,O001279,S016,Meeting,2024-01-25 11:26:00,70
ACT0007759,O001279,S016,Call,2024-03-25 14:29:00,26
ACT0007760,O001279,S016,Call,2024-03-17 09:27:00,14
ACT0007761,O001279,S016,Call,2024-03-25 08:17:00,40
ACT0007762,O001280,S015,Meeting,2025-04-15 16:31:00,38
ACT0007763,O001280,S015,Meeting,2025-05-05 10:39:00,79
ACT0007764,O001280,S015,Call,2025-06-12 10:53:00,34
ACT0007765,O001280,S015,Email,2025-06-07 08:02:00,0
ACT0007766,O001280,S015,Demo,2025-05-17 14:51:00,58
ACT0007767,O001281,S026,Call,2025-04-07 16:20:00,5
ACT0007768,O001281,S026,Call,2025-04-07 18:16:00,40
ACT0007769,O001281,S026,Email,2025-04-08 16:53:00,0
ACT0007770,O001281,S026,Call,2025-04-05 17:37:00,32
ACT0007771,O001281,S026,Email,2025-04-07 16:42:00,0
ACT0007772,O001281,S026,Call,2025-04-12 14:43:00,20
ACT0007773,O001281,S026,Meeting,2025-04-09 12:42:00,65
ACT0007774,O001282,S001,Email,2023-07-25 12:48:00,0
ACT0007775,O001282,S001,Call,2023-07-25 15:17:00,18
ACT0007776,O001282,S001,Call,2023-08-31 11:45:00,25
ACT0007777,O001282,S001,Demo,2023-08-31 13:56:00,109
ACT0007778,O001282,S001,Call,2023-07-07 18:18:00,18
ACT0007779,O001282,S001,Email,2023-07-10 17:10:00,0
ACT0007780,O001282,S001,Demo,2023-07-18 11:44:00,60
ACT0007781,O001282,S001,Email,2023-08-19 18:41:00,0
ACT0007782,O001282,S001,Meeting,2023-07-12 15:16:00,30
ACT0007783,O001283,S005,Demo,2023-05-26 14:44:00,65
ACT0007784,O001283,S005,Email,2023-05-14 18:29:00,0
ACT0007785,O001283,S005,Email,2023-06-23 15:57:00,0
ACT0007786,O001283,S005,Email,2023-05-26 09:42:00,0
ACT0007787,O001283,S005,Email,2023-04-27 14:22:00,0
ACT0007788,O001283,S005,Meeting,2023-06-14 08:59:00,49
ACT0007789,O001283,S005,Call,2023-05-08 08:15:00,35
ACT0007790,O001284,S036,Call,2023-08-03 17:40:00,10
ACT0007791,O001284,S036,Call,2023-08-15 16:32:00,10
ACT0007792,O001284,S036,Email,2023-08-27 13:28:00,0
ACT0007793,O001285,S006,Meeting,2024-05-02 13:15:00,80
ACT0007794,O001285,S006,Call,2024-04-12 08:31:00,27
ACT0007795,O001285,S006,Meeting,2024-04-18 09:34:00,62
ACT0007796,O001285,S006,Meeting,2024-05-10 10:52:00,36
ACT0007797,O001286,S023,Email,2025-06-26 16:08:00,0
ACT0007798,O001286,S023,Email,2025-06-22 15:06:00,0
ACT0007799,O001287,S034,Call,2023-12-14 12:03:00,38
ACT0007800,O001287,S034,Email,2023-12-08 16:54:00,0
ACT0007801,O001287,S034,Call,2023-12-09 11:48:00,14
ACT0007802,O001287,S034,Call,2023-11-30 09:49:00,38
ACT0007803,O001287,S034,Call,2023-12-09 15:17:00,11
ACT0007804,O001287,S034,Call,2023-12-19 18:04:00,8
ACT0007805,O001288,S021,Demo,2025-03-11 15:15:00,101
ACT0007806,O001288,S021,Email,2025-03-25 12:28:00,0
ACT0007807,O001288,S021,Call,2025-04-07 11:57:00,36
ACT0007808,O001289,S008,Email,2024-07-18 16:02:00,0
ACT0007809,O001289,S008,Call,2024-07-17 09:08:00,13
ACT0007810,O001289,S008,Email,2024-07-17 08:39:00,0
ACT0007811,O001289,S008,Demo,2024-08-03 15:04:00,52
ACT0007812,O001289,S008,Call,2024-07-28 16:03:00,44
ACT0007813,O001290,S016,Call,2025-04-03 16:44:00,40
ACT0007814,O001290,S016,Email,2025-03-31 16:34:00,0
ACT0007815,O001290,S016,Meeting,2025-03-16 10:10:00,39
ACT0007816,O001290,S016,Call,2025-03-12 12:01:00,6
ACT0007817,O001290,S016,Email,2025-03-22 18:40:00,0
ACT0007818,O001290,S016,Call,2025-03-25 17:38:00,40
ACT0007819,O001290,S016,Call,2025-04-15 10:38:00,44
ACT0007820,O001290,S016,Email,2025-04-09 12:39:00,0
ACT0007821,O001290,S016,Email,2025-04-01 17:48:00,0
ACT0007822,O001290,S016,Email,2025-03-24 18:05:00,0
ACT0007823,O001290,S016,Call,2025-03-22 10:16:00,41
ACT0007824,O001290,S016,Call,2025-04-08 17:39:00,37
ACT0007825,O001291,S012,Call,2025-05-21 09:59:00,11
ACT0007826,O001291,S012,Call,2025-05-21 09:15:00,19
ACT0007827,O001291,S012,Meeting,2025-05-17 12:55:00,60
ACT0007828,O001291,S012,Email,2025-05-20 11:01:00,0
ACT0007829,O001291,S012,Call,2025-05-02 17:51:00,13
ACT0007830,O001291,S012,Email,2025-05-24 16:20:00,0
ACT0007831,O001291,S012,Email,2025-05-01 17:05:00,0
ACT0007832,O001291,S012,Meeting,2025-05-04 08:24:00,47
ACT0007833,O001291,S012,Call,2025-05-06 08:38:00,13
ACT0007834,O001292,S040,Email,2023-07-20 18:59:00,0
ACT0007835,O001292,S040,Call,2023-05-17 14:32:00,33
ACT0007836,O001292,S040,Email,2023-06-26 15:28:00,0
ACT0007837,O001292,S040,Call,2023-07-11 10:49:00,19
ACT0007838,O001292,S040,Call,2023-06-30 15:54:00,10
ACT0007839,O001292,S040,Call,2023-06-22 14:31:00,34
ACT0007840,O001293,S027,Call,2024-12-09 13:57:00,8
ACT0007841,O001293,S027,Call,2024-11-22 12:46:00,43
ACT0007842,O001293,S027,Email,2024-10-11 13:03:00,0
ACT0007843,O001293,S027,Call,2024-10-27 13:24:00,32
ACT0007844,O001293,S027,Email,2024-11-20 11:30:00,0
ACT0007845,O001293,S027,Meeting,2024-12-24 14:17:00,36
ACT0007846,O001293,S027,Email,2024-11-16 15:03:00,0
ACT0007847,O001294,S021,Call,2024-03-21 16:33:00,26
ACT0007848,O001294,S021,Email,2024-04-05 14:27:00,0
ACT0007849,O001294,S021,Meeting,2024-03-08 16:51:00,66
ACT0007850,O001294,S021,Call,2024-03-22 17:29:00,20
ACT0007851,O001294,S021,Call,2024-04-16 15:27:00,32
ACT0007852,O001294,S021,Demo,2024-02-13 11:42:00,78
ACT0007853,O001294,S021,Email,2024-04-11 09:17:00,0
ACT0007854,O001295,S012,Demo,2023-05-15 14:37:00,89
ACT0007855,O001295,S012,Email,2023-05-09 18:56:00,0
ACT0007856,O001295,S012,Meeting,2023-04-06 15:36:00,66
ACT0007857,O001295,S012,Meeting,2023-05-11 17:51:00,63
ACT0007858,O001295,S012,Meeting,2023-04-21 10:49:00,76
ACT0007859,O001296,S013,Call,2023-03-15 09:59:00,27
ACT0007860,O001296,S013,Email,2023-03-17 11:18:00,0
ACT0007861,O001296,S013,Call,2023-05-18 08:53:00,19
ACT0007862,O001296,S013,Call,2023-04-27 11:36:00,16
ACT0007863,O001296,S013,Email,2023-05-14 12:42:00,0
ACT0007864,O001297,S036,Email,2025-06-30 08:51:00,0
ACT0007865,O001297,S036,Call,2025-06-09 12:29:00,35
ACT0007866,O001297,S036,Meeting,2025-06-11 12:46:00,86
ACT0007867,O001297,S036,Call,2025-06-19 13:46:00,16
ACT0007868,O001298,S026,Email,2025-05-12 15:43:00,0
ACT0007869,O001298,S026,Email,2025-06-21 10:53:00,0
ACT0007870,O001298,S026,Meeting,2025-06-11 14:39:00,52
ACT0007871,O001298,S026,Email,2025-05-21 13:42:00,0
ACT0007872,O001299,S039,Email,2023-03-28 11:18:00,0
ACT0007873,O001299,S039,Call,2023-03-24 16:48:00,43
ACT0007874,O001299,S039,Email,2023-03-19 10:23:00,0
ACT0007875,O001299,S039,Call,2023-04-05 18:07:00,27
ACT0007876,O001299,S039,Email,2023-03-16 08:44:00,0
ACT0007877,O001299,S039,Email,2023-04-02 12:52:00,0
ACT0007878,O001299,S039,Meeting,2023-04-06 15:12:00,37
ACT0007879,O001300,S014,Meeting,2024-04-17 17:17:00,87
ACT0007880,O001300,S014,Email,2024-06-27 15:42:00,0
ACT0007881,O001300,S014,Demo,2024-05-17 08:15:00,71
ACT0007882,O001300,S014,Call,2024-06-17 11:54:00,10
ACT0007883,O001300,S014,Call,2024-06-22 14:16:00,22
ACT0007884,O001300,S014,Email,2024-06-12 14:17:00,0
ACT0007885,O001301,S020,Email,2023-08-18 12:04:00,0
ACT0007886,O001301,S020,Email,2023-08-30 12:33:00,0
ACT0007887,O001301,S020,Call,2023-09-01 14:38:00,35
ACT0007888,O001301,S020,Call,2023-09-20 18:33:00,22
ACT0007889,O001301,S020,Meeting,2023-08-18 17:13:00,58
ACT0007890,O001301,S020,Call,2023-09-08 16:59:00,36
ACT0007891,O001301,S020,Email,2023-09-10 14:14:00,0
ACT0007892,O001302,S040,Email,2024-06-01 14:08:00,0
ACT0007893,O001302,S040,Email,2024-06-03 15:40:00,0
ACT0007894,O001302,S040,Email,2024-05-07 10:39:00,0
ACT0007895,O001303,S031,Email,2025-05-29 14:37:00,0
ACT0007896,O001303,S031,Call,2025-06-27 16:05:00,37
ACT0007897,O001303,S031,Demo,2025-06-07 10:15:00,110
ACT0007898,O001303,S031,Demo,2025-06-28 09:27:00,66
ACT0007899,O001303,S031,Call,2025-06-15 12:48:00,33
ACT0007900,O001303,S031,Call,2025-06-21 11:47:00,42
ACT0007901,O001304,S004,Call,2025-05-19 10:30:00,28
ACT0007902,O001304,S004,Email,2025-05-21 13:08:00,0
ACT0007903,O001304,S004,Call,2025-05-01 08:11:00,17
ACT0007904,O001304,S004,Call,2025-05-03 08:52:00,18
ACT0007905,O001304,S004,Demo,2025-04-10 14:08:00,91
ACT0007906,O001304,S004,Email,2025-06-01 17:37:00,0
ACT0007907,O001304,S004,Call,2025-05-05 18:23:00,35
ACT0007908,O001304,S004,Email,2025-04-13 16:22:00,0
ACT0007909,O001305,S010,Email,2025-06-27 16:27:00,0
ACT0007910,O001305,S010,Email,2025-06-16 09:40:00,0
ACT0007911,O001306,S033,Call,2025-03-27 13:56:00,8
ACT0007912,O001306,S033,Call,2025-03-26 09:46:00,16
ACT0007913,O001306,S033,Meeting,2025-04-16 16:40:00,65
ACT0007914,O001306,S033,Call,2025-03-10 16:12:00,39
ACT0007915,O001306,S033,Demo,2025-03-13 17:06:00,80
ACT0007916,O001306,S033,Meeting,2025-04-12 17:35:00,63
ACT0007917,O001306,S033,Call,2025-03-24 08:35:00,19
ACT0007918,O001306,S033,Email,2025-05-04 17:57:00,0
ACT0007919,O001306,S033,Email,2025-04-28 12:11:00,0
ACT0007920,O001306,S033,Call,2025-04-13 16:21:00,40
ACT0007921,O001306,S033,Meeting,2025-04-01 18:15:00,71
ACT0007922,O001307,S033,Call,2025-04-11 16:02:00,33
ACT0007923,O001307,S033,Email,2025-04-17 08:02:00,0
ACT0007924,O001307,S033,Email,2025-05-06 08:24:00,0
ACT0007925,O001307,S033,Email,2025-03-24 08:21:00,0
ACT0007926,O001307,S033,Demo,2025-04-02 14:11:00,81
ACT0007927,O001307,S033,Email,2025-03-10 10:01:00,0
ACT0007928,O001307,S033,Demo,2025-03-05 18:25:00,58
ACT0007929,O001307,S033,Email,2025-03-15 11:25:00,0
ACT0007930,O001307,S033,Call,2025-04-15 10:42:00,9
ACT0007931,O001307,S033,Email,2025-03-10 17:47:00,0
ACT0007932,O001307,S033,Email,2025-03-08 16:24:00,0
ACT0007933,O001307,S033,Email,2025-04-25 11:22:00,0
ACT0007934,O001307,S033,Email,2025-02-28 13:20:00,0
ACT0007935,O001307,S033,Meeting,2025-03-06 12:21:00,39
ACT0007936,O001307,S033,Call,2025-05-08 14:45:00,38
ACT0007937,O001309,S023,Call,2023-11-17 11:35:00,41
ACT0007938,O001309,S023,Demo,2023-10-28 14:58:00,70
ACT0007939,O001309,S023,Call,2023-11-08 12:33:00,31
ACT0007940,O001309,S023,Email,2023-11-19 18:37:00,0
ACT0007941,O001309,S023,Email,2023-11-14 10:11:00,0
ACT0007942,O001309,S023,Call,2023-10-29 16:36:00,33
ACT0007943,O001309,S023,Call,2023-11-05 18:56:00,41
ACT0007944,O001309,S023,Email,2023-11-14 11:48:00,0
ACT0007945,O001309,S023,Call,2023-11-08 08:00:00,33
ACT0007946,O001309,S023,Call,2023-11-15 18:22:00,29
ACT0007947,O001309,S023,Call,2023-11-15 10:02:00,39
ACT0007948,O001309,S023,Email,2023-11-02 09:37:00,0
ACT0007949,O001309,S023,Email,2023-11-08 10:17:00,0
ACT0007950,O001310,S009,Email,2025-02-21 11:13:00,0
ACT0007951,O001310,S009,Email,2025-04-11 18:48:00,0
ACT0007952,O001310,S009,Email,2025-04-08 14:43:00,0
ACT0007953,O001310,S009,Meeting,2025-03-14 18:58:00,82
ACT0007954,O001310,S009,Call,2025-03-27 18:05:00,41
ACT0007955,O001310,S009,Meeting,2025-02-27 12:33:00,80
ACT0007956,O001310,S009,Email,2025-02-10 12:12:00,0
ACT0007957,O001311,S011,Call,2025-04-28 12:05:00,25
ACT0007958,O001311,S011,Demo,2025-06-30 08:36:00,95
ACT0007959,O001311,S011,Meeting,2025-06-22 13:31:00,88
ACT0007960,O001311,S011,Meeting,2025-06-18 11:59:00,32
ACT0007961,O001311,S011,Email,2025-06-17 08:49:00,0
ACT0007962,O001311,S011,Email,2025-05-30 10:59:00,0
ACT0007963,O001312,S009,Email,2023-04-11 10:01:00,0
ACT0007964,O001312,S009,Email,2023-05-03 14:09:00,0
ACT0007965,O001312,S009,Email,2023-02-01 17:43:00,0
ACT0007966,O001312,S009,Email,2023-02-23 09:54:00,0
ACT0007967,O001313,S002,Email,2025-03-17 11:11:00,0
ACT0007968,O001313,S002,Meeting,2025-02-21 15:39:00,87
ACT0007969,O001313,S002,Demo,2025-03-03 08:59:00,48
ACT0007970,O001313,S002,Call,2025-03-11 16:45:00,42
ACT0007971,O001313,S002,Meeting,2025-04-11 09:02:00,73
ACT0007972,O001313,S002,Demo,2025-04-11 12:42:00,97
ACT0007973,O001313,S002,Call,2025-04-09 10:28:00,27
ACT0007974,O001313,S002,Meeting,2025-04-02 17:31:00,83
ACT0007975,O001314,S021,Demo,2025-06-12 15:48:00,100
ACT0007976,O001314,S021,Meeting,2025-06-16 17:32:00,45
ACT0007977,O001314,S021,Meeting,2025-05-31 16:16:00,39
ACT0007978,O001314,S021,Demo,2025-05-29 11:52:00,50
ACT0007979,O001314,S021,Call,2025-06-11 09:54:00,29
ACT0007980,O001314,S021,Meeting,2025-05-27 08:05:00,85
ACT0007981,O001314,S021,Call,2025-05-13 10:05:00,39
ACT0007982,O001315,S035,Demo,2025-06-13 15:28:00,88
ACT0007983,O001315,S035,Call,2025-06-05 14:45:00,15
ACT0007984,O001315,S035,Call,2025-06-03 12:42:00,39
ACT0007985,O001315,S035,Call,2025-06-06 15:16:00,31
ACT0007986,O001315,S035,Call,2025-06-13 10:32:00,23
ACT0007987,O001315,S035,Meeting,2025-06-05 12:16:00,32
ACT0007988,O001315,S035,Call,2025-06-02 11:20:00,39
ACT0007989,O001315,S035,Email,2025-06-08 17:25:00,0
ACT0007990,O001316,S003,Email,2025-06-28 16:46:00,0
ACT0007991,O001316,S003,Demo,2025-06-30 12:23:00,103
ACT0007992,O001317,S002,Email,2024-03-05 15:00:00,0
ACT0007993,O001317,S002,Call,2024-02-20 16:22:00,31
ACT0007994,O001317,S002,Call,2024-02-24 08:56:00,28
ACT0007995,O001317,S002,Call,2024-03-11 15:42:00,10
ACT0007996,O001317,S002,Meeting,2024-04-01 12:25:00,68
ACT0007997,O001317,S002,Email,2024-04-27 09:23:00,0
ACT0007998,O001318,S016,Email,2025-03-19 14:56:00,0
ACT0007999,O001318,S016,Call,2025-03-17 17:20:00,42
ACT0008000,O001318,S016,Meeting,2025-03-09 15:19:00,85
ACT0008001,O001318,S016,Email,2025-03-13 10:13:00,0
ACT0008002,O001318,S016,Meeting,2025-03-04 17:26:00,66
ACT0008003,O001318,S016,Email,2025-03-07 17:48:00,0
ACT0008004,O001318,S016,Call,2025-03-13 13:09:00,32
ACT0008005,O001318,S016,Demo,2025-02-24 16:18:00,75
ACT0008006,O001319,S014,Call,2025-06-27 18:34:00,38
ACT0008007,O001319,S014,Demo,2025-06-29 14:58:00,71
ACT0008008,O001319,S014,Meeting,2025-06-24 14:34:00,46
ACT0008009,O001319,S014,Call,2025-06-29 09:41:00,31
ACT0008010,O001320,S016,Email,2023-01-23 15:57:00,0
ACT0008011,O001320,S016,Call,2023-02-05 10:01:00,26
ACT0008012,O001320,S016,Call,2023-01-26 16:59:00,29
ACT0008013,O001321,S028,Email,2025-06-15 15:29:00,0
ACT0008014,O001321,S028,Demo,2025-06-22 18:41:00,90
ACT0008015,O001321,S028,Email,2025-06-28 08:02:00,0
ACT0008016,O001321,S028,Email,2025-06-16 16:37:00,0
ACT0008017,O001321,S028,Meeting,2025-06-20 14:12:00,71
ACT0008018,O001321,S028,Email,2025-06-16 10:09:00,0
ACT0008019,O001321,S028,Email,2023-04-29 18:48:00,0
ACT0008020,O001322,S018,Email,2023-06-10 08:25:00,0
ACT0008021,O001322,S018,Call,2023-06-19 16:40:00,11
ACT0008022,O001322,S018,Email,2023-07-01 12:15:00,0
ACT0008023,O001322,S018,Email,2023-06-12 11:39:00,0
ACT0008024,O001322,S018,Call,2023-06-15 17:18:00,31
ACT0008025,O001322,S018,Email,2023-06-28 11:01:00,0
ACT0008026,O001323,S012,Call,2024-09-22 16:23:00,23
ACT0008027,O001323,S012,Email,2024-09-22 08:49:00,0
ACT0008028,O001323,S012,Call,2024-09-12 09:56:00,39
ACT0008029,O001323,S012,Email,2024-09-07 18:36:00,0
ACT0008030,O001323,S012,Call,2024-09-03 13:53:00,25
ACT0008031,O001324,S023,Call,2024-05-07 10:09:00,24
ACT0008032,O001324,S023,Call,2024-05-01 18:44:00,31
ACT0008033,O001324,S023,Demo,2024-04-23 13:43:00,77
ACT0008034,O001324,S023,Email,2024-05-05 18:26:00,0
ACT0008035,O001324,S023,Email,2024-04-25 15:00:00,0
ACT0008036,O001324,S023,Email,2024-04-29 17:10:00,0
ACT0008037,O001324,S023,Email,2024-05-10 12:11:00,0
ACT0008038,O001324,S023,Meeting,2024-05-11 12:56:00,59
ACT0008039,O001325,S035,Email,2023-05-16 13:12:00,0
ACT0008040,O001325,S035,Call,2023-05-16 10:48:00,12
ACT0008041,O001325,S035,Meeting,2021-05-20 17:19:00,74
ACT0008042,O001325,S035,Email,2023-05-24 15:44:00,0
ACT0008043,O001326,S004,Email,2023-11-01 17:31:00,0
ACT0008044,O001326,S004,Call,2023-10-30 14:03:00,25
ACT0008045,O001326,S004,Email,2023-09-02 17:58:00,0
ACT0008046,O001326,S004,Email,2023-09-04 18:35:00,0
ACT0008047,O001326,S004,Call,2023-09-01 16:47:00,8
ACT0008048,O001326,S004,Email,2023-09-16 14:36:00,0
ACT0008049,O001327,S017,Email,2023-10-14 12:32:00,0
ACT0008050,O001327,S017,Demo,2023-09-24 14:52:00,48
ACT0008051,O001327,S017,Demo,2023-09-06 14:38:00,48
ACT0008052,O001328,S021,Call,2025-05-13 08:34:00,5
ACT0008053,O001328,S021,Call,2025-04-29 11:14:00,14
ACT0008054,O001328,S021,Email,2025-04-27 12:55:00,0
ACT0008055,O001328,S021,Email,2025-05-21 12:03:00,0
ACT0008056,O001328,S021,Email,2025-05-10 08:15:00,0
ACT0008057,O001328,S021,Call,2025-03-13 13:44:00,32
ACT0008058,O001329,S002,Email,2025-01-21 14:48:00,0
ACT0008059,O001329,S002,Call,2025-02-01 11:10:00,35
ACT0008060,O001329,S002,Meeting,2025-01-20 09:38:00,30
ACT0008061,O001329,S002,Email,2025-02-03 09:07:00,0
ACT0008062,O001329,S002,Demo,2025-01-20 14:53:00,85
ACT0008063,O001329,S002,Call,2025-01-27 16:27:00,39
ACT0008064,O001330,S012,Meeting,2024-11-18 09:37:00,60
ACT0008065,O001330,S012,Meeting,2024-12-11 13:48:00,65
ACT0008066,O001330,S012,Meeting,2024-11-26 11:30:00,59
ACT0008067,O001330,S012,Email,2024-12-04 08:23:00,0
ACT0008068,O001330,S012,Meeting,2024-12-08 18:14:00,83
ACT0008069,O001330,S012,Email,2024-11-18 11:32:00,0
ACT0008070,O001330,S012,Email,2024-11-06 10:02:00,0
ACT0008071,O001331,S005,Email,2025-06-19 11:31:00,0
ACT0008072,O001331,S005,Call,2025-06-27 14:52:00,44
ACT0008073,O001331,S005,Call,2025-06-19 16:26:00,25
ACT0008074,O001331,S005,Meeting,2025-06-25 11:50:00,30
ACT0008075,O001331,S005,Call,2025-06-28 09:47:00,25
ACT0008076,O001332,S036,Email,2025-06-21 16:21:00,0
ACT0008077,O001332,S036,Email,2025-06-25 18:20:00,0
ACT0008078,O001332,S036,Call,2025-06-23 15:47:00,23
ACT0008079,O001332,S036,Meeting,2025-06-24 08:51:00,76
ACT0008080,O001332,S036,Demo,2025-06-23 13:23:00,95
ACT0008081,O001333,S024,Call,2023-12-14 17:34:00,9
ACT0008082,O001333,S024,Email,2023-12-16 12:55:00,0
ACT0008083,O001333,S024,Call,2023-12-09 18:03:00,32
ACT0008084,O001333,S024,Email,2023-12-17 17:07:00,0
ACT0008085,O001333,S024,Email,2023-12-11 12:14:00,0
ACT0008086,O001333,S024,Email,2024-01-01 18:25:00,0
ACT0008087,O001334,S032,Call,2023-09-12 08:05:00,31
ACT0008088,O001334,S032,Meeting,2023-09-09 08:17:00,59
ACT0008089,O001334,S032,Email,2023-09-14 17:18:00,0
ACT0008090,O001334,S032,Meeting,2023-08-27 08:32:00,78
ACT0008091,O001334,S032,Email,2023-08-30 17:51:00,0
ACT0008092,O001334,S032,Demo,2023-08-22 13:59:00,72
ACT0008093,O001334,S032,Meeting,2023-09-17 15:12:00,61
ACT0008094,O001334,S032,Email,2023-08-31 15:01:00,0
ACT0008095,O001334,S032,Email,2023-09-19 09:30:00,0
ACT0008096,O001334,S032,Demo,2023-08-30 11:55:00,117
ACT0008097,O001334,S032,Email,2023-08-30 11:02:00,0
ACT0008098,O001335,S034,Email,2024-09-01 12:13:00,0
ACT0008099,O001335,S034,Email,2024-09-02 15:30:00,0
ACT0008100,O001335,S034,Email,2024-08-27 16:41:00,0
ACT0008101,O001335,S034,Call,2024-09-17 10:08:00,39
ACT0008102,O001336,S030,Demo,2024-09-11 14:47:00,91
ACT0008103,O001336,S030,Email,2024-11-30 18:49:00,0
ACT0008104,O001336,S030,Call,2024-11-03 09:53:00,41
ACT0008105,O001336,S030,Demo,2024-10-01 08:01:00,48
ACT0008106,O001337,S008,Call,2023-07-21 11:30:00,22
ACT0008107,O001337,S008,Call,2023-06-27 15:53:00,30
ACT0008108,O001337,S008,Email,2023-06-19 17:55:00,0
ACT0008109,O001337,S008,Call,2023-07-06 09:47:00,16
ACT0008110,O001338,S018,Call,2025-05-02 12:26:00,6
ACT0008111,O001338,S018,Call,2025-04-30 15:23:00,9
ACT0008112,O001338,S018,Call,2025-05-23 09:06:00,10
ACT0008113,O001338,S018,Call,2025-05-22 11:00:00,12
ACT0008114,O001339,S032,Email,2025-02-23 10:36:00,0
ACT0008115,O001339,S032,Demo,2025-02-28 11:57:00,84
ACT0008116,O001339,S032,Meeting,2025-03-10 16:25:00,57
ACT0008117,O001340,S014,Call,2025-05-01 13:52:00,37
ACT0008118,O001340,S014,Meeting,2025-05-23 16:16:00,66
ACT0008119,O001340,S014,Email,2025-05-17 12:19:00,0
ACT0008120,O001340,S014,Call,2025-04-17 10:11:00,19
ACT0008121,O001340,S014,Call,2025-06-07 15:56:00,22
ACT0008122,O001340,S014,Email,2025-05-16 18:59:00,0
ACT0008123,O001341,S012,Call,2024-04-05 11:17:00,29
ACT0008124,O001341,S012,Call,2024-03-30 10:54:00,5
ACT0008125,O001342,S037,Call,2023-02-19 18:44:00,41
ACT0008126,O001342,S037,Email,2023-02-10 14:51:00,0
ACT0008127,O001342,S037,Email,2023-02-17 14:55:00,0
ACT0008128,O001342,S037,Call,2023-02-20 15:19:00,22
ACT0008129,O001342,S037,Demo,2023-02-16 13:55:00,88
ACT0008130,O001342,S037,Call,2021-05-22 12:46:00,7
ACT0008131,O001342,S037,Demo,2023-02-04 16:05:00,68
ACT0008132,O001342,S037,Call,2023-02-04 08:54:00,27
ACT0008133,O001342,S037,Demo,2023-02-21 10:09:00,78
ACT0008134,O001342,S037,Email,2023-02-03 14:03:00,0
ACT0008135,O001343,S005,Call,2023-07-27 08:37:00,18
ACT0008136,O001343,S005,Email,2023-07-23 11:15:00,0
ACT0008137,O001343,S005,Call,2023-07-30 16:47:00,42
ACT0008138,O001343,S005,Email,2023-07-23 17:55:00,0
ACT0008139,O001343,S005,Call,2023-07-30 10:48:00,31
ACT0008140,O001343,S005,Meeting,2023-07-24 15:24:00,60
ACT0008141,O001344,S009,Call,2025-04-14 09:19:00,12
ACT0008142,O001344,S009,Email,2025-05-14 16:52:00,0
ACT0008143,O001344,S009,Email,2025-03-03 17:33:00,0
ACT0008144,O001344,S009,Email,2025-05-29 15:09:00,0
ACT0008145,O001344,S009,Email,2025-04-13 13:04:00,0
ACT0008146,O001345,S011,Email,2025-02-10 10:44:00,0
ACT0008147,O001345,S011,Call,2025-02-17 11:13:00,6
ACT0008148,O001345,S011,Email,2025-02-23 11:54:00,0
ACT0008149,O001346,S026,Call,2024-11-15 15:50:00,13
ACT0008150,O001346,S026,Email,2024-11-15 11:43:00,0
ACT0008151,O001346,S026,Demo,2024-11-02 09:38:00,68
ACT0008152,O001346,S026,Call,2024-11-15 14:40:00,19
ACT0008153,O001347,S031,Email,2023-07-22 18:29:00,0
ACT0008154,O001347,S031,Call,2023-07-16 12:10:00,23
ACT0008155,O001347,S031,Call,2023-07-29 14:29:00,14
ACT0008156,O001347,S031,Email,2023-07-12 13:41:00,0
ACT0008157,O001347,S031,Email,2023-08-01 11:48:00,0
ACT0008158,O001347,S031,Call,2023-08-01 10:53:00,36
ACT0008159,O001348,S027,Call,2023-12-07 14:17:00,39
ACT0008160,O001348,S027,Email,2023-12-24 12:05:00,0
ACT0008161,O001348,S027,Email,2024-02-17 11:12:00,0
ACT0008162,O001348,S027,Demo,2024-01-08 12:17:00,91
ACT0008163,O001348,S027,Email,2023-12-14 17:55:00,0
ACT0008164,O001348,S027,Email,2024-01-31 18:58:00,0
ACT0008165,O001348,S027,Email,2024-01-20 18:55:00,0
ACT0008166,O001348,S027,Meeting,2023-12-19 11:55:00,42
ACT0008167,O001349,S033,Call,2023-12-06 14:14:00,42
ACT0008168,O001349,S033,Call,2023-11-19 17:16:00,5
ACT0008169,O001349,S033,Call,2023-11-13 16:15:00,7
ACT0008170,O001349,S033,Call,2023-12-28 14:15:00,24
ACT0008171,O001349,S033,Email,2023-12-22 11:05:00,0
ACT0008172,O001349,S033,Email,2023-11-20 09:37:00,0
ACT0008173,O001349,S033,Call,2023-10-20 09:27:00,43
ACT0008174,O001349,S033,Email,2023-11-22 18:03:00,0
ACT0008175,O001349,S033,Call,2023-11-17 15:18:00,33
ACT0008176,O001350,S007,Call,2025-05-26 08:10:00,37
ACT0008177,O001350,S007,Email,2025-05-28 08:23:00,0
ACT0008178,O001350,S007,Email,2025-05-28 16:54:00,0
ACT0008179,O001350,S007,Demo,2025-05-08 18:58:00,74
ACT0008180,O001350,S007,Email,2025-05-01 11:25:00,0
ACT0008181,O001350,S007,Demo,2025-05-23 14:51:00,108
ACT0008182,O001350,S007,Email,2025-05-16 11:16:00,0
ACT0008183,O001350,S007,Call,2025-04-09 16:20:00,33
ACT0008184,O001351,S016,Meeting,2024-01-26 09:56:00,88
ACT0008185,O001351,S016,Email,2024-02-20 12:51:00,0
ACT0008186,O001351,S016,Email,2024-02-22 18:38:00,0
ACT0008187,O001351,S016,Call,2024-01-17 11:50:00,30
ACT0008188,O001352,S026,Meeting,2024-11-14 11:30:00,35
ACT0008189,O001352,S026,Email,2024-11-28 09:20:00,0
ACT0008190,O001353,S006,Email,2025-03-14 16:48:00,0
ACT0008191,O001353,S006,Email,2025-02-11 17:29:00,0
ACT0008192,O001353,S006,Email,2025-03-29 12:53:00,0
ACT0008193,O001353,S006,Meeting,2025-03-11 13:01:00,43
ACT0008194,O001353,S006,Call,2025-04-06 14:41:00,14
ACT0008195,O001353,S006,Email,2025-04-26 15:53:00,0
ACT0008196,O001353,S006,Email,2025-05-07 11:57:00,0
ACT0008197,O001353,S006,Email,2025-03-28 11:16:00,0
ACT0008198,O001353,S006,Email,2025-05-05 13:38:00,0
ACT0008199,O001354,S040,Meeting,2024-08-03 14:50:00,50
ACT0008200,O001354,S040,Meeting,2024-09-11 17:25:00,35
ACT0008201,O001354,S040,Call,2024-09-22 09:16:00,17
ACT0008202,O001354,S040,Call,2024-09-04 15:13:00,31
ACT0008203,O001354,S040,Meeting,2024-08-13 15:09:00,32
ACT0008204,O001355,S018,Meeting,2025-03-18 16:24:00,35
ACT0008205,O001355,S018,Demo,2025-03-13 18:45:00,83
ACT0008206,O001355,S018,Call,2025-03-13 17:59:00,21
ACT0008207,O001355,S018,Demo,2025-03-20 12:08:00,47
ACT0008208,O001355,S018,Email,2025-03-20 15:08:00,0
ACT0008209,O001355,S018,Demo,2025-03-19 14:56:00,106
ACT0008210,O001355,S018,Email,2025-03-20 15:19:00,0
ACT0008211,O001356,S033,Call,2023-08-03 18:13:00,7
ACT0008212,O001356,S033,Call,2023-07-29 12:39:00,27
ACT0008213,O001356,S033,Meeting,2023-08-17 09:24:00,87
ACT0008214,O001356,S033,Email,2023-08-28 16:31:00,0
ACT0008215,O001356,S033,Call,2023-08-05 16:40:00,8
ACT0008216,O001356,S033,Email,2023-08-29 08:13:00,0
ACT0008217,O001357,S028,Email,2023-02-12 08:20:00,0
ACT0008218,O001357,S028,Call,2023-03-07 15:18:00,33
ACT0008219,O001357,S028,Meeting,2023-02-23 15:59:00,76
ACT0008220,O001357,S028,Meeting,2023-02-14 08:20:00,55
ACT0008221,O001358,S015,Meeting,2024-09-16 08:16:00,71
ACT0008222,O001358,S015,Demo,2024-11-20 15:41:00,74
ACT0008223,O001358,S015,Email,2024-11-03 15:41:00,0
ACT0008224,O001358,S015,Call,2024-12-13 13:27:00,28
ACT0008225,O001358,S015,Call,2024-11-13 16:06:00,9
ACT0008226,O001358,S015,Email,2024-11-28 08:15:00,0
ACT0008227,O001358,S015,Email,2024-11-26 13:16:00,0
ACT0008228,O001358,S015,Meeting,2024-12-03 18:20:00,43
ACT0008229,O001358,S015,Meeting,2024-10-28 18:50:00,72
ACT0008230,O001358,S015,Meeting,2024-10-08 12:46:00,38
ACT0008231,O001358,S015,Email,2024-11-13 18:39:00,0
ACT0008232,O001359,S016,Meeting,2023-10-12 18:28:00,31
ACT0008233,O001359,S016,Meeting,2023-10-27 18:39:00,30
ACT0008234,O001359,S016,Meeting,2023-10-14 17:37:00,62
ACT0008235,O001359,S016,Meeting,2023-10-14 11:24:00,74
ACT0008236,O001359,S016,Email,2023-09-28 09:05:00,0
ACT0008237,O001359,S016,Meeting,2023-09-28 13:51:00,31
ACT0008238,O001359,S016,Email,2023-10-17 14:16:00,0
ACT0008239,O001359,S016,Call,2023-09-26 12:03:00,41
ACT0008240,O001360,S023,Call,2025-04-13 11:44:00,21
ACT0008241,O001360,S023,Meeting,2025-04-22 11:20:00,33
ACT0008242,O001360,S023,Meeting,2025-04-18 18:01:00,73
ACT0008243,O001360,S023,Meeting,2025-05-03 11:09:00,51
ACT0008244,O001360,S023,Email,2025-04-13 12:42:00,0
ACT0008245,O001361,S001,Email,2025-06-30 12:10:00,0
ACT0008246,O001361,S001,Call,2025-06-23 08:40:00,32
ACT0008247,O001361,S001,Call,2025-06-16 17:50:00,29
ACT0008248,O001361,S001,Email,2025-06-26 13:26:00,0
ACT0008249,O001362,S018,Call,2023-09-11 11:09:00,43
ACT0008250,O001362,S018,Call,2023-08-18 17:12:00,25
ACT0008251,O001362,S018,Call,2023-08-31 14:04:00,17
ACT0008252,O001363,S034,Email,2023-01-24 10:42:00,0
ACT0008253,O001363,S034,Call,2023-01-30 17:34:00,13
ACT0008254,O001363,S034,Call,2023-02-08 16:01:00,27
ACT0008255,O001363,S034,Email,2023-01-22 15:22:00,0
ACT0008256,O001363,S034,Call,2023-01-31 09:38:00,14
ACT0008257,O001364,S009,Email,2024-05-24 16:06:00,0
ACT0008258,O001364,S009,Call,2024-06-01 10:49:00,15
ACT0008259,O001364,S009,Call,2024-05-19 09:50:00,19
ACT0008260,O001364,S009,Email,2024-06-08 13:30:00,0
ACT0008261,O001365,S025,Email,2025-03-06 10:18:00,0
ACT0008262,O001365,S025,Call,2025-05-26 13:25:00,19
ACT0008263,O001365,S025,Email,2025-05-11 09:18:00,0
ACT0008264,O001365,S025,Meeting,2025-04-02 08:52:00,59
ACT0008265,O001365,S025,Email,2025-02-12 11:19:00,0
ACT0008266,O001366,S032,Email,2024-08-18 10:56:00,0
ACT0008267,O001366,S032,Email,2024-08-04 13:41:00,0
ACT0008268,O001366,S032,Call,2024-08-10 10:53:00,17
ACT0008269,O001366,S032,Email,2024-08-15 14:34:00,0
ACT0008270,O001366,S032,Email,2024-08-11 11:18:00,0
ACT0008271,O001366,S032,Email,2024-08-20 09:22:00,0
ACT0008272,O001366,S032,Demo,2024-07-27 13:24:00,90
ACT0008273,O001366,S032,Email,2024-07-20 11:03:00,0
ACT0008274,O001367,S004,Email,2025-06-12 11:51:00,0
ACT0008275,O001367,S004,Email,2025-06-15 13:47:00,0
ACT0008276,O001367,S004,Demo,2025-06-28 18:43:00,98
ACT0008277,O001367,S004,Call,2025-06-19 08:30:00,14
ACT0008278,O001367,S004,Call,2025-06-26 12:18:00,21
ACT0008279,O001367,S004,Meeting,2025-06-15 17:14:00,45
ACT0008280,O001368,S019,Meeting,2025-04-30 09:56:00,51
ACT0008281,O001368,S019,Call,2025-04-28 08:44:00,35
ACT0008282,O001368,S019,Call,2025-05-01 12:02:00,8
ACT0008283,O001368,S019,Meeting,2025-04-29 09:38:00,35
ACT0008284,O001368,S019,Call,2025-04-27 18:35:00,16
ACT0008285,O001368,S019,Call,2025-04-30 08:24:00,24
ACT0008286,O001368,S019,Meeting,2025-04-29 16:47:00,83
ACT0008287,O001368,S019,Email,2025-05-01 18:03:00,0
ACT0008288,O001369,S025,Call,2025-04-02 11:42:00,33
ACT0008289,O001369,S025,Demo,2025-03-18 11:21:00,109
ACT0008290,O001369,S025,Demo,2025-03-10 17:40:00,99
ACT0008291,O001369,S025,Call,2025-04-09 10:28:00,32
ACT0008292,O001369,S025,Email,2025-02-24 09:39:00,0
ACT0008293,O001370,S028,Call,2024-09-21 11:11:00,5
ACT0008294,O001370,S028,Call,2024-09-25 13:09:00,8
ACT0008295,O001370,S028,Call,2024-09-17 12:54:00,12
ACT0008296,O001370,S028,Call,2024-09-24 08:22:00,44
ACT0008297,O001371,S033,Call,2024-10-29 10:36:00,29
ACT0008298,O001371,S033,Demo,2024-11-10 16:20:00,116
ACT0008299,O001371,S033,Meeting,2024-09-12 08:27:00,79
ACT0008300,O001371,S033,Email,2024-09-21 08:07:00,0
ACT0008301,O001371,S033,Email,2024-11-13 18:58:00,0
ACT0008302,O001371,S033,Email,2024-11-11 15:37:00,0
ACT0008303,O001372,S032,Call,2025-04-08 18:58:00,29
ACT0008304,O001372,S032,Call,2025-04-16 10:28:00,35
ACT0008305,O001372,S032,Call,2025-04-24 15:17:00,38
ACT0008306,O001372,S032,Call,2025-04-18 12:01:00,35
ACT0008307,O001373,S007,Call,2023-04-30 15:14:00,12
ACT0008308,O001373,S007,Demo,2023-04-16 16:57:00,85
ACT0008309,O001373,S007,Meeting,2023-05-10 16:22:00,60
ACT0008310,O001374,S020,Email,2024-07-11 08:28:00,0
ACT0008311,O001374,S020,Demo,2024-06-14 11:58:00,118
ACT0008312,O001374,S020,Email,2024-07-13 12:39:00,0
ACT0008313,O001374,S020,Call,2024-07-18 09:02:00,34
ACT0008314,O001374,S020,Call,2024-06-09 12:48:00,14
ACT0008315,O001375,S034,Meeting,2024-06-20 15:05:00,52
ACT0008316,O001375,S034,Meeting,2024-06-18 08:34:00,39
ACT0008317,O001375,S034,Meeting,2024-07-03 12:31:00,51
ACT0008318,O001375,S034,Meeting,2024-06-30 11:53:00,55
ACT0008319,O001376,S012,Email,2023-11-05 16:03:00,0
ACT0008320,O001377,S037,Email,2024-06-18 09:07:00,0
ACT0008321,O001377,S037,Email,2024-06-12 11:54:00,0
ACT0008322,O001377,S037,Email,2024-07-10 08:24:00,0
ACT0008323,O001377,S037,Call,2024-07-29 11:31:00,30
ACT0008324,O001377,S037,Demo,2024-06-24 15:00:00,98
ACT0008325,O001377,S037,Call,2024-07-30 17:52:00,6
ACT0008326,O001378,S033,Demo,2024-10-02 13:23:00,95
ACT0008327,O001378,S033,Meeting,2024-08-15 11:18:00,85
ACT0008328,O001378,S033,Email,2024-10-28 13:20:00,0
ACT0008329,O001378,S033,Call,2024-09-26 16:31:00,22
ACT0008330,O001378,S033,Email,2024-09-16 15:09:00,0
ACT0008331,O001378,S033,Meeting,2024-10-08 18:02:00,31
ACT0008332,O001378,S033,Call,2024-07-19 18:09:00,28
ACT0008333,O001379,S008,Meeting,2025-04-30 15:01:00,33
ACT0008334,O001379,S008,Call,2025-03-09 15:35:00,18
ACT0008335,O001379,S008,Call,2025-03-18 17:20:00,6
ACT0008336,O001379,S008,Demo,2025-03-01 10:58:00,115
ACT0008337,O001379,S008,Email,2025-03-07 10:08:00,0
ACT0008338,O001379,S008,Email,2025-04-28 13:52:00,0
ACT0008339,O001380,S019,Call,2025-06-28 14:23:00,32
ACT0008340,O001380,S019,Email,2025-06-21 12:42:00,0
ACT0008341,O001380,S019,Meeting,2025-06-09 08:36:00,31
ACT0008342,O001380,S019,Email,2025-06-27 08:43:00,0
ACT0008343,O001380,S019,Demo,2025-06-15 15:03:00,85
ACT0008344,O001380,S019,Email,2025-06-26 13:07:00,0
ACT0008345,O001380,S019,Email,2025-06-21 14:46:00,0
ACT0008346,O001381,S006,Email,2023-04-27 12:03:00,0
ACT0008347,O001381,S006,Call,2023-05-06 11:57:00,29
ACT0008348,O001381,S006,Email,2023-03-19 08:24:00,0
ACT0008349,O001381,S006,Call,2023-04-17 13:18:00,19
ACT0008350,O001381,S006,Email,2023-03-21 13:42:00,0
ACT0008351,O001381,S006,Call,2023-05-21 13:54:00,25
ACT0008352,O001381,S006,Email,2023-04-07 15:30:00,0
ACT0008353,O001382,S019,Call,2024-03-27 09:24:00,25
ACT0008354,O001382,S019,Meeting,2024-04-22 10:55:00,88
ACT0008355,O001382,S019,Email,2024-03-26 17:08:00,0
ACT0008356,O001382,S019,Email,2024-04-21 17:12:00,0
ACT0008357,O001382,S019,Email,2024-03-28 11:13:00,0
ACT0008358,O001382,S019,Email,2024-04-01 09:23:00,0
ACT0008359,O001382,S019,Call,2024-04-06 10:21:00,29
ACT0008360,O001383,S040,Email,2025-05-09 18:47:00,0
ACT0008361,O001383,S040,Email,2025-04-13 08:52:00,0
ACT0008362,O001383,S040,Email,2025-05-07 17:40:00,0
ACT0008363,O001383,S040,Email,2025-05-13 18:21:00,0
ACT0008364,O001383,S040,Email,2025-05-24 17:20:00,0
ACT0008365,O001384,S013,Call,2023-08-05 09:52:00,15
ACT0008366,O001384,S013,Call,2023-08-06 17:57:00,26
ACT0008367,O001384,S013,Call,2023-07-18 14:45:00,31
ACT0008368,O001384,S013,Email,2023-08-17 14:49:00,0
ACT0008369,O001384,S013,Email,2023-06-28 10:13:00,0
ACT0008370,O001384,S013,Demo,2023-07-14 11:37:00,97
ACT0008371,O001384,S013,Demo,2023-06-27 15:06:00,66
ACT0008372,O001384,S013,Email,2023-07-13 17:10:00,0
ACT0008373,O001384,S013,Call,2023-07-09 08:39:00,10
ACT0008374,O001385,S031,Call,2024-10-09 08:32:00,28
ACT0008375,O001385,S031,Meeting,2024-10-08 08:50:00,78
ACT0008376,O001385,S031,Meeting,2024-10-23 12:42:00,70
ACT0008377,O001385,S031,Call,2024-10-06 10:53:00,43
ACT0008378,O001385,S031,Call,2024-11-05 10:18:00,39
ACT0008379,O001386,S038,Email,2024-09-13 13:19:00,0
ACT0008380,O001386,S038,Email,2024-09-15 09:03:00,0
ACT0008381,O001386,S038,Meeting,2024-09-21 11:32:00,31
ACT0008382,O001386,S038,Call,2024-09-28 16:22:00,43
ACT0008383,O001387,S002,Call,2023-07-25 11:13:00,23
ACT0008384,O001387,S002,Meeting,2023-07-19 18:45:00,68
ACT0008385,O001387,S002,Meeting,2023-07-29 15:10:00,35
ACT0008386,O001387,S002,Meeting,2023-07-20 08:39:00,32
ACT0008387,O001387,S002,Call,2023-07-23 08:54:00,43
ACT0008388,O001387,S002,Demo,2023-08-08 17:16:00,83
ACT0008389,O001387,S002,Email,2023-07-21 10:22:00,0
ACT0008390,O001388,S008,Call,2025-05-07 17:07:00,36
ACT0008391,O001388,S008,Email,2025-05-16 17:38:00,0
ACT0008392,O001388,S008,Call,2025-05-10 11:45:00,27
ACT0008393,O001388,S008,Call,2025-05-14 18:02:00,23
ACT0008394,O001388,S008,Call,2025-05-13 11:04:00,17
ACT0008395,O001388,S008,Email,2025-05-08 11:23:00,0
ACT0008396,O001388,S008,Email,2025-04-18 17:15:00,0
ACT0008397,O001389,S012,Call,2024-05-19 10:09:00,24
ACT0008398,O001389,S012,Email,2024-05-02 10:59:00,0
ACT0008399,O001389,S012,Email,2024-05-06 13:19:00,0
ACT0008400,O001389,S012,Email,2024-05-05 17:27:00,0
ACT0008401,O001389,S012,Meeting,2024-05-18 13:35:00,54
ACT0008402,O001390,S018,Email,2025-02-02 14:26:00,0
ACT0008403,O001390,S018,Email,2025-01-22 09:22:00,0
ACT0008404,O001390,S018,Call,2025-02-02 14:35:00,34
ACT0008405,O001390,S018,Meeting,2025-01-03 08:30:00,77
ACT0008406,O001390,S018,Meeting,2025-03-06 12:22:00,48
ACT0008407,O001390,S018,Email,2025-02-18 11:33:00,0
ACT0008408,O001390,S018,Call,2025-01-02 16:56:00,35
ACT0008409,O001390,S018,Email,2025-01-25 16:05:00,0
ACT0008410,O001390,S018,Call,2025-03-10 11:34:00,21
ACT0008411,O001390,S018,Email,2025-02-20 11:47:00,0
ACT0008412,O001391,S022,Call,2023-01-28 09:05:00,30
ACT0008413,O001391,S022,Meeting,2023-01-14 08:21:00,37
ACT0008414,O001391,S022,Demo,2023-01-20 17:04:00,110
ACT0008415,O001391,S022,Call,2023-03-18 16:49:00,11
ACT0008416,O001391,S022,Call,2023-02-16 09:52:00,25
ACT0008417,O001391,S022,Email,2023-01-20 12:08:00,0
ACT0008418,O001391,S022,Meeting,2023-02-26 15:09:00,59
ACT0008419,O001391,S022,Email,2023-02-15 17:00:00,0
ACT0008420,O001391,S022,Call,2023-01-22 14:42:00,20
ACT0008421,O001391,S022,Demo,2023-01-24 16:49:00,70
ACT0008422,O001391,S022,Call,2023-01-14 18:32:00,16
ACT0008423,O001392,S021,Call,2023-04-19 09:21:00,6
ACT0008424,O001392,S021,Call,2023-05-26 16:43:00,35
ACT0008425,O001392,S021,Call,2023-07-25 16:50:00,31
ACT0008426,O001392,S021,Meeting,2023-05-13 08:32:00,32
ACT0008427,O001392,S021,Demo,2023-07-12 12:03:00,57
ACT0008428,O001393,S032,Call,2025-02-14 09:19:00,11
ACT0008429,O001393,S032,Email,2025-02-20 18:46:00,0
ACT0008430,O001393,S032,Call,2025-02-16 17:43:00,18
ACT0008431,O001393,S032,Call,2025-02-22 13:16:00,32
ACT0008432,O001393,S032,Demo,2025-02-27 11:32:00,104
ACT0008433,O001393,S032,Demo,2025-02-24 11:09:00,59
ACT0008434,O001394,S012,Email,2025-05-02 10:10:00,0
ACT0008435,O001394,S012,Email,2025-05-05 14:32:00,0
ACT0008436,O001394,S012,Call,2025-06-08 10:07:00,10
ACT0008437,O001394,S012,Email,2025-05-18 10:35:00,0
ACT0008438,O001394,S012,Call,2025-05-18 15:58:00,25
ACT0008439,O001394,S012,Call,2025-05-03 08:50:00,15
ACT0008440,O001395,S032,Call,2024-01-16 13:51:00,17
ACT0008441,O001395,S032,Demo,2024-01-08 10:12:00,45
ACT0008442,O001395,S032,Email,2024-02-03 11:39:00,0
ACT0008443,O001396,S025,Meeting,2024-09-09 09:41:00,70
ACT0008444,O001396,S025,Email,2024-09-29 08:46:00,0
ACT0008445,O001396,S025,Call,2024-08-27 12:29:00,31
ACT0008446,O001397,S016,Call,2023-05-18 16:05:00,35
ACT0008447,O001397,S016,Demo,2023-05-13 09:22:00,76
ACT0008448,O001397,S016,Call,2023-09-14 15:02:00,39
ACT0008449,O001397,S016,Meeting,2023-06-06 18:00:00,40
ACT0008450,O001397,S016,Email,2023-07-28 09:29:00,0
ACT0008451,O001397,S016,Call,2023-06-28 11:59:00,27
ACT0008452,O001398,S004,Email,2025-06-04 12:03:00,0
ACT0008453,O001398,S004,Email,2025-06-07 13:48:00,0
ACT0008454,O001398,S004,Email,2025-06-30 08:50:00,0
ACT0008455,O001398,S004,Demo,2025-06-24 18:16:00,97
ACT0008456,O001398,S004,Email,2025-06-18 11:24:00,0
ACT0008457,O001398,S004,Email,2025-06-27 13:39:00,0
ACT0008458,O001399,S027,Email,2023-12-23 12:52:00,0
ACT0008459,O001399,S027,Call,2024-01-04 09:51:00,35
ACT0008460,O001399,S027,Meeting,2023-12-20 17:44:00,49
ACT0008461,O001399,S027,Email,2023-12-03 09:53:00,0
ACT0008462,O001399,S027,Email,2024-01-17 10:14:00,0
ACT0008463,O001399,S027,Call,2024-01-21 18:20:00,39
ACT0008464,O001399,S027,Email,2024-01-07 16:57:00,0
ACT0008465,O001399,S027,Call,2023-12-18 09:16:00,14
ACT0008466,O001400,S027,Email,2025-01-19 12:40:00,0
ACT0008467,O001400,S027,Email,2024-12-29 16:26:00,0
ACT0008468,O001400,S027,Email,2024-12-26 17:53:00,0
ACT0008469,O001400,S027,Meeting,2024-12-24 18:16:00,56
ACT0008470,O001400,S027,Email,2025-01-15 16:19:00,0
ACT0008471,O001400,S027,Email,2025-01-20 12:16:00,0
ACT0008472,O001400,S027,Email,2025-01-07 11:30:00,0
ACT0008473,O001400,S027,Call,2025-01-21 09:04:00,35
ACT0008474,O001400,S027,Email,2024-12-26 11:48:00,0
ACT0008475,O001400,S027,Email,2024-12-25 15:29:00,0
ACT0008476,O001401,S004,Call,2025-06-30 12:22:00,7
ACT0008477,O001401,S004,Call,2025-06-27 18:56:00,25
ACT0008478,O001401,S004,Meeting,2025-06-18 11:30:00,65
ACT0008479,O001402,S026,Meeting,2023-02-09 17:53:00,64
ACT0008480,O001402,S026,Call,2023-03-10 13:11:00,31
ACT0008481,O001402,S026,Demo,2023-02-13 11:37:00,83
ACT0008482,O001402,S026,Call,2023-01-18 08:45:00,44
ACT0008483,O001402,S026,Email,2023-03-25 15:18:00,0
ACT0008484,O001402,S026,Call,2023-01-19 10:05:00,25
ACT0008485,O001402,S026,Email,2023-03-30 18:36:00,0
ACT0008486,O001403,S005,Call,2025-06-28 14:00:00,35
ACT0008487,O001403,S005,Meeting,2025-05-21 13:52:00,73
ACT0008488,O001403,S005,Email,2025-06-20 10:54:00,0
ACT0008489,O001403,S005,Call,2025-06-01 18:39:00,12
ACT0008490,O001404,S014,Meeting,2025-02-02 13:56:00,84
ACT0008491,O001404,S014,Meeting,2025-01-05 10:34:00,54
ACT0008492,O001404,S014,Meeting,2024-12-28 14:58:00,51
ACT0008493,O001404,S014,Email,2025-03-16 14:56:00,0
ACT0008494,O001404,S014,Email,2025-03-10 17:19:00,0
ACT0008495,O001404,S014,Call,2025-03-31 18:20:00,29
ACT0008496,O001404,S014,Email,2025-02-02 10:04:00,0
ACT0008497,O001405,S025,Meeting,2025-06-11 13:15:00,33
ACT0008498,O001405,S025,Demo,2025-06-18 14:05:00,76
ACT0008499,O001405,S025,Call,2025-06-15 11:11:00,18
ACT0008500,O001405,S025,Meeting,2025-06-20 14:13:00,80
ACT0008501,O001406,S033,Email,2025-06-21 12:51:00,0
ACT0008502,O001406,S033,Email,2025-06-17 16:10:00,0
ACT0008503,O001406,S033,Demo,2025-06-02 12:38:00,46
ACT0008504,O001406,S033,Call,2025-06-07 13:12:00,19
ACT0008505,O001406,S033,Email,2025-06-21 17:42:00,0
ACT0008506,O001406,S033,Email,2025-06-23 11:44:00,0
ACT0008507,O001406,S033,Email,2025-06-12 15:53:00,0
ACT0008508,O001406,S033,Call,2025-06-10 16:42:00,40
ACT0008509,O001406,S033,Call,2025-06-16 13:42:00,39
ACT0008510,O001407,S016,Meeting,2023-11-13 14:54:00,41
ACT0008511,O001407,S016,Call,2023-11-19 09:02:00,12
ACT0008512,O001407,S016,Email,2023-11-09 11:23:00,0
ACT0008513,O001407,S016,Meeting,2023-12-04 12:46:00,60
ACT0008514,O001408,S019,Call,2023-08-24 09:07:00,9
ACT0008515,O001408,S019,Call,2023-09-12 17:56:00,39
ACT0008516,O001408,S019,Call,2023-08-31 16:41:00,28
ACT0008517,O001408,S019,Email,2023-09-07 11:15:00,0
ACT0008518,O001408,S019,Email,2023-08-26 14:26:00,0
ACT0008519,O001408,S019,Email,2023-09-02 12:23:00,0
ACT0008520,O001408,S019,Meeting,2023-08-23 17:59:00,69
ACT0008521,O001408,S019,Call,2023-08-30 09:13:00,30
ACT0008522,O001409,S017,Call,2024-11-06 08:50:00,44
ACT0008523,O001409,S017,Call,2024-11-05 15:06:00,42
ACT0008524,O001409,S017,Call,2024-10-27 11:24:00,24
ACT0008525,O001409,S017,Call,2024-11-07 08:49:00,44
ACT0008526,O001409,S017,Demo,2024-08-25 16:52:00,74
ACT0008527,O001409,S017,Meeting,2024-09-21 18:28:00,65
ACT0008528,O001409,S017,Demo,2024-10-11 16:40:00,104
ACT0008529,O001410,S040,Email,2024-07-07 18:17:00,0
ACT0008530,O001410,S040,Email,2024-05-28 11:14:00,0
ACT0008531,O001410,S040,Meeting,2024-06-25 15:44:00,76
ACT0008532,O001410,S040,Call,2024-06-22 15:16:00,30
ACT0008533,O001410,S040,Call,2024-05-18 12:44:00,11
ACT0008534,O001410,S040,Meeting,2024-05-24 13:44:00,51
ACT0008535,O001410,S040,Demo,2024-06-08 12:37:00,50
ACT0008536,O001410,S040,Email,2024-06-27 08:35:00,0
ACT0008537,O001411,S034,Email,2024-04-16 18:08:00,0
ACT0008538,O001411,S034,Meeting,2024-04-23 09:02:00,63
ACT0008539,O001411,S034,Call,2024-03-23 11:32:00,29
ACT0008540,O001412,S036,Call,2024-11-09 08:11:00,27
ACT0008541,O001412,S036,Email,2024-11-27 10:34:00,0
ACT0008542,O001412,S036,Email,2024-11-29 16:15:00,0
ACT0008543,O001413,S004,Demo,2023-05-21 13:34:00,84
ACT0008544,O001413,S004,Email,2023-05-20 12:34:00,0
ACT0008545,O001413,S004,Demo,2023-05-16 08:49:00,52
ACT0008546,O001413,S004,Email,2023-05-20 11:32:00,0
ACT0008547,O001413,S004,Email,2023-05-26 18:40:00,0
ACT0008548,O001413,S004,Email,2023-05-18 08:14:00,0
ACT0008549,O001413,S004,Email,2023-05-20 09:35:00,0
ACT0008550,O001413,S004,Demo,2023-05-17 16:01:00,98
ACT0008551,O001413,S004,Demo,2023-05-18 16:07:00,106
ACT0008552,O001414,S008,Call,2024-04-18 09:51:00,35
ACT0008553,O001414,S008,Meeting,2024-04-27 08:36:00,34
ACT0008554,O001414,S008,Meeting,2024-04-29 14:00:00,79
ACT0008555,O001414,S008,Email,2024-04-25 16:23:00,0
ACT0008556,O001414,S008,Email,2024-04-13 17:40:00,0
ACT0008557,O001414,S008,Call,2024-04-26 11:58:00,15
ACT0008558,O001414,S008,Meeting,2024-04-27 11:39:00,38
ACT0008559,O001414,S008,Call,2024-04-13 14:57:00,25
ACT0008560,O001414,S008,Demo,2024-04-21 18:04:00,114
ACT0008561,O001415,S004,Email,2024-02-12 15:37:00,0
ACT0008562,O001415,S004,Email,2024-02-20 11:44:00,0
ACT0008563,O001415,S004,Meeting,2024-03-01 11:26:00,30
ACT0008564,O001415,S004,Email,2024-03-02 15:47:00,0
ACT0008565,O001415,S004,Email,2024-02-19 08:04:00,0
ACT0008566,O001416,S040,Call,2024-01-13 10:00:00,36
ACT0008567,O001416,S040,Call,2024-02-19 16:35:00,6
ACT0008568,O001417,S009,Email,2025-02-07 13:53:00,0
ACT0008569,O001417,S009,Email,2025-04-05 09:52:00,0
ACT0008570,O001417,S009,Call,2025-01-25 09:46:00,35
ACT0008571,O001417,S009,Demo,2025-02-20 18:45:00,93
ACT0008572,O001417,S009,Email,2025-03-23 16:24:00,0
ACT0008573,O001417,S009,Call,2025-03-09 16:14:00,10
ACT0008574,O001417,S009,Email,2025-04-05 18:38:00,0
ACT0008575,O001417,S009,Email,2025-01-26 09:50:00,0
ACT0008576,O001418,S002,Demo,2024-12-21 11:28:00,72
ACT0008577,O001418,S002,Email,2025-01-27 14:02:00,0
ACT0008578,O001418,S002,Email,2025-02-07 12:19:00,0
ACT0008579,O001418,S002,Email,2025-01-08 17:50:00,0
ACT0008580,O001419,S008,Meeting,2024-08-23 16:23:00,88
ACT0008581,O001419,S008,Call,2024-08-17 12:53:00,39
ACT0008582,O001419,S008,Meeting,2024-07-26 17:35:00,73
ACT0008583,O001419,S008,Call,2024-08-11 18:33:00,35
ACT0008584,O001419,S008,Call,2024-08-15 15:51:00,35
ACT0008585,O001419,S008,Email,2024-08-25 14:55:00,0
ACT0008586,O001420,S007,Call,2024-05-13 18:07:00,21
ACT0008587,O001420,S007,Email,2024-05-07 14:03:00,0
ACT0008588,O001420,S007,Email,2024-04-28 16:22:00,0
ACT0008589,O001420,S007,Email,2024-04-23 12:17:00,0
ACT0008590,O001421,S022,Email,2025-05-23 11:24:00,0
ACT0008591,O001421,S022,Call,2025-06-14 13:38:00,39
ACT0008592,O001421,S022,Email,2025-05-25 08:27:00,0
ACT0008593,O001421,S022,Meeting,2025-05-25 09:08:00,54
ACT0008594,O001421,S022,Meeting,2025-05-26 12:03:00,57
ACT0008595,O001421,S022,Call,2025-06-16 15:53:00,22
ACT0008596,O001422,S037,Call,2025-04-30 17:11:00,9
ACT0008597,O001422,S037,Demo,2025-04-24 09:30:00,111
ACT0008598,O001422,S037,Call,2025-04-30 12:32:00,44
ACT0008599,O001422,S037,Meeting,2025-04-18 14:59:00,51
ACT0008600,O001423,S023,Call,2025-06-12 16:45:00,25
ACT0008601,O001423,S023,Call,2025-06-08 09:20:00,11
ACT0008602,O001423,S023,Email,2025-06-24 18:01:00,0
ACT0008603,O001423,S023,Email,2025-06-10 13:26:00,0
ACT0008604,O001424,S009,Call,2024-11-14 13:32:00,42
ACT0008605,O001424,S009,Meeting,2024-11-19 08:17:00,48
ACT0008606,O001424,S009,Call,2024-11-19 17:29:00,28
ACT0008607,O001424,S009,Call,2024-12-30 13:38:00,13
ACT0008608,O001425,S009,Call,2025-06-16 15:38:00,33
ACT0008609,O001425,S009,Meeting,2025-06-05 18:38:00,60
ACT0008610,O001425,S009,Meeting,2025-06-23 15:25:00,53
ACT0008611,O001425,S009,Email,2025-06-12 08:15:00,0
ACT0008612,O001425,S009,Demo,2025-06-08 16:32:00,77
ACT0008613,O001426,S019,Email,2023-11-27 14:59:00,0
ACT0008614,O001426,S019,Call,2023-12-19 15:19:00,17
ACT0008615,O001426,S019,Call,2023-12-26 10:36:00,37
ACT0008616,O001426,S019,Email,2023-12-03 17:49:00,0
ACT0008617,O001427,S002,Call,2025-06-30 11:19:00,9
ACT0008618,O001428,S020,Meeting,2025-03-31 17:29:00,32
ACT0008619,O001428,S020,Email,2025-04-05 08:53:00,0
ACT0008620,O001429,S016,Email,2025-03-13 10:34:00,0
ACT0008621,O001429,S016,Meeting,2025-02-21 14:55:00,83
ACT0008622,O001429,S016,Call,2025-05-29 10:54:00,19
ACT0008623,O001429,S016,Call,2025-01-17 11:38:00,32
ACT0008624,O001429,S016,Meeting,2025-04-18 12:30:00,65
ACT0008625,O001429,S016,Call,2025-01-31 11:21:00,26
ACT0008626,O001429,S016,Call,2025-05-07 08:45:00,26
ACT0008627,O001429,S016,Meeting,2024-12-04 14:05:00,57
ACT0008628,O001430,S006,Call,2024-09-28 15:45:00,39
ACT0008629,O001430,S006,Email,2025-02-03 12:25:00,0
ACT0008630,O001430,S006,Meeting,2025-01-20 14:27:00,50
ACT0008631,O001430,S006,Email,2024-09-06 08:41:00,0
ACT0008632,O001430,S006,Email,2024-10-21 13:02:00,0
ACT0008633,O001430,S006,Email,2024-10-30 17:23:00,0
ACT0008634,O001430,S006,Meeting,2024-11-02 15:33:00,48
ACT0008635,O001430,S006,Call,2025-02-20 12:56:00,38
ACT0008636,O001430,S006,Meeting,2024-12-20 16:23:00,88
ACT0008637,O001431,S002,Call,2024-12-06 18:02:00,31
ACT0008638,O001431,S002,Call,2024-12-02 17:35:00,8
ACT0008639,O001431,S002,Email,2024-08-22 11:05:00,0
ACT0008640,O001432,S001,Email,2025-06-25 15:00:00,0
ACT0008641,O001432,S001,Meeting,2025-06-18 12:39:00,81
ACT0008642,O001433,S020,Email,2024-05-11 10:12:00,0
ACT0008643,O001433,S020,Email,2024-05-14 11:04:00,0
ACT0008644,O001433,S020,Call,2024-04-13 12:07:00,30
ACT0008645,O001433,S020,Email,2024-05-12 14:29:00,0
ACT0008646,O001433,S020,Call,2024-04-24 10:17:00,28
ACT0008647,O001434,S029,Email,2025-05-25 12:04:00,0
ACT0008648,O001434,S029,Email,2025-05-08 18:22:00,0
ACT0008649,O001434,S029,Email,2025-05-28 14:46:00,0
ACT0008650,O001434,S029,Email,2025-05-23 18:18:00,0
ACT0008651,O001434,S029,Meeting,2025-04-28 14:35:00,34
ACT0008652,O001434,S029,Email,2025-05-26 08:57:00,0
ACT0008653,O001435,S002,Email,2024-08-16 18:22:00,0
ACT0008654,O001435,S002,Email,2024-08-16 10:03:00,0
ACT0008655,O001435,S002,Demo,2024-08-15 13:25:00,51
ACT0008656,O001435,S002,Email,2024-07-15 13:22:00,0
ACT0008657,O001435,S002,Call,2024-07-28 16:27:00,36
ACT0008658,O001436,S006,Meeting,2024-04-03 14:00:00,74
ACT0008659,O001436,S006,Demo,2024-02-01 13:35:00,58
ACT0008660,O001436,S006,Call,2024-02-16 18:51:00,30
ACT0008661,O001436,S006,Meeting,2024-03-23 17:53:00,40
ACT0008662,O001436,S006,Call,2024-04-06 10:43:00,5
ACT0008663,O001436,S006,Meeting,2024-02-20 14:39:00,31
ACT0008664,O001436,S006,Email,2024-04-16 09:33:00,0
ACT0008665,O001436,S006,Email,2024-01-06 14:16:00,0
ACT0008666,O001436,S006,Email,2024-02-10 18:36:00,0
ACT0008667,O001437,S007,Email,2025-04-10 18:56:00,0
ACT0008668,O001437,S007,Call,2025-03-28 08:06:00,10
ACT0008669,O001437,S007,Meeting,2025-03-28 16:34:00,64
ACT0008670,O001437,S007,Demo,2025-03-10 18:20:00,116
ACT0008671,O001437,S007,Meeting,2025-03-22 09:25:00,86
ACT0008672,O001437,S007,Call,2025-03-30 16:20:00,30
ACT0008673,O001438,S037,Call,2025-01-05 15:36:00,40
ACT0008674,O001438,S037,Call,2025-01-12 08:22:00,23
ACT0008675,O001438,S037,Meeting,2025-01-11 11:40:00,71
ACT0008676,O001438,S037,Call,2024-12-12 08:17:00,44
ACT0008677,O001438,S037,Email,2025-01-02 09:13:00,0
ACT0008678,O001438,S037,Call,2024-12-05 08:11:00,7
ACT0008679,O001439,S027,Call,2025-05-08 12:16:00,42
ACT0008680,O001439,S027,Email,2025-05-01 13:35:00,0
ACT0008681,O001439,S027,Email,2025-05-12 08:35:00,0
ACT0008682,O001439,S027,Call,2025-05-12 08:51:00,28
ACT0008683,O001439,S027,Meeting,2025-05-08 14:15:00,58
ACT0008684,O001439,S027,Email,2025-05-10 17:46:00,0
ACT0008685,O001439,S027,Call,2025-05-19 13:12:00,13
ACT0008686,O001439,S027,Call,2025-05-22 15:42:00,32
ACT0008687,O001439,S027,Call,2025-05-22 14:36:00,14
ACT0008688,O001439,S027,Email,2025-05-08 11:25:00,0
ACT0008689,O001440,S020,Call,2024-08-08 17:15:00,44
ACT0008690,O001440,S020,Meeting,2024-07-28 10:05:00,52
ACT0008691,O001440,S020,Meeting,2024-09-07 13:45:00,35
ACT0008692,O001440,S020,Email,2024-08-28 08:24:00,0
ACT0008693,O001440,S020,Email,2024-09-09 16:18:00,0
ACT0008694,O001440,S020,Email,2024-08-08 16:12:00,0
ACT0008695,O001440,S020,Call,2024-09-02 10:57:00,15
ACT0008696,O001441,S016,Demo,2023-06-02 17:34:00,62
ACT0008697,O001441,S016,Email,2023-05-23 18:43:00,0
ACT0008698,O001441,S016,Email,2023-05-16 11:30:00,0
ACT0008699,O001441,S016,Call,2023-05-24 14:16:00,18
ACT0008700,O001441,S016,Meeting,2023-05-27 17:38:00,39
ACT0008701,O001442,S009,Call,2023-05-09 13:36:00,18
ACT0008702,O001442,S009,Meeting,2023-05-05 12:02:00,30
ACT0008703,O001442,S009,Email,2023-05-13 16:42:00,0
ACT0008704,O001442,S009,Email,2023-05-28 16:45:00,0
ACT0008705,O001442,S009,Email,2023-05-15 17:18:00,0
ACT0008706,O001442,S009,Email,2023-05-18 15:51:00,0
ACT0008707,O001443,S005,Demo,2025-04-04 14:05:00,107
ACT0008708,O001443,S005,Meeting,2025-04-07 17:53:00,82
ACT0008709,O001443,S005,Meeting,2025-04-07 14:12:00,78
ACT0008710,O001443,S005,Demo,2025-04-17 13:43:00,119
ACT0008711,O001443,S005,Email,2025-04-28 11:27:00,0
ACT0008712,O001444,S011,Call,2025-06-18 17:03:00,44
ACT0008713,O001444,S011,Call,2025-06-09 12:42:00,37
ACT0008714,O001444,S011,Call,2025-06-14 15:03:00,42
ACT0008715,O001444,S011,Email,2025-05-19 13:47:00,0
ACT0008716,O001444,S011,Meeting,2025-06-22 09:31:00,31
ACT0008717,O001444,S011,Call,2025-05-27 18:46:00,14
ACT0008718,O001444,S011,Call,2025-05-17 10:59:00,14
ACT0008719,O001444,S011,Meeting,2025-05-27 18:10:00,89
ACT0008720,O001444,S011,Call,2025-05-23 18:06:00,32
ACT0008721,O001444,S011,Call,2025-06-06 13:03:00,21
ACT0008722,O001445,S010,Email,2024-12-16 15:34:00,0
ACT0008723,O001445,S010,Email,2024-12-16 10:46:00,0
ACT0008724,O001445,S010,Email,2024-11-21 16:52:00,0
ACT0008725,O001445,S010,Email,2024-11-30 18:17:00,0
ACT0008726,O001446,S012,Email,2025-04-20 13:09:00,0
ACT0008727,O001446,S012,Call,2025-04-01 12:56:00,25
ACT0008728,O001446,S012,Call,2025-04-14 16:50:00,34
ACT0008729,O001446,S012,Email,2025-04-05 15:10:00,0
ACT0008730,O001446,S012,Call,2025-04-01 13:02:00,14
ACT0008731,O001447,S002,Call,2023-04-27 14:16:00,39
ACT0008732,O001447,S002,Call,2023-10-29 17:36:00,34
ACT0008733,O001447,S002,Call,2023-08-09 15:06:00,14
ACT0008734,O001447,S002,Email,2023-05-25 12:14:00,0
ACT0008735,O001447,S002,Meeting,2023-09-27 10:51:00,63
ACT0008736,O001447,S002,Meeting,2023-07-10 17:54:00,61
ACT0008737,O001448,S039,Call,2024-11-25 17:17:00,20
ACT0008738,O001448,S039,Call,2024-11-09 12:12:00,30
ACT0008739,O001448,S039,Call,2024-10-22 14:06:00,5
ACT0008740,O001448,S039,Demo,2024-11-14 13:42:00,80
ACT0008741,O001448,S039,Call,2024-10-26 12:22:00,38
ACT0008742,O001448,S039,Call,2024-11-23 15:30:00,25
ACT0008743,O001449,S005,Demo,2024-02-24 10:04:00,87
ACT0008744,O001449,S005,Call,2024-01-03 14:14:00,18
ACT0008745,O001449,S005,Email,2023-12-23 08:41:00,0
ACT0008746,O001449,S005,Meeting,2023-12-26 16:12:00,75
ACT0008747,O001449,S005,Call,2024-01-27 12:39:00,8
ACT0008748,O001449,S005,Call,2024-01-13 15:00:00,8
ACT0008749,O001450,S002,Call,2025-06-13 10:20:00,34
ACT0008750,O001450,S002,Email,2025-06-29 17:56:00,0
ACT0008751,O001450,S002,Demo,2025-06-23 13:58:00,107
ACT0008752,O001451,S012,Meeting,2024-11-14 12:56:00,49
ACT0008753,O001451,S012,Call,2024-11-19 09:02:00,12
ACT0008754,O001451,S012,Call,2024-11-10 16:41:00,30
ACT0008755,O001451,S012,Call,2024-11-17 11:28:00,20
ACT0008756,O001451,S012,Email,2024-11-21 14:37:00,0
ACT0008757,O001451,S012,Meeting,2024-11-25 14:44:00,52
ACT0008758,O001451,S012,Demo,2024-11-27 14:59:00,106
ACT0008759,O001452,S012,Meeting,2023-09-26 09:43:00,59
ACT0008760,O001452,S012,Email,2023-10-14 18:00:00,0
ACT0008761,O001452,S012,Call,2023-11-11 15:48:00,21
ACT0008762,O001452,S012,Email,2023-10-01 12:05:00,0
ACT0008763,O001452,S012,Email,2023-09-23 10:45:00,0
ACT0008764,O001452,S012,Meeting,2023-11-25 16:13:00,73
ACT0008765,O001452,S012,Call,2023-11-19 18:53:00,17
ACT0008766,O001453,S032,Meeting,2024-11-06 12:57:00,55
ACT0008767,O001453,S032,Email,2024-11-06 14:35:00,0
ACT0008768,O001453,S032,Email,2024-11-08 12:16:00,0
ACT0008769,O001453,S032,Call,2024-11-01 13:21:00,36
ACT0008770,O001453,S032,Call,2024-11-18 15:09:00,43
ACT0008771,O001453,S032,Email,2024-11-07 16:12:00,0
ACT0008772,O001454,S010,Call,2024-08-23 18:10:00,35
ACT0008773,O001454,S010,Email,2024-09-16 08:32:00,0
ACT0008774,O001454,S010,Email,2024-08-05 14:54:00,0
ACT0008775,O001454,S010,Email,2024-08-24 11:53:00,0
ACT0008776,O001454,S010,Email,2024-07-17 12:36:00,0
ACT0008777,O001454,S010,Demo,2024-07-27 09:58:00,100
ACT0008778,O001454,S010,Call,2024-09-02 09:55:00,13
ACT0008779,O001454,S010,Call,2024-09-19 11:30:00,19
ACT0008780,O001455,S022,Meeting,2023-08-23 18:13:00,40
ACT0008781,O001456,S027,Call,2023-10-13 12:01:00,14
ACT0008782,O001456,S027,Meeting,2023-10-26 09:47:00,69
ACT0008783,O001456,S027,Demo,2023-10-26 09:13:00,114
ACT0008784,O001456,S027,Meeting,2023-11-03 15:22:00,47
ACT0008785,O001456,S027,Call,2023-11-02 08:27:00,5
ACT0008786,O001456,S027,Email,2023-10-28 13:46:00,0
ACT0008787,O001456,S027,Email,2023-10-22 16:32:00,0
ACT0008788,O001456,S027,Email,2023-10-19 12:01:00,0
ACT0008789,O001456,S027,Email,2023-11-11 12:25:00,0
ACT0008790,O001457,S037,Call,2025-05-25 12:01:00,41
ACT0008791,O001457,S037,Email,2025-05-18 12:11:00,0
ACT0008792,O001457,S037,Email,2025-05-18 17:19:00,0
ACT0008793,O001457,S037,Call,2025-05-20 16:32:00,38
ACT0008794,O001457,S037,Call,2025-05-21 11:08:00,40
ACT0008795,O001457,S037,Call,2025-05-22 14:51:00,34
ACT0008796,O001457,S037,Demo,2025-05-22 17:21:00,73
ACT0008797,O001457,S037,Call,2025-05-17 08:54:00,37
ACT0008798,O001457,S037,Call,2025-05-21 08:07:00,32
ACT0008799,O001457,S037,Email,2025-05-17 11:58:00,0
ACT0008800,O001457,S037,Call,2025-05-10 11:51:00,25
ACT0008801,O001457,S037,Call,2025-05-17 16:14:00,9
ACT0008802,O001458,S005,Call,2025-05-07 11:36:00,12
ACT0008803,O001458,S005,Call,2025-03-22 17:24:00,35
ACT0008804,O001459,S034,Email,2023-08-13 16:25:00,0
ACT0008805,O001459,S034,Call,2023-07-06 12:52:00,26
ACT0008806,O001459,S034,Meeting,2023-06-21 15:51:00,47
ACT0008807,O001459,S034,Demo,2023-07-31 16:12:00,96
ACT0008808,O001459,S034,Call,2023-07-22 09:10:00,42
ACT0008809,O001460,S001,Demo,2025-02-17 09:35:00,96
ACT0008810,O001460,S001,Call,2025-02-16 15:03:00,29
ACT0008811,O001460,S001,Call,2025-02-19 18:23:00,34
ACT0008812,O001460,S001,Email,2025-02-24 12:42:00,0
ACT0008813,O001460,S001,Call,2025-02-23 16:57:00,20
ACT0008814,O001460,S001,Email,2025-02-22 14:29:00,0
ACT0008815,O001460,S001,Demo,2025-02-15 09:27:00,111
ACT0008816,O001460,S001,Email,2025-02-18 13:59:00,0
ACT0008817,O001461,S009,Meeting,2023-10-21 18:28:00,61
ACT0008818,O001461,S009,Call,2023-10-27 09:32:00,32
ACT0008819,O001461,S009,Email,2023-11-06 10:34:00,0
ACT0008820,O001461,S009,Demo,2023-10-23 09:22:00,53
ACT0008821,O001461,S009,Call,2023-10-22 15:32:00,22
ACT0008822,O001461,S009,Email,2023-10-18 15:26:00,0
ACT0008823,O001461,S009,Call,2023-11-07 09:07:00,15
ACT0008824,O001462,S011,Call,2023-02-19 08:55:00,38
ACT0008825,O001462,S011,Email,2023-03-05 16:04:00,0
ACT0008826,O001462,S011,Demo,2023-02-17 09:53:00,53
ACT0008827,O001462,S011,Call,2023-03-08 17:24:00,33
ACT0008828,O001462,S011,Call,2023-03-01 13:16:00,27
ACT0008829,O001462,S011,Call,2023-02-22 10:56:00,36
ACT0008830,O001462,S011,Email,2023-03-09 09:15:00,0
ACT0008831,O001462,S011,Meeting,2023-02-26 09:54:00,70
ACT0008832,O001463,S037,Meeting,2025-03-11 13:03:00,70
ACT0008833,O001463,S037,Call,2025-04-03 10:28:00,25
ACT0008834,O001463,S037,Call,2025-02-27 10:45:00,44
ACT0008835,O001463,S037,Email,2025-04-10 08:29:00,0
ACT0008836,O001463,S037,Email,2025-04-10 08:07:00,0
ACT0008837,O001463,S037,Call,2025-02-23 18:48:00,18
ACT0008838,O001463,S037,Email,2025-03-12 17:33:00,0
ACT0008839,O001463,S037,Email,2025-03-30 09:18:00,0
ACT0008840,O001464,S011,Email,2025-06-08 18:02:00,0
ACT0008841,O001464,S011,Call,2025-06-26 14:56:00,37
ACT0008842,O001464,S011,Email,2025-05-12 14:41:00,0
ACT0008843,O001464,S011,Email,2025-06-01 11:26:00,0
ACT0008844,O001464,S011,Meeting,2025-06-05 14:58:00,39
ACT0008845,O001465,S037,Call,2025-01-19 18:08:00,21
ACT0008846,O001465,S037,Email,2025-01-15 14:25:00,0
ACT0008847,O001465,S037,Email,2025-01-31 10:22:00,0
ACT0008848,O001465,S037,Call,2025-02-01 12:25:00,38
ACT0008849,O001465,S037,Call,2025-02-06 08:47:00,12
ACT0008850,O001466,S022,Call,2025-02-07 13:19:00,38
ACT0008851,O001466,S022,Call,2025-02-12 10:17:00,24
ACT0008852,O001466,S022,Demo,2025-02-11 12:13:00,108
ACT0008853,O001466,S022,Meeting,2025-02-14 10:30:00,68
ACT0008854,O001466,S022,Email,2025-02-15 17:07:00,0
ACT0008855,O001466,S022,Call,2025-02-17 14:50:00,23
ACT0008856,O001467,S016,Meeting,2025-06-09 14:46:00,42
ACT0008857,O001467,S016,Meeting,2025-04-25 13:50:00,59
ACT0008858,O001467,S016,Call,2025-04-22 13:57:00,24
ACT0008859,O001467,S016,Meeting,2025-05-29 09:31:00,83
ACT0008860,O001467,S016,Meeting,2025-04-08 13:53:00,75
ACT0008861,O001467,S016,Email,2025-04-02 15:24:00,0
ACT0008862,O001467,S016,Email,2025-02-26 15:04:00,0
ACT0008863,O001467,S016,Call,2025-04-04 13:55:00,40
ACT0008864,O001467,S016,Email,2025-05-22 17:02:00,0
ACT0008865,O001467,S016,Call,2025-04-06 11:30:00,31
ACT0008866,O001467,S016,Call,2025-02-24 17:46:00,15
ACT0008867,O001468,S016,Demo,2025-05-17 09:53:00,106
ACT0008868,O001468,S016,Email,2025-04-30 18:21:00,0
ACT0008869,O001468,S016,Email,2025-04-29 17:08:00,0
ACT0008870,O001468,S016,Call,2025-05-24 09:53:00,27
ACT0008871,O001468,S016,Email,2025-04-15 17:53:00,0
ACT0008872,O001468,S016,Call,2025-04-12 15:10:00,26
ACT0008873,O001468,S016,Call,2025-05-25 11:26:00,15
ACT0008874,O001469,S024,Email,2025-04-23 12:45:00,0
ACT0008875,O001469,S024,Email,2025-04-14 11:40:00,0
ACT0008876,O001469,S024,Email,2025-04-24 13:43:00,0
ACT0008877,O001469,S024,Email,2025-05-01 13:44:00,0
ACT0008878,O001469,S024,Meeting,2025-05-02 11:18:00,72
ACT0008879,O001469,S024,Call,2025-04-19 09:40:00,39
ACT0008880,O001469,S024,Call,2025-04-18 08:14:00,16
ACT0008881,O001469,S024,Email,2025-04-27 18:03:00,0
ACT0008882,O001469,S024,Call,2025-05-02 09:30:00,25
ACT0008883,O001470,S003,Call,2025-03-17 17:57:00,41
ACT0008884,O001470,S003,Email,2025-03-16 16:27:00,0
ACT0008885,O001470,S003,Call,2025-04-13 18:36:00,22
ACT0008886,O001470,S003,Call,2025-04-23 12:25:00,21
ACT0008887,O001470,S003,Email,2025-04-05 10:54:00,0
ACT0008888,O001470,S003,Email,2025-02-20 15:59:00,0
ACT0008889,O001470,S003,Email,2025-02-06 11:37:00,0
ACT0008890,O001471,S001,Email,2025-05-12 17:16:00,0
ACT0008891,O001471,S001,Call,2025-05-02 08:05:00,41
ACT0008892,O001471,S001,Call,2025-04-24 17:36:00,27
ACT0008893,O001471,S001,Call,2025-05-07 10:50:00,17
ACT0008894,O001472,S011,Email,2024-08-24 10:42:00,0
ACT0008895,O001472,S011,Call,2024-08-19 09:45:00,9
ACT0008896,O001472,S011,Email,2024-08-18 09:25:00,0
ACT0008897,O001472,S011,Demo,2024-08-21 14:07:00,107
ACT0008898,O001472,S011,Meeting,2024-08-17 11:49:00,37
ACT0008899,O001472,S011,Email,2024-08-21 16:15:00,0
ACT0008900,O001473,S035,Call,2024-10-24 13:42:00,24
ACT0008901,O001473,S035,Meeting,2024-10-10 11:38:00,59
ACT0008902,O001473,S035,Meeting,2024-10-19 14:28:00,79
ACT0008903,O001473,S035,Call,2024-10-16 13:23:00,41
ACT0008904,O001474,S035,Call,2024-10-15 16:42:00,43
ACT0008905,O001474,S035,Email,2024-11-30 18:42:00,0
ACT0008906,O001474,S035,Email,2024-10-21 11:07:00,0
ACT0008907,O001474,S035,Meeting,2024-11-15 14:31:00,65
ACT0008908,O001474,S035,Email,2024-11-10 18:28:00,0
ACT0008909,O001474,S035,Call,2024-11-21 14:24:00,19
ACT0008910,O001474,S035,Call,2024-11-27 16:16:00,6
ACT0008911,O001474,S035,Call,2024-10-23 18:59:00,21
ACT0008912,O001475,S033,Email,2025-06-17 18:28:00,0
ACT0008913,O001475,S033,Demo,2025-06-11 09:52:00,90
ACT0008914,O001475,S033,Call,2025-06-12 16:12:00,19
ACT0008915,O001475,S033,Call,2025-06-17 17:25:00,42
ACT0008916,O001475,S033,Call,2025-06-11 16:59:00,41
ACT0008917,O001475,S033,Meeting,2025-06-17 12:43:00,71
ACT0008918,O001475,S033,Call,2025-06-15 13:49:00,16
ACT0008919,O001475,S033,Email,2025-06-18 17:41:00,0
ACT0008920,O001475,S033,Call,2025-06-18 08:50:00,37
ACT0008921,O001475,S033,Email,2025-06-18 13:49:00,0
ACT0008922,O001476,S012,Email,2023-10-02 12:12:00,0
ACT0008923,O001476,S012,Demo,2023-10-06 08:36:00,96
ACT0008924,O001476,S012,Meeting,2023-10-21 14:18:00,35
ACT0008925,O001477,S002,Email,2022-10-02 14:28:00,0
ACT0008926,O001477,S002,Email,2024-04-09 14:12:00,0
ACT0008927,O001478,S012,Meeting,2025-03-21 09:09:00,33
ACT0008928,O001478,S012,Demo,2025-04-21 17:10:00,53
ACT0008929,O001478,S012,Email,2025-04-15 08:41:00,0
ACT0008930,O001478,S012,Call,2025-04-21 08:59:00,22
ACT0008931,O001478,S012,Meeting,2025-04-16 13:26:00,63
ACT0008932,O001478,S012,Meeting,2025-04-12 08:18:00,74
ACT0008933,O001478,S012,Email,2025-03-27 18:15:00,0
ACT0008934,O001479,S021,Email,2024-01-10 11:47:00,0
ACT0008935,O001479,S021,Call,2024-02-27 09:13:00,24
ACT0008936,O001479,S021,Call,2024-01-20 10:23:00,31
ACT0008937,O001479,S021,Call,2024-02-18 15:35:00,13
ACT0008938,O001479,S021,Email,2024-03-10 18:48:00,0
ACT0008939,O001480,S015,Demo,2025-05-01 17:03:00,63
ACT0008940,O001480,S015,Email,2025-03-24 09:52:00,0
ACT0008941,O001480,S015,Call,2025-03-30 17:19:00,34
ACT0008942,O001480,S015,Meeting,2025-05-13 11:02:00,59
ACT0008943,O001481,S038,Email,2024-04-23 13:04:00,0
ACT0008944,O001481,S038,Email,2024-05-31 10:32:00,0
ACT0008945,O001481,S038,Email,2024-03-28 10:26:00,0
ACT0008946,O001481,S038,Call,2024-03-28 10:05:00,43
ACT0008947,O001481,S038,Email,2024-05-10 18:51:00,0
ACT0008948,O001481,S038,Email,2024-05-17 08:13:00,0
ACT0008949,O001481,S038,Meeting,2024-04-18 08:31:00,49
ACT0008950,O001481,S038,Email,2024-06-02 08:16:00,0
ACT0008951,O001481,S038,Email,2024-05-01 09:32:00,0
ACT0008952,O001481,S038,Call,2024-03-10 16:37:00,35
ACT0008953,O001481,S038,Email,2024-05-07 11:23:00,0
ACT0008954,O001481,S038,Email,2024-05-16 11:30:00,0
ACT0008955,O001482,S037,Meeting,2023-08-16 11:11:00,32
ACT0008956,O001482,S037,Email,2023-09-07 10:30:00,0
ACT0008957,O001482,S037,Demo,2023-08-16 12:39:00,49
ACT0008958,O001482,S037,Call,2023-08-20 11:22:00,19
ACT0008959,O001482,S037,Meeting,2023-08-27 14:14:00,49
ACT0008960,O001482,S037,Email,2023-08-31 15:23:00,0
ACT0008961,O001483,S004,Meeting,2024-10-24 16:24:00,69
ACT0008962,O001483,S004,Email,2024-11-04 09:00:00,0
ACT0008963,O001483,S004,Meeting,2024-11-05 18:49:00,53
ACT0008964,O001483,S004,Email,2024-10-25 17:48:00,0
ACT0008965,O001483,S004,Demo,2024-10-21 14:00:00,94
ACT0008966,O001483,S004,Call,2024-10-14 14:06:00,20
ACT0008967,O001483,S004,Demo,2024-11-06 13:06:00,64
ACT0008968,O001484,S009,Call,2023-10-25 18:57:00,13
ACT0008969,O001484,S009,Email,2024-03-09 09:57:00,0
ACT0008970,O001484,S009,Call,2024-02-15 11:10:00,24
ACT0008971,O001484,S009,Call,2023-12-24 11:37:00,22
ACT0008972,O001484,S009,Meeting,2023-12-12 09:14:00,39
ACT0008973,O001484,S009,Email,2024-03-24 11:02:00,0
ACT0008974,O001484,S009,Call,2023-12-02 15:19:00,33
ACT0008975,O001485,S011,Demo,2023-11-13 17:16:00,64
ACT0008976,O001485,S011,Call,2023-12-20 14:22:00,40
ACT0008977,O001485,S011,Call,2023-12-11 17:26:00,20
ACT0008978,O001485,S011,Call,2023-12-10 14:07:00,7
ACT0008979,O001486,S004,Demo,2025-03-13 10:40:00,71
ACT0008980,O001486,S004,Call,2025-03-05 15:04:00,18
ACT0008981,O001486,S004,Demo,2025-03-02 12:57:00,89
ACT0008982,O001486,S004,Email,2025-03-09 14:06:00,0
ACT0008983,O001486,S004,Meeting,2025-03-08 10:45:00,32
ACT0008984,O001487,S008,Email,2023-09-18 18:06:00,0
ACT0008985,O001487,S008,Call,2023-09-30 08:21:00,44
ACT0008986,O001487,S008,Demo,2023-09-11 14:39:00,92
ACT0008987,O001487,S008,Call,2023-09-11 16:55:00,34
ACT0008988,O001487,S008,Call,2023-10-19 12:40:00,5
ACT0008989,O001487,S008,Meeting,2023-09-14 16:30:00,70
ACT0008990,O001487,S008,Email,2023-11-06 09:51:00,0
ACT0008991,O001487,S008,Call,2023-09-16 08:06:00,26
ACT0008992,O001488,S017,Meeting,2023-06-04 08:45:00,40
ACT0008993,O001488,S017,Call,2023-07-08 15:13:00,28
ACT0008994,O001488,S017,Email,2023-05-30 14:14:00,0
ACT0008995,O001488,S017,Meeting,2023-05-30 18:16:00,76
ACT0008996,O001488,S017,Email,2023-06-26 10:23:00,0
ACT0008997,O001488,S017,Call,2023-06-09 11:07:00,10
ACT0008998,O001488,S017,Call,2023-07-01 17:16:00,44
ACT0008999,O001489,S008,Email,2025-06-20 17:26:00,0
ACT0009000,O001489,S008,Demo,2025-06-23 08:15:00,65
ACT0009001,O001490,S032,Call,2024-06-26 16:17:00,19
ACT0009002,O001490,S032,Call,2024-06-30 10:06:00,10
ACT0009003,O001491,S037,Call,2024-04-19 15:08:00,13
ACT0009004,O001491,S037,Email,2024-04-19 15:05:00,0
ACT0009005,O001491,S037,Call,2024-04-11 15:37:00,16
ACT0009006,O001491,S037,Email,2024-03-18 11:33:00,0
ACT0009007,O001492,S035,Meeting,2023-07-15 10:39:00,85
ACT0009008,O001492,S035,Email,2023-07-09 14:11:00,0
ACT0009009,O001492,S035,Call,2023-07-03 13:14:00,13
ACT0009010,O001493,S009,Email,2025-06-15 08:53:00,0
ACT0009011,O001493,S009,Email,2025-06-08 11:17:00,0
ACT0009012,O001493,S009,Email,2025-06-13 14:05:00,0
ACT0009013,O001493,S009,Call,2025-06-11 08:21:00,28
ACT0009014,O001493,S009,Demo,2025-06-23 09:36:00,97
ACT0009015,O001494,S039,Call,2025-01-16 11:13:00,24
ACT0009016,O001494,S039,Meeting,2025-01-23 15:38:00,72
ACT0009017,O001494,S039,Call,2025-01-15 17:49:00,27
ACT0009018,O001494,S039,Call,2025-01-29 18:49:00,29
ACT0009019,O001494,S039,Call,2025-01-15 17:36:00,24
ACT0009020,O001494,S039,Call,2025-02-16 18:05:00,5
ACT0009021,O001494,S039,Call,2025-02-15 15:36:00,13
ACT0009022,O001494,S039,Call,2025-01-24 17:20:00,15
ACT0009023,O001495,S037,Call,2025-02-10 08:42:00,32
ACT0009024,O001495,S037,Call,2025-02-13 15:39:00,22
ACT0009025,O001495,S037,Meeting,2025-02-17 10:49:00,78
ACT0009026,O001495,S037,Email,2025-02-12 11:48:00,0
ACT0009027,O001495,S037,Email,2025-02-19 17:57:00,0
ACT0009028,O001495,S037,Email,2025-02-06 08:04:00,0
ACT0009029,O001495,S037,Call,2025-02-22 13:55:00,11
ACT0009030,O001495,S037,Meeting,2025-02-11 10:20:00,45
ACT0009031,O001495,S037,Email,2025-02-07 14:58:00,0
ACT0009032,O001496,S016,Call,2025-05-30 10:42:00,44
ACT0009033,O001496,S016,Email,2025-05-30 18:04:00,0
ACT0009034,O001496,S016,Email,2025-06-14 17:46:00,0
ACT0009035,O001497,S006,Email,2025-06-18 17:02:00,0
ACT0009036,O001497,S006,Email,2025-06-16 15:23:00,0
ACT0009037,O001497,S006,Email,2025-06-11 08:58:00,0
ACT0009038,O001497,S006,Call,2025-06-18 17:24:00,22
ACT0009039,O001498,S028,Call,2024-08-07 08:25:00,24
ACT0009040,O001498,S028,Meeting,2024-06-29 11:52:00,47
ACT0009041,O001498,S028,Call,2024-06-29 11:14:00,11
ACT0009042,O001498,S028,Demo,2024-08-05 15:12:00,97
ACT0009043,O001498,S028,Email,2024-07-12 11:47:00,0
ACT0009044,O001499,S022,Call,2025-05-20 14:26:00,9
ACT0009045,O001499,S022,Email,2025-04-28 18:32:00,0
ACT0009046,O001499,S022,Call,2025-05-17 14:57:00,5
ACT0009047,O001499,S022,Email,2025-05-07 15:02:00,0
ACT0009048,O001499,S022,Demo,2025-05-04 17:50:00,58
ACT0009049,O001499,S022,Demo,2025-05-15 11:27:00,61
ACT0009050,O001500,S020,Email,2025-02-13 09:06:00,0
ACT0009051,O001500,S020,Email,2025-03-03 18:25:00,0
ACT0009052,O001500,S020,Meeting,2025-02-04 09:32:00,79
ACT0009053,O001500,S020,Email,2025-02-05 10:04:00,0
ACT0009054,O001500,S020,Meeting,2025-01-31 11:48:00,59
ACT0009055,O001500,S020,Call,2025-03-14 08:49:00,21
ACT0009056,O001500,S020,Demo,2025-03-11 11:39:00,72
ACT0009057,O001501,S031,Email,2025-02-17 14:31:00,0
ACT0009058,O001501,S031,Meeting,2025-02-17 12:24:00,41
ACT0009059,O001501,S031,Email,2025-03-03 16:53:00,0
ACT0009060,O001501,S031,Meeting,2025-02-18 15:49:00,63
ACT0009061,O001501,S031,Demo,2025-02-21 09:57:00,76
ACT0009062,O001501,S031,Call,2025-02-16 12:34:00,17
ACT0009063,O001502,S040,Email,2025-03-14 11:15:00,0
ACT0009064,O001502,S040,Call,2025-02-23 10:59:00,30
ACT0009065,O001502,S040,Call,2025-04-22 09:07:00,35
ACT0009066,O001502,S040,Email,2025-06-02 13:08:00,0
ACT0009067,O001503,S009,Email,2023-11-23 10:23:00,0
ACT0009068,O001503,S009,Email,2023-10-10 13:09:00,0
ACT0009069,O001503,S009,Email,2023-11-04 12:43:00,0
ACT0009070,O001503,S009,Call,2023-11-15 15:42:00,28
ACT0009071,O001504,S023,Demo,2023-03-28 18:51:00,109
ACT0009072,O001504,S023,Email,2023-03-24 17:09:00,0
ACT0009073,O001504,S023,Demo,2023-03-22 10:07:00,102
ACT0009074,O001504,S023,Meeting,2023-03-22 11:39:00,62
ACT0009075,O001505,S016,Call,2024-11-21 16:20:00,16
ACT0009076,O001505,S016,Demo,2024-10-01 12:36:00,63
ACT0009077,O001505,S016,Email,2024-11-24 16:00:00,0
ACT0009078,O001505,S016,Call,2024-10-06 18:16:00,24
ACT0009079,O001505,S016,Call,2024-11-06 12:10:00,16
ACT0009080,O001505,S016,Email,2024-09-24 15:50:00,0
ACT0009081,O001505,S016,Email,2024-09-10 10:22:00,0
ACT0009082,O001505,S016,Call,2024-08-26 14:23:00,44
ACT0009083,O001506,S021,Call,2025-05-10 15:13:00,18
ACT0009084,O001506,S021,Email,2025-06-26 17:20:00,0
ACT0009085,O001506,S021,Call,2025-06-20 08:13:00,41
ACT0009086,O001506,S021,Email,2025-06-09 16:33:00,0
ACT0009087,O001506,S021,Call,2025-06-01 14:16:00,37
ACT0009088,O001507,S028,Meeting,2025-06-01 14:01:00,34
ACT0009089,O001507,S028,Meeting,2025-05-26 15:25:00,30
ACT0009090,O001508,S016,Meeting,2024-01-21 10:03:00,35
ACT0009091,O001508,S016,Call,2024-01-26 15:46:00,21
ACT0009092,O001508,S016,Demo,2024-03-09 14:55:00,73
ACT0009093,O001508,S016,Email,2024-01-31 09:07:00,0
ACT0009094,O001508,S016,Email,2024-01-28 14:37:00,0
ACT0009095,O001508,S016,Meeting,2024-02-12 08:38:00,58
ACT0009096,O001508,S016,Email,2024-02-04 18:57:00,0
ACT0009097,O001508,S016,Call,2024-02-09 15:58:00,7
ACT0009098,O001508,S016,Email,2024-03-25 14:28:00,0
ACT0009099,O001508,S016,Call,2024-03-06 12:02:00,19
ACT0009100,O001508,S016,Email,2024-01-23 18:42:00,0
ACT0009101,O001509,S040,Demo,2024-05-17 14:20:00,86
ACT0009102,O001509,S040,Call,2024-03-12 18:43:00,24
ACT0009103,O001509,S040,Meeting,2024-05-06 12:44:00,44
ACT0009104,O001509,S040,Email,2024-03-17 12:14:00,0
ACT0009105,O001509,S040,Call,2024-03-20 09:20:00,22
ACT0009106,O001509,S040,Call,2024-04-04 18:14:00,16
ACT0009107,O001509,S040,Call,2024-04-24 09:50:00,17
ACT0009108,O001510,S004,Email,2025-05-24 13:22:00,0
ACT0009109,O001510,S004,Call,2025-05-30 17:22:00,10
ACT0009110,O001510,S004,Email,2025-06-17 15:35:00,0
ACT0009111,O001510,S004,Email,2025-06-08 14:23:00,0
ACT0009112,O001510,S004,Call,2025-05-23 16:31:00,26
ACT0009113,O001510,S004,Call,2025-05-27 15:43:00,25
ACT0009114,O001510,S004,Email,2025-05-27 13:23:00,0
ACT0009115,O001511,S040,Meeting,2025-02-13 18:25:00,57
ACT0009116,O001511,S040,Call,2024-11-29 13:01:00,22
ACT0009117,O001511,S040,Email,2025-03-13 08:48:00,0
ACT0009118,O001511,S040,Call,2025-01-25 09:24:00,26
ACT0009119,O001511,S040,Email,2024-11-13 16:45:00,0
ACT0009120,O001512,S012,Meeting,2023-06-16 08:43:00,72
ACT0009121,O001512,S012,Email,2023-08-19 09:32:00,0
ACT0009122,O001512,S012,Call,2023-07-07 09:29:00,10
ACT0009123,O001512,S012,Email,2023-06-24 13:23:00,0
ACT0009124,O001512,S012,Call,2023-07-06 16:38:00,6
ACT0009125,O001512,S012,Email,2023-06-27 13:03:00,0
ACT0009126,O001512,S012,Call,2023-07-21 15:59:00,13
ACT0009127,O001512,S012,Demo,2023-08-09 16:19:00,102
ACT0009128,O001512,S012,Email,2023-07-15 13:03:00,0
ACT0009129,O001512,S012,Meeting,2023-06-16 18:39:00,33
ACT0009130,O001512,S012,Meeting,2023-07-15 14:17:00,86
ACT0009131,O001513,S029,Email,2024-06-05 16:22:00,0
ACT0009132,O001513,S029,Email,2024-06-02 09:04:00,0
ACT0009133,O001513,S029,Email,2024-06-02 18:09:00,0
ACT0009134,O001513,S029,Email,2024-06-05 11:38:00,0
ACT0009135,O001513,S029,Call,2024-06-06 18:39:00,19
ACT0009136,O001514,S031,Demo,2024-07-19 15:24:00,117
ACT0009137,O001514,S031,Meeting,2024-07-19 14:01:00,34
ACT0009138,O001514,S031,Email,2024-07-14 08:06:00,0
ACT0009139,O001514,S031,Call,2024-07-05 17:43:00,31
ACT0009140,O001515,S017,Meeting,2025-01-13 15:20:00,30
ACT0009141,O001515,S017,Email,2024-12-19 10:30:00,0
ACT0009142,O001515,S017,Call,2024-12-21 15:18:00,19
ACT0009143,O001515,S017,Call,2025-01-05 17:51:00,39
ACT0009144,O001515,S017,Call,2025-01-10 17:12:00,14
ACT0009145,O001516,S011,Call,2025-02-24 10:08:00,14
ACT0009146,O001516,S011,Call,2025-02-26 09:34:00,8
ACT0009147,O001516,S011,Email,2025-02-11 12:50:00,0
ACT0009148,O001516,S011,Demo,2025-03-05 09:55:00,85
ACT0009149,O001516,S011,Email,2025-02-07 14:07:00,0
ACT0009150,O001516,S011,Call,2025-03-11 18:23:00,32
ACT0009151,O001516,S011,Call,2025-02-25 15:01:00,19
ACT0009152,O001516,S011,Email,2025-03-09 10:34:00,0
ACT0009153,O001516,S011,Email,2025-03-09 17:32:00,0
ACT0009154,O001516,S011,Email,2025-02-21 14:46:00,0
ACT0009155,O001516,S011,Call,2025-03-09 14:50:00,9
ACT0009156,O001517,S026,Call,2025-01-21 10:38:00,30
ACT0009157,O001517,S026,Call,2025-01-26 15:42:00,6
ACT0009158,O001517,S026,Demo,2025-01-25 12:05:00,118
ACT0009159,O001517,S026,Call,2025-01-27 09:47:00,24
ACT0009160,O001517,S026,Email,2024-11-30 10:55:00,0
ACT0009161,O001518,S012,Call,2025-03-30 15:01:00,15
ACT0009162,O001518,S012,Call,2025-04-17 09:19:00,12
ACT0009163,O001518,S012,Call,2025-03-24 11:10:00,25
ACT0009164,O001518,S012,Email,2025-02-22 10:03:00,0
ACT0009165,O001518,S012,Call,2025-02-12 11:41:00,24
ACT0009166,O001518,S012,Meeting,2025-03-15 10:23:00,47
ACT0009167,O001518,S012,Email,2025-02-19 10:37:00,0
ACT0009168,O001519,S016,Email,2023-09-24 17:00:00,0
ACT0009169,O001519,S016,Email,2023-11-21 10:27:00,0
ACT0009170,O001519,S016,Email,2023-08-25 12:47:00,0
ACT0009171,O001519,S016,Call,2023-09-18 12:18:00,23
ACT0009172,O001519,S016,Meeting,2023-11-08 08:05:00,78
ACT0009173,O001519,S016,Email,2023-09-18 11:05:00,0
ACT0009174,O001520,S023,Call,2025-03-31 14:52:00,17
ACT0009175,O001520,S023,Meeting,2025-02-10 11:21:00,82
ACT0009176,O001520,S023,Call,2025-02-12 18:14:00,35
ACT0009177,O001520,S023,Email,2025-02-23 11:31:00,0
ACT0009178,O001520,S023,Email,2025-02-19 09:02:00,0
ACT0009179,O001520,S023,Email,2025-03-20 18:15:00,0
ACT0009180,O001520,S023,Email,2025-04-05 14:51:00,0
ACT0009181,O001520,S023,Email,2025-02-17 08:47:00,0
ACT0009182,O001521,S031,Call,2023-07-29 10:39:00,37
ACT0009183,O001521,S031,Email,2023-07-28 13:43:00,0
ACT0009184,O001521,S031,Meeting,2023-08-02 10:43:00,81
ACT0009185,O001521,S031,Email,2023-08-05 09:16:00,0
ACT0009186,O001521,S031,Email,2023-07-27 08:59:00,0
ACT0009187,O001521,S031,Email,2023-08-04 12:09:00,0
ACT0009188,O001521,S031,Email,2023-08-03 16:45:00,0
ACT0009189,O001522,S038,Email,2023-09-21 15:55:00,0
ACT0009190,O001522,S038,Email,2024-02-08 12:05:00,0
ACT0009191,O001522,S038,Email,2023-09-29 12:01:00,0
ACT0009192,O001522,S038,Call,2024-01-14 17:58:00,6
ACT0009193,O001522,S038,Meeting,2023-10-24 08:13:00,44
ACT0009194,O001522,S038,Email,2024-02-02 14:21:00,0
ACT0009195,O001522,S038,Call,2024-01-05 18:23:00,5
ACT0009196,O001522,S038,Call,2023-11-19 17:05:00,26
ACT0009197,O001522,S038,Email,2023-10-27 13:51:00,0
ACT0009198,O001522,S038,Email,2023-12-15 12:56:00,0
ACT0009199,O001523,S020,Meeting,2025-06-30 14:03:00,89
ACT0009200,O001523,S020,Email,2025-06-21 08:53:00,0
ACT0009201,O001523,S020,Call,2025-06-17 11:12:00,31
ACT0009202,O001523,S020,Email,2025-06-29 13:18:00,0
ACT0009203,O001523,S020,Demo,2025-06-24 14:18:00,69
ACT0009204,O001523,S020,Demo,2025-06-14 12:29:00,93
ACT0009205,O001524,S016,Demo,2023-05-04 17:06:00,60
ACT0009206,O001524,S016,Call,2023-07-06 11:33:00,39
ACT0009207,O001524,S016,Email,2023-05-28 17:50:00,0
ACT0009208,O001524,S016,Call,2023-06-09 18:17:00,43
ACT0009209,O001524,S016,Meeting,2023-05-26 18:24:00,36
ACT0009210,O001524,S016,Demo,2023-05-21 10:49:00,113
ACT0009211,O001524,S016,Demo,2023-07-11 17:52:00,119
ACT0009212,O001524,S016,Meeting,2023-06-16 18:01:00,50
ACT0009213,O001525,S028,Call,2025-06-13 08:40:00,24
ACT0009214,O001525,S028,Call,2025-06-21 16:39:00,11
ACT0009215,O001525,S028,Call,2025-06-23 14:32:00,43
ACT0009216,O001525,S028,Call,2025-06-20 14:35:00,31
ACT0009217,O001527,S038,Meeting,2024-04-22 12:11:00,82
ACT0009218,O001527,S038,Email,2024-04-16 14:46:00,0
ACT0009219,O001527,S038,Meeting,2024-04-01 17:01:00,63
ACT0009220,O001527,S038,Meeting,2024-04-24 18:43:00,80
ACT0009221,O001527,S038,Email,2024-06-02 16:56:00,0
ACT0009222,O001527,S038,Email,2024-04-06 11:58:00,0
ACT0009223,O001528,S014,Email,2023-02-09 18:36:00,0
ACT0009224,O001528,S014,Email,2023-02-02 18:05:00,0
ACT0009225,O001528,S014,Meeting,2023-01-12 10:18:00,65
ACT0009226,O001529,S005,Demo,2025-03-22 13:44:00,54
ACT0009227,O001529,S005,Email,2025-04-30 17:03:00,0
ACT0009228,O001529,S005,Email,2025-02-16 16:01:00,0
ACT0009229,O001529,S005,Call,2025-05-05 13:40:00,7
ACT0009230,O001529,S005,Demo,2025-01-29 13:45:00,76
ACT0009231,O001529,S005,Meeting,2025-01-27 13:29:00,59
ACT0009232,O001529,S005,Email,2025-01-29 15:21:00,0
ACT0009233,O001529,S005,Call,2025-05-07 10:43:00,36
ACT0009234,O001530,S016,Email,2025-06-05 15:58:00,0
ACT0009235,O001530,S016,Meeting,2025-05-04 10:46:00,31
ACT0009236,O001530,S016,Call,2025-04-25 14:05:00,10
ACT0009237,O001530,S016,Call,2025-06-02 16:12:00,28
ACT0009238,O001530,S016,Demo,2025-05-28 16:31:00,56
ACT0009239,O001530,S016,Meeting,2025-04-26 15:14:00,85
ACT0009240,O001530,S016,Meeting,2025-04-25 08:51:00,38
ACT0009241,O001530,S016,Demo,2025-05-18 18:43:00,114
ACT0009242,O001531,S025,Call,2025-04-29 15:59:00,23
ACT0009243,O001531,S025,Call,2025-04-28 10:14:00,28
ACT0009244,O001531,S025,Email,2025-04-13 09:27:00,0
ACT0009245,O001531,S025,Email,2025-04-20 10:58:00,0
ACT0009246,O001531,S025,Email,2025-06-29 13:29:00,0
ACT0009247,O001531,S025,Demo,2025-06-08 12:02:00,83
ACT0009248,O001531,S025,Meeting,2025-05-15 18:53:00,61
ACT0009249,O001532,S029,Email,2023-12-30 17:24:00,0
ACT0009250,O001532,S029,Email,2024-01-21 18:01:00,0
ACT0009251,O001532,S029,Demo,2024-01-07 15:36:00,83
ACT0009252,O001533,S021,Call,2025-05-15 10:29:00,20
ACT0009253,O001533,S021,Demo,2025-04-29 14:44:00,88
ACT0009254,O001533,S021,Email,2025-05-13 18:41:00,0
ACT0009255,O001533,S021,Call,2025-06-03 12:10:00,21
ACT0009256,O001533,S021,Call,2025-05-18 13:33:00,16
ACT0009257,O001533,S021,Call,2025-05-05 12:55:00,36
ACT0009258,O001533,S021,Email,2025-06-03 18:36:00,0
ACT0009259,O001533,S021,Email,2025-06-06 11:10:00,0
ACT0009260,O001534,S030,Call,2025-04-01 10:23:00,6
ACT0009261,O001534,S030,Call,2025-04-08 17:35:00,27
ACT0009262,O001534,S030,Call,2025-05-17 17:47:00,19
ACT0009263,O001535,S009,Call,2024-12-03 09:54:00,34
ACT0009264,O001535,S009,Email,2025-02-03 10:19:00,0
ACT0009265,O001535,S009,Call,2024-12-05 18:19:00,25
ACT0009266,O001535,S009,Call,2025-01-29 10:52:00,41
ACT0009267,O001536,S030,Email,2025-05-05 15:10:00,0
ACT0009268,O001536,S030,Call,2025-05-21 17:14:00,5
ACT0009269,O001536,S030,Meeting,2025-05-01 18:02:00,33
ACT0009270,O001536,S030,Email,2025-05-22 17:04:00,0
ACT0009271,O001536,S030,Meeting,2025-05-23 11:34:00,89
ACT0009272,O001536,S030,Call,2025-05-30 14:57:00,9
ACT0009273,O001537,S040,Email,2025-06-30 12:34:00,0
ACT0009274,O001537,S040,Call,2025-06-23 14:47:00,20
ACT0009275,O001537,S040,Email,2025-06-18 13:31:00,0
ACT0009276,O001537,S040,Call,2025-06-14 11:43:00,17
ACT0009277,O001538,S010,Meeting,2024-11-24 10:23:00,75
ACT0009278,O001539,S010,Email,2023-09-04 09:49:00,0
ACT0009279,O001539,S010,Demo,2023-09-05 11:51:00,46
ACT0009280,O001539,S010,Call,2023-09-09 15:27:00,5
ACT0009281,O001539,S010,Demo,2023-08-12 10:00:00,108
ACT0009282,O001540,S031,Demo,2024-11-22 18:57:00,85
ACT0009283,O001540,S031,Call,2024-11-09 16:25:00,31
ACT0009284,O001540,S031,Meeting,2024-11-12 11:09:00,86
ACT0009285,O001540,S031,Demo,2024-11-06 12:25:00,81
ACT0009286,O001540,S031,Call,2024-10-13 08:36:00,41
ACT0009287,O001540,S031,Call,2024-11-03 12:06:00,16
ACT0009288,O001540,S031,Email,2024-11-22 09:22:00,0
ACT0009289,O001540,S031,Demo,2024-11-06 18:43:00,74
ACT0009290,O001541,S032,Demo,2023-04-11 17:36:00,69
ACT0009291,O001541,S032,Call,2023-04-16 09:05:00,11
ACT0009292,O001541,S032,Email,2023-04-07 11:20:00,0
ACT0009293,O001541,S032,Email,2023-04-21 13:24:00,0
ACT0009294,O001541,S032,Meeting,2023-04-08 13:28:00,52
ACT0009295,O001541,S032,Call,2023-04-18 09:20:00,43
ACT0009296,O001542,S027,Email,2025-04-13 18:40:00,0
ACT0009297,O001542,S027,Email,2025-03-28 14:10:00,0
ACT0009298,O001542,S027,Call,2025-04-02 13:54:00,22
ACT0009299,O001542,S027,Call,2025-04-10 12:48:00,21
ACT0009300,O001542,S027,Email,2025-04-08 15:58:00,0
ACT0009301,O001542,S027,Meeting,2025-04-10 15:00:00,68
ACT0009302,O001542,S027,Meeting,2025-04-02 17:33:00,61
ACT0009303,O001542,S027,Meeting,2025-04-23 18:47:00,35
ACT0009304,O001542,S027,Demo,2025-04-04 18:34:00,88
ACT0009305,O001543,S018,Call,2023-08-17 13:54:00,41
ACT0009306,O001543,S018,Email,2023-08-15 13:31:00,0
ACT0009307,O001543,S018,Email,2023-08-23 11:03:00,0
ACT0009308,O001543,S018,Email,2023-08-03 16:10:00,0
ACT0009309,O001544,S016,Email,2025-06-01 13:09:00,0
ACT0009310,O001544,S016,Meeting,2025-03-27 12:36:00,44
ACT0009311,O001544,S016,Email,2025-04-10 10:18:00,0
ACT0009312,O001544,S016,Meeting,2025-05-04 18:30:00,73
ACT0009313,O001545,S022,Meeting,2025-05-20 18:54:00,50
ACT0009314,O001545,S022,Meeting,2025-05-03 14:01:00,30
ACT0009315,O001545,S022,Call,2025-06-25 08:33:00,37
ACT0009316,O001545,S022,Meeting,2025-06-12 11:29:00,34
ACT0009317,O001545,S022,Call,2025-05-26 10:36:00,13
ACT0009318,O001545,S022,Meeting,2025-06-10 09:30:00,50
ACT0009319,O001546,S027,Meeting,2024-10-09 15:33:00,33
ACT0009320,O001546,S027,Demo,2025-01-08 15:24:00,109
ACT0009321,O001546,S027,Demo,2024-12-08 10:33:00,74
ACT0009322,O001546,S027,Email,2024-09-27 14:18:00,0
ACT0009323,O001546,S027,Demo,2024-11-07 09:19:00,45
ACT0009324,O001547,S021,Demo,2025-04-13 16:09:00,101
ACT0009325,O001547,S021,Email,2025-05-27 12:06:00,0
ACT0009326,O001547,S021,Call,2025-05-08 12:13:00,22
ACT0009327,O001547,S021,Email,2025-03-22 14:50:00,0
ACT0009328,O001547,S021,Email,2025-03-29 15:38:00,0
ACT0009329,O001547,S021,Call,2025-04-25 10:19:00,39
ACT0009330,O001547,S021,Demo,2025-05-16 16:23:00,107
ACT0009331,O001547,S021,Call,2025-03-28 08:57:00,28
ACT0009332,O001547,S021,Email,2025-03-16 10:57:00,0
ACT0009333,O001547,S021,Email,2025-03-23 14:06:00,0
ACT0009334,O001548,S002,Demo,2024-10-03 18:17:00,114
ACT0009335,O001548,S002,Meeting,2024-10-03 09:42:00,60
ACT0009336,O001548,S002,Call,2024-09-29 18:23:00,9
ACT0009337,O001548,S002,Demo,2024-10-16 18:45:00,112
ACT0009338,O001548,S002,Email,2024-09-24 18:48:00,0
ACT0009339,O001548,S002,Call,2024-09-26 15:17:00,6
ACT0009340,O001548,S002,Email,2024-09-28 12:01:00,0
ACT0009341,O001548,S002,Call,2024-10-07 10:01:00,25
ACT0009342,O001549,S036,Demo,2023-03-18 13:08:00,89
ACT0009343,O001549,S036,Call,2023-03-27 18:35:00,7
ACT0009344,O001549,S036,Email,2023-05-06 16:27:00,0
ACT0009345,O001549,S036,Call,2023-02-07 16:41:00,34
ACT0009346,O001549,S036,Meeting,2023-03-21 14:48:00,71
ACT0009347,O001550,S015,Email,2023-12-01 14:58:00,0
ACT0009348,O001550,S015,Email,2023-12-09 18:22:00,0
ACT0009349,O001550,S015,Call,2023-12-08 16:16:00,44
ACT0009350,O001550,S015,Email,2023-12-05 13:23:00,0
ACT0009351,O001550,S015,Call,2023-12-31 16:46:00,27
ACT0009352,O001550,S015,Email,2023-12-12 12:33:00,0
ACT0009353,O001551,S016,Email,2023-05-03 10:20:00,0
ACT0009354,O001551,S016,Call,2023-06-02 12:52:00,31
ACT0009355,O001551,S016,Call,2023-04-04 17:30:00,10
ACT0009356,O001551,S016,Meeting,2023-06-06 18:11:00,34
ACT0009357,O001551,S016,Call,2023-05-18 10:03:00,25
ACT0009358,O001551,S016,Demo,2023-04-15 10:56:00,71
ACT0009359,O001551,S016,Meeting,2023-04-21 10:09:00,38
ACT0009360,O001551,S016,Meeting,2023-05-06 14:34:00,50
ACT0009361,O001552,S033,Meeting,2025-02-11 15:33:00,74
ACT0009362,O001552,S033,Meeting,2025-02-22 18:44:00,61
ACT0009363,O001552,S033,Call,2025-02-14 18:57:00,25
ACT0009364,O001552,S033,Meeting,2025-02-20 17:51:00,87
ACT0009365,O001552,S033,Meeting,2025-02-22 08:58:00,72
ACT0009366,O001552,S033,Email,2025-02-07 14:33:00,0
ACT0009367,O001553,S009,Demo,2024-10-25 09:59:00,79
ACT0009368,O001553,S009,Meeting,2024-10-23 15:39:00,65
ACT0009369,O001553,S009,Call,2024-09-17 18:49:00,37
ACT0009370,O001553,S009,Demo,2024-08-20 10:41:00,87
ACT0009371,O001553,S009,Email,2024-11-24 11:35:00,0
ACT0009372,O001553,S009,Call,2024-08-31 12:03:00,37
ACT0009373,O001553,S009,Call,2024-09-01 16:55:00,27
ACT0009374,O001554,S034,Email,2024-04-08 16:17:00,0
ACT0009375,O001554,S034,Demo,2024-03-03 16:44:00,117
ACT0009376,O001554,S034,Call,2024-03-28 13:16:00,38
ACT0009377,O001555,S008,Call,2025-02-26 08:24:00,35
ACT0009378,O001555,S008,Meeting,2025-03-25 18:43:00,78
ACT0009379,O001555,S008,Meeting,2025-02-16 18:29:00,47
ACT0009380,O001555,S008,Email,2025-02-18 11:14:00,0
ACT0009381,O001555,S008,Meeting,2025-02-12 18:56:00,68
ACT0009382,O001555,S008,Meeting,2025-03-25 16:48:00,71
ACT0009383,O001555,S008,Email,2025-03-25 18:42:00,0
ACT0009384,O001555,S008,Meeting,2025-03-25 18:52:00,32
ACT0009385,O001556,S021,Email,2023-08-17 16:46:00,0
ACT0009386,O001556,S021,Meeting,2023-08-26 11:31:00,83
ACT0009387,O001556,S021,Demo,2023-08-07 18:05:00,55
ACT0009388,O001557,S016,Call,2023-11-07 14:07:00,35
ACT0009389,O001557,S016,Call,2023-11-15 11:15:00,43
ACT0009390,O001557,S016,Call,2023-09-12 10:28:00,31
ACT0009391,O001557,S016,Meeting,2023-09-20 15:06:00,61
ACT0009392,O001557,S016,Email,2023-11-21 11:37:00,0
ACT0009393,O001557,S016,Demo,2023-10-04 12:45:00,91
ACT0009394,O001557,S016,Meeting,2023-12-10 09:43:00,61
ACT0009395,O001558,S016,Call,2025-06-25 13:48:00,25
ACT0009396,O001558,S016,Meeting,2025-06-29 15:04:00,42
ACT0009397,O001559,S009,Call,2025-04-27 12:39:00,28
ACT0009398,O001559,S009,Email,2025-05-21 08:24:00,0
ACT0009399,O001559,S009,Email,2025-05-12 14:44:00,0
ACT0009400,O001559,S009,Meeting,2025-05-20 18:43:00,42
ACT0009401,O001559,S009,Email,2025-06-21 14:10:00,0
ACT0009402,O001559,S009,Call,2025-05-09 16:57:00,23
ACT0009403,O001559,S009,Call,2025-06-24 10:51:00,31
ACT0009404,O001559,S009,Demo,2025-05-08 11:44:00,84
ACT0009405,O001559,S009,Meeting,2025-06-11 16:15:00,53
ACT0009406,O001559,S009,Call,2025-05-21 15:59:00,17
ACT0009407,O001559,S009,Call,2025-05-16 16:15:00,38
ACT0009408,O001559,S009,Demo,2025-05-09 15:45:00,96
ACT0009409,O001559,S009,Email,2025-06-17 18:50:00,0
ACT0009410,O001560,S010,Call,2025-03-23 12:16:00,14
ACT0009411,O001560,S010,Call,2025-04-28 12:08:00,11
ACT0009412,O001560,S010,Email,2025-04-28 17:15:00,0
ACT0009413,O001560,S010,Email,2025-04-18 17:52:00,0
ACT0009414,O001560,S010,Meeting,2025-04-15 10:08:00,72
ACT0009415,O001560,S010,Email,2025-03-23 09:22:00,0
ACT0009416,O001560,S010,Email,2025-04-09 09:09:00,0
ACT0009417,O001560,S010,Email,2025-04-04 10:44:00,0
ACT0009418,O001560,S010,Call,2023-09-09 13:40:00,20
ACT0009419,O001560,S010,Email,2025-04-28 18:28:00,0
ACT0009420,O001560,S010,Demo,2025-04-20 11:59:00,58
ACT0009421,O001561,S002,Call,2025-03-13 18:07:00,8
ACT0009422,O001561,S002,Call,2025-03-27 11:00:00,14
ACT0009423,O001561,S002,Email,2025-06-04 16:49:00,0
ACT0009424,O001561,S002,Call,2025-02-04 17:43:00,35
ACT0009425,O001561,S002,Call,2025-04-02 10:57:00,42
ACT0009426,O001561,S002,Call,2025-05-06 11:36:00,32
ACT0009427,O001561,S002,Email,2025-04-19 14:56:00,0
ACT0009428,O001562,S013,Call,2025-05-04 16:02:00,28
ACT0009429,O001562,S013,Email,2025-06-03 08:51:00,0
ACT0009430,O001562,S013,Meeting,2025-05-02 16:39:00,55
ACT0009431,O001562,S013,Call,2025-05-22 14:27:00,34
ACT0009432,O001562,S013,Email,2025-05-25 14:18:00,0
ACT0009433,O001562,S013,Call,2025-05-03 18:14:00,9
ACT0009434,O001562,S013,Meeting,2025-06-01 09:51:00,37
ACT0009435,O001562,S013,Call,2025-05-10 09:40:00,19
ACT0009436,O001563,S021,Call,2023-08-16 15:52:00,16
ACT0009437,O001563,S021,Call,2023-07-15 10:59:00,33
ACT0009438,O001563,S021,Meeting,2023-08-20 13:03:00,51
ACT0009439,O001563,S021,Call,2023-09-08 18:27:00,8
ACT0009440,O001563,S021,Email,2023-07-14 18:47:00,0
ACT0009441,O001563,S021,Email,2023-09-13 08:33:00,0
ACT0009442,O001563,S021,Email,2023-09-16 15:57:00,0
ACT0009443,O001563,S021,Email,2023-07-14 15:16:00,0
ACT0009444,O001563,S021,Meeting,2023-09-04 08:29:00,61
ACT0009445,O001564,S027,Email,2025-06-21 14:34:00,0
ACT0009446,O001564,S027,Email,2025-06-27 08:56:00,0
ACT0009447,O001564,S027,Meeting,2025-06-15 15:12:00,49
ACT0009448,O001565,S031,Call,2023-04-21 14:54:00,26
ACT0009449,O001565,S031,Email,2023-05-10 08:19:00,0
ACT0009450,O001565,S031,Email,2023-03-23 14:34:00,0
ACT0009451,O001565,S031,Email,2023-03-26 16:13:00,0
ACT0009452,O001565,S031,Email,2023-04-23 14:03:00,0
ACT0009453,O001565,S031,Email,2023-03-26 11:24:00,0
ACT0009454,O001566,S001,Demo,2023-12-17 17:03:00,47
ACT0009455,O001566,S001,Call,2023-12-12 17:02:00,27
ACT0009456,O001567,S005,Meeting,2025-02-16 16:48:00,69
ACT0009457,O001567,S005,Email,2025-02-11 16:56:00,0
ACT0009458,O001567,S005,Email,2025-01-30 15:44:00,0
ACT0009459,O001567,S005,Call,2025-01-23 12:05:00,30
ACT0009460,O001567,S005,Call,2025-02-13 15:55:00,9
ACT0009461,O001567,S005,Call,2025-02-08 09:07:00,11
ACT0009462,O001567,S005,Email,2024-12-19 17:20:00,0
ACT0009463,O001567,S005,Email,2024-12-24 16:28:00,0
ACT0009464,O001567,S005,Email,2024-12-19 08:38:00,0
ACT0009465,O001569,S028,Call,2023-05-26 13:09:00,16
ACT0009466,O001569,S028,Meeting,2023-06-03 15:12:00,48
ACT0009467,O001569,S028,Email,2023-05-29 14:22:00,0
ACT0009468,O001569,S028,Email,2023-05-16 08:59:00,0
ACT0009469,O001569,S028,Meeting,2023-07-02 08:53:00,53
ACT0009470,O001569,S028,Email,2023-06-17 09:20:00,0
ACT0009471,O001569,S028,Demo,2023-06-11 17:41:00,105
ACT0009472,O001569,S028,Call,2023-05-27 17:27:00,36
ACT0009473,O001569,S028,Meeting,2023-06-23 08:54:00,83
ACT0009474,O001570,S003,Demo,2025-02-03 16:15:00,103
ACT0009475,O001570,S003,Email,2025-01-15 13:23:00,0
ACT0009476,O001570,S003,Email,2025-02-13 12:18:00,0
ACT0009477,O001570,S003,Email,2025-02-11 11:23:00,0
ACT0009478,O001570,S003,Call,2025-02-20 16:40:00,24
ACT0009479,O001571,S007,Email,2024-12-30 15:19:00,0
ACT0009480,O001571,S007,Call,2024-12-13 18:43:00,15
ACT0009481,O001571,S007,Email,2024-12-14 13:39:00,0
ACT0009482,O001571,S007,Call,2024-12-22 17:51:00,36
ACT0009483,O001571,S007,Call,2024-12-27 18:22:00,9
ACT0009484,O001571,S007,Email,2024-12-30 18:21:00,0
ACT0009485,O001571,S007,Email,2024-12-25 10:05:00,0
ACT0009486,O001571,S007,Call,2024-12-19 18:47:00,31
ACT0009487,O001571,S007,Email,2024-12-26 17:41:00,0
ACT0009488,O001572,S024,Call,2023-03-15 17:11:00,30
ACT0009489,O001572,S024,Email,2023-03-25 10:17:00,0
ACT0009490,O001572,S024,Call,2023-05-17 12:14:00,35
ACT0009491,O001572,S024,Email,2023-02-26 10:18:00,0
ACT0009492,O001572,S024,Email,2023-03-12 15:12:00,0
ACT0009493,O001572,S024,Email,2023-04-21 08:53:00,0
ACT0009494,O001573,S036,Meeting,2025-05-15 14:31:00,39
ACT0009495,O001573,S036,Call,2025-01-01 15:41:00,32
ACT0009496,O001573,S036,Call,2024-12-15 09:06:00,8
ACT0009497,O001573,S036,Meeting,2025-04-22 14:39:00,52
ACT0009498,O001574,S005,Demo,2025-06-03 11:21:00,66
ACT0009499,O001574,S005,Call,2025-06-28 16:05:00,42
ACT0009500,O001575,S028,Call,2024-11-08 09:15:00,39
ACT0009501,O001575,S028,Demo,2024-11-12 08:18:00,114
ACT0009502,O001576,S005,Email,2023-03-19 14:21:00,0
ACT0009503,O001576,S005,Call,2023-04-23 11:12:00,14
ACT0009504,O001576,S005,Email,2023-04-05 17:06:00,0
ACT0009505,O001576,S005,Demo,2023-03-23 15:20:00,83
ACT0009506,O001576,S005,Email,2023-03-08 10:28:00,0
ACT0009507,O001577,S013,Meeting,2024-03-15 08:35:00,48
ACT0009508,O001577,S013,Call,2024-03-15 08:25:00,29
ACT0009509,O001577,S013,Call,2024-03-26 18:14:00,25
ACT0009510,O001577,S013,Email,2024-03-11 12:35:00,0
ACT0009511,O001577,S013,Demo,2024-01-20 11:29:00,80
ACT0009512,O001577,S013,Call,2024-01-31 08:41:00,41
ACT0009513,O001577,S013,Demo,2024-01-18 18:32:00,57
ACT0009514,O001578,S033,Call,2024-01-24 12:30:00,21
ACT0009515,O001578,S033,Demo,2024-01-12 17:22:00,77
ACT0009516,O001578,S033,Meeting,2024-01-10 12:59:00,32
ACT0009517,O001578,S033,Email,2023-12-28 16:04:00,0
ACT0009518,O001578,S033,Email,2024-01-11 09:50:00,0
ACT0009519,O001578,S033,Call,2024-01-11 15:43:00,34
ACT0009520,O001578,S033,Call,2024-01-15 11:26:00,25
ACT0009521,O001578,S033,Call,2024-01-16 08:00:00,27
ACT0009522,O001578,S033,Meeting,2024-01-14 09:21:00,45
ACT0009523,O001579,S028,Call,2025-05-31 13:32:00,35
ACT0009524,O001579,S028,Call,2025-04-28 12:30:00,29
ACT0009525,O001579,S028,Email,2025-06-20 10:05:00,0
ACT0009526,O001580,S004,Call,2025-06-25 14:29:00,44
ACT0009527,O001580,S004,Demo,2025-04-20 18:46:00,87
ACT0009528,O001580,S004,Email,2025-05-25 15:24:00,0
ACT0009529,O001580,S004,Call,2025-05-01 08:37:00,27
ACT0009530,O001580,S004,Call,2025-06-16 16:09:00,29
ACT0009531,O001580,S004,Demo,2025-04-18 12:50:00,111
ACT0009532,O001580,S004,Demo,2025-06-06 14:32:00,58
ACT0009533,O001582,S008,Demo,2025-06-03 15:48:00,51
ACT0009534,O001582,S008,Email,2025-06-02 09:33:00,0
ACT0009535,O001582,S008,Call,2025-06-01 18:50:00,34
ACT0009536,O001582,S008,Call,2025-05-18 13:15:00,21
ACT0009537,O001582,S008,Email,2025-05-22 18:45:00,0
ACT0009538,O001582,S008,Call,2025-05-15 08:47:00,24
ACT0009539,O001583,S009,Call,2024-05-04 17:20:00,12
ACT0009540,O001583,S009,Meeting,2024-09-20 18:16:00,42
ACT0009541,O001583,S009,Call,2024-08-26 10:23:00,29
ACT0009542,O001584,S037,Call,2024-01-11 15:25:00,27
ACT0009543,O001584,S037,Call,2024-01-03 18:14:00,36
ACT0009544,O001584,S037,Call,2023-12-26 16:40:00,17
ACT0009545,O001584,S037,Email,2024-01-10 13:20:00,0
ACT0009546,O001584,S037,Email,2023-12-24 10:24:00,0
ACT0009547,O001584,S037,Call,2024-01-08 09:03:00,31
ACT0009548,O001584,S037,Email,2024-01-06 12:49:00,0
ACT0009549,O001585,S035,Meeting,2024-04-05 14:10:00,61
ACT0009550,O001585,S035,Call,2024-03-31 08:58:00,14
ACT0009551,O001585,S035,Email,2024-03-24 08:22:00,0
ACT0009552,O001585,S035,Email,2024-04-04 13:22:00,0
ACT0009553,O001585,S035,Call,2024-03-27 10:57:00,24
ACT0009554,O001585,S035,Meeting,2024-03-27 13:00:00,71
ACT0009555,O001585,S035,Meeting,2024-04-01 11:44:00,78
ACT0009556,O001585,S035,Email,2024-03-28 14:03:00,0
ACT0009557,O001586,S040,Email,2023-12-24 14:01:00,0
ACT0009558,O001586,S040,Call,2023-12-23 15:28:00,11
ACT0009559,O001587,S013,Call,2023-08-20 16:38:00,27
ACT0009560,O001587,S013,Meeting,2023-08-15 10:02:00,88
ACT0009561,O001587,S013,Email,2023-08-30 09:00:00,0
ACT0009562,O001587,S013,Demo,2023-08-19 12:24:00,108
ACT0009563,O001587,S013,Call,2023-08-29 17:39:00,32
ACT0009564,O001587,S013,Email,2023-09-05 16:54:00,0
ACT0009565,O001587,S013,Call,2023-08-19 10:10:00,36
ACT0009566,O001587,S013,Email,2023-08-28 18:19:00,0
ACT0009567,O001587,S013,Email,2023-08-15 11:06:00,0
ACT0009568,O001587,S013,Call,2023-08-28 08:30:00,22
ACT0009569,O001587,S013,Call,2023-09-04 11:47:00,10
ACT0009570,O001587,S013,Email,2023-09-03 15:36:00,0
ACT0009571,O001587,S013,Call,2023-09-09 09:18:00,8
ACT0009572,O001588,S037,Call,2024-07-05 09:42:00,8
ACT0009573,O001588,S037,Email,2024-06-17 15:47:00,0
ACT0009574,O001588,S037,Demo,2024-06-22 12:42:00,63
ACT0009575,O001588,S037,Email,2024-06-12 16:45:00,0
ACT0009576,O001588,S037,Call,2024-06-15 17:36:00,27
ACT0009577,O001588,S037,Call,2024-06-12 14:39:00,24
ACT0009578,O001588,S037,Demo,2024-06-09 10:32:00,89
ACT0009579,O001588,S037,Demo,2024-06-24 11:52:00,60
ACT0009580,O001588,S037,Email,2024-05-29 15:00:00,0
ACT0009581,O001588,S037,Demo,2024-06-18 16:57:00,102
ACT0009582,O001589,S035,Call,2024-04-27 10:25:00,17
ACT0009583,O001589,S035,Email,2024-04-20 15:36:00,0
ACT0009584,O001589,S035,Call,2024-05-10 15:52:00,40
ACT0009585,O001589,S035,Call,2024-02-20 12:15:00,15
ACT0009586,O001589,S035,Email,2024-05-06 12:39:00,0
ACT0009587,O001590,S011,Email,2025-04-08 09:55:00,0
ACT0009588,O001590,S011,Call,2025-05-30 08:41:00,41
ACT0009589,O001590,S011,Call,2025-03-08 09:58:00,29
ACT0009590,O001591,S011,Call,2025-05-16 13:38:00,15
ACT0009591,O001591,S011,Email,2025-05-09 16:31:00,0
ACT0009592,O001591,S011,Email,2025-04-25 11:19:00,0
ACT0009593,O001591,S011,Call,2025-04-14 11:43:00,25
ACT0009594,O001591,S011,Email,2025-05-11 18:22:00,0
ACT0009595,O001591,S011,Email,2025-05-23 12:04:00,0
ACT0009596,O001591,S011,Email,2025-05-10 16:55:00,0
ACT0009597,O001592,S011,Meeting,2023-08-16 09:27:00,42
ACT0009598,O001592,S011,Email,2023-08-22 13:40:00,0
ACT0009599,O001592,S011,Call,2023-08-21 17:42:00,9
ACT0009600,O001592,S011,Call,2023-08-23 14:43:00,18
ACT0009601,O001592,S011,Email,2023-08-19 18:46:00,0
ACT0009602,O001592,S011,Email,2023-08-29 08:08:00,0
ACT0009603,O001592,S011,Call,2023-08-23 09:45:00,10
ACT0009604,O001592,S011,Call,2023-09-03 17:12:00,42
ACT0009605,O001592,S011,Call,2023-08-26 11:41:00,26
ACT0009606,O001592,S011,Email,2023-08-18 10:30:00,0
ACT0009607,O001592,S011,Call,2023-09-02 16:02:00,17
ACT0009608,O001593,S001,Call,2023-05-17 10:32:00,24
ACT0009609,O001593,S001,Call,2023-05-18 18:09:00,10
ACT0009610,O001593,S001,Demo,2023-05-14 13:52:00,86
ACT0009611,O001593,S001,Call,2021-05-22 09:58:00,24
ACT0009612,O001593,S001,Email,2023-05-12 11:31:00,0
ACT0009613,O001593,S001,Email,2023-05-19 14:00:00,0
ACT0009614,O001593,S001,Call,2023-05-19 15:25:00,10
ACT0009615,O001594,S027,Call,2025-03-07 11:16:00,21
ACT0009616,O001594,S027,Email,2025-03-04 18:07:00,0
ACT0009617,O001594,S027,Demo,2025-03-15 12:43:00,71
ACT0009618,O001594,S027,Email,2025-04-01 15:55:00,0
ACT0009619,O001595,S016,Meeting,2025-06-11 10:42:00,57
ACT0009620,O001596,S016,Call,2025-06-30 17:26:00,29
ACT0009621,O001596,S016,Meeting,2025-06-22 17:31:00,55
ACT0009622,O001596,S016,Email,2025-06-04 13:52:00,0
ACT0009623,O001596,S016,Meeting,2025-05-26 09:47:00,44
ACT0009624,O001596,S016,Email,2025-05-30 10:10:00,0
ACT0009625,O001596,S016,Email,2025-06-01 11:42:00,0
ACT0009626,O001596,S016,Meeting,2025-05-30 15:48:00,74
ACT0009627,O001597,S016,Email,2024-10-15 15:32:00,0
ACT0009628,O001597,S016,Meeting,2024-10-09 14:51:00,64
ACT0009629,O001597,S016,Email,2024-11-13 18:00:00,0
ACT0009630,O001598,S016,Call,2024-08-23 13:27:00,24
ACT0009631,O001598,S016,Call,2024-09-26 17:23:00,10
ACT0009632,O001598,S016,Meeting,2024-08-14 16:50:00,65
ACT0009633,O001598,S016,Meeting,2024-08-25 18:31:00,36
ACT0009634,O001598,S016,Email,2024-09-08 17:22:00,0
ACT0009635,O001598,S016,Meeting,2024-08-30 14:57:00,66
ACT0009636,O001598,S016,Demo,2024-08-27 11:34:00,114
ACT0009637,O001598,S016,Call,2024-07-29 18:46:00,21
ACT0009638,O001598,S016,Email,2024-09-11 11:42:00,0
ACT0009639,O001599,S009,Email,2025-06-25 09:53:00,0
ACT0009640,O001599,S009,Call,2025-06-30 09:03:00,42
ACT0009641,O001599,S009,Email,2025-06-26 18:28:00,0
ACT0009642,O001600,S020,Call,2023-07-23 08:11:00,37
ACT0009643,O001600,S020,Call,2023-06-11 10:27:00,31
ACT0009644,O001600,S020,Email,2023-05-18 14:15:00,0
ACT0009645,O001600,S020,Email,2023-05-27 10:29:00,0
ACT0009646,O001601,S031,Call,2024-02-04 08:30:00,33
ACT0009647,O001601,S031,Call,2024-02-20 15:24:00,25
ACT0009648,O001602,S031,Meeting,2025-06-25 16:06:00,85
ACT0009649,O001603,S037,Meeting,2024-03-24 18:51:00,38
ACT0009650,O001603,S037,Email,2024-03-09 15:09:00,0
ACT0009651,O001603,S037,Call,2024-03-13 12:33:00,25
ACT0009652,O001603,S037,Email,2024-02-20 11:30:00,0
ACT0009653,O001603,S037,Call,2024-03-20 16:36:00,20
ACT0009654,O001603,S037,Meeting,2024-02-17 13:23:00,83
ACT0009655,O001603,S037,Call,2024-03-22 15:26:00,27
ACT0009656,O001604,S005,Email,2025-03-03 18:32:00,0
ACT0009657,O001604,S005,Email,2025-03-06 15:10:00,0
ACT0009658,O001604,S005,Demo,2025-03-09 17:35:00,74
ACT0009659,O001604,S005,Demo,2025-03-19 12:56:00,47
ACT0009660,O001604,S005,Demo,2025-03-22 17:07:00,74
ACT0009661,O001604,S005,Call,2025-04-11 18:44:00,6
ACT0009662,O001605,S010,Email,2025-04-29 13:06:00,0
ACT0009663,O001605,S010,Call,2025-05-03 17:21:00,42
ACT0009664,O001606,S021,Email,2024-09-07 15:37:00,0
ACT0009665,O001606,S021,Call,2024-11-13 12:24:00,23
ACT0009666,O001606,S021,Meeting,2024-11-20 18:23:00,71
ACT0009667,O001606,S021,Email,2024-08-19 13:10:00,0
ACT0009668,O001606,S021,Email,2024-11-24 18:04:00,0
ACT0009669,O001606,S021,Email,2024-10-25 09:26:00,0
ACT0009670,O001607,S027,Call,2025-04-25 12:47:00,37
ACT0009671,O001607,S027,Email,2025-05-19 15:25:00,0
ACT0009672,O001607,S027,Demo,2025-05-21 10:30:00,103
ACT0009673,O001607,S027,Call,2025-05-20 13:12:00,19
ACT0009674,O001607,S027,Email,2025-04-29 13:51:00,0
ACT0009675,O001607,S027,Demo,2025-05-11 08:41:00,86
ACT0009676,O001607,S027,Email,2025-05-08 16:38:00,0
ACT0009677,O001607,S027,Call,2025-05-02 08:13:00,32
ACT0009678,O001608,S008,Call,2024-01-04 09:25:00,15
ACT0009679,O001608,S008,Call,2024-01-11 13:08:00,39
ACT0009680,O001608,S008,Call,2024-01-10 12:09:00,13
ACT0009681,O001608,S008,Email,2024-01-22 17:21:00,0
ACT0009682,O001608,S008,Email,2024-01-11 17:22:00,0
ACT0009683,O001608,S008,Call,2024-01-12 13:20:00,20
ACT0009684,O001608,S008,Meeting,2024-01-01 18:20:00,66
ACT0009685,O001608,S008,Email,2024-01-03 15:02:00,0
ACT0009686,O001609,S013,Meeting,2024-01-05 12:22:00,57
ACT0009687,O001609,S013,Call,2024-01-08 11:20:00,7
ACT0009688,O001609,S013,Call,2024-01-21 10:43:00,37
ACT0009689,O001610,S005,Email,2025-04-04 16:21:00,0
ACT0009690,O001610,S005,Meeting,2025-04-18 17:19:00,78
ACT0009691,O001610,S005,Email,2025-05-14 16:01:00,0
ACT0009692,O001610,S005,Email,2025-05-16 18:40:00,0
ACT0009693,O001610,S005,Email,2025-05-27 09:58:00,0
ACT0009694,O001610,S005,Call,2025-05-14 14:01:00,14
ACT0009695,O001610,S005,Meeting,2025-04-04 13:29:00,77
ACT0009696,O001610,S005,Demo,2025-04-29 10:14:00,85
ACT0009697,O001610,S005,Call,2025-04-01 10:53:00,8
ACT0009698,O001611,S029,Email,2024-12-02 15:53:00,0
ACT0009699,O001611,S029,Meeting,2024-11-28 10:06:00,73
ACT0009700,O001611,S029,Demo,2024-12-02 18:38:00,96
ACT0009701,O001611,S029,Email,2024-11-27 17:23:00,0
ACT0009702,O001612,S009,Meeting,2025-04-02 11:32:00,46
ACT0009703,O001612,S009,Demo,2025-05-25 12:53:00,90
ACT0009704,O001612,S009,Demo,2025-06-17 16:26:00,91
ACT0009705,O001612,S009,Email,2025-04-28 12:37:00,0
ACT0009706,O001612,S009,Call,2025-06-04 08:16:00,28
ACT0009707,O001612,S009,Meeting,2025-05-27 16:19:00,40
ACT0009708,O001612,S009,Meeting,2025-04-10 15:31:00,35
ACT0009709,O001612,S009,Email,2025-03-31 10:23:00,0
ACT0009710,O001612,S009,Email,2025-05-08 09:20:00,0
ACT0009711,O001612,S009,Demo,2025-03-14 18:18:00,96
ACT0009712,O001612,S009,Email,2025-06-19 17:44:00,0
ACT0009713,O001612,S009,Meeting,2025-03-11 09:15:00,89
ACT0009714,O001613,S025,Meeting,2023-09-30 18:33:00,58
ACT0009715,O001613,S025,Email,2023-09-12 11:02:00,0
ACT0009716,O001613,S025,Email,2023-11-25 11:35:00,0
ACT0009717,O001613,S025,Email,2023-09-03 18:07:00,0
ACT0009718,O001613,S025,Call,2023-09-16 16:45:00,5
ACT0009719,O001613,S025,Call,2023-10-21 09:05:00,27
ACT0009720,O001613,S025,Email,2023-10-12 10:47:00,0
ACT0009721,O001614,S008,Email,2024-03-25 16:12:00,0
ACT0009722,O001614,S008,Email,2024-03-29 09:16:00,0
ACT0009723,O001614,S008,Email,2024-03-24 08:57:00,0
ACT0009724,O001614,S008,Call,2024-03-30 12:09:00,24
ACT0009725,O001614,S008,Call,2024-04-01 14:42:00,35
ACT0009726,O001614,S008,Call,2024-04-02 15:48:00,19
ACT0009727,O001615,S027,Meeting,2025-05-08 11:27:00,42
ACT0009728,O001615,S027,Meeting,2025-06-19 14:32:00,46
ACT0009729,O001615,S027,Email,2025-05-11 13:46:00,0
ACT0009730,O001615,S027,Meeting,2025-04-28 16:45:00,64
ACT0009731,O001615,S027,Email,2025-04-23 12:15:00,0
ACT0009732,O001615,S027,Meeting,2025-04-20 12:36:00,67
ACT0009733,O001615,S027,Email,2025-04-18 10:29:00,0
ACT0009734,O001615,S027,Email,2025-06-23 16:42:00,0
ACT0009735,O001615,S027,Demo,2025-05-13 08:39:00,72
ACT0009736,O001615,S027,Call,2025-05-16 15:05:00,38
ACT0009737,O001615,S027,Call,2025-05-29 17:21:00,41
ACT0009738,O001616,S016,Email,2024-11-22 17:11:00,0
ACT0009739,O001616,S016,Email,2024-12-08 18:20:00,0
ACT0009740,O001616,S016,Meeting,2024-09-27 13:07:00,59
ACT0009741,O001616,S016,Email,2024-11-11 16:32:00,0
ACT0009742,O001616,S016,Email,2024-11-06 13:01:00,0
ACT0009743,O001616,S016,Email,2024-10-15 10:33:00,0
ACT0009744,O001616,S016,Email,2024-12-06 18:21:00,0
ACT0009745,O001616,S016,Email,2024-09-27 18:45:00,0
ACT0009746,O001617,S012,Call,2025-05-15 14:05:00,7
ACT0009747,O001617,S012,Email,2025-05-15 10:21:00,0
ACT0009748,O001617,S012,Demo,2025-04-18 16:50:00,74
ACT0009749,O001617,S012,Call,2025-05-03 16:33:00,32
ACT0009750,O001617,S012,Call,2025-04-26 14:44:00,28
ACT0009751,O001617,S012,Demo,2025-05-11 18:50:00,73
ACT0009752,O001617,S012,Email,2025-05-05 15:21:00,0
ACT0009753,O001617,S012,Demo,2025-05-21 14:40:00,96
ACT0009754,O001617,S012,Email,2025-04-23 13:08:00,0
ACT0009755,O001618,S020,Call,2023-11-09 11:11:00,23
ACT0009756,O001618,S020,Call,2023-12-12 16:58:00,37
ACT0009757,O001618,S020,Call,2024-01-16 09:39:00,13
ACT0009758,O001618,S020,Email,2024-01-10 15:32:00,0
ACT0009759,O001618,S020,Call,2023-11-19 16:53:00,17
ACT0009760,O001618,S020,Meeting,2024-01-20 16:35:00,80
ACT0009761,O001618,S020,Call,2023-12-12 12:58:00,14
ACT0009762,O001619,S039,Call,2024-04-28 09:51:00,28
ACT0009763,O001619,S039,Call,2024-04-05 09:04:00,22
ACT0009764,O001619,S039,Call,2024-02-02 09:03:00,40
ACT0009765,O001619,S039,Meeting,2024-03-04 14:12:00,40
ACT0009766,O001619,S039,Email,2024-04-28 08:58:00,0
ACT0009767,O001619,S039,Demo,2024-03-19 13:04:00,102
ACT0009768,O001619,S039,Demo,2024-04-04 08:45:00,86
ACT0009769,O001619,S039,Call,2024-03-12 18:08:00,32
ACT0009770,O001620,S031,Meeting,2025-02-17 16:32:00,63
ACT0009771,O001620,S031,Email,2025-02-15 08:27:00,0
ACT0009772,O001620,S031,Email,2025-02-17 17:10:00,0
ACT0009773,O001620,S031,Meeting,2025-02-25 15:24:00,80
ACT0009774,O001620,S031,Demo,2025-02-18 10:57:00,110
ACT0009775,O001620,S031,Meeting,2025-03-26 10:48:00,63
ACT0009776,O001621,S023,Call,2024-09-12 16:45:00,40
ACT0009777,O001621,S023,Demo,2024-09-13 08:38:00,88
ACT0009778,O001621,S023,Meeting,2024-08-24 17:06:00,32
ACT0009779,O001622,S020,Email,2025-06-05 10:41:00,0
ACT0009780,O001622,S020,Call,2025-05-14 18:46:00,17
ACT0009781,O001623,S008,Call,2025-04-12 08:06:00,10
ACT0009782,O001623,S008,Call,2025-04-13 09:15:00,6
ACT0009783,O001623,S008,Call,2025-04-07 13:21:00,29
ACT0009784,O001623,S008,Demo,2025-04-11 18:25:00,112
ACT0009785,O001623,S008,Call,2025-04-07 11:24:00,15
ACT0009786,O001623,S008,Email,2025-04-08 17:58:00,0
ACT0009787,O001623,S008,Email,2025-04-05 16:09:00,0
ACT0009788,O001623,S008,Call,2025-04-10 09:12:00,35
ACT0009789,O001623,S008,Meeting,2025-04-04 18:18:00,75
ACT0009790,O001623,S008,Meeting,2025-04-07 12:54:00,87
ACT0009791,O001624,S019,Call,2025-01-29 12:46:00,41
ACT0009792,O001624,S019,Email,2025-02-22 13:06:00,0
ACT0009793,O001624,S019,Demo,2025-01-23 12:23:00,69
ACT0009794,O001624,S019,Email,2025-02-22 18:07:00,0
ACT0009795,O001624,S019,Meeting,2024-12-29 18:55:00,51
ACT0009796,O001624,S019,Demo,2025-01-06 10:25:00,67
ACT0009797,O001624,S019,Call,2025-01-13 09:49:00,26
ACT0009798,O001624,S019,Email,2025-01-16 10:02:00,0
ACT0009799,O001625,S015,Call,2024-07-04 12:05:00,14
ACT0009800,O001625,S015,Call,2024-07-10 14:14:00,40
ACT0009801,O001625,S015,Meeting,2024-08-01 18:29:00,54
ACT0009802,O001625,S015,Email,2024-07-17 10:59:00,0
ACT0009803,O001626,S016,Email,2025-03-04 12:57:00,0
ACT0009804,O001626,S016,Call,2024-10-06 12:47:00,43
ACT0009805,O001626,S016,Call,2025-02-12 14:22:00,12
ACT0009806,O001626,S016,Call,2025-01-17 17:53:00,11
ACT0009807,O001626,S016,Call,2024-10-17 12:16:00,30
ACT0009808,O001626,S016,Call,2024-12-01 10:18:00,44
ACT0009809,O001626,S016,Email,2024-10-23 18:41:00,0
ACT0009810,O001626,S016,Meeting,2024-10-22 14:14:00,61
ACT0009811,O001626,S016,Meeting,2025-02-25 11:00:00,59
ACT0009812,O001627,S004,Meeting,2023-02-27 15:33:00,69
ACT0009813,O001627,S004,Email,2021-02-14 17:32:00,0
ACT0009814,O001627,S004,Call,2023-02-12 10:30:00,42
ACT0009815,O001627,S004,Call,2023-02-14 12:11:00,25
ACT0009816,O001627,S004,Call,2023-02-10 10:25:00,22
ACT0009817,O001627,S004,Demo,2023-02-24 13:30:00,103
ACT0009818,O001627,S004,Call,2023-02-15 09:34:00,39
ACT0009819,O001627,S004,Call,2023-02-18 11:37:00,13
ACT0009820,O001628,S031,Call,2023-01-26 11:01:00,34
ACT0009821,O001628,S031,Email,2023-01-13 14:05:00,0
ACT0009822,O001628,S031,Call,2023-01-20 18:35:00,24
ACT0009823,O001628,S031,Demo,2023-02-03 10:14:00,93
ACT0009824,O001628,S031,Call,2023-01-12 13:20:00,16
ACT0009825,O001628,S031,Meeting,2023-01-28 12:03:00,34
ACT0009826,O001628,S031,Call,2023-02-05 15:35:00,15
ACT0009827,O001628,S031,Call,2023-01-23 15:10:00,16
ACT0009828,O001628,S031,Email,2023-02-10 09:11:00,0
ACT0009829,O001629,S037,Call,2023-10-26 11:27:00,24
ACT0009830,O001629,S037,Email,2023-10-15 09:10:00,0
ACT0009831,O001629,S037,Call,2023-09-13 08:42:00,29
ACT0009832,O001629,S037,Email,2023-10-23 09:35:00,0
ACT0009833,O001629,S037,Call,2023-10-26 17:46:00,35
ACT0009834,O001629,S037,Demo,2023-10-07 08:46:00,59
ACT0009835,O001629,S037,Call,2023-10-23 14:02:00,22
ACT0009836,O001629,S037,Meeting,2023-09-21 08:58:00,74
ACT0009837,O001629,S037,Call,2023-09-25 09:09:00,15
ACT0009838,O001629,S037,Call,2023-10-01 14:54:00,11
ACT0009839,O001629,S037,Call,2023-10-18 14:24:00,37
ACT0009840,O001629,S037,Call,2023-10-01 12:06:00,36
ACT0009841,O001630,S004,Meeting,2024-08-27 12:33:00,67
ACT0009842,O001630,S004,Email,2024-09-16 09:41:00,0
ACT0009843,O001630,S004,Demo,2024-09-09 11:07:00,109
ACT0009844,O001630,S004,Email,2024-09-26 17:41:00,0
ACT0009845,O001630,S004,Demo,2024-09-05 16:14:00,104
ACT0009846,O001630,S004,Call,2024-08-29 14:38:00,19
ACT0009847,O001630,S004,Meeting,2024-09-28 18:18:00,56
ACT0009848,O001630,S004,Call,2024-09-08 15:50:00,43
ACT0009849,O001630,S004,Email,2024-09-15 10:15:00,0
ACT0009850,O001630,S004,Email,2024-09-05 10:53:00,0
ACT0009851,O001630,S004,Email,2023-01-04 11:21:00,0
ACT0009852,O001631,S039,Call,2023-07-29 09:26:00,13
ACT0009853,O001631,S039,Call,2023-06-23 11:26:00,35
ACT0009854,O001631,S039,Call,2023-08-20 16:43:00,20
ACT0009855,O001632,S007,Email,2024-05-19 11:47:00,0
ACT0009856,O001632,S007,Email,2024-06-01 14:05:00,0
ACT0009857,O001632,S007,Email,2024-05-19 13:55:00,0
ACT0009858,O001632,S007,Email,2024-05-13 15:58:00,0
ACT0009859,O001632,S007,Email,2024-06-07 15:09:00,0
ACT0009860,O001632,S007,Email,2024-05-25 10:21:00,0
ACT0009861,O001632,S007,Demo,2024-05-15 09:47:00,75
ACT0009862,O001632,S007,Email,2024-05-28 16:55:00,0
ACT0009863,O001632,S007,Call,2024-05-17 09:15:00,25
ACT0009864,O001633,S004,Email,2025-05-06 11:47:00,0
ACT0009865,O001633,S004,Email,2025-05-03 18:56:00,0
ACT0009866,O001633,S004,Call,2025-05-04 18:06:00,35
ACT0009867,O001633,S004,Email,2025-05-09 08:04:00,0
ACT0009868,O001633,S004,Call,2025-05-08 16:07:00,26
ACT0009869,O001633,S004,Email,2025-05-14 16:05:00,0
ACT0009870,O001633,S004,Demo,2025-05-05 13:56:00,73
ACT0009871,O001633,S004,Email,2025-05-14 13:50:00,0
ACT0009872,O001633,S004,Email,2025-05-03 17:19:00,0
ACT0009873,O001633,S004,Email,2025-05-11 18:30:00,0
ACT0009874,O001633,S004,Meeting,2025-05-07 14:54:00,42
ACT0009875,O001633,S004,Meeting,2025-05-12 11:57:00,71
ACT0009876,O001634,S022,Email,2023-11-24 11:48:00,0
ACT0009877,O001634,S022,Call,2023-11-26 09:24:00,9
ACT0009878,O001635,S008,Meeting,2023-08-05 14:06:00,65
ACT0009879,O001635,S008,Meeting,2023-08-10 18:55:00,33
ACT0009880,O001635,S008,Meeting,2023-08-23 08:06:00,42
ACT0009881,O001635,S008,Call,2023-08-12 13:42:00,44
ACT0009882,O001635,S008,Email,2023-08-07 16:57:00,0
ACT0009883,O001635,S008,Email,2023-08-27 09:18:00,0
ACT0009884,O001636,S031,Meeting,2025-04-21 17:14:00,45
ACT0009885,O001636,S031,Demo,2025-03-15 13:21:00,117
ACT0009886,O001636,S031,Call,2025-03-26 16:45:00,42
ACT0009887,O001636,S031,Demo,2025-03-23 18:29:00,89
ACT0009888,O001636,S031,Email,2025-03-30 16:16:00,0
ACT0009889,O001636,S031,Email,2025-03-19 16:11:00,0
ACT0009890,O001637,S009,Call,2024-01-21 18:10:00,13
ACT0009891,O001637,S009,Call,2024-03-06 08:52:00,18
ACT0009892,O001637,S009,Email,2024-02-29 11:50:00,0
ACT0009893,O001637,S009,Call,2024-01-11 08:10:00,23
ACT0009894,O001637,S009,Meeting,2024-02-12 10:01:00,31
ACT0009895,O001637,S009,Demo,2024-01-04 16:52:00,70
ACT0009896,O001638,S027,Call,2024-05-30 09:46:00,30
ACT0009897,O001638,S027,Email,2024-05-28 09:31:00,0
ACT0009898,O001638,S027,Email,2024-05-26 08:33:00,0
ACT0009899,O001639,S027,Call,2025-05-19 10:30:00,27
ACT0009900,O001639,S027,Email,2025-05-13 09:36:00,0
ACT0009901,O001639,S027,Meeting,2025-05-20 09:26:00,68
ACT0009902,O001639,S027,Email,2025-05-08 12:40:00,0
ACT0009903,O001639,S027,Call,2025-05-02 09:06:00,6
ACT0009904,O001639,S027,Call,2025-05-10 17:01:00,29
ACT0009905,O001639,S027,Email,2025-05-29 16:36:00,0
ACT0009906,O001639,S027,Call,2025-05-20 14:32:00,26
ACT0009907,O001639,S027,Call,2025-05-11 15:18:00,23
ACT0009908,O001639,S027,Email,2025-05-06 11:09:00,0
ACT0009909,O001640,S002,Call,2025-04-01 11:50:00,7
ACT0009910,O001640,S002,Call,2025-06-03 09:47:00,35
ACT0009911,O001640,S002,Email,2025-05-08 17:32:00,0
ACT0009912,O001640,S002,Meeting,2025-05-27 09:40:00,88
ACT0009913,O001641,S030,Call,2023-07-06 14:01:00,17
ACT0009914,O001641,S030,Demo,2023-07-09 10:36:00,92
ACT0009915,O001641,S030,Call,2023-06-23 17:35:00,9
ACT0009916,O001641,S030,Email,2023-07-01 10:56:00,0
ACT0009917,O001641,S030,Demo,2023-05-25 14:31:00,96
ACT0009918,O001641,S030,Meeting,2023-06-08 15:15:00,59
ACT0009919,O001641,S030,Demo,2023-05-24 15:51:00,91
ACT0009920,O001641,S030,Email,2023-06-28 12:59:00,0
ACT0009921,O001641,S030,Call,2023-06-23 08:19:00,12
ACT0009922,O001641,S030,Call,2023-07-09 14:18:00,28
ACT0009923,O001642,S035,Call,2025-04-04 18:27:00,34
ACT0009924,O001642,S035,Demo,2025-04-05 15:57:00,108
ACT0009925,O001642,S035,Call,2025-03-19 15:11:00,6
ACT0009926,O001642,S035,Email,2025-04-01 15:13:00,0
ACT0009927,O001642,S035,Meeting,2025-03-16 16:25:00,53
ACT0009928,O001642,S035,Email,2025-03-20 09:10:00,0
ACT0009929,O001642,S035,Email,2025-03-06 11:47:00,0
ACT0009930,O001643,S007,Email,2025-02-04 09:09:00,0
ACT0009931,O001643,S007,Call,2025-02-15 11:41:00,27
ACT0009932,O001644,S027,Call,2025-04-11 09:07:00,44
ACT0009933,O001644,S027,Call,2025-04-20 10:48:00,20
ACT0009934,O001644,S027,Email,2025-04-16 12:49:00,0
ACT0009935,O001644,S027,Call,2025-04-15 11:23:00,26
ACT0009936,O001644,S027,Call,2025-04-25 14:02:00,17
ACT0009937,O001644,S027,Meeting,2025-04-20 17:07:00,63
ACT0009938,O001644,S027,Email,2025-04-29 13:38:00,0
ACT0009939,O001644,S027,Email,2025-04-26 08:19:00,0
ACT0009940,O001645,S037,Email,2023-07-11 15:54:00,0
ACT0009941,O001645,S037,Call,2023-06-28 09:38:00,10
ACT0009942,O001645,S037,Email,2023-07-20 17:05:00,0
ACT0009943,O001645,S037,Call,2023-07-19 09:14:00,8
ACT0009944,O001646,S030,Email,2023-02-18 18:18:00,0
ACT0009945,O001646,S030,Meeting,2023-02-11 14:55:00,67
ACT0009946,O001646,S030,Email,2023-02-06 18:35:00,0
ACT0009947,O001646,S030,Email,2023-02-19 18:38:00,0
ACT0009948,O001646,S030,Email,2023-02-04 08:32:00,0
ACT0009949,O001646,S030,Meeting,2023-02-14 15:03:00,43
ACT0009950,O001647,S037,Call,2023-11-15 16:26:00,21
ACT0009951,O001647,S037,Email,2023-11-15 08:13:00,0
ACT0009952,O001647,S037,Email,2023-11-22 15:03:00,0
ACT0009953,O001647,S037,Call,2023-11-17 18:33:00,24
ACT0009954,O001647,S037,Email,2023-11-20 11:04:00,0
ACT0009955,O001647,S037,Meeting,2023-11-20 16:10:00,62
ACT0009956,O001648,S037,Email,2025-04-19 16:58:00,0
ACT0009957,O001648,S037,Call,2025-03-22 08:10:00,11
ACT0009958,O001648,S037,Email,2025-03-20 13:55:00,0
ACT0009959,O001648,S037,Email,2025-03-29 16:12:00,0
ACT0009960,O001648,S037,Email,2025-04-09 17:20:00,0
ACT0009961,O001648,S037,Email,2025-04-16 12:45:00,0
ACT0009962,O001648,S037,Call,2025-04-23 14:25:00,5
ACT0009963,O001649,S020,Call,2025-04-17 15:48:00,11
ACT0009964,O001649,S020,Email,2025-04-21 10:43:00,0
ACT0009965,O001649,S020,Email,2025-05-10 17:44:00,0
ACT0009966,O001649,S020,Call,2025-05-11 12:56:00,44
ACT0009967,O001650,S005,Call,2025-06-26 15:13:00,7
ACT0009968,O001650,S005,Call,2025-06-23 16:27:00,39
ACT0009969,O001650,S005,Demo,2025-05-20 09:34:00,66
ACT0009970,O001650,S005,Email,2025-05-28 15:12:00,0
ACT0009971,O001650,S005,Meeting,2025-06-21 08:29:00,65
ACT0009972,O001650,S005,Call,2025-06-05 16:22:00,42
ACT0009973,O001650,S005,Meeting,2025-05-14 10:52:00,34
ACT0009974,O001650,S005,Email,2025-05-13 18:22:00,0
ACT0009975,O001651,S026,Call,2024-05-01 11:59:00,7
ACT0009976,O001651,S026,Email,2024-06-13 08:42:00,0
ACT0009977,O001651,S026,Meeting,2024-04-29 15:37:00,78
ACT0009978,O001651,S026,Meeting,2024-06-04 10:38:00,45
ACT0009979,O001651,S026,Email,2024-05-13 17:05:00,0
ACT0009980,O001651,S026,Meeting,2024-05-14 10:02:00,43
ACT0009981,O001652,S004,Email,2023-04-03 18:07:00,0
ACT0009982,O001652,S004,Demo,2023-04-28 11:47:00,100
ACT0009983,O001652,S004,Meeting,2023-05-10 16:37:00,46
ACT0009984,O001652,S004,Email,2023-05-18 09:10:00,0
ACT0009985,O001652,S004,Call,2023-03-25 12:58:00,12
ACT0009986,O001652,S004,Email,2023-04-02 14:04:00,0
ACT0009987,O001652,S004,Email,2023-05-17 10:33:00,0
ACT0009988,O001652,S004,Email,2023-03-15 09:12:00,0
ACT0009989,O001653,S040,Call,2024-11-29 18:37:00,43
ACT0009990,O001653,S040,Meeting,2024-11-20 18:31:00,79
ACT0009991,O001653,S040,Call,2024-11-25 10:24:00,12
ACT0009992,O001653,S040,Email,2024-09-30 16:44:00,0
ACT0009993,O001653,S040,Email,2024-09-28 08:27:00,0
ACT0009994,O001653,S040,Email,2024-10-02 16:26:00,0
ACT0009995,O001653,S040,Meeting,2024-12-05 16:12:00,51
ACT0009996,O001653,S040,Email,2024-11-16 13:22:00,0
ACT0009997,O001653,S040,Email,2024-11-15 17:05:00,0
ACT0009998,O001654,S020,Demo,2025-05-01 15:23:00,118
ACT0009999,O001654,S020,Demo,2025-04-04 15:03:00,57
ACT0010000,O001654,S020,Email,2025-03-08 13:19:00,0
ACT0010001,O001654,S020,Call,2025-03-06 11:49:00,39
ACT0010002,O001655,S029,Email,2024-02-04 14:40:00,0
ACT0010003,O001655,S029,Email,2024-02-09 13:48:00,0
ACT0010004,O001655,S029,Email,2024-01-27 11:39:00,0
ACT0010005,O001655,S029,Email,2024-01-26 11:17:00,0
ACT0010006,O001655,S029,Call,2024-02-03 11:39:00,27
ACT0010007,O001655,S029,Call,2024-01-27 08:01:00,38
ACT0010008,O001655,S029,Email,2024-01-25 14:23:00,0
ACT0010009,O001656,S023,Email,2025-03-28 18:58:00,0
ACT0010010,O001656,S023,Email,2025-04-12 17:31:00,0
ACT0010011,O001656,S023,Meeting,2025-04-12 13:09:00,34
ACT0010012,O001656,S023,Call,2025-04-20 08:46:00,26
ACT0010013,O001656,S023,Email,2025-04-21 12:20:00,0
ACT0010014,O001656,S023,Meeting,2025-04-05 17:56:00,69
ACT0010015,O001656,S023,Call,2025-04-17 10:32:00,12
ACT0010016,O001656,S023,Call,2025-04-22 11:38:00,13
ACT0010017,O001656,S023,Email,2025-03-25 17:25:00,0
ACT0010018,O001658,S015,Meeting,2023-08-21 10:07:00,89
ACT0010019,O001659,S035,Call,2023-02-14 12:42:00,30
ACT0010020,O001659,S035,Email,2023-05-01 09:01:00,0
ACT0010021,O001659,S035,Call,2023-03-14 09:38:00,13
ACT0010022,O001659,S035,Call,2023-04-28 08:04:00,13
ACT0010023,O001659,S035,Call,2023-05-04 08:18:00,32
ACT0010024,O001660,S032,Call,2025-02-02 16:15:00,35
ACT0010025,O001660,S032,Meeting,2025-01-30 18:53:00,40
ACT0010026,O001660,S032,Email,2025-02-03 15:59:00,0
ACT0010027,O001660,S032,Call,2025-02-05 14:09:00,26
ACT0010028,O001660,S032,Email,2025-02-11 10:59:00,0
ACT0010029,O001660,S032,Call,2025-01-09 12:23:00,10
ACT0010030,O001660,S032,Call,2025-01-23 12:58:00,37
ACT0010031,O001660,S032,Email,2025-01-03 14:35:00,0
ACT0010032,O001661,S001,Email,2023-02-01 18:27:00,0
ACT0010033,O001661,S001,Call,2023-02-02 08:11:00,30
ACT0010034,O001661,S001,Email,2023-02-23 09:57:00,0
ACT0010035,O001661,S001,Call,2023-02-11 18:27:00,28
ACT0010036,O001661,S001,Email,2023-01-29 13:00:00,0
ACT0010037,O001661,S001,Call,2023-02-09 13:25:00,6
ACT0010038,O001661,S001,Call,2023-01-27 12:35:00,17
ACT0010039,O001661,S001,Call,2023-01-31 16:22:00,14
ACT0010040,O001662,S005,Call,2025-05-18 08:59:00,30
ACT0010041,O001662,S005,Call,2025-05-18 11:23:00,18
ACT0010042,O001662,S005,Call,2025-05-13 12:41:00,37
ACT0010043,O001662,S005,Email,2025-05-11 12:47:00,0
ACT0010044,O001662,S005,Demo,2025-04-28 11:56:00,53
ACT0010045,O001662,S005,Meeting,2025-05-08 11:34:00,50
ACT0010046,O001662,S005,Call,2025-04-29 14:06:00,30
ACT0010047,O001663,S004,Demo,2025-05-29 10:27:00,68
ACT0010048,O001663,S004,Email,2025-06-18 14:59:00,0
ACT0010049,O001663,S004,Call,2025-06-13 16:08:00,27
ACT0010050,O001663,S004,Meeting,2025-05-31 18:13:00,56
ACT0010051,O001663,S004,Email,2025-06-21 13:35:00,0
ACT0010052,O001664,S015,Call,2024-08-30 17:37:00,34
ACT0010053,O001664,S015,Email,2024-11-18 11:01:00,0
ACT0010054,O001664,S015,Email,2024-08-22 18:21:00,0
ACT0010055,O001664,S015,Call,2024-11-04 08:03:00,34
ACT0010056,O001665,S026,Meeting,2024-07-08 17:47:00,81
ACT0010057,O001665,S026,Call,2024-07-09 13:29:00,28
ACT0010058,O001665,S026,Call,2024-07-13 11:48:00,38
ACT0010059,O001665,S026,Call,2024-07-14 17:10:00,41
ACT0010060,O001665,S026,Call,2024-07-04 13:06:00,17
ACT0010061,O001665,S026,Demo,2024-07-16 08:31:00,65
ACT0010062,O001665,S026,Call,2024-07-11 10:20:00,27
ACT0010063,O001665,S026,Call,2024-07-14 16:12:00,27
ACT0010064,O001665,S026,Email,2024-07-15 17:47:00,0
ACT0010065,O001666,S001,Email,2024-09-11 16:36:00,0
ACT0010066,O001666,S001,Call,2024-08-25 15:28:00,41
ACT0010067,O001666,S001,Call,2024-09-01 10:46:00,7
ACT0010068,O001666,S001,Demo,2024-08-08 15:35:00,112
ACT0010069,O001666,S001,Meeting,2024-09-16 11:25:00,73
ACT0010070,O001666,S001,Meeting,2024-08-12 16:52:00,63
ACT0010071,O001666,S001,Meeting,2024-08-01 14:39:00,66
ACT0010072,O001667,S022,Meeting,2024-01-05 08:28:00,43
ACT0010073,O001667,S022,Email,2024-01-10 14:04:00,0
ACT0010074,O001667,S022,Email,2024-01-07 10:37:00,0
ACT0010075,O001667,S022,Call,2024-01-09 10:19:00,9
ACT0010076,O001667,S022,Email,2024-01-11 10:54:00,0
ACT0010077,O001667,S022,Meeting,2024-01-10 16:38:00,32
ACT0010078,O001667,S022,Demo,2023-12-22 09:50:00,113
ACT0010079,O001668,S012,Call,2025-02-24 14:21:00,23
ACT0010080,O001668,S012,Email,2025-02-22 11:49:00,0
ACT0010081,O001668,S012,Email,2025-03-08 17:02:00,0
ACT0010082,O001668,S012,Email,2025-03-07 16:26:00,0
ACT0010083,O001668,S012,Meeting,2025-02-18 15:23:00,83
ACT0010084,O001669,S022,Call,2024-04-28 12:39:00,34
ACT0010085,O001670,S038,Call,2024-10-08 18:08:00,39
ACT0010086,O001670,S038,Email,2024-07-31 10:18:00,0
ACT0010087,O001670,S038,Call,2024-06-06 13:57:00,31
ACT0010088,O001670,S038,Call,2024-09-22 14:53:00,37
ACT0010089,O001670,S038,Meeting,2024-06-18 09:13:00,44
ACT0010090,O001671,S016,Email,2024-11-19 17:44:00,0
ACT0010091,O001671,S016,Email,2024-10-17 08:05:00,0
ACT0010092,O001671,S016,Meeting,2024-10-25 14:01:00,83
ACT0010093,O001671,S016,Email,2024-11-23 09:23:00,0
ACT0010094,O001671,S016,Email,2024-11-24 10:20:00,0
ACT0010095,O001671,S016,Call,2024-10-20 14:38:00,22
ACT0010096,O001671,S016,Meeting,2024-11-18 14:09:00,63
ACT0010097,O001671,S016,Email,2024-11-06 18:59:00,0
ACT0010098,O001671,S016,Call,2024-11-09 10:37:00,35
ACT0010099,O001671,S016,Call,2024-12-02 10:09:00,36
ACT0010100,O001671,S016,Call,2025-01-07 09:58:00,5
ACT0010101,O001671,S016,Email,2024-11-19 16:22:00,0
ACT0010102,O001672,S027,Call,2024-10-22 17:08:00,32
ACT0010103,O001672,S027,Call,2024-10-14 15:23:00,28
ACT0010104,O001672,S027,Call,2024-10-05 15:56:00,9
ACT0010105,O001672,S027,Demo,2024-10-07 18:20:00,75
ACT0010106,O001672,S027,Meeting,2024-10-28 14:45:00,74
ACT0010107,O001672,S027,Call,2024-10-26 17:47:00,9
ACT0010108,O001672,S027,Email,2024-10-20 17:27:00,0
ACT0010109,O001672,S027,Demo,2024-10-21 10:51:00,86
ACT0010110,O001673,S016,Call,2023-07-22 14:13:00,19
ACT0010111,O001673,S016,Email,2023-08-23 16:56:00,0
ACT0010112,O001673,S016,Meeting,2023-08-06 08:33:00,86
ACT0010113,O001673,S016,Email,2023-08-17 17:50:00,0
ACT0010114,O001673,S016,Meeting,2023-10-05 14:42:00,34
ACT0010115,O001673,S016,Email,2023-09-04 09:03:00,0
ACT0010116,O001673,S016,Email,2023-07-16 16:10:00,0
ACT0010117,O001673,S016,Email,2023-08-01 14:52:00,0
ACT0010118,O001673,S016,Meeting,2023-07-17 14:08:00,42
ACT0010119,O001673,S016,Demo,2023-10-25 16:10:00,87
ACT0010120,O001674,S025,Meeting,2025-06-15 10:55:00,83
ACT0010121,O001674,S025,Call,2025-06-29 17:06:00,6
ACT0010122,O001674,S025,Email,2025-06-18 10:37:00,0
ACT0010123,O001675,S024,Demo,2025-06-01 10:49:00,114
ACT0010124,O001675,S024,Email,2025-06-24 14:59:00,0
ACT0010125,O001676,S009,Email,2025-06-11 10:20:00,0
ACT0010126,O001676,S009,Email,2025-06-08 12:23:00,0
ACT0010127,O001676,S009,Email,2025-06-12 17:03:00,0
ACT0010128,O001676,S009,Call,2025-06-08 12:46:00,39
ACT0010129,O001676,S009,Call,2025-06-06 11:47:00,20
ACT0010130,O001676,S009,Email,2025-06-16 17:09:00,0
ACT0010131,O001676,S009,Meeting,2025-06-08 16:13:00,30
ACT0010132,O001677,S026,Email,2025-05-02 15:32:00,0
ACT0010133,O001677,S026,Email,2025-04-19 17:57:00,0
ACT0010134,O001677,S026,Call,2025-04-19 13:17:00,40
ACT0010135,O001677,S026,Demo,2025-03-22 17:03:00,75
ACT0010136,O001677,S026,Email,2025-04-11 10:00:00,0
ACT0010137,O001677,S026,Email,2025-03-21 18:27:00,0
ACT0010138,O001677,S026,Call,2025-04-02 17:29:00,18
ACT0010139,O001677,S026,Email,2025-04-11 15:56:00,0
ACT0010140,O001677,S026,Email,2025-03-31 17:46:00,0
ACT0010141,O001677,S026,Meeting,2025-04-18 08:59:00,87
ACT0010142,O001677,S026,Call,2025-04-27 11:48:00,33
ACT0010143,O001677,S026,Call,2025-03-28 11:39:00,5
ACT0010144,O001677,S026,Email,2025-03-31 09:00:00,0
ACT0010145,O001677,S026,Call,2025-03-30 11:46:00,29
ACT0010146,O001678,S017,Email,2024-09-02 18:39:00,0
ACT0010147,O001678,S017,Email,2024-08-27 10:49:00,0
ACT0010148,O001678,S017,Meeting,2024-08-19 16:46:00,63
ACT0010149,O001678,S017,Demo,2024-08-30 17:02:00,45
ACT0010150,O001678,S017,Meeting,2024-09-05 08:09:00,38
ACT0010151,O001678,S017,Call,2024-08-18 10:55:00,37
ACT0010152,O001678,S017,Call,2024-08-29 11:22:00,42
ACT0010153,O001679,S024,Email,2025-05-30 17:52:00,0
ACT0010154,O001679,S024,Email,2025-06-16 16:32:00,0
ACT0010155,O001679,S024,Email,2025-05-31 12:42:00,0
ACT0010156,O001679,S024,Email,2025-05-12 17:10:00,0
ACT0010157,O001679,S024,Call,2025-06-11 16:42:00,27
ACT0010158,O001679,S024,Demo,2025-06-29 09:18:00,89
ACT0010159,O001679,S024,Email,2025-05-12 11:08:00,0
ACT0010160,O001679,S024,Call,2025-05-07 09:44:00,40
ACT0010161,O001679,S024,Meeting,2025-05-10 09:17:00,78
ACT0010162,O001680,S018,Call,2023-05-12 18:20:00,30
ACT0010163,O001680,S018,Email,2023-05-08 08:30:00,0
ACT0010164,O001680,S018,Email,2023-05-24 13:03:00,0
ACT0010165,O001680,S018,Email,2023-05-16 16:10:00,0
ACT0010166,O001680,S018,Call,2023-05-22 15:59:00,10
ACT0010167,O001680,S018,Meeting,2023-05-17 12:22:00,88
ACT0010168,O001681,S012,Email,2023-05-23 16:11:00,0
ACT0010169,O001681,S012,Email,2023-05-26 10:17:00,0
ACT0010170,O001681,S012,Email,2023-05-12 09:48:00,0
ACT0010171,O001681,S012,Email,2023-06-22 10:40:00,0
ACT0010172,O001682,S001,Call,2024-07-28 17:12:00,11
ACT0010173,O001682,S001,Call,2024-06-10 09:11:00,23
ACT0010174,O001682,S001,Meeting,2024-07-30 18:48:00,53
ACT0010175,O001682,S001,Meeting,2024-06-26 11:21:00,84
ACT0010176,O001682,S001,Demo,2024-06-10 09:57:00,69
ACT0010177,O001682,S001,Email,2024-06-06 08:08:00,0
ACT0010178,O001683,S023,Email,2023-03-13 13:02:00,0
ACT0010179,O001683,S023,Email,2023-03-23 09:54:00,0
ACT0010180,O001683,S023,Call,2023-03-25 09:17:00,36
ACT0010181,O001683,S023,Call,2023-03-16 18:44:00,31
ACT0010182,O001683,S023,Email,2023-03-14 14:46:00,0
ACT0010183,O001683,S023,Demo,2023-03-23 17:42:00,100
ACT0010184,O001683,S023,Call,2023-03-18 16:51:00,34
ACT0010185,O001683,S023,Email,2023-03-20 16:22:00,0
ACT0010186,O001684,S018,Call,2023-09-29 10:22:00,40
ACT0010187,O001684,S018,Email,2023-08-25 12:29:00,0
ACT0010188,O001684,S018,Email,2023-08-14 09:04:00,0
ACT0010189,O001684,S018,Meeting,2023-07-12 12:42:00,50
ACT0010190,O001684,S018,Demo,2023-08-07 13:57:00,85
ACT0010191,O001684,S018,Email,2023-09-03 08:13:00,0
ACT0010192,O001684,S018,Email,2023-07-26 16:36:00,0
ACT0010193,O001684,S018,Email,2023-09-15 15:49:00,0
ACT0010194,O001685,S028,Demo,2023-05-27 11:40:00,71
ACT0010195,O001685,S028,Email,2023-06-27 13:23:00,0
ACT0010196,O001685,S028,Email,2023-04-24 18:43:00,0
ACT0010197,O001685,S028,Email,2023-07-01 12:02:00,0
ACT0010198,O001685,S028,Meeting,2023-07-05 08:45:00,36
ACT0010199,O001685,S028,Call,2023-05-16 12:17:00,35
ACT0010200,O001685,S028,Call,2023-06-23 13:43:00,10
ACT0010201,O001685,S028,Call,2023-04-26 17:11:00,13
ACT0010202,O001686,S027,Call,2024-02-10 15:42:00,38
ACT0010203,O001686,S027,Email,2024-02-05 18:28:00,0
ACT0010204,O001686,S027,Email,2024-02-04 14:36:00,0
ACT0010205,O001686,S027,Demo,2024-01-15 10:23:00,61
ACT0010206,O001686,S027,Email,2024-01-22 16:58:00,0
ACT0010207,O001686,S027,Email,2024-01-22 18:39:00,0
ACT0010208,O001687,S037,Meeting,2024-08-15 09:20:00,53
ACT0010209,O001687,S037,Email,2024-07-02 08:55:00,0
ACT0010210,O001687,S037,Call,2024-07-31 17:29:00,30
ACT0010211,O001688,S023,Demo,2023-07-28 11:06:00,88
ACT0010212,O001688,S023,Call,2023-07-06 09:31:00,9
ACT0010213,O001688,S023,Email,2023-07-18 09:57:00,0
ACT0010214,O001688,S023,Meeting,2023-07-17 16:56:00,44
ACT0010215,O001688,S023,Demo,2023-06-25 08:04:00,115
ACT0010216,O001688,S023,Call,2023-07-18 13:41:00,21
ACT0010217,O001688,S023,Call,2023-06-23 15:00:00,14
ACT0010218,O001688,S023,Call,2023-07-21 08:14:00,35
ACT0010219,O001688,S023,Call,2023-06-13 18:21:00,18
ACT0010220,O001688,S023,Email,2023-07-21 16:36:00,0
ACT0010221,O001688,S023,Email,2023-07-16 08:05:00,0
ACT0010222,O001689,S036,Call,2025-03-17 14:50:00,34
ACT0010223,O001689,S036,Email,2023-01-16 09:32:00,0
ACT0010224,O001689,S036,Call,2025-04-03 13:22:00,28
ACT0010225,O001689,S036,Call,2025-03-20 10:59:00,28
ACT0010226,O001689,S036,Call,2025-03-27 12:38:00,26
ACT0010227,O001689,S036,Email,2025-03-11 13:50:00,0
ACT0010228,O001689,S036,Call,2025-04-04 17:58:00,21
ACT0010229,O001689,S036,Demo,2025-03-22 11:23:00,49
ACT0010230,O001690,S032,Meeting,2024-07-25 08:40:00,52
ACT0010231,O001690,S032,Email,2024-07-22 12:55:00,0
ACT0010232,O001690,S032,Call,2024-07-14 13:20:00,37
ACT0010233,O001690,S032,Meeting,2024-07-14 15:03:00,76
ACT0010234,O001690,S032,Email,2024-07-24 14:34:00,0
ACT0010235,O001690,S032,Email,2024-07-15 09:22:00,0
ACT0010236,O001690,S032,Meeting,2024-07-24 18:59:00,82
ACT0010237,O001690,S032,Meeting,2024-07-13 17:20:00,64
ACT0010238,O001690,S032,Call,2024-07-14 17:56:00,5
ACT0010239,O001691,S008,Email,2023-04-04 14:47:00,0
ACT0010240,O001691,S008,Call,2023-03-29 09:57:00,35
ACT0010241,O001691,S008,Email,2023-04-01 18:18:00,0
ACT0010242,O001691,S008,Demo,2023-04-06 14:43:00,51
ACT0010243,O001691,S008,Email,2023-04-03 18:03:00,0
ACT0010244,O001691,S008,Email,2023-03-31 10:44:00,0
ACT0010245,O001691,S008,Meeting,2023-04-08 10:21:00,44
ACT0010246,O001692,S007,Email,2024-11-13 18:42:00,0
ACT0010247,O001692,S007,Call,2024-11-08 15:35:00,36
ACT0010248,O001692,S007,Call,2024-11-20 14:26:00,32
ACT0010249,O001692,S007,Email,2024-12-04 12:50:00,0
ACT0010250,O001693,S038,Email,2024-10-21 14:55:00,0
ACT0010251,O001693,S038,Call,2024-10-19 11:10:00,9
ACT0010252,O001693,S038,Call,2024-10-25 15:13:00,37
ACT0010253,O001693,S038,Email,2022-10-03 16:08:00,0
ACT0010254,O001693,S038,Email,2024-10-26 11:38:00,0
ACT0010255,O001693,S038,Email,2024-09-15 14:00:00,0
ACT0010256,O001693,S038,Email,2024-10-30 11:10:00,0
ACT0010257,O001694,S015,Call,2024-08-12 08:50:00,28
ACT0010258,O001694,S015,Call,2024-06-07 13:39:00,42
ACT0010259,O001694,S015,Call,2024-06-09 18:37:00,19
ACT0010260,O001694,S015,Call,2024-07-11 17:04:00,42
ACT0010261,O001694,S015,Email,2024-07-31 18:48:00,0
ACT0010262,O001694,S015,Email,2024-07-05 11:30:00,0
ACT0010263,O001694,S015,Email,2024-06-16 16:13:00,0
ACT0010264,O001695,S008,Email,2025-04-02 13:42:00,0
ACT0010265,O001695,S008,Email,2025-04-07 17:12:00,0
ACT0010266,O001695,S008,Call,2025-04-26 15:35:00,42
ACT0010267,O001695,S008,Call,2025-03-25 14:20:00,9
ACT0010268,O001695,S008,Email,2025-04-23 18:29:00,0
ACT0010269,O001696,S020,Call,2025-04-25 10:58:00,15
ACT0010270,O001696,S020,Email,2025-05-28 08:53:00,0
ACT0010271,O001696,S020,Call,2025-04-12 14:49:00,23
ACT0010272,O001696,S020,Demo,2025-05-03 14:55:00,50
ACT0010273,O001697,S025,Email,2025-06-07 15:52:00,0
ACT0010274,O001697,S025,Email,2025-06-08 10:43:00,0
ACT0010275,O001697,S025,Call,2025-06-10 16:26:00,7
ACT0010276,O001697,S025,Call,2025-06-12 09:24:00,29
ACT0010277,O001698,S023,Meeting,2025-06-22 14:17:00,67
ACT0010278,O001699,S005,Call,2025-06-21 09:27:00,40
ACT0010279,O001699,S005,Demo,2025-06-02 16:33:00,101
ACT0010280,O001699,S005,Email,2025-05-09 12:42:00,0
ACT0010281,O001699,S005,Call,2025-06-21 10:35:00,31
ACT0010282,O001699,S005,Meeting,2025-05-10 09:11:00,41
ACT0010283,O001699,S005,Demo,2025-05-14 16:53:00,48
ACT0010284,O001699,S005,Email,2025-06-04 08:47:00,0
ACT0010285,O001699,S005,Meeting,2025-05-03 11:21:00,70
ACT0010286,O001700,S009,Demo,2025-06-29 14:27:00,116
ACT0010287,O001700,S009,Demo,2025-06-12 10:26:00,59
ACT0010288,O001700,S009,Email,2025-06-03 08:54:00,0
ACT0010289,O001700,S009,Demo,2025-05-12 16:25:00,50
ACT0010290,O001700,S009,Call,2025-06-18 18:32:00,6
ACT0010291,O001700,S009,Call,2025-06-06 13:27:00,38
ACT0010292,O001700,S009,Call,2025-05-22 13:18:00,36
ACT0010293,O001700,S009,Call,2025-06-01 11:36:00,25
ACT0010294,O001701,S002,Email,2025-04-25 18:18:00,0
ACT0010295,O001701,S002,Call,2023-11-01 12:42:00,32
ACT0010296,O001701,S002,Demo,2025-04-13 09:00:00,77
ACT0010297,O001701,S002,Call,2025-05-21 09:28:00,9
ACT0010298,O001701,S002,Call,2025-03-25 16:03:00,18
ACT0010299,O001701,S002,Email,2025-03-27 11:23:00,0
ACT0010300,O001701,S002,Call,2025-03-19 10:13:00,30
ACT0010301,O001701,S002,Email,2025-06-04 14:30:00,0
ACT0010302,O001702,S005,Call,2023-08-15 09:53:00,39
ACT0010303,O001702,S005,Email,2023-08-01 15:49:00,0
ACT0010304,O001702,S005,Email,2023-08-02 15:37:00,0
ACT0010305,O001702,S005,Call,2023-08-16 09:33:00,27
ACT0010306,O001702,S005,Meeting,2023-07-31 09:42:00,58
ACT0010307,O001702,S005,Email,2023-08-07 16:22:00,0
ACT0010308,O001703,S017,Meeting,2025-03-13 15:55:00,47
ACT0010309,O001703,S017,Email,2025-03-14 08:55:00,0
ACT0010310,O001703,S017,Call,2025-03-14 18:03:00,7
ACT0010311,O001703,S017,Email,2025-03-05 13:33:00,0
ACT0010312,O001703,S017,Call,2025-03-12 09:45:00,26
ACT0010313,O001703,S017,Call,2025-03-03 10:15:00,31
ACT0010314,O001704,S005,Email,2024-01-09 08:52:00,0
ACT0010315,O001704,S005,Meeting,2024-02-17 08:34:00,64
ACT0010316,O001704,S005,Call,2024-01-17 10:59:00,18
ACT0010317,O001704,S005,Meeting,2023-12-20 13:28:00,32
ACT0010318,O001705,S011,Call,2023-08-14 18:33:00,41
ACT0010319,O001705,S011,Call,2023-08-24 16:27:00,26
ACT0010320,O001705,S011,Email,2023-07-29 13:41:00,0
ACT0010321,O001705,S011,Call,2023-08-21 10:53:00,39
ACT0010322,O001705,S011,Email,2023-08-23 12:18:00,0
ACT0010323,O001706,S037,Demo,2024-05-27 08:35:00,94
ACT0010324,O001706,S037,Email,2024-05-23 16:22:00,0
ACT0010325,O001706,S037,Call,2024-05-11 17:24:00,17
ACT0010326,O001706,S037,Email,2024-06-03 13:39:00,0
ACT0010327,O001706,S037,Call,2024-05-06 11:20:00,21
ACT0010328,O001706,S037,Meeting,2024-05-17 13:23:00,49
ACT0010329,O001707,S015,Call,2024-10-21 12:09:00,6
ACT0010330,O001707,S015,Email,2024-12-26 16:49:00,0
ACT0010331,O001707,S015,Meeting,2025-01-04 08:11:00,54
ACT0010332,O001707,S015,Email,2024-10-31 17:39:00,0
ACT0010333,O001707,S015,Meeting,2024-12-24 10:13:00,72
ACT0010334,O001707,S015,Call,2024-11-26 18:44:00,8
ACT0010335,O001707,S015,Email,2024-10-30 15:06:00,0
ACT0010336,O001707,S015,Email,2024-12-09 11:57:00,0
ACT0010337,O001708,S017,Demo,2024-02-13 14:35:00,71
ACT0010338,O001708,S017,Call,2024-02-23 12:00:00,38
ACT0010339,O001708,S017,Call,2024-03-19 15:19:00,28
ACT0010340,O001709,S040,Email,2024-06-15 09:38:00,0
ACT0010341,O001709,S040,Email,2024-04-22 15:15:00,0
ACT0010342,O001709,S040,Demo,2024-05-22 14:51:00,53
ACT0010343,O001709,S040,Email,2024-05-05 14:24:00,0
ACT0010344,O001709,S040,Meeting,2024-05-12 16:13:00,43
ACT0010345,O001710,S005,Meeting,2025-05-24 11:55:00,54
ACT0010346,O001710,S005,Call,2025-06-01 16:19:00,30
ACT0010347,O001710,S005,Email,2025-05-18 13:41:00,0
ACT0010348,O001710,S005,Call,2025-06-08 16:58:00,24
ACT0010349,O001710,S005,Call,2025-05-28 10:07:00,7
ACT0010350,O001711,S010,Meeting,2023-07-26 11:42:00,67
ACT0010351,O001711,S010,Meeting,2023-07-05 09:29:00,85
ACT0010352,O001711,S010,Email,2023-07-16 11:41:00,0
ACT0010353,O001711,S010,Email,2023-07-04 11:36:00,0
ACT0010354,O001711,S010,Email,2023-07-10 14:21:00,0
ACT0010355,O001711,S010,Email,2023-07-11 11:17:00,0
ACT0010356,O001711,S010,Demo,2023-07-13 14:12:00,82
ACT0010357,O001711,S010,Meeting,2023-07-15 17:39:00,76
ACT0010358,O001711,S010,Meeting,2023-07-07 12:59:00,83
ACT0010359,O001711,S010,Email,2023-07-26 14:13:00,0
ACT0010360,O001712,S026,Email,2023-03-21 16:24:00,0
ACT0010361,O001712,S026,Call,2023-06-10 17:22:00,34
ACT0010362,O001712,S026,Call,2023-07-03 10:48:00,20
ACT0010363,O001712,S026,Email,2023-04-24 09:35:00,0
ACT0010364,O001712,S026,Call,2023-05-14 12:06:00,38
ACT0010365,O001712,S026,Meeting,2023-06-22 08:16:00,44
ACT0010366,O001712,S026,Email,2023-04-17 13:04:00,0
ACT0010367,O001712,S026,Meeting,2023-06-11 16:33:00,57
ACT0010368,O001712,S026,Call,2023-04-23 16:08:00,14
ACT0010369,O001712,S026,Meeting,2023-05-25 13:55:00,38
ACT0010370,O001713,S040,Email,2024-12-17 12:41:00,0
ACT0010371,O001713,S040,Demo,2024-12-02 18:50:00,70
ACT0010372,O001713,S040,Email,2024-11-09 13:20:00,0
ACT0010373,O001713,S040,Email,2024-12-22 16:27:00,0
ACT0010374,O001713,S040,Email,2024-10-27 14:37:00,0
ACT0010375,O001714,S033,Email,2025-05-14 16:46:00,0
ACT0010376,O001714,S033,Call,2025-03-19 18:12:00,5
ACT0010377,O001714,S033,Meeting,2025-04-10 10:14:00,61
ACT0010378,O001714,S033,Call,2025-04-27 14:55:00,22
ACT0010379,O001715,S037,Call,2025-05-03 12:45:00,6
ACT0010380,O001715,S037,Meeting,2025-04-26 11:52:00,77
ACT0010381,O001715,S037,Email,2025-04-19 13:43:00,0
ACT0010382,O001715,S037,Call,2025-05-03 14:11:00,24
ACT0010383,O001715,S037,Call,2025-05-11 13:57:00,5
ACT0010384,O001715,S037,Meeting,2025-04-25 16:08:00,66
ACT0010385,O001715,S037,Email,2025-04-26 11:12:00,0
ACT0010386,O001715,S037,Demo,2025-05-01 18:58:00,63
ACT0010387,O001715,S037,Meeting,2025-05-04 16:54:00,36
ACT0010388,O001716,S016,Demo,2025-03-16 13:25:00,88
ACT0010389,O001716,S016,Email,2025-01-24 15:01:00,0
ACT0010390,O001716,S016,Demo,2025-02-25 12:46:00,54
ACT0010391,O001716,S016,Call,2025-03-07 16:05:00,16
ACT0010392,O001716,S016,Meeting,2025-03-16 17:45:00,81
ACT0010393,O001716,S016,Email,2022-11-13 11:46:00,0
ACT0010394,O001717,S039,Meeting,2024-11-23 08:37:00,42
ACT0010395,O001717,S039,Call,2024-11-20 18:23:00,27
ACT0010396,O001717,S039,Email,2024-10-31 16:19:00,0
ACT0010397,O001717,S039,Email,2024-11-27 11:13:00,0
ACT0010398,O001717,S039,Email,2024-11-17 09:45:00,0
ACT0010399,O001717,S039,Demo,2024-11-02 16:54:00,119
ACT0010400,O001717,S039,Call,2024-12-01 08:55:00,12
ACT0010401,O001718,S002,Call,2023-09-15 15:00:00,37
ACT0010402,O001718,S002,Email,2023-10-20 12:08:00,0
ACT0010403,O001718,S002,Email,2023-10-04 15:42:00,0
ACT0010404,O001718,S002,Meeting,2023-10-04 12:25:00,36
ACT0010405,O001718,S002,Demo,2023-09-20 08:51:00,87
ACT0010406,O001718,S002,Call,2023-08-19 14:13:00,36
ACT0010407,O001719,S009,Meeting,2025-06-17 09:35:00,32
ACT0010408,O001719,S009,Demo,2025-06-22 18:15:00,88
ACT0010409,O001719,S009,Call,2025-06-02 18:54:00,43
ACT0010410,O001719,S009,Call,2025-06-25 14:04:00,36
ACT0010411,O001719,S009,Email,2025-05-22 12:27:00,0
ACT0010412,O001720,S014,Email,2024-08-01 18:09:00,0
ACT0010413,O001720,S014,Call,2024-07-31 10:52:00,43
ACT0010414,O001720,S014,Call,2024-07-20 17:17:00,6
ACT0010415,O001720,S014,Email,2024-07-31 11:06:00,0
ACT0010416,O001720,S014,Call,2024-07-24 12:29:00,43
ACT0010417,O001721,S022,Call,2024-08-23 14:58:00,43
ACT0010418,O001721,S022,Email,2024-08-20 18:02:00,0
ACT0010419,O001721,S022,Call,2024-08-28 16:10:00,7
ACT0010420,O001722,S019,Call,2023-02-26 17:27:00,11
ACT0010421,O001722,S019,Email,2023-04-15 14:30:00,0
ACT0010422,O001722,S019,Call,2023-04-05 08:10:00,7
ACT0010423,O001722,S019,Call,2023-03-03 15:21:00,26
ACT0010424,O001722,S019,Call,2023-03-30 18:11:00,39
ACT0010425,O001723,S003,Email,2023-08-09 11:05:00,0
ACT0010426,O001723,S003,Email,2023-07-23 10:13:00,0
ACT0010427,O001723,S003,Call,2023-08-08 17:54:00,13
ACT0010428,O001723,S003,Call,2023-07-23 11:56:00,36
ACT0010429,O001723,S003,Call,2023-08-07 18:25:00,24
ACT0010430,O001723,S003,Meeting,2023-08-16 12:00:00,40
ACT0010431,O001723,S003,Call,2023-08-14 14:57:00,20
ACT0010432,O001724,S011,Demo,2023-09-30 18:06:00,52
ACT0010433,O001724,S011,Call,2023-09-26 16:19:00,25
ACT0010434,O001724,S011,Email,2023-10-08 09:35:00,0
ACT0010435,O001724,S011,Email,2023-09-18 13:57:00,0
ACT0010436,O001724,S011,Call,2023-10-14 09:35:00,9
ACT0010437,O001724,S011,Email,2023-10-17 12:40:00,0
ACT0010438,O001724,S011,Call,2023-10-23 15:57:00,22
ACT0010439,O001725,S011,Email,2023-10-26 17:09:00,0
ACT0010440,O001725,S011,Email,2023-10-12 11:26:00,0
ACT0010441,O001725,S011,Call,2023-09-09 16:59:00,11
ACT0010442,O001725,S011,Call,2023-11-07 17:20:00,40
ACT0010443,O001725,S011,Meeting,2023-09-04 10:27:00,45
ACT0010444,O001725,S011,Demo,2023-09-23 12:29:00,115
ACT0010445,O001725,S011,Call,2023-09-23 16:19:00,43
ACT0010446,O001725,S011,Call,2023-10-12 08:34:00,41
ACT0010447,O001725,S011,Call,2023-11-01 15:16:00,7
ACT0010448,O001726,S004,Call,2024-05-27 08:29:00,24
ACT0010449,O001726,S004,Demo,2024-05-15 14:22:00,50
ACT0010450,O001726,S004,Call,2024-05-29 16:08:00,24
ACT0010451,O001726,S004,Meeting,2024-06-16 08:23:00,88
ACT0010452,O001726,S004,Meeting,2024-05-05 15:40:00,32
ACT0010453,O001727,S032,Call,2025-03-01 18:52:00,11
ACT0010454,O001727,S032,Call,2025-03-25 10:01:00,34
ACT0010455,O001727,S032,Email,2025-03-24 16:30:00,0
ACT0010456,O001727,S032,Call,2025-02-24 14:07:00,21
ACT0010457,O001727,S032,Meeting,2025-03-03 12:54:00,46
ACT0010458,O001728,S001,Email,2023-04-25 14:17:00,0
ACT0010459,O001728,S001,Call,2023-04-20 14:45:00,22
ACT0010460,O001728,S001,Email,2023-04-26 11:02:00,0
ACT0010461,O001728,S001,Email,2023-04-16 16:50:00,0
ACT0010462,O001728,S001,Email,2023-04-06 17:19:00,0
ACT0010463,O001728,S001,Email,2023-04-24 08:26:00,0
ACT0010464,O001728,S001,Call,2023-04-17 15:23:00,34
ACT0010465,O001728,S001,Email,2023-04-18 17:32:00,0
ACT0010466,O001729,S025,Meeting,2025-05-04 09:48:00,36
ACT0010467,O001729,S025,Email,2025-04-08 14:46:00,0
ACT0010468,O001729,S025,Meeting,2025-04-24 14:36:00,50
ACT0010469,O001729,S025,Meeting,2025-04-07 18:29:00,89
ACT0010470,O001729,S025,Call,2025-04-18 14:02:00,14
ACT0010471,O001729,S025,Meeting,2025-04-14 09:29:00,48
ACT0010472,O001729,S025,Call,2025-04-13 08:59:00,28
ACT0010473,O001729,S025,Call,2025-04-22 15:00:00,36
ACT0010474,O001729,S025,Call,2025-04-08 08:45:00,12
ACT0010475,O001729,S025,Call,2025-04-15 14:46:00,34
ACT0010476,O001730,S005,Call,2025-05-15 16:42:00,34
ACT0010477,O001730,S005,Call,2025-03-24 17:42:00,33
ACT0010478,O001730,S005,Call,2025-05-30 10:40:00,5
ACT0010479,O001730,S005,Email,2025-03-28 09:29:00,0
ACT0010480,O001730,S005,Call,2025-04-19 17:33:00,33
ACT0010481,O001731,S031,Email,2024-11-03 11:19:00,0
ACT0010482,O001731,S031,Email,2024-11-10 08:49:00,0
ACT0010483,O001731,S031,Email,2024-11-18 11:54:00,0
ACT0010484,O001731,S031,Email,2024-11-12 08:21:00,0
ACT0010485,O001731,S031,Meeting,2024-11-29 11:20:00,48
ACT0010486,O001731,S031,Email,2024-10-31 09:30:00,0
ACT0010487,O001732,S016,Email,2025-05-12 10:50:00,0
ACT0010488,O001732,S016,Call,2025-04-30 12:23:00,34
ACT0010489,O001732,S016,Meeting,2025-05-02 08:59:00,56
ACT0010490,O001732,S016,Email,2025-05-26 10:32:00,0
ACT0010491,O001732,S016,Call,2025-05-30 17:35:00,28
ACT0010492,O001733,S014,Call,2025-03-06 10:57:00,43
ACT0010493,O001733,S014,Email,2025-03-07 15:21:00,0
ACT0010494,O001733,S014,Call,2025-03-07 13:25:00,10
ACT0010495,O001733,S014,Call,2025-03-07 11:26:00,12
ACT0010496,O001733,S014,Email,2025-02-27 10:59:00,0
ACT0010497,O001733,S014,Call,2025-03-08 17:35:00,15
ACT0010498,O001733,S014,Email,2025-03-07 14:30:00,0
ACT0010499,O001733,S014,Meeting,2025-03-07 11:36:00,48
ACT0010500,O001733,S014,Call,2025-03-03 09:00:00,19
ACT0010501,O001734,S034,Meeting,2025-06-22 12:27:00,50
ACT0010502,O001734,S034,Demo,2025-05-28 15:28:00,116
ACT0010503,O001734,S034,Meeting,2025-06-21 11:11:00,76
ACT0010504,O001734,S034,Email,2025-06-14 14:07:00,0
ACT0010505,O001734,S034,Email,2025-06-21 10:06:00,0
ACT0010506,O001735,S022,Email,2023-04-12 10:46:00,0
ACT0010507,O001735,S022,Demo,2023-04-11 09:29:00,84
ACT0010508,O001735,S022,Email,2023-04-12 17:45:00,0
ACT0010509,O001735,S022,Demo,2023-04-03 10:57:00,79
ACT0010510,O001735,S022,Call,2023-04-11 11:14:00,26
ACT0010511,O001735,S022,Call,2023-04-04 18:22:00,24
ACT0010512,O001735,S022,Meeting,2023-04-11 13:32:00,46
ACT0010513,O001735,S022,Meeting,2023-03-28 17:29:00,38
ACT0010514,O001735,S022,Email,2023-04-09 18:14:00,0
ACT0010515,O001735,S022,Call,2023-04-09 10:47:00,16
ACT0010516,O001736,S020,Meeting,2025-01-26 18:37:00,54
ACT0010517,O001736,S020,Email,2025-03-19 17:11:00,0
ACT0010518,O001736,S020,Call,2025-02-05 12:06:00,36
ACT0010519,O001736,S020,Email,2025-01-05 16:57:00,0
ACT0010520,O001737,S028,Meeting,2025-06-16 08:18:00,88
ACT0010521,O001738,S040,Email,2024-09-13 10:51:00,0
ACT0010522,O001738,S040,Meeting,2024-11-17 14:24:00,83
ACT0010523,O001738,S040,Call,2024-09-29 10:01:00,43
ACT0010524,O001739,S002,Email,2025-04-20 14:52:00,0
ACT0010525,O001739,S002,Call,2025-05-05 15:16:00,14
ACT0010526,O001739,S002,Meeting,2025-04-24 18:36:00,40
ACT0010527,O001739,S002,Email,2025-05-12 13:09:00,0
ACT0010528,O001740,S026,Email,2024-06-04 16:03:00,0
ACT0010529,O001740,S026,Call,2024-06-25 15:28:00,12
ACT0010530,O001740,S026,Email,2024-04-21 13:08:00,0
ACT0010531,O001740,S026,Email,2024-05-08 16:54:00,0
ACT0010532,O001740,S026,Email,2024-06-15 14:04:00,0
ACT0010533,O001740,S026,Email,2024-05-20 12:51:00,0
ACT0010534,O001740,S026,Call,2024-05-31 11:55:00,26
ACT0010535,O001740,S026,Call,2024-06-13 15:36:00,20
ACT0010536,O001740,S026,Email,2024-05-09 14:55:00,0
ACT0010537,O001740,S026,Meeting,2024-06-24 17:14:00,32
ACT0010538,O001741,S020,Call,2024-12-11 18:10:00,31
ACT0010539,O001741,S020,Email,2024-12-14 16:48:00,0
ACT0010540,O001741,S020,Call,2024-11-28 10:59:00,9
ACT0010541,O001741,S020,Meeting,2024-12-06 13:07:00,33
ACT0010542,O001741,S020,Email,2024-12-15 18:26:00,0
ACT0010543,O001741,S020,Meeting,2024-11-29 11:30:00,82
ACT0010544,O001742,S001,Call,2024-06-12 16:40:00,17
ACT0010545,O001742,S001,Meeting,2024-06-05 12:41:00,68
ACT0010546,O001742,S001,Email,2024-06-04 15:23:00,0
ACT0010547,O001742,S001,Email,2024-06-26 10:40:00,0
ACT0010548,O001742,S001,Meeting,2024-05-31 17:04:00,81
ACT0010549,O001743,S021,Call,2024-07-18 11:26:00,27
ACT0010550,O001743,S021,Email,2024-09-28 17:48:00,0
ACT0010551,O001743,S021,Call,2024-08-28 17:48:00,10
ACT0010552,O001743,S021,Email,2024-07-31 17:55:00,0
ACT0010553,O001743,S021,Meeting,2024-05-31 11:24:00,34
ACT0010554,O001743,S021,Call,2024-06-13 16:52:00,5
ACT0010555,O001743,S021,Call,2024-07-18 14:20:00,17
ACT0010556,O001743,S021,Meeting,2024-07-22 08:55:00,51
ACT0010557,O001744,S023,Email,2024-03-03 16:33:00,0
ACT0010558,O001744,S023,Email,2024-03-07 10:23:00,0
ACT0010559,O001744,S023,Call,2024-03-01 11:38:00,30
ACT0010560,O001744,S023,Call,2024-03-03 08:46:00,28
ACT0010561,O001744,S023,Email,2024-03-03 14:02:00,0
ACT0010562,O001744,S023,Meeting,2024-03-03 14:15:00,30
ACT0010563,O001744,S023,Email,2024-03-05 16:02:00,0
ACT0010564,O001745,S027,Email,2024-09-05 17:16:00,0
ACT0010565,O001745,S027,Email,2024-09-04 12:17:00,0
ACT0010566,O001745,S027,Email,2024-08-03 14:08:00,0
ACT0010567,O001745,S027,Email,2024-08-22 14:29:00,0
ACT0010568,O001745,S027,Email,2024-08-23 10:56:00,0
ACT0010569,O001745,S027,Call,2024-09-14 12:39:00,34
ACT0010570,O001746,S002,Meeting,2024-03-01 17:07:00,62
ACT0010571,O001746,S002,Email,2024-03-01 11:00:00,0
ACT0010572,O001746,S002,Call,2024-02-01 10:33:00,25
ACT0010573,O001746,S002,Meeting,2024-03-05 17:30:00,57
ACT0010574,O001746,S002,Demo,2024-02-09 11:03:00,88
ACT0010575,O001746,S002,Call,2024-01-30 18:55:00,33
ACT0010576,O001747,S033,Email,2025-02-23 11:09:00,0
ACT0010577,O001747,S033,Call,2025-02-08 18:09:00,30
ACT0010578,O001747,S033,Email,2025-02-05 11:13:00,0
ACT0010579,O001747,S033,Email,2025-03-04 09:07:00,0
ACT0010580,O001747,S033,Meeting,2025-02-07 11:53:00,88
ACT0010581,O001748,S017,Demo,2025-03-02 09:26:00,76
ACT0010582,O001748,S017,Call,2025-03-09 14:34:00,21
ACT0010583,O001748,S017,Meeting,2025-03-14 18:19:00,62
ACT0010584,O001748,S017,Meeting,2025-03-11 17:13:00,50
ACT0010585,O001748,S017,Call,2025-03-23 08:05:00,21
ACT0010586,O001749,S015,Email,2024-06-22 12:21:00,0
ACT0010587,O001749,S015,Meeting,2024-05-22 17:37:00,33
ACT0010588,O001749,S015,Email,2024-07-14 08:43:00,0
ACT0010589,O001749,S015,Email,2024-07-21 10:32:00,0
ACT0010590,O001749,S015,Meeting,2024-07-26 08:28:00,63
ACT0010591,O001750,S002,Call,2023-03-29 15:37:00,12
ACT0010592,O001750,S002,Email,2023-03-14 10:20:00,0
ACT0010593,O001750,S002,Email,2023-03-20 17:02:00,0
ACT0010594,O001750,S002,Demo,2023-05-05 09:36:00,98
ACT0010595,O001750,S002,Email,2023-04-14 17:05:00,0
ACT0010596,O001750,S002,Email,2023-05-07 18:55:00,0
ACT0010597,O001750,S002,Call,2023-05-07 08:36:00,38
ACT0010598,O001750,S002,Email,2023-05-02 09:14:00,0
ACT0010599,O001750,S002,Demo,2023-03-24 15:55:00,81
ACT0010600,O001751,S012,Demo,2023-07-07 10:49:00,106
ACT0010601,O001751,S012,Email,2023-07-04 14:44:00,0
ACT0010602,O001751,S012,Call,2023-07-19 14:04:00,21
ACT0010603,O001751,S012,Meeting,2023-06-19 15:12:00,52
ACT0010604,O001751,S012,Email,2023-07-02 14:35:00,0
ACT0010605,O001751,S012,Call,2023-06-20 14:14:00,21
ACT0010606,O001751,S012,Email,2023-07-10 11:26:00,0
ACT0010607,O001752,S019,Email,2024-06-17 18:00:00,0
ACT0010608,O001752,S019,Email,2024-06-17 12:07:00,0
ACT0010609,O001752,S019,Demo,2024-06-07 13:21:00,60
ACT0010610,O001752,S019,Meeting,2024-07-20 12:27:00,54
ACT0010611,O001752,S019,Meeting,2024-07-15 17:48:00,72
ACT0010612,O001752,S019,Email,2024-06-13 12:58:00,0
ACT0010613,O001752,S019,Email,2024-06-26 16:04:00,0
ACT0010614,O001752,S019,Email,2024-06-10 11:40:00,0
ACT0010615,O001752,S019,Call,2024-07-12 16:26:00,33
ACT0010616,O001752,S019,Email,2024-05-31 17:45:00,0
ACT0010617,O001752,S019,Email,2024-06-03 11:03:00,0
ACT0010618,O001752,S019,Call,2024-07-16 14:38:00,23
ACT0010619,O001752,S019,Meeting,2024-07-08 15:15:00,30
ACT0010620,O001752,S019,Email,2024-06-13 18:45:00,0
ACT0010621,O001752,S019,Call,2024-06-15 09:44:00,32
ACT0010622,O001753,S019,Email,2025-06-14 15:18:00,0
ACT0010623,O001753,S019,Call,2025-06-14 14:32:00,40
ACT0010624,O001754,S004,Meeting,2025-06-22 18:31:00,63
ACT0010625,O001754,S004,Call,2025-06-11 13:50:00,12
ACT0010626,O001754,S004,Email,2025-06-12 08:41:00,0
ACT0010627,O001754,S004,Meeting,2025-06-14 13:08:00,33
ACT0010628,O001755,S030,Email,2025-06-25 16:06:00,0
ACT0010629,O001755,S030,Email,2025-06-04 10:14:00,0
ACT0010630,O001755,S030,Meeting,2025-06-12 16:19:00,71
ACT0010631,O001755,S030,Meeting,2025-06-18 16:35:00,60
ACT0010632,O001755,S030,Meeting,2025-06-09 09:11:00,52
ACT0010633,O001755,S030,Meeting,2025-06-13 16:51:00,80
ACT0010634,O001755,S030,Meeting,2025-06-08 18:15:00,86
ACT0010635,O001756,S012,Meeting,2025-03-25 08:34:00,43
ACT0010636,O001756,S012,Email,2025-03-06 17:35:00,0
ACT0010637,O001756,S012,Call,2025-03-13 14:53:00,26
ACT0010638,O001756,S012,Call,2025-04-10 17:38:00,26
ACT0010639,O001756,S012,Meeting,2025-04-06 14:16:00,73
ACT0010640,O001756,S012,Email,2025-04-08 16:22:00,0
ACT0010641,O001757,S009,Meeting,2025-06-23 18:41:00,48
ACT0010642,O001757,S009,Call,2025-06-14 09:30:00,10
ACT0010643,O001757,S009,Call,2025-06-07 11:13:00,23
ACT0010644,O001758,S027,Call,2024-09-15 10:49:00,38
ACT0010645,O001758,S027,Call,2022-05-22 11:25:00,25
ACT0010646,O001758,S027,Demo,2024-09-16 12:10:00,93
ACT0010647,O001759,S033,Call,2025-05-28 15:50:00,11
ACT0010648,O001759,S033,Call,2025-06-20 13:01:00,29
ACT0010649,O001759,S033,Call,2025-03-14 08:41:00,15
ACT0010650,O001759,S033,Meeting,2025-04-24 11:41:00,51
ACT0010651,O001759,S033,Email,2025-04-30 13:25:00,0
ACT0010652,O001759,S033,Call,2025-06-26 12:46:00,19
ACT0010653,O001759,S033,Email,2025-02-10 16:05:00,0
ACT0010654,O001759,S033,Demo,2025-06-01 14:13:00,88
ACT0010655,O001760,S008,Meeting,2024-01-11 13:05:00,55
ACT0010656,O001760,S008,Email,2024-02-19 16:40:00,0
ACT0010657,O001761,S002,Demo,2025-05-26 17:23:00,70
ACT0010658,O001761,S002,Email,2025-05-13 14:03:00,0
ACT0010659,O001761,S002,Meeting,2025-05-30 18:05:00,64
ACT0010660,O001761,S002,Meeting,2025-05-16 16:31:00,83
ACT0010661,O001762,S009,Demo,2024-04-09 09:02:00,100
ACT0010662,O001762,S009,Email,2024-01-24 16:15:00,0
ACT0010663,O001762,S009,Call,2024-02-21 09:04:00,33
ACT0010664,O001763,S023,Meeting,2024-03-03 12:18:00,75
ACT0010665,O001763,S023,Email,2024-02-10 17:20:00,0
ACT0010666,O001763,S023,Meeting,2024-02-04 10:42:00,81
ACT0010667,O001763,S023,Call,2023-10-21 17:56:00,43
ACT0010668,O001763,S023,Email,2024-01-11 15:18:00,0
ACT0010669,O001763,S023,Demo,2024-01-28 10:57:00,67
ACT0010670,O001764,S009,Email,2024-02-03 16:03:00,0
ACT0010671,O001764,S009,Email,2023-12-26 15:46:00,0
ACT0010672,O001764,S009,Call,2023-12-09 16:18:00,20
ACT0010673,O001764,S009,Call,2024-01-21 09:24:00,9
ACT0010674,O001764,S009,Email,2024-01-02 15:57:00,0
ACT0010675,O001764,S009,Call,2024-01-27 12:16:00,7
ACT0010676,O001764,S009,Call,2023-11-30 17:53:00,25
ACT0010677,O001764,S009,Email,2023-11-17 14:39:00,0
ACT0010678,O001765,S033,Meeting,2024-11-08 16:55:00,37
ACT0010679,O001765,S033,Demo,2024-11-03 13:41:00,112
ACT0010680,O001765,S033,Meeting,2024-11-02 14:44:00,75
ACT0010681,O001765,S033,Meeting,2024-11-03 13:17:00,52
ACT0010682,O001765,S033,Meeting,2024-11-05 10:05:00,32
ACT0010683,O001766,S040,Email,2024-09-18 13:58:00,0
ACT0010684,O001766,S040,Email,2024-09-08 17:09:00,0
ACT0010685,O001766,S040,Email,2024-10-17 13:20:00,0
ACT0010686,O001766,S040,Email,2024-10-12 10:11:00,0
ACT0010687,O001766,S040,Email,2024-10-02 08:37:00,0
ACT0010688,O001766,S040,Call,2024-09-11 08:30:00,20
ACT0010689,O001766,S040,Email,2024-09-20 18:47:00,0
ACT0010690,O001767,S016,Email,2025-02-10 16:58:00,0
ACT0010691,O001767,S016,Email,2025-04-01 14:51:00,0
ACT0010692,O001767,S016,Call,2025-03-06 09:44:00,36
ACT0010693,O001767,S016,Email,2025-03-15 09:57:00,0
ACT0010694,O001767,S016,Email,2025-02-22 15:45:00,0
ACT0010695,O001767,S016,Demo,2025-02-21 09:30:00,97
ACT0010696,O001767,S016,Call,2025-03-04 17:55:00,7
ACT0010697,O001768,S031,Call,2025-06-16 16:00:00,12
ACT0010698,O001768,S031,Meeting,2025-06-28 09:04:00,49
ACT0010699,O001769,S001,Call,2025-06-20 18:11:00,13
ACT0010700,O001769,S001,Email,2025-06-20 10:46:00,0
ACT0010701,O001769,S001,Email,2025-06-01 15:44:00,0
ACT0010702,O001769,S001,Call,2025-05-20 16:21:00,27
ACT0010703,O001769,S001,Demo,2025-06-12 18:26:00,99
ACT0010704,O001770,S039,Email,2025-06-13 17:03:00,0
ACT0010705,O001770,S039,Call,2025-06-18 15:39:00,28
ACT0010706,O001771,S020,Email,2024-11-14 12:20:00,0
ACT0010707,O001771,S020,Demo,2024-10-28 08:49:00,114
ACT0010708,O001771,S020,Email,2024-11-22 15:24:00,0
ACT0010709,O001771,S020,Email,2024-10-16 08:11:00,0
ACT0010710,O001771,S020,Email,2024-11-23 11:44:00,0
ACT0010711,O001772,S026,Email,2024-06-02 13:51:00,0
ACT0010712,O001772,S026,Call,2024-05-28 11:59:00,27
ACT0010713,O001772,S026,Meeting,2024-05-17 16:34:00,56
ACT0010714,O001772,S026,Call,2024-04-20 11:02:00,27
ACT0010715,O001772,S026,Meeting,2024-04-21 13:34:00,76
ACT0010716,O001772,S026,Meeting,2024-05-21 17:43:00,52
ACT0010717,O001772,S026,Meeting,2024-05-31 11:24:00,71
ACT0010718,O001773,S025,Email,2025-05-10 11:38:00,0
ACT0010719,O001773,S025,Call,2025-05-14 18:13:00,34
ACT0010720,O001773,S025,Email,2025-05-17 16:01:00,0
ACT0010721,O001773,S025,Email,2025-05-10 17:53:00,0
ACT0010722,O001773,S025,Demo,2025-05-11 11:23:00,115
ACT0010723,O001773,S025,Email,2025-05-07 17:30:00,0
ACT0010724,O001774,S035,Email,2024-04-01 12:56:00,0
ACT0010725,O001774,S035,Email,2024-04-05 17:40:00,0
ACT0010726,O001774,S035,Meeting,2024-03-03 14:30:00,51
ACT0010727,O001774,S035,Email,2024-03-07 12:41:00,0
ACT0010728,O001774,S035,Email,2024-03-29 18:29:00,0
ACT0010729,O001774,S035,Demo,2024-03-09 09:49:00,86
ACT0010730,O001774,S035,Call,2024-03-23 08:14:00,6
ACT0010731,O001774,S035,Email,2024-03-22 16:38:00,0
ACT0010732,O001774,S035,Call,2024-04-05 14:53:00,44
ACT0010733,O001774,S035,Email,2024-03-15 13:37:00,0
ACT0010734,O001774,S035,Email,2024-03-13 10:44:00,0
ACT0010735,O001774,S035,Email,2024-03-24 09:06:00,0
ACT0010736,O001774,S035,Call,2024-03-06 18:11:00,11
ACT0010737,O001774,S035,Call,2024-04-04 17:57:00,9
ACT0010738,O001775,S012,Meeting,2025-03-21 11:43:00,51
ACT0010739,O001775,S012,Email,2025-03-06 11:02:00,0
ACT0010740,O001775,S012,Email,2025-02-18 13:33:00,0
ACT0010741,O001775,S012,Call,2025-02-20 10:16:00,41
ACT0010742,O001775,S012,Call,2025-02-12 09:57:00,26
ACT0010743,O001775,S012,Call,2025-03-07 14:47:00,8
ACT0010744,O001775,S012,Meeting,2025-02-15 16:07:00,34
ACT0010745,O001776,S037,Email,2023-08-18 15:30:00,0
ACT0010746,O001776,S037,Call,2023-07-23 14:23:00,43
ACT0010747,O001776,S037,Call,2023-07-25 16:45:00,21
ACT0010748,O001776,S037,Call,2023-08-04 17:16:00,42
ACT0010749,O001776,S037,Call,2023-07-23 15:04:00,19
ACT0010750,O001776,S037,Meeting,2023-07-31 16:56:00,49
ACT0010751,O001777,S009,Call,2024-12-08 10:16:00,11
ACT0010752,O001777,S009,Meeting,2024-12-08 08:38:00,89
ACT0010753,O001777,S009,Call,2024-12-26 17:17:00,43
ACT0010754,O001777,S009,Call,2025-03-15 17:22:00,17
ACT0010755,O001778,S022,Call,2025-03-29 09:40:00,19
ACT0010756,O001778,S022,Call,2025-03-25 13:22:00,36
ACT0010757,O001778,S022,Call,2025-04-11 13:29:00,18
ACT0010758,O001778,S022,Call,2025-03-26 08:06:00,27
ACT0010759,O001778,S022,Email,2025-04-03 13:03:00,0
ACT0010760,O001778,S022,Demo,2025-04-04 09:39:00,78
ACT0010761,O001779,S012,Email,2024-02-10 11:23:00,0
ACT0010762,O001779,S012,Email,2024-02-18 13:19:00,0
ACT0010763,O001779,S012,Email,2024-02-25 13:40:00,0
ACT0010764,O001779,S012,Email,2024-02-17 17:39:00,0
ACT0010765,O001779,S012,Call,2024-02-07 11:11:00,32
ACT0010766,O001780,S005,Call,2025-06-12 18:18:00,21
ACT0010767,O001781,S024,Meeting,2025-06-20 13:23:00,69
ACT0010768,O001782,S012,Meeting,2025-03-19 17:14:00,83
ACT0010769,O001782,S012,Call,2025-03-26 17:08:00,14
ACT0010770,O001782,S012,Call,2025-03-24 10:18:00,21
ACT0010771,O001782,S012,Email,2025-02-24 10:25:00,0
ACT0010772,O001783,S013,Email,2023-05-08 08:25:00,0
ACT0010773,O001783,S013,Email,2023-03-31 15:03:00,0
ACT0010774,O001783,S013,Demo,2023-04-26 09:08:00,65
ACT0010775,O001783,S013,Email,2023-04-15 10:50:00,0
ACT0010776,O001783,S013,Email,2023-04-30 09:31:00,0
ACT0010777,O001783,S013,Meeting,2023-04-26 18:07:00,43
ACT0010778,O001783,S013,Email,2023-04-22 12:47:00,0
ACT0010779,O001784,S023,Email,2023-07-15 14:58:00,0
ACT0010780,O001784,S023,Call,2023-07-21 14:42:00,15
ACT0010781,O001784,S023,Email,2023-07-06 10:53:00,0
ACT0010782,O001784,S023,Email,2023-06-14 16:40:00,0
ACT0010783,O001784,S023,Demo,2023-07-16 09:28:00,45
ACT0010784,O001784,S023,Email,2023-07-02 17:20:00,0
ACT0010785,O001784,S023,Demo,2023-07-30 18:12:00,48
ACT0010786,O001784,S023,Email,2023-07-20 12:51:00,0
ACT0010787,O001784,S023,Call,2023-07-31 14:53:00,16
ACT0010788,O001784,S023,Email,2023-06-18 14:29:00,0
ACT0010789,O001784,S023,Call,2023-06-21 09:58:00,26
ACT0010790,O001784,S023,Meeting,2023-06-18 10:56:00,68
ACT0010791,O001784,S023,Email,2023-06-30 08:36:00,0
ACT0010792,O001785,S005,Email,2025-01-06 09:25:00,0
ACT0010793,O001785,S005,Email,2024-12-12 08:27:00,0
ACT0010794,O001785,S005,Email,2025-01-10 13:38:00,0
ACT0010795,O001785,S005,Call,2024-11-11 15:52:00,44
ACT0010796,O001786,S040,Email,2024-02-03 11:08:00,0
ACT0010797,O001786,S040,Demo,2024-04-12 17:45:00,85
ACT0010798,O001786,S040,Email,2024-02-04 14:49:00,0
ACT0010799,O001786,S040,Call,2024-03-16 15:48:00,44
ACT0010800,O001786,S040,Meeting,2024-03-05 17:52:00,67
ACT0010801,O001786,S040,Email,2024-02-19 15:05:00,0
ACT0010802,O001787,S021,Email,2023-02-21 09:54:00,0
ACT0010803,O001787,S021,Demo,2023-03-18 10:20:00,60
ACT0010804,O001787,S021,Call,2023-03-11 09:24:00,37
ACT0010805,O001787,S021,Email,2023-03-19 08:09:00,0
ACT0010806,O001787,S021,Demo,2023-03-17 13:01:00,111
ACT0010807,O001787,S021,Email,2023-01-12 17:27:00,0
ACT0010808,O001787,S021,Meeting,2023-01-15 12:16:00,87
ACT0010809,O001788,S033,Email,2024-11-12 17:37:00,0
ACT0010810,O001788,S033,Call,2024-10-16 14:27:00,29
ACT0010811,O001788,S033,Call,2024-11-01 12:03:00,11
ACT0010812,O001788,S033,Email,2024-11-24 16:33:00,0
ACT0010813,O001788,S033,Call,2024-11-28 16:14:00,14
ACT0010814,O001788,S033,Email,2024-11-17 12:32:00,0
ACT0010815,O001788,S033,Meeting,2024-11-27 17:15:00,81
ACT0010816,O001788,S033,Meeting,2024-11-21 14:55:00,65
ACT0010817,O001789,S023,Demo,2023-08-21 09:01:00,99
ACT0010818,O001789,S023,Demo,2023-08-03 10:32:00,84
ACT0010819,O001789,S023,Call,2023-07-10 13:47:00,27
ACT0010820,O001789,S023,Email,2023-07-22 10:35:00,0
ACT0010821,O001790,S016,Call,2025-03-28 18:05:00,29
ACT0010822,O001790,S016,Email,2025-05-15 09:09:00,0
ACT0010823,O001790,S016,Call,2025-05-05 11:39:00,27
ACT0010824,O001791,S019,Email,2025-05-20 15:18:00,0
ACT0010825,O001791,S019,Email,2025-06-23 16:07:00,0
ACT0010826,O001791,S019,Email,2025-05-19 14:30:00,0
ACT0010827,O001791,S019,Email,2025-06-05 15:19:00,0
ACT0010828,O001791,S019,Email,2025-06-18 14:24:00,0
ACT0010829,O001791,S019,Email,2025-06-17 16:59:00,0
ACT0010830,O001791,S019,Call,2025-06-22 09:02:00,22
ACT0010831,O001791,S019,Meeting,2025-06-23 15:15:00,78
ACT0010832,O001792,S019,Demo,2023-06-30 13:44:00,83
ACT0010833,O001792,S019,Email,2023-06-16 16:13:00,0
ACT0010834,O001792,S019,Demo,2023-07-15 18:26:00,59
ACT0010835,O001793,S019,Email,2025-04-14 10:10:00,0
ACT0010836,O001793,S019,Email,2025-04-25 11:28:00,0
ACT0010837,O001793,S019,Demo,2025-04-12 17:26:00,108
ACT0010838,O001793,S019,Email,2025-04-29 09:33:00,0
ACT0010839,O001793,S019,Email,2025-04-15 13:43:00,0
ACT0010840,O001793,S019,Call,2025-04-28 15:48:00,33
ACT0010841,O001793,S019,Meeting,2025-04-15 15:29:00,65
ACT0010842,O001794,S009,Call,2024-05-09 14:09:00,41
ACT0010843,O001794,S009,Email,2024-06-06 12:43:00,0
ACT0010844,O001794,S009,Email,2024-06-17 11:47:00,0
ACT0010845,O001794,S009,Email,2024-03-09 11:01:00,0
ACT0010846,O001795,S016,Call,2023-06-15 09:37:00,27
ACT0010847,O001795,S016,Email,2023-04-11 14:57:00,0
ACT0010848,O001795,S016,Call,2023-06-05 08:32:00,40
ACT0010849,O001795,S016,Email,2023-05-03 14:15:00,0
ACT0010850,O001795,S016,Email,2023-05-04 13:34:00,0
ACT0010851,O001795,S016,Email,2023-07-05 09:52:00,0
ACT0010852,O001796,S040,Email,2023-09-10 11:48:00,0
ACT0010853,O001796,S040,Call,2023-09-14 15:45:00,43
ACT0010854,O001796,S040,Call,2023-09-18 17:11:00,15
ACT0010855,O001796,S040,Meeting,2023-09-18 16:37:00,77
ACT0010856,O001796,S040,Email,2023-09-14 12:52:00,0
ACT0010857,O001796,S040,Call,2023-09-05 09:44:00,37
ACT0010858,O001796,S040,Email,2023-09-22 12:11:00,0
ACT0010859,O001796,S040,Call,2023-09-06 18:38:00,10
ACT0010860,O001796,S040,Call,2023-09-07 09:37:00,33
ACT0010861,O001796,S040,Email,2023-08-26 12:49:00,0
ACT0010862,O001797,S016,Email,2025-05-04 18:51:00,0
ACT0010863,O001797,S016,Email,2025-04-08 10:29:00,0
ACT0010864,O001797,S016,Email,2025-05-22 09:13:00,0
ACT0010865,O001797,S016,Call,2025-04-16 14:42:00,9
ACT0010866,O001797,S016,Email,2025-06-03 11:41:00,0
ACT0010867,O001797,S016,Call,2025-04-20 09:07:00,25
ACT0010868,O001797,S016,Email,2025-04-26 11:25:00,0
ACT0010869,O001798,S029,Meeting,2025-03-24 17:58:00,42
ACT0010870,O001798,S029,Email,2025-03-14 12:26:00,0
ACT0010871,O001798,S029,Email,2025-03-02 18:01:00,0
ACT0010872,O001798,S029,Meeting,2025-03-13 08:21:00,87
ACT0010873,O001798,S029,Call,2025-03-14 18:43:00,6
ACT0010874,O001798,S029,Call,2025-03-04 12:04:00,14
ACT0010875,O001799,S010,Call,2025-06-17 14:26:00,22
ACT0010876,O001799,S010,Call,2025-06-18 08:27:00,10
ACT0010877,O001799,S010,Demo,2025-06-08 09:54:00,66
ACT0010878,O001799,S010,Meeting,2025-06-25 17:05:00,68
ACT0010879,O001799,S010,Meeting,2025-05-31 17:21:00,67
ACT0010880,O001799,S010,Call,2025-06-08 17:28:00,17
ACT0010881,O001800,S040,Email,2025-06-03 08:25:00,0
ACT0010882,O001800,S040,Email,2025-05-21 13:42:00,0
ACT0010883,O001800,S040,Email,2025-06-10 12:10:00,0
ACT0010884,O001800,S040,Call,2025-06-19 10:29:00,23
ACT0010885,O001800,S040,Email,2025-06-18 16:30:00,0
ACT0010886,O001800,S040,Demo,2025-06-09 08:17:00,72
ACT0010887,O001800,S040,Email,2025-05-31 09:17:00,0
ACT0010888,O001800,S040,Call,2025-06-10 11:01:00,11
ACT0010889,O001800,S040,Email,2025-06-05 18:57:00,0
ACT0010890,O001801,S005,Email,2024-01-04 11:22:00,0
ACT0010891,O001801,S005,Call,2024-01-04 08:33:00,8
ACT0010892,O001801,S005,Email,2024-01-13 14:27:00,0
ACT0010893,O001801,S005,Email,2023-12-31 16:47:00,0
ACT0010894,O001801,S005,Email,2024-01-10 11:50:00,0
ACT0010895,O001801,S005,Email,2024-01-02 08:36:00,0
ACT0010896,O001802,S032,Email,2023-05-16 12:13:00,0
ACT0010897,O001802,S032,Call,2023-06-16 18:43:00,33
ACT0010898,O001802,S032,Demo,2023-05-14 15:52:00,118
ACT0010899,O001802,S032,Email,2023-06-29 13:02:00,0
ACT0010900,O001802,S032,Meeting,2023-06-28 15:25:00,75
ACT0010901,O001802,S032,Email,2023-06-24 16:58:00,0
ACT0010902,O001803,S004,Demo,2025-06-28 18:59:00,48
ACT0010903,O001803,S004,Email,2025-06-30 09:12:00,0
ACT0010904,O001803,S004,Call,2025-06-30 13:50:00,26
ACT0010905,O001803,S004,Call,2025-06-25 14:06:00,36
ACT0010906,O001804,S012,Meeting,2025-03-06 09:30:00,37
ACT0010907,O001804,S012,Call,2025-02-25 13:18:00,11
ACT0010908,O001804,S012,Call,2025-02-25 17:32:00,20
ACT0010909,O001804,S012,Call,2025-02-01 14:30:00,12
ACT0010910,O001804,S012,Email,2025-02-26 13:10:00,0
ACT0010911,O001804,S012,Email,2025-03-28 12:47:00,0
ACT0010912,O001804,S012,Email,2025-03-16 12:23:00,0
ACT0010913,O001804,S012,Call,2025-03-24 09:29:00,27
ACT0010914,O001804,S012,Meeting,2025-03-27 12:05:00,31
ACT0010915,O001804,S012,Call,2025-01-30 17:01:00,11
ACT0010916,O001805,S012,Call,2025-01-10 18:17:00,20
ACT0010917,O001805,S012,Email,2025-01-10 12:57:00,0
ACT0010918,O001805,S012,Meeting,2025-01-07 16:12:00,79
ACT0010919,O001805,S012,Meeting,2024-12-29 09:48:00,30
ACT0010920,O001805,S012,Call,2025-01-06 13:56:00,12
ACT0010921,O001805,S012,Email,2025-01-04 12:12:00,0
ACT0010922,O001805,S012,Call,2024-12-26 13:35:00,8
ACT0010923,O001806,S028,Email,2025-03-28 12:10:00,0
ACT0010924,O001806,S028,Email,2025-04-01 08:27:00,0
ACT0010925,O001807,S001,Email,2025-03-14 09:01:00,0
ACT0010926,O001807,S001,Email,2025-03-04 12:25:00,0
ACT0010927,O001807,S001,Call,2025-03-08 08:16:00,15
ACT0010928,O001807,S001,Email,2025-03-08 17:45:00,0
ACT0010929,O001807,S001,Call,2025-02-26 16:41:00,43
ACT0010930,O001807,S001,Email,2025-03-19 08:41:00,0
ACT0010931,O001807,S001,Meeting,2025-03-20 10:24:00,34
ACT0010932,O001807,S001,Call,2025-02-14 16:48:00,11
ACT0010933,O001808,S011,Email,2025-06-04 11:27:00,0
ACT0010934,O001808,S011,Email,2025-05-30 10:08:00,0
ACT0010935,O001808,S011,Call,2025-06-25 10:32:00,31
ACT0010936,O001808,S011,Call,2025-06-06 18:15:00,40
ACT0010937,O001808,S011,Call,2025-05-14 09:51:00,39
ACT0010938,O001808,S011,Call,2025-06-04 12:02:00,26
ACT0010939,O001809,S014,Call,2024-03-26 18:59:00,18
ACT0010940,O001809,S014,Email,2024-04-09 16:06:00,0
ACT0010941,O001809,S014,Email,2024-03-11 16:00:00,0
ACT0010942,O001809,S014,Call,2024-03-24 10:23:00,35
ACT0010943,O001809,S014,Call,2024-04-02 18:28:00,30
ACT0010944,O001810,S018,Meeting,2024-08-29 12:53:00,76
ACT0010945,O001810,S018,Email,2024-09-14 18:36:00,0
ACT0010946,O001810,S018,Meeting,2024-09-10 13:45:00,80
ACT0010947,O001811,S022,Email,2025-01-05 14:32:00,0
ACT0010948,O001812,S026,Call,2023-09-11 16:58:00,42
ACT0010949,O001812,S026,Email,2023-09-19 14:17:00,0
ACT0010950,O001812,S026,Email,2023-09-14 14:54:00,0
ACT0010951,O001812,S026,Demo,2023-08-29 10:06:00,64
ACT0010952,O001812,S026,Call,2023-09-11 11:30:00,21
ACT0010953,O001813,S016,Email,2024-05-16 09:58:00,0
ACT0010954,O001813,S016,Call,2024-05-21 11:23:00,18
ACT0010955,O001813,S016,Call,2024-05-20 12:53:00,29
ACT0010956,O001813,S016,Email,2024-05-06 12:06:00,0
ACT0010957,O001813,S016,Email,2024-05-15 16:24:00,0
ACT0010958,O001814,S027,Email,2023-05-11 08:21:00,0
ACT0010959,O001814,S027,Meeting,2023-04-05 15:58:00,72
ACT0010960,O001814,S027,Call,2023-05-11 13:57:00,8
ACT0010961,O001814,S027,Meeting,2023-04-04 13:09:00,50
ACT0010962,O001814,S027,Email,2023-03-25 16:39:00,0
ACT0010963,O001815,S005,Email,2025-03-25 15:36:00,0
ACT0010964,O001815,S005,Email,2025-05-13 16:33:00,0
ACT0010965,O001815,S005,Call,2025-06-09 18:23:00,34
ACT0010966,O001815,S005,Call,2025-03-14 15:20:00,27
ACT0010967,O001815,S005,Email,2025-05-11 18:37:00,0
ACT0010968,O001816,S011,Email,2023-07-22 15:06:00,0
ACT0010969,O001816,S011,Email,2023-11-02 08:18:00,0
ACT0010970,O001816,S011,Email,2023-11-03 18:22:00,0
ACT0010971,O001816,S011,Call,2023-09-18 18:34:00,33
ACT0010972,O001816,S011,Call,2023-08-16 14:38:00,16
ACT0010973,O001816,S011,Meeting,2023-11-09 17:51:00,77
ACT0010974,O001816,S011,Call,2023-10-09 12:25:00,19
ACT0010975,O001816,S011,Demo,2023-10-20 13:22:00,94
ACT0010976,O001817,S001,Email,2024-11-02 17:22:00,0
ACT0010977,O001817,S001,Email,2024-09-24 09:58:00,0
ACT0010978,O001817,S001,Email,2024-10-21 13:51:00,0
ACT0010979,O001817,S001,Call,2024-10-23 09:25:00,17
ACT0010980,O001817,S001,Email,2024-10-22 14:29:00,0
ACT0010981,O001817,S001,Call,2024-11-08 15:28:00,22
ACT0010982,O001817,S001,Email,2024-10-26 10:47:00,0
ACT0010983,O001817,S001,Email,2024-10-18 15:09:00,0
ACT0010984,O001817,S001,Meeting,2024-10-24 08:39:00,58
ACT0010985,O001818,S020,Meeting,2024-09-14 13:47:00,51
ACT0010986,O001818,S020,Call,2024-08-12 10:18:00,44
ACT0010987,O001818,S020,Demo,2024-08-30 10:50:00,84
ACT0010988,O001818,S020,Meeting,2024-08-25 08:30:00,64
ACT0010989,O001818,S020,Meeting,2024-08-20 12:58:00,69
ACT0010990,O001818,S020,Call,2024-08-14 08:21:00,17
ACT0010991,O001818,S020,Email,2024-08-16 10:49:00,0
ACT0010992,O001819,S001,Demo,2024-07-08 16:43:00,75
ACT0010993,O001819,S001,Email,2024-05-05 17:38:00,0
ACT0010994,O001819,S001,Email,2024-06-29 13:00:00,0
ACT0010995,O001819,S001,Meeting,2024-07-29 08:44:00,41
ACT0010996,O001819,S001,Email,2024-05-07 17:45:00,0
ACT0010997,O001819,S001,Email,2024-07-26 13:30:00,0
ACT0010998,O001819,S001,Meeting,2024-05-17 17:39:00,88
ACT0010999,O001819,S001,Email,2024-04-20 16:54:00,0
ACT0011000,O001819,S001,Call,2024-05-10 18:09:00,29
ACT0011001,O001820,S015,Meeting,2025-04-17 18:41:00,50
ACT0011002,O001820,S015,Email,2025-05-25 13:57:00,0
ACT0011003,O001820,S015,Email,2025-06-29 10:30:00,0
ACT0011004,O001820,S015,Email,2025-04-08 13:08:00,0
ACT0011005,O001820,S015,Call,2025-06-19 09:36:00,30
ACT0011006,O001820,S015,Call,2025-04-26 12:07:00,27
ACT0011007,O001820,S015,Email,2025-05-11 16:52:00,0
ACT0011008,O001820,S015,Email,2025-06-27 14:56:00,0
ACT0011009,O001821,S021,Demo,2023-12-13 10:10:00,87
ACT0011010,O001821,S021,Email,2024-02-07 08:01:00,0
ACT0011011,O001821,S021,Email,2022-06-28 08:54:00,0
ACT0011012,O001821,S021,Meeting,2023-11-13 18:13:00,66
ACT0011013,O001821,S021,Call,2024-01-13 18:19:00,27
ACT0011014,O001821,S021,Meeting,2023-12-05 17:46:00,59
ACT0011015,O001822,S032,Meeting,2023-08-10 15:42:00,71
ACT0011016,O001822,S032,Call,2023-08-03 18:29:00,16
ACT0011017,O001822,S032,Email,2023-08-13 08:06:00,0
ACT0011018,O001822,S032,Email,2023-08-15 11:23:00,0
ACT0011019,O001822,S032,Demo,2023-08-01 15:48:00,46
ACT0011020,O001822,S032,Email,2023-08-07 14:58:00,0
ACT0011021,O001823,S008,Call,2025-02-07 09:00:00,15
ACT0011022,O001823,S008,Meeting,2025-01-18 17:24:00,35
ACT0011023,O001823,S008,Demo,2025-02-11 12:15:00,71
ACT0011024,O001823,S008,Demo,2025-02-04 18:54:00,97
ACT0011025,O001823,S008,Email,2025-01-16 10:07:00,0
ACT0011026,O001824,S027,Email,2024-03-03 16:39:00,0
ACT0011027,O001824,S027,Call,2024-02-25 12:33:00,20
ACT0011028,O001824,S027,Meeting,2024-03-02 09:19:00,76
ACT0011029,O001824,S027,Email,2024-02-23 17:09:00,0
ACT0011030,O001824,S027,Call,2024-02-24 17:31:00,34
ACT0011031,O001824,S027,Call,2024-03-04 09:41:00,24
ACT0011032,O001824,S027,Call,2024-03-04 09:12:00,11
ACT0011033,O001825,S008,Call,2025-06-05 08:47:00,14
ACT0011034,O001825,S008,Meeting,2025-05-12 12:40:00,41
ACT0011035,O001825,S008,Demo,2025-06-06 08:19:00,74
ACT0011036,O001825,S008,Call,2025-05-22 13:37:00,36
ACT0011037,O001825,S008,Email,2025-05-23 15:53:00,0
ACT0011038,O001826,S009,Demo,2025-05-22 10:28:00,53
ACT0011039,O001826,S009,Demo,2025-04-21 16:07:00,102
ACT0011040,O001826,S009,Call,2025-04-20 11:39:00,37
ACT0011041,O001826,S009,Call,2025-05-14 12:01:00,30
ACT0011042,O001826,S009,Email,2025-05-07 09:12:00,0
ACT0011043,O001826,S009,Email,2025-05-03 13:29:00,0
ACT0011044,O001827,S028,Call,2024-05-07 16:58:00,31
ACT0011045,O001827,S028,Meeting,2024-04-12 09:47:00,81
ACT0011046,O001827,S028,Meeting,2024-03-29 09:43:00,87
ACT0011047,O001827,S028,Email,2024-04-05 09:36:00,0
ACT0011048,O001827,S028,Email,2024-05-07 10:08:00,0
ACT0011049,O001827,S028,Call,2024-04-04 15:57:00,16
ACT0011050,O001827,S028,Email,2024-04-19 16:45:00,0
ACT0011051,O001827,S028,Email,2024-05-05 12:55:00,0
ACT0011052,O001828,S001,Email,2023-12-23 18:59:00,0
ACT0011053,O001828,S001,Email,2023-12-19 10:43:00,0
ACT0011054,O001828,S001,Call,2023-12-16 11:58:00,8
ACT0011055,O001828,S001,Meeting,2024-01-03 09:32:00,53
ACT0011056,O001828,S001,Demo,2023-12-26 11:26:00,103
ACT0011057,O001828,S001,Meeting,2023-12-20 17:49:00,45
ACT0011058,O001829,S030,Email,2024-11-08 16:26:00,0
ACT0011059,O001829,S030,Call,2024-11-07 08:18:00,9
ACT0011060,O001829,S030,Call,2024-11-08 17:48:00,37
ACT0011061,O001829,S030,Call,2024-11-01 12:40:00,9
ACT0011062,O001829,S030,Demo,2024-11-23 14:49:00,101
ACT0011063,O001829,S030,Call,2024-11-17 17:55:00,43
ACT0011064,O001829,S030,Email,2024-11-12 17:11:00,0
ACT0011065,O001829,S030,Email,2024-11-03 11:59:00,0
ACT0011066,O001829,S030,Call,2024-11-22 16:21:00,22
ACT0011067,O001830,S014,Meeting,2025-03-07 16:38:00,57
ACT0011068,O001830,S014,Call,2025-03-07 08:05:00,15
ACT0011069,O001831,S021,Email,2023-11-15 16:51:00,0
ACT0011070,O001831,S021,Call,2023-10-29 10:38:00,7
ACT0011071,O001831,S021,Email,2023-11-05 16:42:00,0
ACT0011072,O001831,S021,Email,2023-12-18 11:54:00,0
ACT0011073,O001831,S021,Email,2024-01-09 16:11:00,0
ACT0011074,O001832,S009,Meeting,2025-04-30 16:24:00,64
ACT0011075,O001832,S009,Call,2025-05-06 08:35:00,31
ACT0011076,O001832,S009,Demo,2025-05-17 17:14:00,70
ACT0011077,O001832,S009,Meeting,2025-05-25 13:55:00,66
ACT0011078,O001832,S009,Call,2025-04-20 16:42:00,15
ACT0011079,O001832,S009,Email,2025-04-22 09:48:00,0
ACT0011080,O001832,S009,Call,2025-05-05 17:09:00,14
ACT0011081,O001833,S010,Email,2024-02-29 10:23:00,0
ACT0011082,O001833,S010,Demo,2024-04-08 13:42:00,59
ACT0011083,O001833,S010,Email,2024-03-26 08:03:00,0
ACT0011084,O001833,S010,Demo,2024-04-22 14:47:00,104
ACT0011085,O001833,S010,Email,2024-03-04 11:14:00,0
ACT0011086,O001833,S010,Email,2024-03-26 09:41:00,0
ACT0011087,O001834,S026,Meeting,2025-06-25 18:43:00,80
ACT0011088,O001834,S026,Call,2025-06-30 16:24:00,10
ACT0011089,O001834,S026,Call,2025-06-30 17:53:00,6
ACT0011090,O001835,S031,Call,2024-08-16 15:36:00,24
ACT0011091,O001835,S031,Meeting,2024-07-23 16:54:00,38
ACT0011092,O001835,S031,Call,2024-08-20 15:19:00,22
ACT0011093,O001835,S031,Email,2024-07-21 09:36:00,0
ACT0011094,O001835,S031,Meeting,2024-09-12 14:17:00,79
ACT0011095,O001835,S031,Email,2024-08-29 15:57:00,0
ACT0011096,O001835,S031,Call,2024-08-22 10:17:00,17
ACT0011097,O001835,S031,Demo,2024-07-18 18:00:00,96
ACT0011098,O001836,S018,Email,2023-02-28 09:04:00,0
ACT0011099,O001836,S018,Call,2023-03-23 17:43:00,40
ACT0011100,O001836,S018,Meeting,2023-03-22 10:12:00,53
ACT0011101,O001837,S009,Call,2025-06-26 18:57:00,18
ACT0011102,O001837,S009,Email,2025-04-10 13:11:00,0
ACT0011103,O001837,S009,Demo,2025-05-09 14:17:00,58
ACT0011104,O001837,S009,Email,2025-05-27 17:02:00,0
ACT0011105,O001838,S011,Demo,2024-05-23 15:28:00,55
ACT0011106,O001838,S011,Email,2024-07-26 13:33:00,0
ACT0011107,O001838,S011,Call,2024-04-30 14:25:00,23
ACT0011108,O001838,S011,Email,2024-04-15 08:58:00,0
ACT0011109,O001839,S013,Call,2024-04-02 12:13:00,21
ACT0011110,O001839,S013,Email,2024-03-29 09:07:00,0
ACT0011111,O001839,S013,Call,2024-06-01 18:17:00,27
ACT0011112,O001839,S013,Email,2024-06-02 10:50:00,0
ACT0011113,O001839,S013,Email,2024-04-17 10:08:00,0
ACT0011114,O001839,S013,Email,2024-03-30 09:40:00,0
ACT0011115,O001839,S013,Call,2024-04-30 09:57:00,23
ACT0011116,O001839,S013,Email,2024-04-07 10:04:00,0
ACT0011117,O001839,S013,Meeting,2024-04-05 09:21:00,76
ACT0011118,O001839,S013,Demo,2024-05-29 12:40:00,110
ACT0011119,O001840,S026,Demo,2023-06-16 14:19:00,74
ACT0011120,O001840,S026,Meeting,2023-07-07 08:57:00,39
ACT0011121,O001841,S035,Meeting,2025-04-29 14:43:00,49
ACT0011122,O001841,S035,Call,2025-04-25 17:37:00,28
ACT0011123,O001841,S035,Meeting,2025-04-06 08:25:00,71
ACT0011124,O001841,S035,Call,2025-04-30 09:06:00,24
ACT0011125,O001841,S035,Email,2025-03-30 15:48:00,0
ACT0011126,O001841,S035,Call,2025-04-18 09:24:00,21
ACT0011127,O001841,S035,Meeting,2025-04-09 15:49:00,76
ACT0011128,O001841,S035,Call,2025-04-04 12:50:00,33
ACT0011129,O001842,S033,Email,2025-06-11 18:21:00,0
ACT0011130,O001842,S033,Email,2025-04-07 13:49:00,0
ACT0011131,O001842,S033,Email,2025-06-13 16:19:00,0
ACT0011132,O001842,S033,Demo,2025-05-26 14:10:00,92
ACT0011133,O001842,S033,Email,2025-06-18 10:58:00,0
ACT0011134,O001842,S033,Email,2025-06-26 09:50:00,0
ACT0011135,O001842,S033,Call,2025-04-08 14:59:00,31
ACT0011136,O001843,S033,Email,2023-06-21 14:51:00,0
ACT0011137,O001843,S033,Meeting,2023-08-05 09:24:00,79
ACT0011138,O001843,S033,Email,2023-07-22 10:51:00,0
ACT0011139,O001843,S033,Call,2023-07-04 18:21:00,38
ACT0011140,O001843,S033,Email,2023-04-03 09:38:00,0
ACT0011141,O001843,S033,Email,2023-05-01 14:45:00,0
ACT0011142,O001843,S033,Call,2023-06-17 17:04:00,11
ACT0011143,O001843,S033,Email,2023-07-23 11:20:00,0
ACT0011144,O001843,S033,Email,2023-08-05 16:18:00,0
ACT0011145,O001843,S033,Email,2023-06-14 17:01:00,0
ACT0011146,O001844,S037,Call,2025-06-09 17:12:00,43
ACT0011147,O001844,S037,Demo,2025-06-18 13:04:00,47
ACT0011148,O001844,S037,Email,2025-06-20 13:27:00,0
ACT0011149,O001845,S017,Email,2025-05-31 18:25:00,0
ACT0011150,O001845,S017,Call,2025-06-14 15:23:00,39
ACT0011151,O001845,S017,Email,2025-05-22 18:22:00,0
ACT0011152,O001845,S017,Call,2025-06-02 13:02:00,16
ACT0011153,O001845,S017,Meeting,2025-06-15 18:57:00,85
ACT0011154,O001845,S017,Meeting,2025-06-17 14:33:00,64
ACT0011155,O001845,S017,Email,2025-06-15 17:13:00,0
ACT0011156,O001845,S017,Call,2025-05-24 16:26:00,29
ACT0011157,O001845,S017,Email,2025-06-18 11:31:00,0
ACT0011158,O001845,S017,Email,2025-05-22 17:45:00,0
ACT0011159,O001845,S017,Call,2025-05-23 12:42:00,10
ACT0011160,O001845,S017,Email,2025-06-07 15:36:00,0
ACT0011161,O001845,S017,Meeting,2025-05-30 14:14:00,57
ACT0011162,O001846,S030,Email,2024-07-01 10:06:00,0
ACT0011163,O001846,S030,Email,2024-05-26 08:52:00,0
ACT0011164,O001846,S030,Call,2024-05-23 10:33:00,25
ACT0011165,O001846,S030,Email,2024-05-31 14:35:00,0
ACT0011166,O001846,S030,Email,2024-05-04 13:03:00,0
ACT0011167,O001846,S030,Demo,2024-05-18 09:47:00,96
ACT0011168,O001846,S030,Email,2024-05-18 08:02:00,0
ACT0011169,O001846,S030,Email,2024-07-04 08:56:00,0
ACT0011170,O001846,S030,Call,2024-06-08 14:53:00,15
ACT0011171,O001846,S030,Email,2024-04-23 10:00:00,0
ACT0011172,O001846,S030,Email,2024-06-27 15:51:00,0
ACT0011173,O001846,S030,Call,2024-05-08 13:15:00,17
ACT0011174,O001847,S012,Meeting,2024-03-15 15:45:00,76
ACT0011175,O001847,S012,Demo,2024-03-07 15:18:00,57
ACT0011176,O001847,S012,Email,2024-03-21 12:29:00,0
ACT0011177,O001848,S010,Email,2024-11-06 15:05:00,0
ACT0011178,O001848,S010,Email,2024-11-17 17:58:00,0
ACT0011179,O001848,S010,Meeting,2024-12-20 12:51:00,63
ACT0011180,O001848,S010,Meeting,2024-09-16 11:23:00,60
ACT0011181,O001848,S010,Email,2024-12-30 13:54:00,0
ACT0011182,O001848,S010,Call,2024-12-20 14:48:00,7
ACT0011183,O001848,S010,Demo,2024-11-22 10:44:00,87
ACT0011184,O001848,S010,Email,2024-12-29 13:20:00,0
ACT0011185,O001849,S030,Email,2025-05-07 09:43:00,0
ACT0011186,O001849,S030,Email,2025-03-10 16:10:00,0
ACT0011187,O001849,S030,Email,2025-04-28 10:02:00,0
ACT0011188,O001849,S030,Call,2025-03-01 14:44:00,36
ACT0011189,O001850,S031,Demo,2023-10-07 15:21:00,87
ACT0011190,O001850,S031,Email,2023-10-07 10:34:00,0
ACT0011191,O001851,S019,Email,2025-04-24 11:56:00,0
ACT0011192,O001851,S019,Email,2025-04-10 15:07:00,0
ACT0011193,O001851,S019,Email,2025-04-28 13:59:00,0
ACT0011194,O001851,S019,Email,2024-01-20 11:39:00,0
ACT0011195,O001851,S019,Email,2025-04-24 14:43:00,0
ACT0011196,O001851,S019,Call,2025-03-28 14:22:00,43
ACT0011197,O001851,S019,Email,2025-04-07 15:18:00,0
ACT0011198,O001851,S019,Call,2025-04-02 10:15:00,36
ACT0011199,O001852,S027,Email,2024-01-31 12:55:00,0
ACT0011200,O001852,S027,Email,2023-11-11 10:37:00,0
ACT0011201,O001852,S027,Call,2024-01-19 08:13:00,11
ACT0011202,O001852,S027,Call,2024-02-02 10:56:00,18
ACT0011203,O001852,S027,Meeting,2023-12-30 09:44:00,78
ACT0011204,O001852,S027,Email,2024-01-17 10:57:00,0
ACT0011205,O001852,S027,Meeting,2023-11-21 09:05:00,34
ACT0011206,O001852,S027,Meeting,2023-12-20 11:51:00,62
ACT0011207,O001853,S002,Meeting,2023-11-24 15:18:00,86
ACT0011208,O001853,S002,Email,2023-11-25 16:51:00,0
ACT0011209,O001853,S002,Email,2023-12-05 12:00:00,0
ACT0011210,O001853,S002,Meeting,2023-11-25 11:14:00,58
ACT0011211,O001853,S002,Call,2023-12-05 18:54:00,18
ACT0011212,O001853,S002,Call,2023-11-26 15:24:00,21
ACT0011213,O001853,S002,Call,2023-11-26 08:34:00,24
ACT0011214,O001854,S019,Call,2023-04-11 16:17:00,21
ACT0011215,O001854,S019,Email,2023-04-07 16:03:00,0
ACT0011216,O001854,S019,Demo,2023-04-30 08:54:00,50
ACT0011217,O001854,S019,Demo,2023-04-15 12:32:00,96
ACT0011218,O001854,S019,Meeting,2023-04-08 08:37:00,59
ACT0011219,O001854,S019,Email,2023-04-14 09:46:00,0
ACT0011220,O001854,S019,Call,2023-04-17 14:05:00,26
ACT0011221,O001854,S019,Meeting,2023-04-18 09:10:00,51
ACT0011222,O001854,S019,Call,2023-05-02 14:36:00,7
ACT0011223,O001855,S033,Email,2025-04-29 08:52:00,0
ACT0011224,O001855,S033,Email,2025-04-17 10:05:00,0
ACT0011225,O001855,S033,Demo,2025-04-13 11:37:00,73
ACT0011226,O001855,S033,Email,2025-05-07 10:29:00,0
ACT0011227,O001855,S033,Call,2025-05-02 10:29:00,8
ACT0011228,O001855,S033,Call,2025-05-02 18:35:00,31
ACT0011229,O001855,S033,Email,2025-05-10 15:08:00,0
ACT0011230,O001855,S033,Email,2025-05-08 09:12:00,0
ACT0011231,O001856,S016,Email,2025-06-07 18:41:00,0
ACT0011232,O001856,S016,Email,2025-06-24 11:03:00,0
ACT0011233,O001856,S016,Email,2025-06-30 11:43:00,0
ACT0011234,O001857,S009,Meeting,2025-06-28 17:08:00,56
ACT0011235,O001858,S005,Email,2024-11-23 08:27:00,0
ACT0011236,O001858,S005,Meeting,2024-11-28 15:32:00,51
ACT0011237,O001858,S005,Email,2024-12-08 11:04:00,0
ACT0011238,O001858,S005,Call,2023-11-06 12:42:00,7
ACT0011239,O001858,S005,Meeting,2024-11-28 11:20:00,82
ACT0011240,O001858,S005,Email,2024-12-10 18:05:00,0
ACT0011241,O001858,S005,Email,2024-12-14 15:35:00,0
ACT0011242,O001858,S005,Call,2024-11-24 13:43:00,41
ACT0011243,O001858,S005,Email,2024-12-10 11:18:00,0
ACT0011244,O001858,S005,Demo,2024-12-14 13:31:00,79
ACT0011245,O001858,S005,Call,2024-11-12 11:32:00,19
ACT0011246,O001859,S030,Email,2024-06-12 16:52:00,0
ACT0011247,O001859,S030,Email,2024-05-16 15:36:00,0
ACT0011248,O001859,S030,Email,2024-06-13 09:18:00,0
ACT0011249,O001859,S030,Email,2024-04-17 13:53:00,0
ACT0011250,O001859,S030,Email,2024-06-03 10:42:00,0
ACT0011251,O001859,S030,Email,2024-05-21 17:50:00,0
ACT0011252,O001859,S030,Demo,2024-06-14 15:34:00,104
ACT0011253,O001860,S022,Email,2025-06-25 11:44:00,0
ACT0011254,O001860,S022,Email,2025-06-21 08:43:00,0
ACT0011255,O001860,S022,Demo,2025-06-23 08:51:00,64
ACT0011256,O001861,S037,Call,2025-04-06 17:01:00,22
ACT0011257,O001861,S037,Call,2025-04-24 10:58:00,24
ACT0011258,O001861,S037,Demo,2025-04-03 13:50:00,45
ACT0011259,O001861,S037,Call,2025-04-08 11:29:00,11
ACT0011260,O001861,S037,Email,2025-04-13 09:29:00,0
ACT0011261,O001862,S021,Call,2025-01-17 09:54:00,34
ACT0011262,O001862,S021,Email,2024-12-25 14:37:00,0
ACT0011263,O001862,S021,Meeting,2024-12-19 08:49:00,89
ACT0011264,O001862,S021,Call,2025-01-10 10:49:00,23
ACT0011265,O001862,S021,Call,2025-01-20 18:40:00,40
ACT0011266,O001862,S021,Email,2024-12-17 16:21:00,0
ACT0011267,O001862,S021,Call,2025-01-02 09:59:00,6
ACT0011268,O001862,S021,Call,2025-01-16 13:48:00,29
ACT0011269,O001862,S021,Meeting,2025-01-30 10:18:00,65
ACT0011270,O001863,S004,Demo,2025-05-03 18:52:00,82
ACT0011271,O001863,S004,Email,2025-04-26 16:03:00,0
ACT0011272,O001863,S004,Email,2023-11-01 08:04:00,0
ACT0011273,O001863,S004,Email,2025-05-03 17:34:00,0
ACT0011274,O001863,S004,Email,2025-05-03 08:35:00,0
ACT0011275,O001863,S004,Call,2025-04-28 18:37:00,43
ACT0011276,O001863,S004,Call,2025-04-25 18:15:00,14
ACT0011277,O001864,S005,Meeting,2025-05-19 14:30:00,48
ACT0011278,O001864,S005,Call,2025-05-13 11:14:00,34
ACT0011279,O001864,S005,Demo,2025-04-29 09:14:00,53
ACT0011280,O001864,S005,Email,2025-05-09 14:02:00,0
ACT0011281,O001864,S005,Call,2025-04-29 17:04:00,44
ACT0011282,O001864,S005,Email,2025-04-24 16:58:00,0
ACT0011283,O001864,S005,Demo,2025-04-28 08:30:00,63
ACT0011284,O001865,S023,Meeting,2024-03-16 09:51:00,89
ACT0011285,O001865,S023,Call,2024-04-07 14:22:00,17
ACT0011286,O001865,S023,Call,2024-03-15 13:10:00,44
ACT0011287,O001865,S023,Call,2024-03-30 11:39:00,39
ACT0011288,O001865,S023,Email,2024-03-18 08:34:00,0
ACT0011289,O001865,S023,Meeting,2024-03-19 12:10:00,43
ACT0011290,O001866,S009,Call,2025-06-06 11:10:00,29
ACT0011291,O001866,S009,Meeting,2025-06-08 17:46:00,40
ACT0011292,O001866,S009,Email,2025-06-19 10:43:00,0
ACT0011293,O001866,S009,Demo,2025-06-06 13:46:00,84
ACT0011294,O001867,S019,Call,2023-08-28 18:07:00,31
ACT0011295,O001867,S019,Email,2023-08-08 09:32:00,0
ACT0011296,O001867,S019,Email,2023-08-10 16:32:00,0
ACT0011297,O001867,S019,Call,2023-08-21 18:50:00,5
ACT0011298,O001867,S019,Demo,2023-08-15 13:59:00,95
ACT0011299,O001868,S025,Email,2025-05-02 17:28:00,0
ACT0011300,O001868,S025,Call,2025-06-29 16:46:00,26
ACT0011301,O001868,S025,Email,2025-05-07 10:35:00,0
ACT0011302,O001868,S025,Call,2025-06-15 12:08:00,43
ACT0011303,O001868,S025,Demo,2025-06-01 13:29:00,99
ACT0011304,O001869,S005,Email,2024-04-07 14:20:00,0
ACT0011305,O001869,S005,Email,2024-04-11 11:09:00,0
ACT0011306,O001870,S040,Demo,2025-04-16 11:26:00,114
ACT0011307,O001870,S040,Email,2025-04-17 11:31:00,0
ACT0011308,O001870,S040,Call,2025-05-19 10:24:00,34
ACT0011309,O001870,S040,Meeting,2025-05-22 15:15:00,51
ACT0011310,O001870,S040,Email,2025-06-16 17:24:00,0
ACT0011311,O001871,S002,Call,2025-06-02 13:29:00,28
ACT0011312,O001871,S002,Call,2025-06-02 17:12:00,17
ACT0011313,O001871,S002,Email,2025-06-11 08:03:00,0
ACT0011314,O001871,S002,Email,2025-06-01 11:38:00,0
ACT0011315,O001871,S002,Meeting,2025-06-27 13:52:00,55
ACT0011316,O001872,S011,Call,2024-10-17 08:07:00,44
ACT0011317,O001872,S011,Demo,2024-09-15 18:27:00,79
ACT0011318,O001872,S011,Email,2024-10-09 10:12:00,0
ACT0011319,O001872,S011,Call,2024-11-19 13:41:00,21
ACT0011320,O001873,S038,Call,2025-04-21 14:06:00,38
ACT0011321,O001873,S038,Call,2023-01-21 18:20:00,27
ACT0011322,O001873,S038,Email,2025-04-18 14:13:00,0
ACT0011323,O001873,S038,Call,2025-04-13 10:46:00,26
ACT0011324,O001873,S038,Demo,2025-04-13 09:19:00,110
ACT0011325,O001874,S009,Email,2023-09-07 13:42:00,0
ACT0011326,O001874,S009,Email,2023-08-06 10:06:00,0
ACT0011327,O001874,S009,Call,2023-08-09 09:26:00,24
ACT0011328,O001874,S009,Email,2023-09-06 17:53:00,0
ACT0011329,O001874,S009,Email,2023-08-13 17:53:00,0
ACT0011330,O001874,S009,Email,2023-08-20 12:58:00,0
ACT0011331,O001875,S012,Meeting,2024-12-18 08:54:00,41
ACT0011332,O001875,S012,Call,2024-12-04 09:56:00,34
ACT0011333,O001875,S012,Demo,2024-11-16 14:19:00,72
ACT0011334,O001875,S012,Call,2024-12-09 13:04:00,22
ACT0011335,O001875,S012,Email,2024-12-15 15:37:00,0
ACT0011336,O001875,S012,Email,2024-12-18 14:45:00,0
ACT0011337,O001875,S012,Meeting,2024-12-13 12:53:00,62
ACT0011338,O001876,S008,Email,2025-06-11 17:24:00,0
ACT0011339,O001877,S022,Call,2025-06-23 10:29:00,10
ACT0011340,O001877,S022,Call,2025-06-24 08:40:00,8
ACT0011341,O001877,S022,Email,2025-06-22 11:49:00,0
ACT0011342,O001877,S022,Call,2025-06-28 14:15:00,42
ACT0011343,O001878,S016,Call,2023-04-04 15:44:00,13
ACT0011344,O001878,S016,Demo,2023-02-27 08:25:00,62
ACT0011345,O001878,S016,Email,2023-03-16 10:45:00,0
ACT0011346,O001878,S016,Call,2023-03-30 17:58:00,17
ACT0011347,O001878,S016,Meeting,2023-03-20 11:05:00,33
ACT0011348,O001878,S016,Meeting,2023-02-19 14:50:00,58
ACT0011349,O001878,S016,Call,2023-03-20 10:17:00,8
ACT0011350,O001878,S016,Call,2023-03-28 12:48:00,30
ACT0011351,O001878,S016,Meeting,2023-03-20 10:04:00,43
ACT0011352,O001878,S016,Call,2023-03-26 09:42:00,34
ACT0011353,O001879,S002,Call,2025-02-19 18:10:00,17
ACT0011354,O001879,S002,Call,2025-02-21 13:48:00,30
ACT0011355,O001879,S002,Call,2025-03-18 18:18:00,7
ACT0011356,O001879,S002,Email,2025-03-06 11:08:00,0
ACT0011357,O001880,S036,Email,2024-09-19 13:53:00,0
ACT0011358,O001880,S036,Call,2024-09-11 18:01:00,39
ACT0011359,O001880,S036,Email,2024-08-06 18:20:00,0
ACT0011360,O001880,S036,Call,2024-08-07 08:15:00,10
ACT0011361,O001880,S036,Call,2024-09-04 14:31:00,33
ACT0011362,O001881,S007,Email,2024-04-23 12:29:00,0
ACT0011363,O001881,S007,Email,2024-04-24 17:05:00,0
ACT0011364,O001881,S007,Meeting,2024-05-10 08:09:00,82
ACT0011365,O001881,S007,Email,2024-05-04 15:32:00,0
ACT0011366,O001881,S007,Email,2024-04-18 11:54:00,0
ACT0011367,O001881,S007,Email,2024-04-10 17:45:00,0
ACT0011368,O001881,S007,Call,2024-04-08 16:26:00,22
ACT0011369,O001882,S005,Email,2023-12-29 12:22:00,0
ACT0011370,O001882,S005,Call,2023-11-07 14:48:00,6
ACT0011371,O001882,S005,Demo,2023-12-24 08:22:00,82
ACT0011372,O001882,S005,Call,2023-09-23 12:35:00,30
ACT0011373,O001882,S005,Call,2024-01-31 09:46:00,9
ACT0011374,O001882,S005,Call,2023-11-06 12:15:00,11
ACT0011375,O001882,S005,Meeting,2023-10-16 16:58:00,61
ACT0011376,O001882,S005,Call,2023-10-19 18:00:00,23
ACT0011377,O001883,S019,Call,2024-07-04 09:53:00,27
ACT0011378,O001883,S019,Email,2024-06-29 12:53:00,0
ACT0011379,O001883,S019,Email,2024-07-10 15:43:00,0
ACT0011380,O001883,S019,Call,2024-07-02 08:27:00,35
ACT0011381,O001883,S019,Call,2024-07-04 10:14:00,17
ACT0011382,O001883,S019,Demo,2024-07-08 14:36:00,73
ACT0011383,O001883,S019,Call,2024-07-09 14:19:00,17
ACT0011384,O001883,S019,Call,2024-07-19 13:06:00,21
ACT0011385,O001883,S019,Meeting,2024-07-04 09:00:00,46
ACT0011386,O001884,S009,Demo,2025-06-30 12:13:00,67
ACT0011387,O001884,S009,Demo,2025-06-26 09:24:00,93
ACT0011388,O001885,S028,Email,2025-06-23 13:58:00,0
ACT0011389,O001885,S028,Demo,2025-06-20 15:55:00,85
ACT0011390,O001885,S028,Email,2025-06-29 17:47:00,0
ACT0011391,O001885,S028,Email,2025-06-24 15:47:00,0
ACT0011392,O001885,S028,Meeting,2025-06-30 10:46:00,87
ACT0011393,O001885,S028,Email,2025-06-26 18:49:00,0
ACT0011394,O001886,S020,Call,2024-04-05 11:34:00,9
ACT0011395,O001886,S020,Meeting,2024-03-20 16:59:00,80
ACT0011396,O001886,S020,Call,2024-03-19 17:44:00,26
ACT0011397,O001886,S020,Call,2024-05-03 10:42:00,33
ACT0011398,O001886,S020,Meeting,2024-05-16 14:30:00,54
ACT0011399,O001886,S020,Meeting,2024-04-07 15:46:00,78
ACT0011400,O001886,S020,Call,2024-05-14 08:59:00,31
ACT0011401,O001887,S008,Call,2023-10-25 14:55:00,19
ACT0011402,O001887,S008,Call,2023-11-02 18:49:00,15
ACT0011403,O001887,S008,Call,2023-10-07 09:42:00,15
ACT0011404,O001887,S008,Demo,2023-10-14 09:50:00,84
ACT0011405,O001887,S008,Call,2023-10-09 12:17:00,11
ACT0011406,O001887,S008,Call,2023-10-17 14:18:00,11
ACT0011407,O001887,S008,Email,2023-10-20 09:46:00,0
ACT0011408,O001887,S008,Email,2023-10-16 16:27:00,0
ACT0011409,O001888,S034,Meeting,2025-02-28 17:06:00,37
ACT0011410,O001888,S034,Meeting,2025-02-20 08:37:00,82
ACT0011411,O001888,S034,Call,2025-03-05 09:09:00,44
ACT0011412,O001888,S034,Email,2025-02-28 16:22:00,0
ACT0011413,O001888,S034,Call,2025-02-21 17:37:00,12
ACT0011414,O001888,S034,Call,2025-02-20 12:15:00,40
ACT0011415,O001888,S034,Meeting,2025-03-02 17:05:00,65
ACT0011416,O001888,S034,Call,2025-02-16 17:16:00,7
ACT0011417,O001889,S010,Demo,2023-01-10 14:54:00,114
ACT0011418,O001889,S010,Email,2023-01-17 16:37:00,0
ACT0011419,O001889,S010,Demo,2023-01-19 10:28:00,102
ACT0011420,O001889,S010,Email,2023-01-19 15:26:00,0
ACT0011421,O001889,S010,Meeting,2023-01-10 12:50:00,69
ACT0011422,O001890,S040,Call,2025-05-14 18:40:00,33
ACT0011423,O001890,S040,Email,2025-05-17 17:37:00,0
ACT0011424,O001890,S040,Email,2025-04-16 10:51:00,0
ACT0011425,O001890,S040,Call,2025-04-19 13:41:00,20
ACT0011426,O001890,S040,Call,2025-06-22 14:23:00,34
ACT0011427,O001890,S040,Call,2025-04-11 14:08:00,43
ACT0011428,O001891,S032,Email,2024-11-29 11:12:00,0
ACT0011429,O001892,S022,Meeting,2025-05-17 17:29:00,45
ACT0011430,O001892,S022,Call,2025-05-24 12:33:00,14
ACT0011431,O001892,S022,Call,2025-06-03 08:50:00,8
ACT0011432,O001892,S022,Call,2025-05-19 17:56:00,40
ACT0011433,O001892,S022,Call,2025-05-28 10:57:00,23
ACT0011434,O001892,S022,Email,2025-05-24 17:05:00,0
ACT0011435,O001892,S022,Call,2025-05-16 15:52:00,27
ACT0011436,O001892,S022,Call,2025-05-24 17:59:00,29
ACT0011437,O001892,S022,Email,2025-05-30 13:08:00,0
ACT0011438,O001893,S018,Email,2025-06-22 14:29:00,0
ACT0011439,O001893,S018,Email,2025-06-14 15:18:00,0
ACT0011440,O001894,S008,Call,2023-11-03 11:50:00,30
ACT0011441,O001894,S008,Demo,2023-11-12 18:37:00,73
ACT0011442,O001894,S008,Call,2023-11-17 13:39:00,11
ACT0011443,O001894,S008,Call,2023-09-29 14:29:00,14
ACT0011444,O001894,S008,Email,2023-10-17 13:04:00,0
ACT0011445,O001894,S008,Call,2023-11-25 11:16:00,29
ACT0011446,O001894,S008,Email,2023-10-19 17:24:00,0
ACT0011447,O001895,S034,Call,2025-05-13 11:18:00,33
ACT0011448,O001895,S034,Email,2025-05-24 14:58:00,0
ACT0011449,O001895,S034,Call,2025-05-15 18:28:00,34
ACT0011450,O001895,S034,Email,2025-06-07 16:48:00,0
ACT0011451,O001896,S034,Meeting,2025-06-01 17:36:00,65
ACT0011452,O001897,S031,Call,2022-09-28 14:35:00,40
ACT0011453,O001897,S031,Email,2024-10-07 16:11:00,0
ACT0011454,O001897,S031,Demo,2024-10-11 10:47:00,62
ACT0011455,O001897,S031,Call,2024-08-02 13:08:00,16
ACT0011456,O001898,S005,Email,2024-01-06 14:49:00,0
ACT0011457,O001898,S005,Demo,2024-01-26 16:23:00,57
ACT0011458,O001898,S005,Email,2024-01-14 13:52:00,0
ACT0011459,O001898,S005,Call,2024-02-07 09:48:00,40
ACT0011460,O001899,S019,Email,2025-03-28 09:56:00,0
ACT0011461,O001899,S019,Call,2025-04-08 16:47:00,41
ACT0011462,O001899,S019,Email,2025-03-19 08:28:00,0
ACT0011463,O001900,S033,Email,2023-04-14 11:16:00,0
ACT0011464,O001900,S033,Demo,2021-02-17 10:22:00,80
ACT0011465,O001900,S033,Meeting,2023-04-25 15:01:00,62
ACT0011466,O001900,S033,Call,2023-05-02 08:10:00,22
ACT0011467,O001900,S033,Call,2023-05-16 14:02:00,44
ACT0011468,O001900,S033,Call,2023-05-17 13:45:00,29
ACT0011469,O001900,S033,Call,2023-05-18 08:13:00,37
ACT0011470,O001901,S020,Call,2024-08-15 11:42:00,15
ACT0011471,O001901,S020,Demo,2024-08-20 15:18:00,118
ACT0011472,O001901,S020,Call,2024-07-23 17:09:00,16
ACT0011473,O001901,S020,Email,2024-07-13 13:28:00,0
ACT0011474,O001901,S020,Demo,2024-07-20 14:54:00,60
ACT0011475,O001901,S020,Call,2024-08-10 18:57:00,7
ACT0011476,O001901,S020,Demo,2024-07-22 14:00:00,86
ACT0011477,O001901,S020,Email,2024-08-05 12:23:00,0
ACT0011478,O001901,S020,Call,2024-08-07 16:23:00,36
ACT0011479,O001902,S016,Email,2025-06-23 10:53:00,0
ACT0011480,O001902,S016,Call,2025-06-29 13:34:00,36
ACT0011481,O001902,S016,Email,2025-06-25 09:56:00,0
ACT0011482,O001902,S016,Call,2025-06-26 11:58:00,42
ACT0011483,O001903,S009,Call,2025-02-24 16:23:00,32
ACT0011484,O001903,S009,Email,2024-12-25 11:39:00,0
ACT0011485,O001903,S009,Email,2025-02-06 12:26:00,0
ACT0011486,O001903,S009,Email,2025-01-24 14:04:00,0
ACT0011487,O001903,S009,Email,2025-02-20 11:11:00,0
ACT0011488,O001904,S022,Email,2024-11-23 17:24:00,0
ACT0011489,O001904,S022,Meeting,2024-11-19 13:19:00,52
ACT0011490,O001904,S022,Email,2024-12-25 17:07:00,0
ACT0011491,O001904,S022,Call,2024-11-18 09:13:00,12
ACT0011492,O001905,S005,Email,2024-08-11 10:19:00,0
ACT0011493,O001905,S005,Meeting,2024-08-02 12:28:00,61
ACT0011494,O001906,S034,Email,2025-04-23 17:24:00,0
ACT0011495,O001906,S034,Email,2025-05-08 15:29:00,0
ACT0011496,O001906,S034,Call,2025-05-23 08:17:00,42
ACT0011497,O001906,S034,Email,2025-05-23 10:33:00,0
ACT0011498,O001906,S034,Call,2025-05-11 17:26:00,18
ACT0011499,O001906,S034,Meeting,2025-05-22 13:55:00,32
ACT0011500,O001906,S034,Email,2025-05-22 10:50:00,0
ACT0011501,O001907,S010,Meeting,2025-05-10 17:21:00,33
ACT0011502,O001907,S010,Call,2025-05-30 09:14:00,44
ACT0011503,O001907,S010,Email,2025-05-17 15:16:00,0
ACT0011504,O001907,S010,Email,2025-05-29 10:35:00,0
ACT0011505,O001907,S010,Meeting,2025-05-08 12:06:00,80
ACT0011506,O001907,S010,Demo,2025-05-20 13:49:00,83
ACT0011507,O001907,S010,Call,2025-05-08 13:29:00,12
ACT0011508,O001908,S005,Call,2025-04-04 18:15:00,33
ACT0011509,O001908,S005,Email,2025-04-12 08:21:00,0
ACT0011510,O001908,S005,Demo,2025-04-30 09:44:00,52
ACT0011511,O001908,S005,Demo,2025-03-24 09:46:00,59
ACT0011512,O001908,S005,Call,2025-06-12 09:18:00,35
ACT0011513,O001909,S039,Meeting,2023-04-10 12:33:00,47
ACT0011514,O001909,S039,Email,2023-04-05 12:28:00,0
ACT0011515,O001909,S039,Email,2023-05-17 13:21:00,0
ACT0011516,O001909,S039,Call,2023-05-03 13:00:00,19
ACT0011517,O001910,S024,Call,2025-03-26 17:36:00,26
ACT0011518,O001910,S024,Email,2025-03-06 18:36:00,0
ACT0011519,O001910,S024,Email,2025-03-18 09:55:00,0
ACT0011520,O001910,S024,Email,2025-03-09 14:24:00,0
ACT0011521,O001910,S024,Meeting,2025-03-18 08:07:00,44
ACT0011522,O001910,S024,Call,2025-03-04 14:32:00,38
ACT0011523,O001910,S024,Call,2025-03-20 11:52:00,13
ACT0011524,O001910,S024,Call,2025-03-23 10:01:00,19
ACT0011525,O001910,S024,Call,2025-03-13 08:52:00,8
ACT0011526,O001910,S024,Call,2025-03-22 18:10:00,17
ACT0011527,O001911,S039,Call,2024-06-01 18:11:00,32
ACT0011528,O001911,S039,Call,2024-06-08 11:59:00,26
ACT0011529,O001911,S039,Call,2024-05-24 16:22:00,12
ACT0011530,O001911,S039,Email,2024-05-31 09:45:00,0
ACT0011531,O001911,S039,Meeting,2024-05-02 17:40:00,39
ACT0011532,O001911,S039,Call,2024-05-12 13:22:00,34
ACT0011533,O001911,S039,Meeting,2024-05-27 12:16:00,53
ACT0011534,O001912,S022,Demo,2025-03-15 11:01:00,102
ACT0011535,O001912,S022,Call,2025-03-12 09:27:00,9
ACT0011536,O001912,S022,Email,2025-03-11 18:44:00,0
ACT0011537,O001912,S022,Call,2025-03-31 12:10:00,17
ACT0011538,O001912,S022,Email,2025-02-24 10:53:00,0
ACT0011539,O001913,S025,Demo,2025-02-27 18:52:00,107
ACT0011540,O001913,S025,Email,2025-05-12 09:23:00,0
ACT0011541,O001913,S025,Email,2025-04-12 08:53:00,0
ACT0011542,O001913,S025,Call,2025-04-05 08:19:00,16
ACT0011543,O001913,S025,Email,2025-03-24 15:46:00,0
ACT0011544,O001913,S025,Meeting,2025-03-30 11:01:00,74
ACT0011545,O001913,S025,Meeting,2025-02-20 14:57:00,58
ACT0011546,O001914,S026,Meeting,2024-01-19 12:17:00,81
ACT0011547,O001914,S026,Email,2024-01-15 14:08:00,0
ACT0011548,O001915,S024,Email,2023-10-02 14:41:00,0
ACT0011549,O001915,S024,Call,2023-04-29 13:41:00,35
ACT0011550,O001915,S024,Email,2023-08-13 12:38:00,0
ACT0011551,O001915,S024,Email,2023-07-10 11:11:00,0
ACT0011552,O001915,S024,Call,2023-07-23 14:09:00,16
ACT0011553,O001915,S024,Demo,2023-06-18 17:48:00,77
ACT0011554,O001916,S033,Call,2025-05-22 12:31:00,26
ACT0011555,O001916,S033,Call,2025-05-17 10:03:00,19
ACT0011556,O001916,S033,Email,2025-05-13 16:22:00,0
ACT0011557,O001916,S033,Call,2025-05-22 16:24:00,11
ACT0011558,O001916,S033,Call,2025-05-08 17:15:00,26
ACT0011559,O001916,S033,Email,2025-05-17 18:05:00,0
ACT0011560,O001917,S038,Email,2024-01-29 13:22:00,0
ACT0011561,O001917,S038,Call,2023-12-09 15:02:00,13
ACT0011562,O001917,S038,Meeting,2023-09-23 08:59:00,33
ACT0011563,O001917,S038,Call,2023-10-05 08:21:00,19
ACT0011564,O001917,S038,Meeting,2023-10-22 18:55:00,38
ACT0011565,O001917,S038,Demo,2023-09-29 15:58:00,113
ACT0011566,O001917,S038,Demo,2024-01-17 12:00:00,57
ACT0011567,O001918,S011,Demo,2024-10-03 15:47:00,108
ACT0011568,O001918,S011,Meeting,2024-09-13 08:33:00,53
ACT0011569,O001918,S011,Email,2024-09-26 10:32:00,0
ACT0011570,O001918,S011,Call,2024-09-01 14:17:00,26
ACT0011571,O001919,S035,Call,2023-10-17 16:20:00,5
ACT0011572,O001919,S035,Meeting,2023-10-30 14:47:00,87
ACT0011573,O001919,S035,Call,2023-10-05 14:24:00,36
ACT0011574,O001920,S017,Call,2025-05-21 18:03:00,11
ACT0011575,O001921,S021,Call,2024-02-15 17:45:00,32
ACT0011576,O001921,S021,Meeting,2024-02-26 10:08:00,36
ACT0011577,O001921,S021,Call,2024-04-11 08:19:00,44
ACT0011578,O001921,S021,Meeting,2024-03-29 15:28:00,65
ACT0011579,O001921,S021,Email,2024-03-31 11:13:00,0
ACT0011580,O001921,S021,Email,2024-03-15 13:03:00,0
ACT0011581,O001921,S021,Call,2024-03-21 11:31:00,15
ACT0011582,O001922,S021,Call,2023-07-06 16:44:00,39
ACT0011583,O001922,S021,Email,2023-06-04 14:25:00,0
ACT0011584,O001922,S021,Demo,2023-07-18 11:34:00,85
ACT0011585,O001923,S035,Email,2023-10-24 14:41:00,0
ACT0011586,O001923,S035,Email,2023-10-19 09:50:00,0
ACT0011587,O001923,S035,Call,2023-10-22 11:58:00,12
ACT0011588,O001923,S035,Call,2023-10-22 17:43:00,33
ACT0011589,O001923,S035,Demo,2023-10-15 16:22:00,93
ACT0011590,O001923,S035,Call,2023-10-20 18:08:00,10
ACT0011591,O001923,S035,Call,2023-10-23 09:09:00,32
ACT0011592,O001923,S035,Email,2023-10-19 16:22:00,0
ACT0011593,O001923,S035,Call,2023-10-16 17:16:00,31
ACT0011594,O001924,S004,Email,2024-08-30 15:56:00,0
ACT0011595,O001924,S004,Demo,2024-08-18 10:00:00,64
ACT0011596,O001924,S004,Call,2024-08-20 13:15:00,25
ACT0011597,O001925,S022,Email,2024-10-18 13:33:00,0
ACT0011598,O001925,S022,Call,2024-10-22 14:04:00,14
ACT0011599,O001925,S022,Email,2024-10-15 09:25:00,0
ACT0011600,O001925,S022,Demo,2024-10-20 17:04:00,46
ACT0011601,O001925,S022,Call,2024-10-27 13:11:00,24
ACT0011602,O001925,S022,Call,2024-10-23 11:00:00,20
ACT0011603,O001926,S022,Demo,2025-04-19 15:03:00,57
ACT0011604,O001926,S022,Meeting,2025-05-19 11:58:00,75
ACT0011605,O001926,S022,Meeting,2023-12-18 12:21:00,70
ACT0011606,O001926,S022,Demo,2025-05-26 09:04:00,91
ACT0011607,O001926,S022,Meeting,2025-06-05 12:17:00,77
ACT0011608,O001926,S022,Email,2025-05-30 12:28:00,0
ACT0011609,O001926,S022,Meeting,2025-04-12 12:23:00,77
ACT0011610,O001927,S005,Call,2023-08-02 17:26:00,17
ACT0011611,O001927,S005,Call,2023-08-18 13:01:00,33
ACT0011612,O001927,S005,Call,2023-08-25 11:47:00,44
ACT0011613,O001927,S005,Call,2023-09-20 12:46:00,44
ACT0011614,O001927,S005,Call,2023-09-25 14:11:00,32
ACT0011615,O001927,S005,Call,2023-07-29 14:21:00,40
ACT0011616,O001927,S005,Email,2023-08-24 08:57:00,0
ACT0011617,O001928,S017,Email,2024-01-30 11:43:00,0
ACT0011618,O001928,S017,Meeting,2024-02-10 10:03:00,34
ACT0011619,O001928,S017,Demo,2024-01-24 11:41:00,56
ACT0011620,O001928,S017,Meeting,2024-02-08 14:25:00,30
ACT0011621,O001928,S017,Email,2024-02-04 10:23:00,0
ACT0011622,O001928,S017,Email,2024-01-30 18:43:00,0
ACT0011623,O001928,S017,Call,2024-02-08 09:10:00,12
ACT0011624,O001929,S012,Email,2025-02-21 17:53:00,0
ACT0011625,O001929,S012,Meeting,2025-02-19 12:43:00,34
ACT0011626,O001929,S012,Call,2025-02-26 08:37:00,20
ACT0011627,O001929,S012,Call,2025-02-23 12:55:00,27
ACT0011628,O001929,S012,Email,2025-02-24 13:46:00,0
ACT0011629,O001929,S012,Email,2025-02-19 18:39:00,0
ACT0011630,O001929,S012,Email,2025-02-20 15:06:00,0
ACT0011631,O001929,S012,Meeting,2025-02-22 14:20:00,63
ACT0011632,O001930,S004,Demo,2025-05-18 17:14:00,76
ACT0011633,O001930,S004,Call,2025-05-22 11:18:00,13
ACT0011634,O001930,S004,Call,2025-06-13 18:06:00,9
ACT0011635,O001930,S004,Call,2025-05-15 17:57:00,7
ACT0011636,O001930,S004,Call,2025-05-21 17:16:00,26
ACT0011637,O001931,S008,Email,2024-02-13 10:05:00,0
ACT0011638,O001931,S008,Demo,2024-01-30 16:38:00,54
ACT0011639,O001931,S008,Meeting,2024-01-29 14:46:00,83
ACT0011640,O001931,S008,Demo,2024-01-30 16:50:00,102
ACT0011641,O001931,S008,Demo,2024-02-08 14:19:00,80
ACT0011642,O001931,S008,Meeting,2024-02-04 15:39:00,34
ACT0011643,O001931,S008,Call,2024-01-17 18:14:00,12
ACT0011644,O001932,S033,Email,2023-03-06 14:23:00,0
ACT0011645,O001932,S033,Email,2023-02-04 11:01:00,0
ACT0011646,O001932,S033,Meeting,2023-02-05 12:00:00,79
ACT0011647,O001932,S033,Meeting,2023-02-13 09:46:00,65
ACT0011648,O001932,S033,Call,2023-02-12 17:24:00,8
ACT0011649,O001932,S033,Email,2023-03-07 08:37:00,0
ACT0011650,O001932,S033,Call,2023-02-08 16:30:00,11
ACT0011651,O001932,S033,Call,2023-02-14 13:11:00,17
ACT0011652,O001932,S033,Demo,2023-02-18 11:55:00,86
ACT0011653,O001932,S033,Call,2023-03-03 08:36:00,36
ACT0011654,O001932,S033,Email,2023-03-01 15:07:00,0
ACT0011655,O001933,S023,Email,2025-06-17 15:04:00,0
ACT0011656,O001933,S023,Call,2025-06-29 09:51:00,6
ACT0011657,O001933,S023,Call,2025-06-27 12:53:00,10
ACT0011658,O001933,S023,Call,2025-06-17 13:56:00,29
ACT0011659,O001933,S023,Call,2023-06-14 18:00:00,17
ACT0011660,O001933,S023,Email,2025-06-27 16:46:00,0
ACT0011661,O001934,S009,Email,2025-03-24 13:03:00,0
ACT0011662,O001934,S009,Call,2025-04-13 16:28:00,25
ACT0011663,O001934,S009,Email,2025-02-28 08:32:00,0
ACT0011664,O001935,S005,Call,2023-03-15 08:30:00,13
ACT0011665,O001935,S005,Call,2023-04-07 08:11:00,44
ACT0011666,O001935,S005,Call,2023-03-20 09:18:00,38
ACT0011667,O001935,S005,Call,2023-03-16 16:25:00,36
ACT0011668,O001936,S009,Call,2023-08-25 08:28:00,30
ACT0011669,O001936,S009,Call,2023-10-01 09:11:00,27
ACT0011670,O001936,S009,Call,2023-09-19 13:55:00,26
ACT0011671,O001936,S009,Meeting,2023-09-25 14:56:00,55
ACT0011672,O001937,S027,Demo,2023-11-22 13:28:00,73
ACT0011673,O001937,S027,Call,2023-11-25 18:49:00,28
ACT0011674,O001937,S027,Call,2023-12-11 09:53:00,43
ACT0011675,O001937,S027,Meeting,2023-11-11 10:12:00,64
ACT0011676,O001937,S027,Email,2023-12-02 18:54:00,0
ACT0011677,O001937,S027,Email,2023-12-19 17:09:00,0
ACT0011678,O001937,S027,Meeting,2023-12-24 11:17:00,80
ACT0011679,O001937,S027,Call,2023-12-04 15:23:00,25
ACT0011680,O001937,S027,Email,2023-12-05 15:44:00,0
ACT0011681,O001937,S027,Call,2023-11-21 15:06:00,43
ACT0011682,O001938,S032,Call,2024-12-29 15:35:00,40
ACT0011683,O001938,S032,Meeting,2024-12-31 09:13:00,46
ACT0011684,O001938,S032,Email,2024-12-26 10:38:00,0
ACT0011685,O001938,S032,Demo,2024-12-24 16:13:00,113
ACT0011686,O001938,S032,Call,2024-12-24 18:31:00,10
ACT0011687,O001938,S032,Meeting,2024-12-30 14:30:00,41
ACT0011688,O001938,S032,Email,2024-12-25 16:44:00,0
ACT0011689,O001938,S032,Call,2024-12-29 11:37:00,42
ACT0011690,O001938,S032,Email,2024-12-29 09:37:00,0
ACT0011691,O001939,S038,Call,2023-11-03 17:23:00,37
ACT0011692,O001939,S038,Demo,2024-02-17 18:04:00,66
ACT0011693,O001939,S038,Call,2023-12-25 14:31:00,14
ACT0011694,O001939,S038,Email,2023-11-17 12:46:00,0
ACT0011695,O001939,S038,Call,2024-02-24 11:28:00,31
ACT0011696,O001939,S038,Demo,2024-02-23 12:52:00,108
ACT0011697,O001939,S038,Email,2023-12-03 17:30:00,0
ACT0011698,O001940,S014,Email,2024-11-26 18:13:00,0
ACT0011699,O001940,S014,Email,2024-11-01 14:42:00,0
ACT0011700,O001940,S014,Call,2024-11-18 17:07:00,14
ACT0011701,O001940,S014,Call,2024-12-15 16:44:00,28
ACT0011702,O001940,S014,Email,2024-11-19 13:34:00,0
ACT0011703,O001940,S014,Demo,2024-11-01 09:17:00,47
ACT0011704,O001940,S014,Demo,2024-11-21 10:00:00,112
ACT0011705,O001940,S014,Demo,2024-11-10 16:23:00,64
ACT0011706,O001941,S021,Meeting,2023-02-24 14:22:00,43
ACT0011707,O001941,S021,Demo,2023-04-24 14:44:00,72
ACT0011708,O001941,S021,Email,2023-03-17 12:16:00,0
ACT0011709,O001941,S021,Email,2023-04-26 09:19:00,0
ACT0011710,O001941,S021,Email,2023-06-20 13:33:00,0
ACT0011711,O001941,S021,Call,2023-02-24 14:35:00,39
ACT0011712,O001941,S021,Call,2023-04-08 17:06:00,11
ACT0011713,O001941,S021,Call,2023-05-29 12:07:00,7
ACT0011714,O001942,S014,Email,2023-08-06 08:10:00,0
ACT0011715,O001942,S014,Demo,2023-09-21 13:07:00,71
ACT0011716,O001942,S014,Demo,2023-08-05 18:53:00,116
ACT0011717,O001942,S014,Email,2023-08-19 12:28:00,0
ACT0011718,O001942,S014,Email,2023-08-08 15:50:00,0
ACT0011719,O001942,S014,Email,2023-08-29 16:23:00,0
ACT0011720,O001942,S014,Call,2023-09-27 18:25:00,41
ACT0011721,O001943,S030,Meeting,2024-04-12 09:48:00,58
ACT0011722,O001943,S030,Email,2024-03-24 12:46:00,0
ACT0011723,O001943,S030,Email,2024-03-22 15:44:00,0
ACT0011724,O001943,S030,Call,2024-03-17 17:52:00,35
ACT0011725,O001943,S030,Email,2024-03-14 16:11:00,0
ACT0011726,O001944,S026,Email,2025-03-04 17:34:00,0
ACT0011727,O001944,S026,Email,2025-02-20 09:59:00,0
ACT0011728,O001944,S026,Demo,2025-02-28 12:56:00,65
ACT0011729,O001944,S026,Call,2025-02-26 14:45:00,37
ACT0011730,O001945,S023,Email,2023-08-06 14:29:00,0
ACT0011731,O001945,S023,Meeting,2023-07-25 18:48:00,64
ACT0011732,O001945,S023,Call,2023-07-28 16:18:00,33
ACT0011733,O001945,S023,Email,2023-07-22 12:45:00,0
ACT0011734,O001945,S023,Meeting,2023-07-25 12:58:00,55
ACT0011735,O001945,S023,Call,2023-07-26 09:32:00,26
ACT0011736,O001945,S023,Call,2023-07-31 12:50:00,35
ACT0011737,O001945,S023,Call,2023-07-22 15:28:00,37
ACT0011738,O001945,S023,Meeting,2023-07-25 09:28:00,40
ACT0011739,O001945,S023,Email,2023-07-29 11:24:00,0
ACT0011740,O001945,S023,Email,2023-07-31 17:42:00,0
ACT0011741,O001946,S009,Call,2023-06-07 08:28:00,38
ACT0011742,O001946,S009,Email,2023-05-30 18:18:00,0
ACT0011743,O001946,S009,Meeting,2023-05-14 10:54:00,59
ACT0011744,O001946,S009,Call,2023-05-24 17:23:00,24
ACT0011745,O001946,S009,Email,2023-05-10 18:17:00,0
ACT0011746,O001946,S009,Email,2023-05-15 11:12:00,0
ACT0011747,O001946,S009,Demo,2023-05-12 08:07:00,45
ACT0011748,O001947,S019,Email,2024-09-29 14:19:00,0
ACT0011749,O001947,S019,Email,2024-07-31 12:40:00,0
ACT0011750,O001947,S019,Call,2024-10-13 10:19:00,7
ACT0011751,O001947,S019,Email,2024-10-21 13:02:00,0
ACT0011752,O001947,S019,Call,2024-10-01 18:44:00,28
ACT0011753,O001947,S019,Call,2024-10-09 15:00:00,10
ACT0011754,O001947,S019,Demo,2024-09-26 08:06:00,77
ACT0011755,O001947,S019,Call,2024-10-07 14:45:00,38
ACT0011756,O001947,S019,Email,2024-10-21 13:39:00,0
ACT0011757,O001948,S002,Call,2023-05-14 18:23:00,37
ACT0011758,O001948,S002,Email,2023-04-20 09:16:00,0
ACT0011759,O001948,S002,Demo,2023-05-06 15:12:00,64
ACT0011760,O001948,S002,Email,2023-04-06 08:13:00,0
ACT0011761,O001948,S002,Call,2023-03-27 08:13:00,17
ACT0011762,O001949,S009,Email,2025-05-29 11:16:00,0
ACT0011763,O001949,S009,Meeting,2025-05-26 16:02:00,86
ACT0011764,O001949,S009,Call,2025-05-08 15:16:00,18
ACT0011765,O001950,S032,Email,2025-02-09 11:20:00,0
ACT0011766,O001950,S032,Call,2025-01-04 09:53:00,23
ACT0011767,O001950,S032,Email,2025-02-19 13:43:00,0
ACT0011768,O001950,S032,Email,2024-12-16 13:27:00,0
ACT0011769,O001951,S015,Email,2025-03-07 10:09:00,0
ACT0011770,O001951,S015,Call,2025-02-22 11:32:00,23
ACT0011771,O001951,S015,Email,2025-03-14 08:38:00,0
ACT0011772,O001951,S015,Email,2025-03-11 11:01:00,0
ACT0011773,O001951,S015,Call,2025-02-24 10:54:00,34
ACT0011774,O001951,S015,Demo,2025-03-22 16:47:00,106
ACT0011775,O001951,S015,Demo,2025-03-03 16:00:00,58
ACT0011776,O001951,S015,Call,2025-03-12 13:19:00,15
ACT0011777,O001952,S022,Call,2023-06-06 12:34:00,16
ACT0011778,O001952,S022,Call,2023-06-25 16:44:00,42
ACT0011779,O001952,S022,Email,2023-07-22 16:05:00,0
ACT0011780,O001952,S022,Call,2023-06-17 15:13:00,33
ACT0011781,O001952,S022,Email,2023-05-28 11:32:00,0
ACT0011782,O001952,S022,Meeting,2023-07-25 16:05:00,42
ACT0011783,O001952,S022,Meeting,2023-05-08 09:35:00,74
ACT0011784,O001952,S022,Demo,2023-06-06 17:04:00,111
ACT0011785,O001953,S020,Email,2023-07-30 10:10:00,0
ACT0011786,O001953,S020,Email,2023-08-07 16:43:00,0
ACT0011787,O001953,S020,Email,2023-07-28 18:21:00,0
ACT0011788,O001953,S020,Meeting,2023-06-05 10:09:00,82
ACT0011789,O001953,S020,Call,2023-07-01 09:10:00,35
ACT0011790,O001953,S020,Email,2023-08-13 10:35:00,0
ACT0011791,O001953,S020,Call,2023-07-30 18:53:00,18
ACT0011792,O001954,S016,Email,2024-01-21 13:40:00,0
ACT0011793,O001954,S016,Email,2024-01-24 09:34:00,0
ACT0011794,O001954,S016,Call,2024-02-02 10:52:00,40
ACT0011795,O001954,S016,Email,2024-01-23 14:22:00,0
ACT0011796,O001954,S016,Demo,2024-02-11 08:50:00,95
ACT0011797,O001955,S035,Meeting,2025-05-27 12:58:00,48
ACT0011798,O001955,S035,Demo,2025-06-08 17:45:00,56
ACT0011799,O001955,S035,Call,2025-06-02 12:05:00,42
ACT0011800,O001955,S035,Email,2025-06-02 15:19:00,0
ACT0011801,O001955,S035,Email,2025-05-19 17:58:00,0
ACT0011802,O001955,S035,Demo,2025-05-25 17:18:00,58
ACT0011803,O001955,S035,Meeting,2025-05-17 13:00:00,50
ACT0011804,O001955,S035,Call,2025-05-22 11:11:00,40
ACT0011805,O001956,S024,Email,2025-06-08 16:27:00,0
ACT0011806,O001956,S024,Email,2025-04-15 10:38:00,0
ACT0011807,O001956,S024,Demo,2025-06-01 16:39:00,87
ACT0011808,O001956,S024,Call,2025-05-31 13:16:00,33
ACT0011809,O001956,S024,Call,2025-06-15 14:44:00,39
ACT0011810,O001956,S024,Call,2025-03-20 08:13:00,22
ACT0011811,O001956,S024,Email,2025-06-26 09:43:00,0
ACT0011812,O001956,S024,Email,2025-04-25 09:14:00,0
ACT0011813,O001956,S024,Meeting,2025-05-29 08:38:00,62
ACT0011814,O001957,S031,Meeting,2025-03-19 08:55:00,82
ACT0011815,O001957,S031,Meeting,2025-04-15 08:32:00,45
ACT0011816,O001957,S031,Email,2025-05-06 14:36:00,0
ACT0011817,O001957,S031,Email,2025-05-14 09:53:00,0
ACT0011818,O001957,S031,Call,2025-05-10 14:16:00,9
ACT0011819,O001957,S031,Email,2025-04-11 11:19:00,0
ACT0011820,O001957,S031,Email,2025-04-18 18:38:00,0
ACT0011821,O001957,S031,Meeting,2025-05-13 13:11:00,56
ACT0011822,O001958,S037,Email,2025-03-09 14:24:00,0
ACT0011823,O001958,S037,Email,2025-03-13 17:33:00,0
ACT0011824,O001958,S037,Email,2025-03-08 12:14:00,0
ACT0011825,O001958,S037,Email,2025-03-22 13:27:00,0
ACT0011826,O001958,S037,Demo,2025-03-19 13:20:00,94
ACT0011827,O001959,S023,Demo,2024-08-06 11:27:00,74
ACT0011828,O001959,S023,Call,2024-08-19 11:16:00,30
ACT0011829,O001959,S023,Call,2024-08-15 18:34:00,21
ACT0011830,O001959,S023,Call,2024-07-16 13:24:00,31
ACT0011831,O001959,S023,Call,2024-08-17 11:39:00,28
ACT0011832,O001959,S023,Meeting,2024-07-14 11:42:00,73
ACT0011833,O001959,S023,Call,2024-07-13 17:53:00,33
ACT0011834,O001959,S023,Email,2024-07-23 12:37:00,0
ACT0011835,O001960,S005,Demo,2025-04-11 14:08:00,47
ACT0011836,O001960,S005,Call,2025-06-08 17:48:00,27
ACT0011837,O001960,S005,Call,2025-03-31 15:02:00,6
ACT0011838,O001960,S005,Call,2025-06-24 08:40:00,19
ACT0011839,O001960,S005,Call,2025-03-26 09:19:00,22
ACT0011840,O001960,S005,Call,2025-04-25 17:03:00,15
ACT0011841,O001960,S005,Email,2025-05-31 13:23:00,0
ACT0011842,O001961,S032,Call,2025-02-13 12:28:00,16
ACT0011843,O001961,S032,Email,2025-03-20 16:04:00,0
ACT0011844,O001961,S032,Call,2025-03-18 10:53:00,44
ACT0011845,O001962,S016,Meeting,2023-07-25 15:28:00,33
ACT0011846,O001962,S016,Call,2023-07-29 08:05:00,9
ACT0011847,O001962,S016,Email,2023-06-25 15:31:00,0
ACT0011848,O001962,S016,Meeting,2023-07-30 11:46:00,75
ACT0011849,O001962,S016,Call,2023-08-15 16:32:00,38
ACT0011850,O001962,S016,Email,2023-06-29 15:39:00,0
ACT0011851,O001962,S016,Call,2023-07-12 08:26:00,5
ACT0011852,O001962,S016,Call,2023-07-02 12:03:00,35
ACT0011853,O001962,S016,Call,2023-07-20 09:23:00,10
ACT0011854,O001962,S016,Meeting,2023-07-23 14:41:00,61
ACT0011855,O001963,S004,Email,2023-04-01 18:03:00,0
ACT0011856,O001963,S004,Call,2023-03-24 15:54:00,6
ACT0011857,O001963,S004,Email,2023-04-07 12:56:00,0
ACT0011858,O001963,S004,Call,2023-04-15 17:48:00,33
ACT0011859,O001963,S004,Demo,2023-03-31 18:02:00,57
ACT0011860,O001963,S004,Email,2023-04-01 14:59:00,0
ACT0011861,O001963,S004,Call,2023-03-26 13:13:00,37
ACT0011862,O001963,S004,Email,2023-03-28 09:36:00,0
ACT0011863,O001963,S004,Meeting,2023-03-23 18:26:00,48
ACT0011864,O001963,S004,Call,2023-04-10 09:47:00,14
ACT0011865,O001963,S004,Email,2023-04-16 16:39:00,0
ACT0011866,O001963,S004,Email,2023-04-03 13:27:00,0
ACT0011867,O001964,S015,Demo,2024-10-18 09:08:00,95
ACT0011868,O001964,S015,Meeting,2024-10-30 15:57:00,42
ACT0011869,O001964,S015,Email,2024-11-17 14:34:00,0
ACT0011870,O001964,S015,Meeting,2024-10-10 18:28:00,76
ACT0011871,O001964,S015,Call,2024-10-11 16:41:00,26
ACT0011872,O001964,S015,Call,2024-11-06 09:55:00,14
ACT0011873,O001965,S021,Email,2024-06-29 08:58:00,0
ACT0011874,O001965,S021,Email,2024-07-16 09:38:00,0
ACT0011875,O001965,S021,Email,2024-06-27 10:31:00,0
ACT0011876,O001965,S021,Email,2024-06-27 10:48:00,0
ACT0011877,O001965,S021,Meeting,2024-06-27 12:29:00,69
ACT0011878,O001965,S021,Meeting,2024-07-19 14:17:00,77
ACT0011879,O001965,S021,Call,2024-06-29 18:07:00,18
ACT0011880,O001965,S021,Email,2024-07-09 13:08:00,0
ACT0011881,O001966,S001,Meeting,2024-12-21 13:22:00,38
ACT0011882,O001966,S001,Demo,2024-12-26 16:49:00,107
ACT0011883,O001966,S001,Demo,2024-09-30 14:43:00,97
ACT0011884,O001966,S001,Call,2024-10-18 09:40:00,23
ACT0011885,O001966,S001,Demo,2024-10-24 09:24:00,93
ACT0011886,O001966,S001,Meeting,2024-10-07 08:47:00,47
ACT0011887,O001966,S001,Demo,2025-01-10 18:02:00,86
ACT0011888,O001967,S009,Email,2024-04-18 13:35:00,0
ACT0011889,O001967,S009,Email,2024-04-12 12:03:00,0
ACT0011890,O001967,S009,Call,2024-04-22 16:58:00,35
ACT0011891,O001967,S009,Call,2024-04-14 17:20:00,38
ACT0011892,O001967,S009,Call,2024-04-15 12:46:00,42
ACT0011893,O001967,S009,Demo,2024-04-13 11:27:00,45
ACT0011894,O001967,S009,Call,2024-04-20 10:51:00,44
ACT0011895,O001967,S009,Call,2024-04-18 17:41:00,9
ACT0011896,O001967,S009,Email,2024-04-22 09:20:00,0
ACT0011897,O001968,S029,Email,2023-06-30 09:53:00,0
ACT0011898,O001968,S029,Meeting,2023-07-03 13:08:00,71
ACT0011899,O001968,S029,Email,2023-06-29 12:53:00,0
ACT0011900,O001968,S029,Call,2023-06-13 18:40:00,18
ACT0011901,O001968,S029,Email,2023-06-28 18:58:00,0
ACT0011902,O001968,S029,Email,2023-06-27 18:58:00,0
ACT0011903,O001968,S029,Email,2023-06-22 10:12:00,0
ACT0011904,O001969,S012,Meeting,2023-09-04 11:39:00,56
ACT0011905,O001969,S012,Meeting,2023-09-17 13:20:00,49
ACT0011906,O001969,S012,Meeting,2023-08-23 10:43:00,30
ACT0011907,O001969,S012,Call,2023-09-01 18:34:00,12
ACT0011908,O001969,S012,Email,2023-08-21 08:27:00,0
ACT0011909,O001969,S012,Call,2023-09-02 13:18:00,25
ACT0011910,O001969,S012,Demo,2023-08-18 17:10:00,109
ACT0011911,O001969,S012,Email,2023-08-22 17:36:00,0
ACT0011912,O001969,S012,Email,2023-09-21 13:35:00,0
ACT0011913,O001969,S012,Email,2023-09-14 12:46:00,0
ACT0011914,O001969,S012,Email,2023-08-18 09:50:00,0
ACT0011915,O001969,S012,Call,2023-08-23 09:41:00,36
ACT0011916,O001969,S012,Email,2023-09-11 16:43:00,0
ACT0011917,O001970,S012,Call,2024-05-05 11:33:00,28
ACT0011918,O001970,S012,Email,2024-05-07 14:13:00,0
ACT0011919,O001970,S012,Call,2024-04-25 14:23:00,43
ACT0011920,O001970,S012,Meeting,2024-04-12 13:49:00,64
ACT0011921,O001970,S012,Call,2024-04-25 09:34:00,9
ACT0011922,O001970,S012,Call,2024-05-12 09:30:00,41
ACT0011923,O001971,S033,Meeting,2023-07-07 15:52:00,37
ACT0011924,O001971,S033,Call,2023-08-19 12:13:00,26
ACT0011925,O001971,S033,Demo,2023-09-15 09:21:00,62
ACT0011926,O001971,S033,Call,2023-07-06 17:18:00,27
ACT0011927,O001971,S033,Email,2023-09-17 17:55:00,0
ACT0011928,O001971,S033,Email,2023-07-11 15:02:00,0
ACT0011929,O001971,S033,Call,2023-07-07 16:00:00,27
ACT0011930,O001971,S033,Call,2023-08-11 16:33:00,8
ACT0011931,O001971,S033,Email,2023-09-28 18:45:00,0
ACT0011932,O001971,S033,Call,2023-06-16 09:03:00,36
ACT0011933,O001971,S033,Email,2023-08-11 17:36:00,0
ACT0011934,O001971,S033,Call,2023-10-01 09:58:00,31
ACT0011935,O001972,S026,Meeting,2025-06-30 15:15:00,48
ACT0011936,O001972,S026,Email,2025-06-28 17:45:00,0
ACT0011937,O001972,S026,Call,2025-06-26 12:27:00,24
ACT0011938,O001972,S026,Meeting,2025-06-27 13:58:00,81
ACT0011939,O001973,S010,Email,2023-12-21 13:32:00,0
ACT0011940,O001973,S010,Call,2023-12-15 15:26:00,32
ACT0011941,O001973,S010,Call,2023-12-25 13:54:00,32
ACT0011942,O001973,S010,Email,2023-12-17 10:47:00,0
ACT0011943,O001973,S010,Demo,2023-12-22 14:38:00,68
ACT0011944,O001973,S010,Email,2023-12-20 11:09:00,0
ACT0011945,O001973,S010,Meeting,2023-12-17 08:17:00,77
ACT0011946,O001974,S020,Email,2023-07-18 12:14:00,0
ACT0011947,O001974,S020,Email,2023-07-23 09:42:00,0
ACT0011948,O001974,S020,Meeting,2023-07-26 12:02:00,84
ACT0011949,O001975,S019,Call,2024-12-08 11:46:00,22
ACT0011950,O001975,S019,Email,2024-11-01 11:34:00,0
ACT0011951,O001975,S019,Demo,2024-12-10 16:13:00,107
ACT0011952,O001975,S019,Call,2024-10-26 11:57:00,25
ACT0011953,O001975,S019,Meeting,2024-11-25 13:48:00,78
ACT0011954,O001975,S019,Email,2024-11-01 14:51:00,0
ACT0011955,O001975,S019,Email,2024-11-03 10:16:00,0
ACT0011956,O001975,S019,Meeting,2024-11-23 17:33:00,49
ACT0011957,O001975,S019,Call,2024-12-16 15:56:00,26
ACT0011958,O001976,S026,Email,2024-07-08 15:45:00,0
ACT0011959,O001976,S026,Email,2024-08-03 13:20:00,0
ACT0011960,O001976,S026,Email,2024-07-21 16:26:00,0
ACT0011961,O001976,S026,Call,2024-07-10 17:51:00,33
ACT0011962,O001976,S026,Demo,2024-07-26 12:59:00,55
ACT0011963,O001977,S038,Call,2024-09-07 09:22:00,18
ACT0011964,O001977,S038,Email,2024-08-11 14:45:00,0
ACT0011965,O001977,S038,Email,2023-07-07 13:13:00,0
ACT0011966,O001978,S040,Meeting,2025-06-29 13:08:00,49
ACT0011967,O001979,S032,Meeting,2025-04-03 13:44:00,74
ACT0011968,O001979,S032,Email,2025-04-13 12:03:00,0
ACT0011969,O001979,S032,Call,2025-05-10 08:44:00,20
ACT0011970,O001979,S032,Email,2025-04-14 14:46:00,0
ACT0011971,O001979,S032,Meeting,2025-04-25 10:31:00,46
ACT0011972,O001979,S032,Call,2025-04-24 16:32:00,22
ACT0011973,O001979,S032,Call,2025-03-28 10:38:00,16
ACT0011974,O001979,S032,Email,2025-04-10 12:14:00,0
ACT0011975,O001979,S032,Call,2025-04-22 12:34:00,40
ACT0011976,O001980,S015,Email,2023-11-10 10:37:00,0
ACT0011977,O001980,S015,Email,2023-10-31 10:37:00,0
ACT0011978,O001980,S015,Email,2023-12-31 15:50:00,0
ACT0011979,O001980,S015,Meeting,2023-11-09 18:17:00,42
ACT0011980,O001980,S015,Call,2023-10-19 16:26:00,22
ACT0011981,O001980,S015,Email,2023-12-24 17:23:00,0
ACT0011982,O001980,S015,Call,2023-11-28 10:49:00,21
ACT0011983,O001980,S015,Meeting,2023-12-10 12:27:00,66
ACT0011984,O001980,S015,Meeting,2023-11-06 16:59:00,61
ACT0011985,O001981,S010,Email,2023-06-30 13:10:00,0
ACT0011986,O001981,S010,Email,2023-07-03 12:58:00,0
ACT0011987,O001981,S010,Meeting,2023-06-24 14:53:00,52
ACT0011988,O001981,S010,Meeting,2023-06-09 12:50:00,84
ACT0011989,O001981,S010,Call,2023-07-11 10:44:00,32
ACT0011990,O001982,S038,Email,2025-04-18 18:29:00,0
ACT0011991,O001982,S038,Email,2025-05-02 09:37:00,0
ACT0011992,O001982,S038,Call,2025-04-18 18:37:00,25
ACT0011993,O001982,S038,Demo,2025-03-07 11:59:00,94
ACT0011994,O001982,S038,Email,2025-02-22 10:31:00,0
ACT0011995,O001982,S038,Email,2025-03-27 18:08:00,0
ACT0011996,O001982,S038,Call,2025-03-19 12:18:00,19
ACT0011997,O001982,S038,Call,2025-03-27 15:36:00,35
ACT0011998,O001983,S031,Email,2025-06-18 09:03:00,0
ACT0011999,O001983,S031,Meeting,2025-06-17 08:37:00,32
ACT0012000,O001984,S003,Demo,2023-09-21 15:49:00,98
ACT0012001,O001984,S003,Call,2023-10-11 16:17:00,10
ACT0012002,O001984,S003,Call,2023-09-21 15:14:00,20
ACT0012003,O001984,S003,Email,2023-09-30 18:05:00,0
ACT0012004,O001984,S003,Email,2023-10-09 14:07:00,0
ACT0012005,O001984,S003,Meeting,2023-09-17 11:30:00,36
ACT0012006,O001984,S003,Email,2023-09-20 16:40:00,0
ACT0012007,O001984,S003,Call,2023-09-21 15:57:00,24
ACT0012008,O001984,S003,Meeting,2023-10-09 09:34:00,79
ACT0012009,O001984,S003,Call,2023-09-20 11:09:00,16
ACT0012010,O001984,S003,Call,2023-10-07 10:42:00,41
ACT0012011,O001985,S013,Meeting,2023-07-01 16:29:00,56
ACT0012012,O001985,S013,Email,2023-06-01 08:25:00,0
ACT0012013,O001985,S013,Call,2023-06-30 14:08:00,16
ACT0012014,O001985,S013,Call,2023-06-24 11:31:00,10
ACT0012015,O001985,S013,Email,2023-05-18 10:46:00,0
ACT0012016,O001985,S013,Call,2023-07-04 10:55:00,40
ACT0012017,O001985,S013,Call,2023-06-08 09:12:00,30
ACT0012018,O001986,S021,Email,2025-06-19 17:01:00,0
ACT0012019,O001986,S021,Email,2025-06-21 15:16:00,0
ACT0012020,O001986,S021,Email,2025-06-20 08:49:00,0
ACT0012021,O001987,S009,Call,2025-05-08 17:37:00,35
ACT0012022,O001987,S009,Call,2025-06-11 15:05:00,18
ACT0012023,O001987,S009,Email,2025-05-23 11:39:00,0
ACT0012024,O001987,S009,Email,2025-05-10 16:22:00,0
ACT0012025,O001987,S009,Email,2025-05-21 16:29:00,0
ACT0012026,O001988,S018,Call,2025-06-03 10:16:00,26
ACT0012027,O001988,S018,Demo,2025-06-09 18:59:00,47
ACT0012028,O001988,S018,Meeting,2025-05-27 16:19:00,80
ACT0012029,O001988,S018,Meeting,2025-05-30 12:44:00,31
ACT0012030,O001988,S018,Meeting,2025-06-23 08:25:00,48
ACT0012031,O001988,S018,Call,2025-05-17 15:58:00,15
ACT0012032,O001988,S018,Call,2025-06-10 09:14:00,17
ACT0012033,O001990,S023,Email,2025-05-29 10:50:00,0
ACT0012034,O001990,S023,Call,2025-06-05 13:14:00,38
ACT0012035,O001990,S023,Email,2025-05-17 14:50:00,0
ACT0012036,O001990,S023,Meeting,2025-05-07 10:17:00,70
ACT0012037,O001990,S023,Email,2025-05-24 16:17:00,0
ACT0012038,O001990,S023,Call,2025-05-17 14:09:00,32
ACT0012039,O001991,S023,Demo,2024-10-29 13:03:00,62
ACT0012040,O001991,S023,Email,2024-12-21 11:21:00,0
ACT0012041,O001991,S023,Call,2024-11-06 09:13:00,11
ACT0012042,O001991,S023,Email,2024-11-07 17:22:00,0
ACT0012043,O001992,S021,Demo,2025-06-29 18:02:00,88
ACT0012044,O001992,S021,Call,2025-06-14 13:22:00,22
ACT0012045,O001992,S021,Email,2025-05-29 08:37:00,0
ACT0012046,O001992,S021,Meeting,2025-06-10 18:04:00,85
ACT0012047,O001993,S015,Demo,2023-10-30 15:37:00,103
ACT0012048,O001993,S015,Email,2023-12-15 08:57:00,0
ACT0012049,O001993,S015,Meeting,2023-10-30 16:26:00,32
ACT0012050,O001993,S015,Email,2023-12-11 13:26:00,0
ACT0012051,O001994,S002,Call,2025-05-27 13:42:00,23
ACT0012052,O001994,S002,Call,2025-05-28 18:41:00,9
ACT0012053,O001994,S002,Call,2025-06-10 15:55:00,28
ACT0012054,O001994,S002,Email,2025-06-09 13:04:00,0
ACT0012055,O001994,S002,Email,2025-06-03 10:32:00,0
ACT0012056,O001994,S002,Call,2025-05-29 15:40:00,18
ACT0012057,O001995,S023,Email,2025-06-01 14:07:00,0
ACT0012058,O001995,S023,Call,2025-06-05 09:21:00,26
ACT0012059,O001995,S023,Email,2025-06-04 09:35:00,0
ACT0012060,O001995,S023,Call,2025-06-01 09:33:00,28
ACT0012061,O001995,S023,Meeting,2025-06-01 12:33:00,49
ACT0012062,O001996,S009,Email,2023-02-14 08:42:00,0
ACT0012063,O001996,S009,Call,2023-02-04 13:15:00,23
ACT0012064,O001996,S009,Meeting,2023-02-09 10:21:00,52
ACT0012065,O001996,S009,Email,2023-02-14 14:21:00,0
ACT0012066,O001997,S017,Call,2025-03-19 16:02:00,36
ACT0012067,O001997,S017,Email,2025-04-25 11:40:00,0
ACT0012068,O001997,S017,Email,2025-04-08 17:23:00,0
ACT0012069,O001997,S017,Email,2025-03-15 17:18:00,0
ACT0012070,O001997,S017,Call,2025-05-02 16:48:00,19
ACT0012071,O001997,S017,Meeting,2025-04-02 16:00:00,87
ACT0012072,O001997,S017,Email,2025-05-06 09:18:00,0
ACT0012073,O001997,S017,Call,2025-05-14 14:22:00,36
ACT0012074,O001997,S017,Email,2025-05-11 16:57:00,0
ACT0012075,O001997,S017,Email,2025-04-19 12:57:00,0
ACT0012076,O001998,S003,Email,2025-06-13 14:46:00,0
ACT0012077,O001998,S003,Email,2025-06-26 16:34:00,0
ACT0012078,O001999,S032,Email,2023-09-26 16:50:00,0
ACT0012079,O001999,S032,Call,2023-10-10 17:12:00,26
ACT0012080,O001999,S032,Call,2023-08-25 15:29:00,29
ACT0012081,O001999,S032,Meeting,2023-10-15 11:01:00,49
ACT0012082,O001999,S032,Meeting,2023-09-20 09:33:00,71
ACT0012083,O001999,S032,Call,2023-10-04 11:14:00,29
ACT0012084,O001999,S032,Demo,2023-10-23 17:01:00,111
ACT0012085,O001999,S032,Email,2023-10-25 12:22:00,0
ACT0012086,O001999,S032,Email,2023-10-20 18:47:00,0
ACT0012087,O001999,S032,Meeting,2023-09-10 15:38:00,32
ACT0012088,O001999,S032,Meeting,2023-09-09 12:09:00,41
ACT0012089,O002000,S040,Email,2023-11-09 17:54:00,0
ACT0012090,O002001,S009,Call,2023-12-16 14:09:00,22
ACT0012091,O002001,S009,Email,2024-03-24 16:31:00,0
ACT0012092,O002001,S009,Email,2023-11-23 13:32:00,0
ACT0012093,O002001,S009,Call,2024-02-08 10:46:00,33
ACT0012094,O002001,S009,Email,2023-12-31 14:28:00,0
ACT0012095,O002001,S009,Call,2024-02-29 12:29:00,23
ACT0012096,O002001,S009,Meeting,2024-02-13 18:42:00,39
ACT0012097,O002002,S033,Email,2025-04-30 14:57:00,0
ACT0012098,O002002,S033,Meeting,2025-05-08 16:38:00,71
ACT0012099,O002002,S033,Email,2025-05-30 17:52:00,0
ACT0012100,O002002,S033,Call,2025-05-05 17:57:00,25
ACT0012101,O002002,S033,Call,2025-05-22 13:18:00,13
ACT0012102,O002002,S033,Call,2025-05-27 13:43:00,22
ACT0012103,O002003,S011,Call,2025-06-15 08:37:00,5
ACT0012104,O002003,S011,Email,2025-05-18 10:14:00,0
ACT0012105,O002003,S011,Call,2025-04-29 10:29:00,13
ACT0012106,O002003,S011,Call,2025-05-18 11:06:00,25
ACT0012107,O002003,S011,Demo,2025-05-05 09:50:00,90
ACT0012108,O002003,S011,Call,2025-05-25 09:45:00,21
ACT0012109,O002003,S011,Meeting,2025-06-08 08:03:00,39
ACT0012110,O002003,S011,Demo,2025-05-21 14:37:00,109
ACT0012111,O002003,S011,Call,2025-05-02 14:06:00,13
ACT0012112,O002004,S034,Call,2025-04-20 13:49:00,9
ACT0012113,O002004,S034,Call,2025-04-24 16:26:00,18
ACT0012114,O002004,S034,Call,2025-05-01 10:22:00,18
ACT0012115,O002004,S034,Email,2025-05-21 14:53:00,0
ACT0012116,O002004,S034,Meeting,2025-05-08 10:59:00,55
ACT0012117,O002004,S034,Email,2025-04-24 17:11:00,0
ACT0012118,O002004,S034,Meeting,2025-05-06 10:49:00,48
ACT0012119,O002004,S034,Email,2025-05-13 11:42:00,0
ACT0012120,O002005,S031,Email,2023-02-15 15:29:00,0
ACT0012121,O002005,S031,Call,2023-02-12 09:16:00,41
ACT0012122,O002005,S031,Email,2023-02-08 15:45:00,0
ACT0012123,O002005,S031,Email,2023-02-25 09:33:00,0
ACT0012124,O002005,S031,Email,2023-02-16 16:03:00,0
ACT0012125,O002006,S005,Call,2023-06-17 09:11:00,9
ACT0012126,O002006,S005,Meeting,2023-06-14 13:57:00,73
ACT0012127,O002006,S005,Call,2023-07-19 17:18:00,32
ACT0012128,O002006,S005,Meeting,2023-07-04 18:32:00,69
ACT0012129,O002007,S019,Call,2023-02-19 13:13:00,23
ACT0012130,O002007,S019,Email,2023-03-04 13:03:00,0
ACT0012131,O002007,S019,Call,2023-03-09 10:31:00,17
ACT0012132,O002007,S019,Email,2023-03-14 11:49:00,0
ACT0012133,O002008,S022,Meeting,2025-06-22 08:45:00,50
ACT0012134,O002008,S022,Email,2025-06-28 11:47:00,0
ACT0012135,O002009,S029,Call,2023-09-18 13:19:00,6
ACT0012136,O002009,S029,Meeting,2023-09-18 16:40:00,87
ACT0012137,O002009,S029,Meeting,2023-09-16 08:17:00,40
ACT0012138,O002009,S029,Email,2023-09-11 10:45:00,0
ACT0012139,O002009,S029,Call,2023-09-28 09:47:00,43
ACT0012140,O002009,S029,Call,2023-09-12 17:04:00,25
ACT0012141,O002009,S029,Email,2023-09-12 11:20:00,0
ACT0012142,O002009,S029,Demo,2023-09-18 10:33:00,75
ACT0012143,O002009,S029,Email,2023-09-18 09:11:00,0
ACT0012144,O002010,S038,Call,2024-08-25 08:24:00,26
ACT0012145,O002010,S038,Email,2024-08-12 14:30:00,0
ACT0012146,O002010,S038,Email,2024-09-14 14:01:00,0
ACT0012147,O002010,S038,Demo,2024-07-22 14:40:00,53
ACT0012148,O002010,S038,Email,2024-08-12 08:31:00,0
ACT0012149,O002010,S038,Email,2024-08-06 13:22:00,0
ACT0012150,O002010,S038,Call,2024-08-07 09:02:00,37
ACT0012151,O002010,S038,Call,2024-09-03 16:56:00,30
ACT0012152,O002011,S037,Call,2024-03-19 08:48:00,6
ACT0012153,O002011,S037,Meeting,2024-04-09 10:50:00,80
ACT0012154,O002011,S037,Demo,2024-03-19 17:26:00,89
ACT0012155,O002011,S037,Call,2024-04-04 15:15:00,14
ACT0012156,O002011,S037,Meeting,2024-04-07 09:44:00,38
ACT0012157,O002011,S037,Meeting,2024-03-17 14:58:00,81
ACT0012158,O002012,S004,Call,2023-12-06 16:43:00,21
ACT0012159,O002012,S004,Email,2023-12-31 11:05:00,0
ACT0012160,O002012,S004,Call,2024-01-02 18:01:00,44
ACT0012161,O002012,S004,Call,2023-12-04 13:27:00,34
ACT0012162,O002012,S004,Meeting,2023-12-06 16:00:00,78
ACT0012163,O002013,S021,Email,2025-05-02 18:50:00,0
ACT0012164,O002013,S021,Call,2025-05-06 11:29:00,38
ACT0012165,O002013,S021,Call,2025-05-08 16:41:00,30
ACT0012166,O002013,S021,Call,2025-03-27 08:05:00,24
ACT0012167,O002013,S021,Call,2025-03-27 13:02:00,34
ACT0012168,O002013,S021,Call,2025-04-19 17:40:00,21
ACT0012169,O002013,S021,Meeting,2025-04-17 08:52:00,42
ACT0012170,O002013,S021,Meeting,2025-03-21 09:19:00,61
ACT0012171,O002014,S027,Email,2023-06-15 12:56:00,0
ACT0012172,O002014,S027,Email,2023-06-28 10:49:00,0
ACT0012173,O002014,S027,Call,2023-07-11 16:14:00,25
ACT0012174,O002014,S027,Demo,2023-06-07 08:01:00,70
ACT0012175,O002015,S008,Email,2025-06-28 10:21:00,0
ACT0012176,O002015,S008,Email,2025-06-22 10:03:00,0
ACT0012177,O002015,S008,Email,2025-06-27 14:36:00,0
ACT0012178,O002015,S008,Email,2025-06-27 11:19:00,0
ACT0012179,O002016,S020,Email,2025-06-11 10:40:00,0
ACT0012180,O002016,S020,Email,2025-06-07 16:13:00,0
ACT0012181,O002016,S020,Call,2025-05-22 14:33:00,24
ACT0012182,O002017,S017,Call,2025-04-13 12:48:00,34
ACT0012183,O002017,S017,Meeting,2025-03-20 18:47:00,84
ACT0012184,O002017,S017,Meeting,2025-03-09 10:33:00,88
ACT0012185,O002017,S017,Demo,2025-02-22 18:08:00,96
ACT0012186,O002017,S017,Demo,2025-03-06 08:22:00,82
ACT0012187,O002017,S017,Call,2025-03-01 11:09:00,19
ACT0012188,O002018,S038,Email,2024-01-26 13:40:00,0
ACT0012189,O002018,S038,Email,2024-01-27 09:50:00,0
ACT0012190,O002018,S038,Demo,2024-03-01 15:13:00,102
ACT0012191,O002018,S038,Meeting,2024-02-04 18:42:00,81
ACT0012192,O002018,S038,Demo,2024-02-28 13:01:00,85
ACT0012193,O002018,S038,Email,2024-03-05 13:22:00,0
ACT0012194,O002019,S031,Demo,2025-02-28 09:32:00,60
ACT0012195,O002019,S031,Meeting,2025-05-31 12:08:00,42
ACT0012196,O002019,S031,Email,2025-03-03 12:27:00,0
ACT0012197,O002019,S031,Meeting,2025-03-29 14:25:00,83
ACT0012198,O002020,S035,Meeting,2024-10-02 13:23:00,85
ACT0012199,O002020,S035,Meeting,2024-11-20 13:04:00,62
ACT0012200,O002020,S035,Meeting,2024-11-26 11:28:00,75
ACT0012201,O002020,S035,Meeting,2024-10-24 18:16:00,59
ACT0012202,O002020,S035,Meeting,2024-09-20 14:42:00,32
ACT0012203,O002021,S023,Call,2023-02-07 14:55:00,22
ACT0012204,O002021,S023,Call,2023-03-11 12:02:00,43
ACT0012205,O002022,S001,Meeting,2024-09-16 17:52:00,87
ACT0012206,O002022,S001,Email,2024-10-17 14:29:00,0
ACT0012207,O002022,S001,Email,2024-10-16 10:28:00,0
ACT0012208,O002022,S001,Demo,2024-10-23 15:47:00,81
ACT0012209,O002023,S039,Call,2024-08-23 10:48:00,21
ACT0012210,O002023,S039,Demo,2024-08-18 11:30:00,101
ACT0012211,O002023,S039,Call,2024-08-04 10:28:00,23
ACT0012212,O002023,S039,Email,2024-07-11 14:40:00,0
ACT0012213,O002023,S039,Email,2024-07-31 18:17:00,0
ACT0012214,O002023,S039,Call,2024-08-19 17:54:00,40
ACT0012215,O002023,S039,Demo,2024-07-15 08:16:00,57
ACT0012216,O002023,S039,Email,2024-06-27 13:47:00,0
ACT0012217,O002023,S039,Email,2024-08-28 09:07:00,0
ACT0012218,O002023,S039,Call,2024-07-11 10:35:00,36
ACT0012219,O002023,S039,Email,2024-06-25 15:30:00,0
ACT0012220,O002024,S024,Email,2023-07-12 12:07:00,0
ACT0012221,O002024,S024,Meeting,2023-06-29 17:14:00,39
ACT0012222,O002024,S024,Email,2023-07-18 09:30:00,0
ACT0012223,O002025,S011,Demo,2023-12-27 14:08:00,65
ACT0012224,O002025,S011,Email,2024-01-03 17:15:00,0
ACT0012225,O002025,S011,Call,2023-12-08 09:53:00,11
ACT0012226,O002025,S011,Meeting,2024-01-10 17:19:00,38
ACT0012227,O002025,S011,Email,2023-12-09 11:56:00,0
ACT0012228,O002026,S006,Email,2024-03-10 16:05:00,0
ACT0012229,O002026,S006,Call,2024-02-19 16:21:00,33
ACT0012230,O002026,S006,Call,2024-02-25 17:39:00,35
ACT0012231,O002026,S006,Email,2024-02-25 18:30:00,0
ACT0012232,O002026,S006,Email,2024-03-29 12:43:00,0
ACT0012233,O002027,S006,Demo,2024-07-08 13:24:00,102
ACT0012234,O002027,S006,Meeting,2024-08-19 09:42:00,46
ACT0012235,O002028,S029,Meeting,2023-09-20 13:44:00,31
ACT0012236,O002028,S029,Call,2023-08-30 10:23:00,32
ACT0012237,O002028,S029,Call,2023-09-17 09:13:00,26
ACT0012238,O002028,S029,Demo,2023-10-12 16:18:00,95
ACT0012239,O002028,S029,Call,2023-09-09 09:14:00,11
ACT0012240,O002028,S029,Call,2023-08-14 12:23:00,17
ACT0012241,O002028,S029,Meeting,2023-10-02 10:25:00,46
ACT0012242,O002028,S029,Email,2023-09-14 12:06:00,0
ACT0012243,O002029,S028,Email,2025-06-18 14:11:00,0
ACT0012244,O002029,S028,Demo,2025-06-06 17:18:00,82
ACT0012245,O002029,S028,Email,2025-06-11 09:57:00,0
ACT0012246,O002029,S028,Meeting,2025-06-13 18:28:00,80
ACT0012247,O002029,S028,Meeting,2025-06-06 14:08:00,83
ACT0012248,O002030,S021,Call,2023-09-05 10:09:00,20
ACT0012249,O002030,S021,Call,2023-09-07 12:14:00,44
ACT0012250,O002030,S021,Email,2023-09-25 13:17:00,0
ACT0012251,O002030,S021,Call,2023-09-14 15:11:00,39
ACT0012252,O002030,S021,Demo,2023-09-03 09:28:00,86
ACT0012253,O002030,S021,Call,2023-09-11 10:44:00,23
ACT0012254,O002030,S021,Call,2023-09-03 08:46:00,24
ACT0012255,O002030,S021,Email,2023-09-18 14:53:00,0
ACT0012256,O002031,S011,Email,2024-07-15 14:50:00,0
ACT0012257,O002031,S011,Demo,2024-06-22 09:54:00,53
ACT0012258,O002031,S011,Meeting,2024-07-05 13:29:00,78
ACT0012259,O002031,S011,Meeting,2024-06-21 12:27:00,80
ACT0012260,O002031,S011,Email,2024-05-30 09:01:00,0
ACT0012261,O002031,S011,Call,2024-06-16 09:10:00,25
ACT0012262,O002032,S002,Email,2023-10-30 16:05:00,0
ACT0012263,O002032,S002,Email,2023-09-18 17:44:00,0
ACT0012264,O002032,S002,Email,2023-11-04 12:27:00,0
ACT0012265,O002032,S002,Call,2023-08-22 16:53:00,41
ACT0012266,O002032,S002,Meeting,2023-12-13 18:52:00,68
ACT0012267,O002032,S002,Call,2023-11-27 14:22:00,12
ACT0012268,O002032,S002,Email,2023-11-10 12:41:00,0
ACT0012269,O002032,S002,Email,2023-08-03 13:29:00,0
ACT0012270,O002034,S031,Call,2025-05-08 14:54:00,6
ACT0012271,O002034,S031,Demo,2025-06-24 14:20:00,49
ACT0012272,O002034,S031,Call,2025-05-28 14:26:00,44
ACT0012273,O002034,S031,Call,2025-05-14 18:02:00,43
ACT0012274,O002035,S024,Call,2023-07-03 13:00:00,6
ACT0012275,O002035,S024,Call,2023-07-06 17:51:00,8
ACT0012276,O002035,S024,Meeting,2023-06-23 13:07:00,46
ACT0012277,O002035,S024,Email,2023-07-04 08:22:00,0
ACT0012278,O002036,S021,Email,2025-05-03 15:19:00,0
ACT0012279,O002036,S021,Call,2025-05-21 10:28:00,36
ACT0012280,O002036,S021,Email,2025-06-13 15:09:00,0
ACT0012281,O002036,S021,Email,2025-06-04 18:30:00,0
ACT0012282,O002036,S021,Email,2025-06-17 09:00:00,0
ACT0012283,O002037,S002,Email,2025-04-22 16:50:00,0
ACT0012284,O002037,S002,Meeting,2025-06-06 13:00:00,70
ACT0012285,O002037,S002,Meeting,2025-05-02 16:51:00,56
ACT0012286,O002037,S002,Demo,2025-06-13 12:02:00,93
ACT0012287,O002037,S002,Call,2025-06-16 11:14:00,18
ACT0012288,O002038,S038,Meeting,2025-02-18 08:39:00,80
ACT0012289,O002038,S038,Email,2025-03-16 18:35:00,0
ACT0012290,O002038,S038,Email,2025-04-09 08:51:00,0
ACT0012291,O002038,S038,Email,2025-04-11 12:09:00,0
ACT0012292,O002038,S038,Email,2025-05-27 13:24:00,0
ACT0012293,O002039,S023,Email,2023-02-21 16:26:00,0
ACT0012294,O002039,S023,Call,2023-04-01 10:06:00,19
ACT0012295,O002039,S023,Email,2023-03-29 16:01:00,0
ACT0012296,O002039,S023,Demo,2023-04-01 14:41:00,106
ACT0012297,O002039,S023,Call,2023-03-05 10:11:00,40
ACT0012298,O002039,S023,Call,2023-03-11 12:04:00,31
ACT0012299,O002039,S023,Email,2023-02-17 09:12:00,0
ACT0012300,O002039,S023,Call,2023-03-03 11:50:00,38
ACT0012301,O002039,S023,Email,2023-03-07 16:34:00,0
ACT0012302,O002039,S023,Call,2023-02-20 13:59:00,36
ACT0012303,O002039,S023,Call,2023-02-15 10:47:00,9
ACT0012304,O002039,S023,Email,2023-03-11 11:35:00,0
ACT0012305,O002039,S023,Call,2023-03-10 08:03:00,28
ACT0012306,O002039,S023,Call,2023-03-28 18:27:00,17
ACT0012307,O002040,S002,Meeting,2025-03-26 10:55:00,63
ACT0012308,O002040,S002,Email,2025-05-06 17:54:00,0
ACT0012309,O002041,S005,Meeting,2024-10-31 10:01:00,62
ACT0012310,O002041,S005,Call,2024-10-23 12:24:00,8
ACT0012311,O002041,S005,Email,2024-10-26 16:18:00,0
ACT0012312,O002041,S005,Call,2024-10-25 13:37:00,21
ACT0012313,O002042,S005,Demo,2025-04-16 09:53:00,80
ACT0012314,O002042,S005,Email,2025-06-21 10:51:00,0
ACT0012315,O002042,S005,Email,2025-06-10 11:29:00,0
ACT0012316,O002042,S005,Call,2025-05-07 18:03:00,6
ACT0012317,O002042,S005,Meeting,2025-05-05 14:05:00,37
ACT0012318,O002042,S005,Call,2025-05-30 16:38:00,32
ACT0012319,O002042,S005,Meeting,2025-04-19 09:39:00,43
ACT0012320,O002043,S014,Email,2023-02-16 08:46:00,0
ACT0012321,O002043,S014,Call,2023-02-11 10:05:00,27
ACT0012322,O002043,S014,Email,2023-02-17 16:01:00,0
ACT0012323,O002043,S014,Call,2023-02-27 13:58:00,8
ACT0012324,O002044,S030,Demo,2025-05-09 16:01:00,98
ACT0012325,O002044,S030,Call,2025-04-15 18:14:00,12
ACT0012326,O002044,S030,Call,2025-04-26 11:43:00,7
ACT0012327,O002044,S030,Email,2025-04-25 13:00:00,0
ACT0012328,O002045,S037,Call,2024-01-30 13:17:00,30
ACT0012329,O002045,S037,Email,2024-01-27 08:39:00,0
ACT0012330,O002045,S037,Meeting,2024-02-10 16:53:00,81
ACT0012331,O002045,S037,Email,2024-01-26 15:24:00,0
ACT0012332,O002045,S037,Call,2024-02-05 12:54:00,41
ACT0012333,O002045,S037,Email,2024-01-30 12:09:00,0
ACT0012334,O002045,S037,Call,2024-01-25 12:20:00,44
ACT0012335,O002046,S014,Email,2023-12-15 14:38:00,0
ACT0012336,O002046,S014,Email,2023-12-02 13:56:00,0
ACT0012337,O002046,S014,Meeting,2023-12-24 15:52:00,76
ACT0012338,O002046,S014,Call,2023-12-19 14:23:00,14
ACT0012339,O002046,S014,Email,2023-12-23 13:55:00,0
ACT0012340,O002046,S014,Meeting,2023-11-28 16:47:00,63
ACT0012341,O002047,S037,Call,2024-01-08 13:39:00,39
ACT0012342,O002047,S037,Call,2024-02-25 18:37:00,28
ACT0012343,O002047,S037,Call,2024-02-07 11:58:00,9
ACT0012344,O002047,S037,Email,2023-12-09 14:27:00,0
ACT0012345,O002047,S037,Call,2024-03-03 09:59:00,22
ACT0012346,O002047,S037,Call,2024-03-12 08:46:00,12
ACT0012347,O002047,S037,Demo,2023-12-24 10:38:00,57
ACT0012348,O002048,S019,Email,2025-05-10 11:05:00,0
ACT0012349,O002048,S019,Demo,2025-04-24 16:46:00,71
ACT0012350,O002048,S019,Email,2025-04-18 15:10:00,0
ACT0012351,O002048,S019,Email,2025-04-17 18:57:00,0
ACT0012352,O002048,S019,Email,2025-05-07 12:55:00,0
ACT0012353,O002048,S019,Email,2025-04-15 09:42:00,0
ACT0012354,O002048,S019,Call,2025-04-07 12:35:00,21
ACT0012355,O002049,S030,Email,2024-09-26 15:19:00,0
ACT0012356,O002049,S030,Call,2024-10-18 17:14:00,12
ACT0012357,O002049,S030,Email,2024-10-06 10:33:00,0
ACT0012358,O002049,S030,Meeting,2024-09-27 12:36:00,65
ACT0012359,O002049,S030,Meeting,2024-09-27 18:06:00,34
ACT0012360,O002049,S030,Demo,2024-10-06 11:22:00,87
ACT0012361,O002049,S030,Call,2024-09-28 14:41:00,20
ACT0012362,O002049,S030,Call,2024-10-11 08:44:00,44
ACT0012363,O002049,S030,Email,2024-10-03 08:51:00,0
ACT0012364,O002049,S030,Email,2024-09-25 13:39:00,0
ACT0012365,O002049,S030,Call,2024-10-04 13:52:00,17
ACT0012366,O002049,S030,Call,2024-10-19 11:30:00,28
ACT0012367,O002049,S030,Email,2024-09-28 17:45:00,0
ACT0012368,O002050,S020,Call,2023-12-17 10:21:00,11
ACT0012369,O002050,S020,Demo,2023-11-23 10:27:00,117
ACT0012370,O002050,S020,Email,2023-12-04 11:21:00,0
ACT0012371,O002050,S020,Meeting,2023-11-27 10:22:00,59
ACT0012372,O002050,S020,Email,2023-11-27 09:49:00,0
ACT0012373,O002050,S020,Email,2023-12-15 09:32:00,0
ACT0012374,O002050,S020,Call,2023-12-05 14:44:00,23
ACT0012375,O002050,S020,Email,2023-12-09 10:42:00,0
ACT0012376,O002050,S020,Email,2023-12-02 13:51:00,0
ACT0012377,O002050,S020,Email,2023-12-26 15:42:00,0
ACT0012378,O002050,S020,Meeting,2023-12-14 16:36:00,63
ACT0012379,O002051,S025,Meeting,2023-07-07 15:34:00,86
ACT0012380,O002051,S025,Demo,2023-06-05 10:18:00,46
ACT0012381,O002051,S025,Meeting,2023-05-17 15:13:00,31
ACT0012382,O002051,S025,Meeting,2023-08-17 11:21:00,80
ACT0012383,O002051,S025,Email,2023-06-19 16:29:00,0
ACT0012384,O002051,S025,Meeting,2023-05-17 15:45:00,34
ACT0012385,O002052,S027,Email,2024-06-06 17:20:00,0
ACT0012386,O002052,S027,Call,2024-07-16 14:21:00,15
ACT0012387,O002052,S027,Meeting,2024-06-30 12:32:00,35
ACT0012388,O002053,S009,Call,2025-05-09 16:00:00,37
ACT0012389,O002053,S009,Email,2025-05-17 14:42:00,0
ACT0012390,O002053,S009,Email,2025-05-08 14:41:00,0
ACT0012391,O002054,S029,Email,2024-03-18 11:40:00,0
ACT0012392,O002054,S029,Call,2024-03-15 11:02:00,10
ACT0012393,O002054,S029,Demo,2024-02-11 16:31:00,51
ACT0012394,O002054,S029,Email,2023-12-28 11:49:00,0
ACT0012395,O002054,S029,Demo,2024-02-12 15:31:00,109
ACT0012396,O002054,S029,Email,2024-02-18 08:13:00,0
ACT0012397,O002055,S020,Email,2023-08-31 08:09:00,0
ACT0012398,O002055,S020,Email,2023-08-29 17:56:00,0
ACT0012399,O002055,S020,Call,2023-08-16 16:10:00,6
ACT0012400,O002055,S020,Meeting,2023-08-24 09:36:00,52
ACT0012401,O002055,S020,Demo,2023-07-09 16:30:00,67
ACT0012402,O002055,S020,Email,2023-07-30 10:13:00,0
ACT0012403,O002056,S015,Call,2025-06-12 18:07:00,39
ACT0012404,O002056,S015,Demo,2025-06-06 16:00:00,61
ACT0012405,O002056,S015,Email,2025-06-14 14:28:00,0
ACT0012406,O002056,S015,Email,2025-05-27 10:21:00,0
ACT0012407,O002056,S015,Email,2025-06-30 15:19:00,0
ACT0012408,O002056,S015,Email,2025-06-29 10:33:00,0
ACT0012409,O002056,S015,Email,2025-06-20 11:12:00,0
ACT0012410,O002057,S035,Email,2025-06-10 13:02:00,0
ACT0012411,O002057,S035,Email,2025-04-08 13:38:00,0
ACT0012412,O002057,S035,Call,2025-06-28 14:57:00,26
ACT0012413,O002057,S035,Call,2025-06-30 10:19:00,17
ACT0012414,O002057,S035,Call,2025-05-14 12:21:00,8
ACT0012415,O002057,S035,Call,2025-06-05 17:26:00,26
ACT0012416,O002057,S035,Call,2025-05-14 10:16:00,21
ACT0012417,O002057,S035,Email,2025-06-14 14:40:00,0
ACT0012418,O002058,S031,Email,2025-01-01 09:08:00,0
ACT0012419,O002058,S031,Email,2024-12-24 15:13:00,0
ACT0012420,O002058,S031,Meeting,2024-12-24 12:35:00,43
ACT0012421,O002059,S018,Meeting,2023-08-10 16:56:00,46
ACT0012422,O002059,S018,Call,2023-07-17 13:00:00,5
ACT0012423,O002059,S018,Meeting,2023-07-18 12:37:00,36
ACT0012424,O002059,S018,Email,2023-08-15 14:04:00,0
ACT0012425,O002059,S018,Demo,2023-08-11 17:42:00,60
ACT0012426,O002059,S018,Call,2023-08-02 16:53:00,19
ACT0012427,O002059,S018,Email,2023-08-04 17:11:00,0
ACT0012428,O002060,S009,Email,2024-03-27 16:01:00,0
ACT0012429,O002060,S009,Meeting,2024-04-05 17:54:00,32
ACT0012430,O002060,S009,Call,2024-02-04 18:04:00,16
ACT0012431,O002060,S009,Email,2024-04-03 11:53:00,0
ACT0012432,O002060,S009,Call,2024-02-15 09:58:00,16
ACT0012433,O002060,S009,Demo,2024-03-14 09:43:00,99
ACT0012434,O002060,S009,Email,2024-03-27 08:05:00,0
ACT0012435,O002061,S019,Meeting,2024-03-07 13:06:00,47
ACT0012436,O002061,S019,Meeting,2024-03-19 09:59:00,46
ACT0012437,O002061,S019,Call,2024-03-05 12:56:00,37
ACT0012438,O002061,S019,Demo,2024-03-16 18:20:00,96
ACT0012439,O002061,S019,Call,2024-03-09 08:57:00,34
ACT0012440,O002061,S019,Call,2024-03-12 15:33:00,27
ACT0012441,O002062,S016,Call,2024-01-06 14:19:00,33
ACT0012442,O002062,S016,Call,2024-01-02 15:49:00,21
ACT0012443,O002062,S016,Email,2024-02-24 15:40:00,0
ACT0012444,O002062,S016,Meeting,2023-09-08 17:36:00,47
ACT0012445,O002062,S016,Email,2024-03-26 08:23:00,0
ACT0012446,O002062,S016,Demo,2023-09-29 15:57:00,83
ACT0012447,O002063,S017,Email,2023-07-26 14:29:00,0
ACT0012448,O002063,S017,Email,2023-08-04 08:33:00,0
ACT0012449,O002063,S017,Call,2023-07-03 08:57:00,32
ACT0012450,O002063,S017,Demo,2023-08-03 18:56:00,52
ACT0012451,O002063,S017,Email,2023-07-10 10:43:00,0
ACT0012452,O002064,S009,Call,2024-10-23 11:00:00,11
ACT0012453,O002064,S009,Email,2024-11-10 16:28:00,0
ACT0012454,O002064,S009,Demo,2024-12-01 11:35:00,106
ACT0012455,O002064,S009,Call,2024-11-04 17:10:00,44
ACT0012456,O002065,S028,Call,2024-06-04 15:50:00,20
ACT0012457,O002065,S028,Email,2024-07-04 18:57:00,0
ACT0012458,O002065,S028,Meeting,2024-06-11 08:36:00,59
ACT0012459,O002065,S028,Call,2024-06-28 13:54:00,38
ACT0012460,O002065,S028,Call,2024-05-29 13:41:00,20
ACT0012461,O002066,S005,Call,2023-10-13 18:37:00,10
ACT0012462,O002066,S005,Call,2023-10-18 11:00:00,8
ACT0012463,O002066,S005,Call,2023-10-18 14:50:00,28
ACT0012464,O002066,S005,Demo,2023-10-10 17:55:00,116
ACT0012465,O002066,S005,Demo,2023-10-25 14:56:00,47
ACT0012466,O002066,S005,Email,2023-10-17 14:02:00,0
ACT0012467,O002066,S005,Email,2023-10-28 16:37:00,0
ACT0012468,O002066,S005,Email,2023-10-08 14:53:00,0
ACT0012469,O002067,S010,Email,2024-03-20 08:17:00,0
ACT0012470,O002067,S010,Demo,2024-03-22 11:06:00,97
ACT0012471,O002067,S010,Email,2024-02-16 16:55:00,0
ACT0012472,O002067,S010,Call,2024-03-26 08:46:00,17
ACT0012473,O002067,S010,Email,2024-03-02 18:09:00,0
ACT0012474,O002067,S010,Email,2024-02-26 17:19:00,0
ACT0012475,O002068,S027,Demo,2025-06-29 13:14:00,45
ACT0012476,O002068,S027,Email,2025-06-28 11:31:00,0
ACT0012477,O002069,S023,Demo,2024-10-14 08:11:00,55
ACT0012478,O002069,S023,Email,2024-10-28 13:32:00,0
ACT0012479,O002069,S023,Call,2024-10-21 17:03:00,13
ACT0012480,O002069,S023,Email,2024-09-19 13:53:00,0
ACT0012481,O002069,S023,Email,2024-09-25 11:46:00,0
ACT0012482,O002069,S023,Demo,2024-10-11 14:17:00,63
ACT0012483,O002070,S027,Call,2024-05-21 08:17:00,27
ACT0012484,O002070,S027,Email,2024-05-19 12:14:00,0
ACT0012485,O002070,S027,Meeting,2024-06-05 12:46:00,36
ACT0012486,O002070,S027,Call,2024-06-06 16:11:00,18
ACT0012487,O002070,S027,Call,2022-05-06 16:18:00,27
ACT0012488,O002070,S027,Email,2024-06-03 10:17:00,0
ACT0012489,O002071,S028,Email,2024-10-24 11:38:00,0
ACT0012490,O002071,S028,Call,2024-11-19 12:48:00,43
ACT0012491,O002071,S028,Call,2024-10-29 09:39:00,29
ACT0012492,O002071,S028,Call,2024-11-09 17:59:00,10
ACT0012493,O002071,S028,Email,2024-12-05 18:08:00,0
ACT0012494,O002071,S028,Demo,2024-11-01 16:43:00,92
ACT0012495,O002071,S028,Email,2024-11-19 17:17:00,0
ACT0012496,O002071,S028,Meeting,2024-11-23 09:56:00,80
ACT0012497,O002072,S010,Call,2024-02-21 12:25:00,29
ACT0012498,O002072,S010,Call,2024-01-23 08:44:00,34
ACT0012499,O002072,S010,Email,2024-01-31 11:15:00,0
ACT0012500,O002072,S010,Call,2024-02-17 12:03:00,9
ACT0012501,O002072,S010,Email,2024-02-09 17:58:00,0
ACT0012502,O002072,S010,Email,2024-01-07 16:04:00,0
ACT0012503,O002072,S010,Email,2024-01-30 14:26:00,0
ACT0012504,O002072,S010,Email,2024-01-16 13:54:00,0
ACT0012505,O002073,S037,Demo,2025-06-29 09:48:00,116
ACT0012506,O002073,S037,Email,2025-06-16 15:21:00,0
ACT0012507,O002073,S037,Call,2025-06-14 11:47:00,17
ACT0012508,O002074,S010,Email,2025-02-27 12:10:00,0
ACT0012509,O002074,S010,Email,2025-03-01 13:24:00,0
ACT0012510,O002074,S010,Call,2025-02-24 10:45:00,24
ACT0012511,O002074,S010,Email,2025-02-24 12:05:00,0
ACT0012512,O002074,S010,Meeting,2025-02-27 13:07:00,60
ACT0012513,O002074,S010,Email,2025-02-26 09:41:00,0
ACT0012514,O002074,S010,Demo,2025-03-05 17:32:00,61
ACT0012515,O002075,S019,Call,2025-06-17 12:00:00,44
ACT0012516,O002075,S019,Meeting,2025-06-22 16:32:00,49
ACT0012517,O002075,S019,Email,2025-05-30 12:00:00,0
ACT0012518,O002075,S019,Call,2025-06-03 12:09:00,39
ACT0012519,O002075,S019,Call,2025-06-01 16:34:00,30
ACT0012520,O002076,S026,Call,2023-10-19 09:57:00,11
ACT0012521,O002076,S026,Email,2023-10-28 14:06:00,0
ACT0012522,O002076,S026,Email,2023-11-30 13:57:00,0
ACT0012523,O002077,S002,Call,2025-05-04 15:17:00,8
ACT0012524,O002077,S002,Email,2025-04-26 12:15:00,0
ACT0012525,O002077,S002,Call,2025-04-24 12:04:00,11
ACT0012526,O002077,S002,Demo,2025-04-19 11:29:00,98
ACT0012527,O002077,S002,Email,2025-04-10 17:53:00,0
ACT0012528,O002078,S022,Email,2025-02-23 11:03:00,0
ACT0012529,O002078,S022,Call,2025-03-06 16:56:00,27
ACT0012530,O002078,S022,Email,2025-03-07 11:11:00,0
ACT0012531,O002078,S022,Call,2025-02-06 10:12:00,14
ACT0012532,O002078,S022,Call,2025-01-26 17:06:00,20
ACT0012533,O002078,S022,Call,2025-01-15 13:13:00,6
ACT0012534,O002078,S022,Email,2025-02-15 15:48:00,0
ACT0012535,O002078,S022,Meeting,2025-03-14 14:07:00,46
ACT0012536,O002078,S022,Call,2025-01-13 08:52:00,39
ACT0012537,O002078,S022,Call,2025-01-07 13:40:00,16
ACT0012538,O002078,S022,Email,2024-12-26 17:33:00,0
ACT0012539,O002079,S032,Email,2024-10-25 17:06:00,0
ACT0012540,O002079,S032,Email,2024-10-25 10:22:00,0
ACT0012541,O002079,S032,Email,2024-10-21 18:35:00,0
ACT0012542,O002079,S032,Call,2024-12-11 17:22:00,19
ACT0012543,O002079,S032,Email,2024-09-18 17:52:00,0
ACT0012544,O002079,S032,Email,2024-10-24 09:45:00,0
ACT0012545,O002079,S032,Demo,2024-11-07 17:42:00,101
ACT0012546,O002080,S040,Email,2024-08-05 14:54:00,0
ACT0012547,O002080,S040,Email,2024-08-13 11:50:00,0
ACT0012548,O002080,S040,Call,2024-08-14 09:34:00,42
ACT0012549,O002080,S040,Call,2024-08-08 09:07:00,11
ACT0012550,O002080,S040,Email,2024-08-10 15:34:00,0
ACT0012551,O002080,S040,Call,2024-08-04 17:39:00,30
ACT0012552,O002081,S012,Call,2025-06-15 15:09:00,19
ACT0012553,O002081,S012,Demo,2025-06-26 15:06:00,77
ACT0012554,O002081,S012,Email,2025-05-24 16:51:00,0
ACT0012555,O002081,S012,Email,2025-06-25 15:18:00,0
ACT0012556,O002081,S012,Email,2025-06-12 11:42:00,0
ACT0012557,O002081,S012,Call,2025-06-10 13:35:00,17
ACT0012558,O002081,S012,Email,2025-06-13 08:19:00,0
ACT0012559,O002081,S012,Call,2025-05-27 08:46:00,28
ACT0012560,O002082,S006,Call,2024-09-16 12:22:00,35
ACT0012561,O002082,S006,Email,2024-09-03 18:31:00,0
ACT0012562,O002082,S006,Email,2024-09-01 18:36:00,0
ACT0012563,O002082,S006,Email,2024-08-27 09:02:00,0
ACT0012564,O002082,S006,Email,2024-09-10 13:13:00,0
ACT0012565,O002082,S006,Call,2024-09-18 18:55:00,6
ACT0012566,O002083,S015,Demo,2023-07-04 15:19:00,58
ACT0012567,O002083,S015,Meeting,2023-07-02 14:50:00,89
ACT0012568,O002083,S015,Demo,2023-07-08 14:01:00,68
ACT0012569,O002083,S015,Call,2023-06-25 11:04:00,11
ACT0012570,O002083,S015,Meeting,2023-06-24 13:21:00,75
ACT0012571,O002084,S003,Email,2024-06-20 08:00:00,0
ACT0012572,O002084,S003,Call,2024-07-18 14:51:00,37
ACT0012573,O002084,S003,Call,2024-07-04 11:19:00,13
ACT0012574,O002084,S003,Email,2024-06-23 12:08:00,0
ACT0012575,O002084,S003,Email,2024-05-29 17:00:00,0
ACT0012576,O002085,S032,Email,2025-06-29 12:53:00,0
ACT0012577,O002086,S040,Email,2023-06-09 13:21:00,0
ACT0012578,O002086,S040,Meeting,2023-06-11 10:08:00,50
ACT0012579,O002086,S040,Call,2023-06-15 08:04:00,7
ACT0012580,O002086,S040,Email,2023-06-10 10:00:00,0
ACT0012581,O002086,S040,Email,2023-06-13 11:25:00,0
ACT0012582,O002086,S040,Email,2023-06-15 08:39:00,0
ACT0012583,O002086,S040,Email,2023-06-12 08:39:00,0
ACT0012584,O002086,S040,Call,2023-06-13 11:52:00,22
ACT0012585,O002086,S040,Meeting,2023-06-10 16:02:00,36
ACT0012586,O002087,S010,Call,2023-03-04 16:59:00,24
ACT0012587,O002087,S010,Call,2023-04-15 13:09:00,35
ACT0012588,O002087,S010,Email,2023-04-24 10:06:00,0
ACT0012589,O002087,S010,Email,2023-03-24 14:21:00,0
ACT0012590,O002087,S010,Meeting,2023-03-14 10:38:00,40
ACT0012591,O002087,S010,Call,2023-04-06 11:30:00,8
ACT0012592,O002087,S010,Email,2023-03-17 17:59:00,0
ACT0012593,O002087,S010,Email,2023-04-18 15:01:00,0
ACT0012594,O002087,S010,Call,2023-03-16 15:48:00,26
ACT0012595,O002087,S010,Call,2023-02-23 11:57:00,42
ACT0012596,O002088,S030,Email,2025-06-30 09:35:00,0
ACT0012597,O002088,S030,Meeting,2025-06-30 08:40:00,64
ACT0012598,O002088,S030,Email,2025-06-29 15:57:00,0
ACT0012599,O002089,S004,Email,2023-05-25 14:05:00,0
ACT0012600,O002090,S026,Email,2024-05-23 13:58:00,0
ACT0012601,O002090,S026,Call,2024-06-03 11:47:00,28
ACT0012602,O002090,S026,Call,2024-06-03 11:07:00,13
ACT0012603,O002091,S001,Call,2023-08-11 16:06:00,10
ACT0012604,O002091,S001,Call,2023-08-17 12:28:00,42
ACT0012605,O002091,S001,Call,2023-08-26 08:03:00,12
ACT0012606,O002091,S001,Call,2023-08-23 18:11:00,16
ACT0012607,O002091,S001,Meeting,2023-08-10 14:26:00,83
ACT0012608,O002091,S001,Email,2023-08-16 14:25:00,0
ACT0012609,O002092,S038,Call,2024-08-18 18:41:00,11
ACT0012610,O002092,S038,Call,2024-08-11 18:19:00,41
ACT0012611,O002092,S038,Email,2024-08-01 12:31:00,0
ACT0012612,O002092,S038,Call,2024-10-01 13:11:00,20
ACT0012613,O002092,S038,Email,2024-08-21 18:54:00,0
ACT0012614,O002092,S038,Email,2024-10-01 08:17:00,0
ACT0012615,O002093,S024,Email,2023-10-19 16:25:00,0
ACT0012616,O002093,S024,Email,2023-10-10 16:12:00,0
ACT0012617,O002093,S024,Call,2023-10-28 15:24:00,16
ACT0012618,O002093,S024,Call,2023-11-03 14:41:00,18
ACT0012619,O002094,S005,Call,2024-07-09 17:12:00,41
ACT0012620,O002094,S005,Meeting,2024-07-15 18:47:00,55
ACT0012621,O002094,S005,Call,2024-06-30 10:44:00,27
ACT0012622,O002094,S005,Demo,2024-07-02 18:43:00,101
ACT0012623,O002094,S005,Email,2024-07-10 17:42:00,0
ACT0012624,O002094,S005,Email,2024-07-06 13:47:00,0
ACT0012625,O002094,S005,Call,2024-07-21 09:50:00,26
ACT0012626,O002094,S005,Demo,2024-07-02 08:45:00,107
ACT0012627,O002094,S005,Email,2024-07-03 09:33:00,0
ACT0012628,O002095,S018,Meeting,2024-09-17 13:35:00,44
ACT0012629,O002095,S018,Email,2024-09-18 13:56:00,0
ACT0012630,O002095,S018,Meeting,2024-08-24 09:34:00,79
ACT0012631,O002095,S018,Call,2024-08-10 13:33:00,13
ACT0012632,O002095,S018,Call,2024-08-27 12:11:00,26
ACT0012633,O002095,S018,Email,2024-08-28 18:26:00,0
ACT0012634,O002095,S018,Email,2024-08-23 11:52:00,0
ACT0012635,O002096,S008,Meeting,2025-04-12 08:54:00,43
ACT0012636,O002096,S008,Call,2025-04-10 16:59:00,18
ACT0012637,O002096,S008,Email,2025-04-08 14:20:00,0
ACT0012638,O002096,S008,Email,2025-03-26 16:44:00,0
ACT0012639,O002096,S008,Call,2025-03-25 09:12:00,41
ACT0012640,O002096,S008,Call,2025-03-24 18:41:00,5
ACT0012641,O002096,S008,Email,2025-03-24 16:56:00,0
ACT0012642,O002097,S035,Call,2023-08-02 16:24:00,20
ACT0012643,O002097,S035,Meeting,2023-08-13 10:35:00,56
ACT0012644,O002097,S035,Email,2023-08-07 12:34:00,0
ACT0012645,O002097,S035,Email,2023-08-05 18:07:00,0
ACT0012646,O002097,S035,Email,2023-08-05 10:54:00,0
ACT0012647,O002098,S023,Email,2025-02-21 16:22:00,0
ACT0012648,O002098,S023,Meeting,2025-02-14 11:16:00,77
ACT0012649,O002098,S023,Meeting,2025-03-08 08:36:00,66
ACT0012650,O002098,S023,Call,2025-02-07 10:12:00,16
ACT0012651,O002099,S025,Demo,2025-06-21 16:14:00,104
ACT0012652,O002099,S025,Call,2025-05-31 15:45:00,15
ACT0012653,O002099,S025,Call,2025-06-23 11:22:00,16
ACT0012654,O002099,S025,Meeting,2025-06-25 15:05:00,62
ACT0012655,O002099,S025,Meeting,2025-06-10 14:34:00,34
ACT0012656,O002099,S025,Email,2025-05-14 15:50:00,0
ACT0012657,O002099,S025,Call,2025-05-26 12:29:00,7
ACT0012658,O002100,S028,Call,2025-02-05 08:00:00,16
ACT0012659,O002100,S028,Demo,2025-01-25 11:37:00,73
ACT0012660,O002100,S028,Email,2025-02-07 17:09:00,0
ACT0012661,O002100,S028,Email,2025-02-28 18:55:00,0
ACT0012662,O002100,S028,Email,2023-08-03 10:10:00,0
ACT0012663,O002100,S028,Email,2025-03-07 12:59:00,0
ACT0012664,O002100,S028,Email,2025-03-13 14:43:00,0
ACT0012665,O002100,S028,Email,2025-03-26 13:26:00,0
ACT0012666,O002100,S028,Call,2025-02-18 14:43:00,41
ACT0012667,O002100,S028,Email,2025-02-06 09:24:00,0
ACT0012668,O002101,S035,Email,2023-12-11 12:36:00,0
ACT0012669,O002101,S035,Email,2024-02-07 13:01:00,0
ACT0012670,O002101,S035,Call,2024-01-15 14:42:00,5
ACT0012671,O002101,S035,Email,2024-01-20 14:00:00,0
ACT0012672,O002101,S035,Email,2023-12-29 12:48:00,0
ACT0012673,O002101,S035,Call,2024-02-20 15:17:00,19
ACT0012674,O002101,S035,Email,2024-01-30 18:27:00,0
ACT0012675,O002102,S026,Meeting,2024-06-07 08:36:00,48
ACT0012676,O002102,S026,Call,2024-06-19 09:36:00,36
ACT0012677,O002102,S026,Demo,2024-06-20 08:40:00,45
ACT0012678,O002102,S026,Email,2024-06-05 17:35:00,0
ACT0012679,O002102,S026,Call,2024-06-24 10:08:00,41
ACT0012680,O002102,S026,Email,2024-06-11 08:38:00,0
ACT0012681,O002102,S026,Call,2024-06-10 11:40:00,9
ACT0012682,O002103,S013,Call,2023-07-27 12:45:00,11
ACT0012683,O002103,S013,Email,2023-07-26 11:06:00,0
ACT0012684,O002103,S013,Email,2023-09-01 17:34:00,0
ACT0012685,O002103,S013,Email,2023-08-24 08:22:00,0
ACT0012686,O002104,S015,Demo,2023-07-29 17:09:00,112
ACT0012687,O002104,S015,Call,2023-06-23 17:43:00,33
ACT0012688,O002104,S015,Email,2023-07-25 14:27:00,0
ACT0012689,O002104,S015,Call,2023-07-26 15:58:00,12
ACT0012690,O002104,S015,Call,2023-07-27 09:58:00,18
ACT0012691,O002105,S039,Email,2025-02-15 10:27:00,0
ACT0012692,O002105,S039,Email,2025-02-08 09:30:00,0
ACT0012693,O002105,S039,Call,2025-02-23 18:05:00,37
ACT0012694,O002105,S039,Demo,2025-02-10 16:31:00,74
ACT0012695,O002105,S039,Meeting,2025-02-17 10:41:00,79
ACT0012696,O002105,S039,Meeting,2025-02-16 13:40:00,53
ACT0012697,O002105,S039,Call,2025-02-12 08:32:00,24
ACT0012698,O002105,S039,Email,2025-02-13 08:48:00,0
ACT0012699,O002105,S039,Call,2025-02-22 13:07:00,18
ACT0012700,O002105,S039,Email,2025-02-14 10:59:00,0
ACT0012701,O002106,S013,Call,2025-05-31 11:57:00,33
ACT0012702,O002106,S013,Email,2025-06-22 08:50:00,0
ACT0012703,O002106,S013,Meeting,2025-06-28 12:12:00,88
ACT0012704,O002106,S013,Call,2025-06-18 14:34:00,18
ACT0012705,O002108,S009,Call,2023-11-22 16:04:00,36
ACT0012706,O002108,S009,Meeting,2023-12-19 17:01:00,48
ACT0012707,O002108,S009,Meeting,2023-12-14 17:11:00,62
ACT0012708,O002108,S009,Call,2023-12-05 10:15:00,31
ACT0012709,O002108,S009,Email,2023-12-17 11:30:00,0
ACT0012710,O002108,S009,Call,2023-12-22 12:43:00,23
ACT0012711,O002108,S009,Email,2023-12-17 09:40:00,0
ACT0012712,O002109,S026,Demo,2023-11-26 16:01:00,89
ACT0012713,O002109,S026,Call,2023-11-12 09:11:00,25
ACT0012714,O002109,S026,Email,2023-12-09 10:24:00,0
ACT0012715,O002109,S026,Email,2023-10-20 17:39:00,0
ACT0012716,O002109,S026,Meeting,2023-11-04 17:33:00,37
ACT0012717,O002109,S026,Call,2023-12-04 09:29:00,35
ACT0012718,O002110,S029,Call,2023-09-16 09:12:00,44
ACT0012719,O002110,S029,Call,2023-09-21 12:37:00,42
ACT0012720,O002110,S029,Email,2023-09-12 08:33:00,0
ACT0012721,O002110,S029,Demo,2023-09-10 08:18:00,83
ACT0012722,O002110,S029,Call,2023-09-20 15:32:00,9
ACT0012723,O002110,S029,Email,2023-09-18 08:12:00,0
ACT0012724,O002111,S012,Call,2025-05-26 16:47:00,31
ACT0012725,O002111,S012,Demo,2025-05-19 17:19:00,104
ACT0012726,O002111,S012,Call,2025-05-20 14:22:00,23
ACT0012727,O002111,S012,Demo,2025-05-20 16:22:00,46
ACT0012728,O002111,S012,Demo,2025-05-27 13:18:00,103
ACT0012729,O002111,S012,Meeting,2025-05-31 12:47:00,68
ACT0012730,O002111,S012,Email,2025-06-02 09:44:00,0
ACT0012731,O002111,S012,Email,2025-05-21 13:04:00,0
ACT0012732,O002111,S012,Email,2025-05-29 16:40:00,0
ACT0012733,O002112,S040,Email,2025-05-16 11:44:00,0
ACT0012734,O002112,S040,Call,2025-06-05 15:09:00,11
ACT0012735,O002112,S040,Call,2025-06-04 12:17:00,42
ACT0012736,O002112,S040,Call,2025-05-27 14:54:00,33
ACT0012737,O002112,S040,Call,2025-05-05 11:38:00,30
ACT0012738,O002112,S040,Email,2025-06-16 14:12:00,0
ACT0012739,O002112,S040,Meeting,2025-05-30 14:27:00,58
ACT0012740,O002112,S040,Call,2025-06-30 17:49:00,32
ACT0012741,O002112,S040,Call,2025-06-04 18:24:00,24
ACT0012742,O002112,S040,Call,2025-06-14 10:11:00,5
ACT0012743,O002112,S040,Email,2025-06-23 15:00:00,0
ACT0012744,O002112,S040,Email,2025-05-12 18:12:00,0
ACT0012745,O002113,S032,Meeting,2023-10-12 10:20:00,47
ACT0012746,O002113,S032,Email,2023-10-07 17:07:00,0
ACT0012747,O002113,S032,Call,2023-10-05 09:04:00,41
ACT0012748,O002113,S032,Email,2023-09-28 16:05:00,0
ACT0012749,O002113,S032,Meeting,2023-10-05 08:42:00,66
ACT0012750,O002113,S032,Meeting,2023-10-19 10:59:00,73
ACT0012751,O002113,S032,Email,2023-10-08 08:20:00,0
ACT0012752,O002114,S006,Email,2025-03-05 08:28:00,0
ACT0012753,O002114,S006,Email,2025-02-27 17:21:00,0
ACT0012754,O002114,S006,Call,2025-03-30 11:21:00,22
ACT0012755,O002114,S006,Call,2025-04-04 16:22:00,36
ACT0012756,O002114,S006,Email,2025-02-13 08:35:00,0
ACT0012757,O002114,S006,Call,2025-03-05 16:09:00,25
ACT0012758,O002114,S006,Call,2025-02-04 14:06:00,26
ACT0012759,O002115,S037,Call,2023-02-14 11:13:00,43
ACT0012760,O002115,S037,Email,2023-02-13 09:27:00,0
ACT0012761,O002115,S037,Call,2023-02-08 09:10:00,17
ACT0012762,O002115,S037,Email,2023-02-20 14:47:00,0
ACT0012763,O002115,S037,Email,2023-02-08 11:53:00,0
ACT0012764,O002116,S014,Call,2025-05-23 12:20:00,24
ACT0012765,O002116,S014,Email,2025-05-12 08:25:00,0
ACT0012766,O002116,S014,Email,2025-05-31 10:48:00,0
ACT0012767,O002116,S014,Email,2025-05-31 11:41:00,0
ACT0012768,O002116,S014,Email,2025-05-02 08:05:00,0
ACT0012769,O002116,S014,Call,2025-05-15 16:11:00,29
ACT0012770,O002116,S014,Email,2025-05-06 12:48:00,0
ACT0012771,O002116,S014,Call,2025-05-01 18:16:00,32
ACT0012772,O002117,S039,Meeting,2025-06-27 08:05:00,30
ACT0012773,O002117,S039,Meeting,2025-06-25 08:32:00,66
ACT0012774,O002117,S039,Call,2025-06-25 11:33:00,28
ACT0012775,O002118,S022,Meeting,2025-01-18 15:45:00,46
ACT0012776,O002118,S022,Email,2025-01-07 18:43:00,0
ACT0012777,O002118,S022,Email,2025-01-12 09:38:00,0
ACT0012778,O002118,S022,Meeting,2025-02-07 13:25:00,36
ACT0012779,O002118,S022,Demo,2025-01-19 08:31:00,46
ACT0012780,O002118,S022,Email,2025-01-08 17:13:00,0
ACT0012781,O002118,S022,Meeting,2025-01-24 16:33:00,59
ACT0012782,O002118,S022,Demo,2025-01-01 11:24:00,101
ACT0012783,O002119,S002,Email,2025-03-18 08:16:00,0
ACT0012784,O002119,S002,Meeting,2025-03-13 16:26:00,88
ACT0012785,O002119,S002,Call,2025-03-16 11:40:00,36
ACT0012786,O002120,S040,Call,2024-03-16 16:13:00,7
ACT0012787,O002120,S040,Email,2024-02-13 16:28:00,0
ACT0012788,O002120,S040,Call,2024-03-09 13:04:00,34
ACT0012789,O002120,S040,Email,2024-03-20 13:23:00,0
ACT0012790,O002120,S040,Call,2024-02-18 12:25:00,29
ACT0012791,O002120,S040,Demo,2024-03-26 08:07:00,89
ACT0012792,O002120,S040,Call,2024-03-23 16:26:00,8
ACT0012793,O002121,S023,Call,2023-03-26 16:37:00,17
ACT0012794,O002121,S023,Call,2023-04-03 11:00:00,41
ACT0012795,O002121,S023,Demo,2023-03-21 17:24:00,71
ACT0012796,O002121,S023,Call,2023-03-29 17:48:00,42
ACT0012797,O002121,S023,Meeting,2023-03-17 17:14:00,62
ACT0012798,O002121,S023,Email,2023-03-22 12:22:00,0
ACT0012799,O002121,S023,Demo,2023-03-18 11:57:00,60
ACT0012800,O002122,S032,Meeting,2023-03-14 16:49:00,62
ACT0012801,O002122,S032,Email,2023-04-15 14:50:00,0
ACT0012802,O002122,S032,Email,2023-03-24 17:02:00,0
ACT0012803,O002122,S032,Email,2023-03-22 12:16:00,0
ACT0012804,O002122,S032,Demo,2023-03-15 12:02:00,80
ACT0012805,O002123,S031,Call,2024-06-06 13:00:00,40
ACT0012806,O002123,S031,Meeting,2024-04-26 10:42:00,80
ACT0012807,O002123,S031,Email,2024-04-09 16:03:00,0
ACT0012808,O002123,S031,Call,2024-05-02 16:12:00,19
ACT0012809,O002123,S031,Email,2024-05-25 15:34:00,0
ACT0012810,O002124,S006,Call,2024-12-23 12:21:00,44
ACT0012811,O002124,S006,Email,2024-11-29 08:24:00,0
ACT0012812,O002124,S006,Email,2024-11-16 14:02:00,0
ACT0012813,O002124,S006,Call,2024-12-19 12:10:00,36
ACT0012814,O002124,S006,Call,2024-10-28 10:56:00,20
ACT0012815,O002124,S006,Call,2024-10-28 12:47:00,23
ACT0012816,O002124,S006,Email,2024-10-24 08:09:00,0
ACT0012817,O002125,S013,Call,2025-01-08 11:14:00,8
ACT0012818,O002125,S013,Call,2024-11-13 15:53:00,19
ACT0012819,O002125,S013,Call,2024-12-24 15:09:00,28
ACT0012820,O002125,S013,Call,2024-12-06 15:35:00,33
ACT0012821,O002126,S026,Meeting,2024-07-08 16:06:00,40
ACT0012822,O002126,S026,Email,2024-06-22 12:03:00,0
ACT0012823,O002126,S026,Call,2024-06-27 16:06:00,16
ACT0012824,O002126,S026,Email,2024-07-16 17:20:00,0
ACT0012825,O002126,S026,Meeting,2024-06-18 11:15:00,81
ACT0012826,O002126,S026,Call,2024-06-17 13:34:00,7
ACT0012827,O002126,S026,Call,2024-06-17 08:12:00,36
ACT0012828,O002127,S028,Email,2023-09-21 11:13:00,0
ACT0012829,O002127,S028,Call,2023-09-07 17:47:00,17
ACT0012830,O002127,S028,Call,2023-10-10 17:46:00,7
ACT0012831,O002127,S028,Call,2023-09-27 18:28:00,32
ACT0012832,O002127,S028,Demo,2023-10-19 11:00:00,49
ACT0012833,O002127,S028,Meeting,2023-09-11 17:14:00,72
ACT0012834,O002127,S028,Meeting,2023-10-16 09:53:00,80
ACT0012835,O002127,S028,Email,2023-10-19 10:17:00,0
ACT0012836,O002127,S028,Meeting,2023-09-15 09:35:00,76
ACT0012837,O002127,S028,Email,2023-10-15 16:55:00,0
ACT0012838,O002127,S028,Call,2023-10-18 16:55:00,40
ACT0012839,O002127,S028,Email,2023-10-29 17:28:00,0
ACT0012840,O002127,S028,Call,2023-09-07 11:05:00,28
ACT0012841,O002127,S028,Email,2023-09-08 13:27:00,0
ACT0012842,O002128,S018,Email,2025-06-10 09:51:00,0
ACT0012843,O002128,S018,Email,2025-06-26 16:20:00,0
ACT0012844,O002128,S018,Demo,2025-06-09 12:04:00,59
ACT0012845,O002128,S018,Email,2025-06-29 18:39:00,0
ACT0012846,O002129,S016,Email,2025-04-04 13:06:00,0
ACT0012847,O002129,S016,Meeting,2025-03-29 16:10:00,82
ACT0012848,O002129,S016,Email,2025-04-02 14:27:00,0
ACT0012849,O002130,S005,Demo,2023-06-10 16:52:00,54
ACT0012850,O002130,S005,Email,2023-05-25 09:28:00,0
ACT0012851,O002130,S005,Call,2023-05-27 15:24:00,26
ACT0012852,O002130,S005,Meeting,2023-06-24 17:12:00,63
ACT0012853,O002130,S005,Email,2023-06-15 11:06:00,0
ACT0012854,O002131,S022,Demo,2024-08-13 12:30:00,79
ACT0012855,O002131,S022,Meeting,2024-07-20 11:42:00,41
ACT0012856,O002131,S022,Call,2024-09-22 10:38:00,10
ACT0012857,O002132,S016,Email,2023-05-07 13:48:00,0
ACT0012858,O002132,S016,Call,2023-05-24 14:29:00,41
ACT0012859,O002132,S016,Call,2023-06-16 12:08:00,17
ACT0012860,O002132,S016,Email,2023-07-12 10:29:00,0
ACT0012861,O002132,S016,Email,2023-06-17 09:09:00,0
ACT0012862,O002132,S016,Meeting,2023-05-14 14:29:00,37
ACT0012863,O002132,S016,Email,2023-07-11 10:19:00,0
ACT0012864,O002132,S016,Call,2023-07-10 17:00:00,19
ACT0012865,O002132,S016,Call,2023-05-25 14:49:00,34
ACT0012866,O002133,S034,Email,2024-04-13 12:17:00,0
ACT0012867,O002133,S034,Call,2024-03-12 18:42:00,37
ACT0012868,O002133,S034,Call,2024-03-27 15:28:00,27
ACT0012869,O002133,S034,Meeting,2024-05-12 18:28:00,73
ACT0012870,O002133,S034,Meeting,2024-04-21 17:39:00,47
ACT0012871,O002134,S016,Call,2024-09-27 12:33:00,21
ACT0012872,O002134,S016,Call,2024-10-07 13:52:00,35
ACT0012873,O002134,S016,Meeting,2024-09-07 14:06:00,67
ACT0012874,O002134,S016,Call,2024-08-17 14:01:00,32
ACT0012875,O002134,S016,Email,2024-08-31 14:34:00,0
ACT0012876,O002134,S016,Demo,2024-10-11 15:32:00,51
ACT0012877,O002134,S016,Email,2024-10-01 15:26:00,0
ACT0012878,O002134,S016,Call,2024-09-06 09:40:00,40
ACT0012879,O002134,S016,Email,2024-10-02 15:59:00,0
ACT0012880,O002135,S033,Demo,2025-04-13 12:58:00,91
ACT0012881,O002135,S033,Email,2025-03-23 11:23:00,0
ACT0012882,O002135,S033,Call,2025-03-26 12:11:00,40
ACT0012883,O002135,S033,Meeting,2025-03-19 12:04:00,47
ACT0012884,O002135,S033,Call,2025-04-05 10:14:00,12
ACT0012885,O002135,S033,Call,2025-05-01 17:17:00,20
ACT0012886,O002136,S023,Call,2023-06-26 08:06:00,5
ACT0012887,O002136,S023,Demo,2023-07-13 14:57:00,48
ACT0012888,O002137,S010,Call,2025-03-12 09:54:00,36
ACT0012889,O002137,S010,Call,2025-03-05 15:30:00,28
ACT0012890,O002137,S010,Email,2025-03-11 14:05:00,0
ACT0012891,O002137,S010,Email,2025-03-04 08:16:00,0
ACT0012892,O002137,S010,Call,2025-03-04 09:52:00,14
ACT0012893,O002137,S010,Email,2025-03-06 17:07:00,0
ACT0012894,O002138,S036,Call,2024-02-22 08:15:00,23
ACT0012895,O002138,S036,Demo,2024-02-11 18:28:00,114
ACT0012896,O002139,S006,Email,2024-01-02 12:02:00,0
ACT0012897,O002139,S006,Call,2024-01-18 12:20:00,28
ACT0012898,O002139,S006,Email,2024-01-24 11:01:00,0
ACT0012899,O002139,S006,Email,2024-01-26 16:38:00,0
ACT0012900,O002139,S006,Email,2024-02-10 17:42:00,0
ACT0012901,O002139,S006,Email,2023-12-07 11:47:00,0
ACT0012902,O002139,S006,Email,2023-12-10 15:37:00,0
ACT0012903,O002140,S004,Meeting,2025-05-20 15:22:00,40
ACT0012904,O002140,S004,Email,2025-06-06 15:52:00,0
ACT0012905,O002140,S004,Call,2025-06-05 13:02:00,32
ACT0012906,O002140,S004,Call,2025-06-01 13:01:00,28
ACT0012907,O002140,S004,Call,2025-06-08 12:46:00,12
ACT0012908,O002141,S008,Email,2024-06-10 17:59:00,0
ACT0012909,O002141,S008,Email,2024-06-13 13:16:00,0
ACT0012910,O002141,S008,Call,2024-06-08 16:28:00,15
ACT0012911,O002141,S008,Meeting,2024-06-10 15:54:00,34
ACT0012912,O002141,S008,Email,2024-06-15 13:19:00,0
ACT0012913,O002141,S008,Email,2024-06-08 15:19:00,0
ACT0012914,O002142,S021,Email,2025-04-02 15:15:00,0
ACT0012915,O002142,S021,Call,2025-05-13 15:38:00,27
ACT0012916,O002142,S021,Call,2025-06-12 11:23:00,20
ACT0012917,O002142,S021,Demo,2025-05-24 16:56:00,62
ACT0012918,O002143,S019,Meeting,2023-06-06 13:52:00,43
ACT0012919,O002143,S019,Call,2023-05-17 09:33:00,30
ACT0012920,O002143,S019,Demo,2023-05-24 09:25:00,78
ACT0012921,O002143,S019,Call,2023-05-19 16:17:00,18
ACT0012922,O002143,S019,Call,2023-05-17 08:43:00,28
ACT0012923,O002143,S019,Email,2023-06-21 17:29:00,0
ACT0012924,O002144,S038,Call,2023-05-22 12:11:00,44
ACT0012925,O002144,S038,Demo,2023-04-28 11:12:00,67
ACT0012926,O002144,S038,Email,2023-05-28 08:45:00,0
ACT0012927,O002144,S038,Call,2023-05-14 10:26:00,9
ACT0012928,O002144,S038,Demo,2023-05-27 10:58:00,63
ACT0012929,O002144,S038,Call,2023-05-22 17:32:00,26
ACT0012930,O002145,S025,Call,2024-01-23 10:50:00,37
ACT0012931,O002145,S025,Meeting,2024-01-13 14:34:00,63
ACT0012932,O002145,S025,Email,2024-01-09 16:53:00,0
ACT0012933,O002145,S025,Meeting,2024-01-09 13:40:00,88
ACT0012934,O002145,S025,Call,2024-01-16 15:29:00,43
ACT0012935,O002145,S025,Email,2024-01-04 10:51:00,0
ACT0012936,O002145,S025,Demo,2024-01-13 10:50:00,118
ACT0012937,O002146,S009,Email,2023-12-22 10:35:00,0
ACT0012938,O002146,S009,Email,2023-12-18 17:12:00,0
ACT0012939,O002146,S009,Call,2024-01-26 08:39:00,10
ACT0012940,O002146,S009,Demo,2024-01-10 18:16:00,112
ACT0012941,O002146,S009,Email,2023-11-22 12:22:00,0
ACT0012942,O002146,S009,Call,2023-11-19 12:53:00,32
ACT0012943,O002146,S009,Email,2024-01-15 14:05:00,0
ACT0012944,O002146,S009,Call,2023-12-12 16:05:00,7
ACT0012945,O002146,S009,Call,2024-01-16 13:35:00,25
ACT0012946,O002146,S009,Email,2021-11-27 18:17:00,0
ACT0012947,O002147,S019,Call,2024-09-14 13:27:00,16
ACT0012948,O002148,S016,Meeting,2025-06-30 13:04:00,55
ACT0012949,O002148,S016,Call,2025-06-22 17:44:00,16
ACT0012950,O002148,S016,Call,2025-06-21 09:33:00,18
ACT0012951,O002149,S035,Email,2023-02-03 13:03:00,0
ACT0012952,O002149,S035,Email,2023-01-15 14:32:00,0
ACT0012953,O002149,S035,Call,2023-01-16 16:40:00,30
ACT0012954,O002149,S035,Email,2023-01-20 15:51:00,0
ACT0012955,O002149,S035,Meeting,2023-01-04 12:40:00,68
ACT0012956,O002149,S035,Meeting,2023-01-22 13:15:00,72
ACT0012957,O002149,S035,Email,2023-01-21 18:57:00,0
ACT0012958,O002149,S035,Call,2023-01-16 18:52:00,18
ACT0012959,O002150,S025,Call,2024-02-02 14:02:00,23
ACT0012960,O002150,S025,Demo,2024-01-27 10:48:00,88
ACT0012961,O002150,S025,Call,2024-02-21 14:19:00,44
ACT0012962,O002150,S025,Call,2024-02-06 11:12:00,26
ACT0012963,O002150,S025,Meeting,2024-03-04 18:35:00,73
ACT0012964,O002150,S025,Call,2024-01-24 10:09:00,35
ACT0012965,O002150,S025,Call,2024-03-26 14:37:00,22
ACT0012966,O002151,S022,Email,2023-11-04 16:52:00,0
ACT0012967,O002151,S022,Demo,2023-11-10 15:51:00,85
ACT0012968,O002151,S022,Call,2023-11-21 15:31:00,25
ACT0012969,O002151,S022,Email,2023-11-09 15:59:00,0
ACT0012970,O002151,S022,Email,2023-11-01 13:55:00,0
ACT0012971,O002151,S022,Call,2023-11-25 14:37:00,38
ACT0012972,O002151,S022,Call,2023-11-15 16:48:00,43
ACT0012973,O002151,S022,Call,2023-12-03 16:18:00,38
ACT0012974,O002151,S022,Email,2023-11-28 16:02:00,0
ACT0012975,O002152,S005,Call,2023-08-27 18:14:00,39
ACT0012976,O002152,S005,Call,2023-08-01 17:52:00,10
ACT0012977,O002152,S005,Demo,2023-08-21 09:04:00,71
ACT0012978,O002152,S005,Email,2023-08-13 12:28:00,0
ACT0012979,O002152,S005,Call,2023-09-09 18:43:00,31
ACT0012980,O002152,S005,Call,2023-09-10 14:13:00,23
ACT0012981,O002152,S005,Email,2023-08-24 12:36:00,0
ACT0012982,O002152,S005,Call,2023-09-21 13:09:00,19
ACT0012983,O002152,S005,Email,2023-09-23 12:36:00,0
ACT0012984,O002152,S005,Call,2023-09-27 16:38:00,40
ACT0012985,O002153,S023,Email,2025-01-06 15:03:00,0
ACT0012986,O002153,S023,Email,2025-01-29 10:35:00,0
ACT0012987,O002153,S023,Call,2025-01-14 10:11:00,44
ACT0012988,O002153,S023,Email,2025-02-01 09:14:00,0
ACT0012989,O002153,S023,Call,2025-02-01 14:38:00,35
ACT0012990,O002153,S023,Email,2025-01-27 11:01:00,0
ACT0012991,O002154,S012,Call,2025-02-16 10:15:00,13
ACT0012992,O002154,S012,Call,2025-05-08 12:29:00,12
ACT0012993,O002154,S012,Call,2025-03-11 17:28:00,31
ACT0012994,O002154,S012,Call,2025-04-23 15:30:00,21
ACT0012995,O002154,S012,Call,2025-05-05 10:17:00,12
ACT0012996,O002154,S012,Call,2025-03-14 09:30:00,24
ACT0012997,O002154,S012,Meeting,2025-05-03 18:48:00,51
ACT0012998,O002155,S037,Email,2025-06-06 14:45:00,0
ACT0012999,O002155,S037,Call,2025-06-03 08:19:00,34
ACT0013000,O002155,S037,Email,2025-06-01 14:56:00,0
ACT0013001,O002155,S037,Email,2025-06-29 18:07:00,0
ACT0013002,O002155,S037,Call,2025-06-04 11:57:00,42
ACT0013003,O002156,S015,Call,2023-11-23 13:20:00,31
ACT0013004,O002156,S015,Call,2023-10-21 13:28:00,37
ACT0013005,O002156,S015,Email,2023-12-07 11:10:00,0
ACT0013006,O002156,S015,Call,2023-11-25 09:37:00,42
ACT0013007,O002156,S015,Call,2023-11-14 13:46:00,35
ACT0013008,O002156,S015,Call,2023-12-04 13:33:00,39
ACT0013009,O002157,S028,Demo,2023-09-27 15:34:00,83
ACT0013010,O002157,S028,Call,2023-09-25 13:08:00,33
ACT0013011,O002157,S028,Email,2023-09-24 16:35:00,0
ACT0013012,O002157,S028,Email,2023-10-04 11:46:00,0
ACT0013013,O002157,S028,Meeting,2023-09-18 15:00:00,64
ACT0013014,O002158,S027,Call,2023-07-29 11:09:00,11
ACT0013015,O002158,S027,Email,2023-06-13 14:44:00,0
ACT0013016,O002158,S027,Call,2023-06-16 18:29:00,18
ACT0013017,O002158,S027,Call,2023-06-12 12:00:00,32
ACT0013018,O002158,S027,Email,2023-07-08 08:39:00,0
ACT0013019,O002158,S027,Email,2023-07-29 14:25:00,0
ACT0013020,O002158,S027,Email,2023-07-31 16:40:00,0
ACT0013021,O002159,S012,Call,2024-07-09 15:09:00,44
ACT0013022,O002159,S012,Meeting,2024-07-05 17:48:00,61
ACT0013023,O002159,S012,Call,2024-06-19 08:14:00,33
ACT0013024,O002159,S012,Call,2024-06-14 10:59:00,41
ACT0013025,O002159,S012,Call,2024-07-18 12:11:00,35
ACT0013026,O002159,S012,Email,2024-06-14 12:40:00,0
ACT0013027,O002160,S022,Email,2023-07-31 11:58:00,0
ACT0013028,O002160,S022,Meeting,2023-08-18 13:51:00,35
ACT0013029,O002160,S022,Email,2023-07-03 08:19:00,0
ACT0013030,O002160,S022,Call,2023-06-19 09:37:00,26
ACT0013031,O002161,S025,Email,2025-05-26 15:06:00,0
ACT0013032,O002161,S025,Email,2025-05-19 13:35:00,0
ACT0013033,O002161,S025,Email,2025-06-27 11:54:00,0
ACT0013034,O002161,S025,Meeting,2025-06-12 17:04:00,66
ACT0013035,O002161,S025,Call,2025-05-29 08:15:00,7
ACT0013036,O002162,S009,Email,2023-03-12 11:05:00,0
ACT0013037,O002162,S009,Email,2023-03-16 11:15:00,0
ACT0013038,O002162,S009,Demo,2023-02-28 10:35:00,62
ACT0013039,O002162,S009,Email,2023-03-23 12:35:00,0
ACT0013040,O002162,S009,Call,2023-04-01 09:06:00,41
ACT0013041,O002162,S009,Email,2023-04-17 08:32:00,0
ACT0013042,O002163,S002,Call,2025-02-10 09:52:00,28
ACT0013043,O002163,S002,Call,2025-02-22 08:30:00,8
ACT0013044,O002163,S002,Email,2025-03-01 12:43:00,0
ACT0013045,O002163,S002,Email,2025-02-16 14:35:00,0
ACT0013046,O002163,S002,Call,2025-02-03 18:42:00,35
ACT0013047,O002163,S002,Email,2025-03-04 14:29:00,0
ACT0013048,O002163,S002,Email,2025-02-15 11:07:00,0
ACT0013049,O002163,S002,Call,2025-02-03 15:07:00,42
ACT0013050,O002163,S002,Call,2025-02-11 10:51:00,44
ACT0013051,O002164,S012,Email,2024-01-10 13:09:00,0
ACT0013052,O002164,S012,Demo,2024-02-25 17:40:00,67
ACT0013053,O002164,S012,Call,2023-12-31 10:26:00,17
ACT0013054,O002164,S012,Call,2024-02-10 09:49:00,32
ACT0013055,O002164,S012,Call,2024-02-08 16:18:00,18
ACT0013056,O002164,S012,Email,2023-12-30 10:38:00,0
ACT0013057,O002164,S012,Meeting,2024-01-20 10:14:00,67
ACT0013058,O002164,S012,Call,2024-03-05 12:41:00,30
ACT0013059,O002164,S012,Meeting,2021-12-06 12:17:00,59
ACT0013060,O002165,S032,Call,2024-11-11 08:09:00,20
ACT0013061,O002165,S032,Email,2024-12-03 13:24:00,0
ACT0013062,O002165,S032,Email,2024-11-28 08:27:00,0
ACT0013063,O002165,S032,Email,2024-11-14 08:13:00,0
ACT0013064,O002165,S032,Email,2024-12-06 15:21:00,0
ACT0013065,O002165,S032,Email,2024-10-24 17:32:00,0
ACT0013066,O002166,S026,Call,2025-02-03 08:45:00,35
ACT0013067,O002166,S026,Call,2025-01-29 14:32:00,7
ACT0013068,O002166,S026,Meeting,2025-01-22 12:36:00,45
ACT0013069,O002166,S026,Email,2025-01-21 14:31:00,0
ACT0013070,O002166,S026,Meeting,2025-02-01 09:00:00,82
ACT0013071,O002167,S032,Email,2023-06-27 14:59:00,0
ACT0013072,O002167,S032,Email,2023-07-31 15:20:00,0
ACT0013073,O002167,S032,Email,2023-07-17 14:39:00,0
ACT0013074,O002167,S032,Email,2023-07-28 12:59:00,0
ACT0013075,O002167,S032,Call,2023-06-18 15:57:00,42
ACT0013076,O002167,S032,Call,2023-08-11 12:07:00,44
ACT0013077,O002167,S032,Meeting,2023-08-01 14:29:00,41
ACT0013078,O002167,S032,Meeting,2023-06-30 14:59:00,38
ACT0013079,O002167,S032,Email,2023-07-01 17:21:00,0
ACT0013080,O002167,S032,Email,2023-07-16 10:03:00,0
ACT0013081,O002168,S026,Call,2025-05-30 08:41:00,8
ACT0013082,O002168,S026,Demo,2025-05-03 12:04:00,59
ACT0013083,O002168,S026,Email,2025-05-03 14:28:00,0
ACT0013084,O002168,S026,Email,2025-06-19 15:02:00,0
ACT0013085,O002168,S026,Email,2025-05-09 09:36:00,0
ACT0013086,O002168,S026,Call,2025-06-18 17:20:00,44
ACT0013087,O002168,S026,Call,2025-05-28 16:03:00,22
ACT0013088,O002169,S022,Meeting,2024-06-27 15:37:00,35
ACT0013089,O002169,S022,Demo,2024-06-23 17:26:00,96
ACT0013090,O002169,S022,Email,2024-07-30 16:45:00,0
ACT0013091,O002169,S022,Email,2024-07-11 09:27:00,0
ACT0013092,O002169,S022,Call,2024-07-19 15:46:00,41
ACT0013093,O002169,S022,Email,2024-06-23 14:08:00,0
ACT0013094,O002170,S038,Email,2024-04-20 15:39:00,0
ACT0013095,O002170,S038,Email,2024-01-11 17:00:00,0
ACT0013096,O002170,S038,Email,2024-05-01 11:25:00,0
ACT0013097,O002170,S038,Meeting,2024-01-20 16:44:00,80
ACT0013098,O002170,S038,Email,2024-01-22 18:34:00,0
ACT0013099,O002171,S019,Email,2023-06-15 18:28:00,0
ACT0013100,O002171,S019,Email,2023-06-16 18:50:00,0
ACT0013101,O002171,S019,Demo,2023-06-15 14:26:00,114
ACT0013102,O002171,S019,Call,2023-06-10 17:56:00,37
ACT0013103,O002171,S019,Email,2023-06-10 14:24:00,0
ACT0013104,O002171,S019,Call,2023-06-24 17:21:00,6
ACT0013105,O002171,S019,Call,2023-06-24 16:05:00,40
ACT0013106,O002171,S019,Email,2023-06-16 09:13:00,0
ACT0013107,O002172,S029,Demo,2025-05-11 09:47:00,48
ACT0013108,O002172,S029,Email,2025-06-05 13:49:00,0
ACT0013109,O002172,S029,Call,2025-04-25 12:15:00,14
ACT0013110,O002172,S029,Email,2025-05-22 11:00:00,0
ACT0013111,O002172,S029,Demo,2025-06-30 10:44:00,70
ACT0013112,O002172,S029,Call,2025-04-21 12:21:00,27
ACT0013113,O002172,S029,Demo,2025-05-18 08:05:00,87
ACT0013114,O002172,S029,Call,2025-06-13 12:06:00,24
ACT0013115,O002172,S029,Call,2025-05-20 08:49:00,21
ACT0013116,O002172,S029,Email,2025-05-23 13:53:00,0
ACT0013117,O002173,S025,Demo,2024-03-08 18:22:00,58
ACT0013118,O002173,S025,Email,2024-03-05 17:31:00,0
ACT0013119,O002173,S025,Meeting,2024-03-07 12:52:00,48
ACT0013120,O002173,S025,Call,2024-02-15 12:54:00,9
ACT0013121,O002173,S025,Demo,2024-02-24 16:34:00,52
ACT0013122,O002173,S025,Email,2024-02-19 09:27:00,0
ACT0013123,O002173,S025,Demo,2024-03-06 13:37:00,76
ACT0013124,O002173,S025,Demo,2024-02-27 16:17:00,59
ACT0013125,O002173,S025,Email,2024-02-14 18:20:00,0
ACT0013126,O002173,S025,Demo,2024-02-20 12:06:00,63
ACT0013127,O002174,S005,Call,2023-07-19 10:20:00,42
ACT0013128,O002174,S005,Call,2023-09-23 11:36:00,15
ACT0013129,O002174,S005,Email,2023-07-18 10:19:00,0
ACT0013130,O002174,S005,Call,2023-12-05 17:47:00,42
ACT0013131,O002175,S033,Email,2024-08-28 15:19:00,0
ACT0013132,O002175,S033,Call,2024-10-05 10:39:00,40
ACT0013133,O002175,S033,Email,2024-08-10 18:09:00,0
ACT0013134,O002175,S033,Call,2024-07-13 10:30:00,11
ACT0013135,O002175,S033,Email,2024-05-30 18:43:00,0
ACT0013136,O002175,S033,Call,2024-10-01 11:59:00,20
ACT0013137,O002175,S033,Call,2024-10-04 17:04:00,9
ACT0013138,O002175,S033,Call,2024-08-27 15:11:00,11
ACT0013139,O002176,S033,Call,2025-02-21 15:39:00,28
ACT0013140,O002176,S033,Call,2025-02-28 10:45:00,29
ACT0013141,O002176,S033,Email,2025-03-19 13:35:00,0
ACT0013142,O002177,S040,Demo,2025-04-14 16:46:00,85
ACT0013143,O002177,S040,Email,2025-03-31 17:48:00,0
ACT0013144,O002177,S040,Email,2025-04-12 13:02:00,0
ACT0013145,O002177,S040,Call,2025-04-04 12:48:00,11
ACT0013146,O002177,S040,Call,2025-04-06 17:43:00,22
ACT0013147,O002177,S040,Demo,2025-04-19 11:11:00,97
ACT0013148,O002177,S040,Call,2025-04-18 17:16:00,35
ACT0013149,O002178,S008,Call,2023-07-19 12:41:00,15
ACT0013150,O002178,S008,Email,2023-07-23 12:41:00,0
ACT0013151,O002178,S008,Call,2023-07-24 17:16:00,7
ACT0013152,O002179,S024,Meeting,2023-08-26 13:00:00,73
ACT0013153,O002179,S024,Call,2023-08-26 18:47:00,7
ACT0013154,O002179,S024,Demo,2023-08-02 17:30:00,50
ACT0013155,O002179,S024,Email,2023-07-29 16:24:00,0
ACT0013156,O002179,S024,Call,2023-07-12 16:00:00,36
ACT0013157,O002179,S024,Call,2023-08-27 14:31:00,38
ACT0013158,O002179,S024,Call,2023-07-03 17:47:00,14
ACT0013159,O002179,S024,Email,2023-07-14 16:36:00,0
ACT0013160,O002180,S013,Call,2025-06-21 17:20:00,43
ACT0013161,O002180,S013,Demo,2025-05-20 16:11:00,46
ACT0013162,O002180,S013,Demo,2025-06-07 09:43:00,109
ACT0013163,O002180,S013,Meeting,2025-06-18 12:04:00,52
ACT0013164,O002180,S013,Call,2025-06-02 08:45:00,28
ACT0013165,O002181,S029,Email,2023-06-24 18:04:00,0
ACT0013166,O002181,S029,Meeting,2023-07-03 12:30:00,69
ACT0013167,O002181,S029,Call,2023-04-17 10:41:00,28
ACT0013168,O002181,S029,Meeting,2023-06-19 09:01:00,71
ACT0013169,O002181,S029,Email,2023-04-30 14:54:00,0
ACT0013170,O002181,S029,Email,2023-06-10 17:09:00,0
ACT0013171,O002181,S029,Demo,2023-07-03 08:36:00,62
ACT0013172,O002181,S029,Call,2023-05-25 12:28:00,20
ACT0013173,O002181,S029,Call,2023-05-07 08:38:00,23
ACT0013174,O002181,S029,Call,2023-05-12 16:07:00,11
ACT0013175,O002182,S035,Email,2024-11-12 14:40:00,0
ACT0013176,O002182,S035,Call,2024-10-18 18:50:00,44
ACT0013177,O002182,S035,Demo,2024-11-22 14:22:00,72
ACT0013178,O002182,S035,Meeting,2024-11-14 10:34:00,61
ACT0013179,O002182,S035,Demo,2024-11-19 13:49:00,89
ACT0013180,O002182,S035,Email,2024-10-16 10:13:00,0
ACT0013181,O002183,S010,Email,2025-05-13 15:51:00,0
ACT0013182,O002183,S010,Call,2025-06-29 14:12:00,32
ACT0013183,O002184,S021,Email,2025-06-25 15:39:00,0
ACT0013184,O002184,S021,Call,2025-06-22 18:20:00,19
ACT0013185,O002184,S021,Email,2025-06-29 09:16:00,0
ACT0013186,O002185,S035,Email,2023-11-15 08:31:00,0
ACT0013187,O002185,S035,Meeting,2024-01-07 15:14:00,81
ACT0013188,O002185,S035,Call,2023-12-19 14:30:00,26
ACT0013189,O002185,S035,Meeting,2023-12-10 10:31:00,54
ACT0013190,O002185,S035,Email,2023-12-20 12:46:00,0
ACT0013191,O002185,S035,Demo,2023-11-14 17:58:00,112
ACT0013192,O002185,S035,Email,2023-12-16 16:44:00,0
ACT0013193,O002186,S009,Email,2023-10-06 18:26:00,0
ACT0013194,O002186,S009,Email,2023-10-03 18:53:00,0
ACT0013195,O002186,S009,Call,2023-10-03 14:53:00,44
ACT0013196,O002186,S009,Email,2023-10-26 09:09:00,0
ACT0013197,O002186,S009,Meeting,2023-10-18 17:30:00,72
ACT0013198,O002186,S009,Email,2023-10-17 16:04:00,0
ACT0013199,O002186,S009,Call,2023-10-30 11:09:00,24
ACT0013200,O002186,S009,Call,2023-10-08 11:10:00,18
ACT0013201,O002186,S009,Email,2023-10-22 16:55:00,0
ACT0013202,O002186,S009,Meeting,2023-10-24 12:00:00,85
ACT0013203,O002186,S009,Call,2023-10-25 12:33:00,36
ACT0013204,O002187,S025,Meeting,2024-10-18 15:28:00,82
ACT0013205,O002187,S025,Email,2024-10-19 10:29:00,0
ACT0013206,O002187,S025,Email,2024-11-07 17:19:00,0
ACT0013207,O002187,S025,Call,2024-09-30 13:54:00,17
ACT0013208,O002187,S025,Email,2024-10-08 12:57:00,0
ACT0013209,O002187,S025,Call,2024-10-23 09:45:00,33
ACT0013210,O002188,S010,Meeting,2025-03-06 18:20:00,56
ACT0013211,O002188,S010,Email,2025-01-21 17:53:00,0
ACT0013212,O002188,S010,Demo,2025-03-26 13:47:00,73
ACT0013213,O002189,S005,Email,2025-06-04 14:25:00,0
ACT0013214,O002189,S005,Call,2025-06-25 10:09:00,29
ACT0013215,O002189,S005,Call,2025-06-23 12:47:00,16
ACT0013216,O002189,S005,Meeting,2025-06-03 15:57:00,77
ACT0013217,O002189,S005,Meeting,2025-06-18 12:20:00,73
ACT0013218,O002190,S025,Call,2023-12-03 13:05:00,11
ACT0013219,O002190,S025,Call,2023-11-27 08:07:00,18
ACT0013220,O002190,S025,Call,2023-11-21 08:16:00,7
ACT0013221,O002190,S025,Email,2023-11-27 12:30:00,0
ACT0013222,O002190,S025,Call,2023-11-17 15:59:00,24
ACT0013223,O002190,S025,Email,2023-11-14 14:35:00,0
ACT0013224,O002190,S025,Meeting,2023-11-29 08:05:00,41
ACT0013225,O002190,S025,Meeting,2023-11-17 11:44:00,83
ACT0013226,O002190,S025,Meeting,2023-12-03 11:20:00,78
ACT0013227,O002191,S002,Email,2025-05-07 15:32:00,0
ACT0013228,O002191,S002,Email,2025-05-11 14:24:00,0
ACT0013229,O002191,S002,Email,2025-06-03 11:12:00,0
ACT0013230,O002191,S002,Email,2025-05-09 08:33:00,0
ACT0013231,O002191,S002,Email,2025-05-12 08:32:00,0
ACT0013232,O002191,S002,Demo,2025-05-09 09:23:00,76
ACT0013233,O002191,S002,Email,2025-05-06 17:09:00,0
ACT0013234,O002191,S002,Email,2025-05-25 17:17:00,0
ACT0013235,O002191,S002,Email,2025-05-16 09:02:00,0
ACT0013236,O002191,S002,Call,2025-04-30 11:45:00,16
ACT0013237,O002192,S026,Call,2023-10-28 09:03:00,19
ACT0013238,O002192,S026,Demo,2023-10-22 14:12:00,109
ACT0013239,O002192,S026,Email,2023-10-29 10:06:00,0
ACT0013240,O002192,S026,Call,2023-10-21 10:36:00,21
ACT0013241,O002192,S026,Email,2023-10-26 18:40:00,0
ACT0013242,O002193,S016,Call,2024-03-25 18:50:00,44
ACT0013243,O002193,S016,Demo,2024-04-06 17:54:00,57
ACT0013244,O002193,S016,Call,2024-04-13 09:33:00,34
ACT0013245,O002193,S016,Call,2024-04-14 16:04:00,12
ACT0013246,O002193,S016,Email,2024-03-26 11:46:00,0
ACT0013247,O002193,S016,Email,2024-04-13 13:20:00,0
ACT0013248,O002193,S016,Meeting,2024-04-01 14:44:00,56
ACT0013249,O002193,S016,Email,2024-04-15 15:47:00,0
ACT0013250,O002193,S016,Email,2024-03-31 14:25:00,0
ACT0013251,O002193,S016,Email,2024-03-17 08:22:00,0
ACT0013252,O002193,S016,Call,2024-03-21 15:45:00,27
ACT0013253,O002193,S016,Email,2024-04-04 16:16:00,0
ACT0013254,O002194,S015,Email,2023-10-22 17:23:00,0
ACT0013255,O002194,S015,Email,2023-10-12 17:55:00,0
ACT0013256,O002194,S015,Call,2023-06-25 08:49:00,9
ACT0013257,O002194,S015,Email,2023-10-14 08:33:00,0
ACT0013258,O002194,S015,Call,2023-10-16 14:47:00,40
ACT0013259,O002195,S027,Email,2023-08-05 16:47:00,0
ACT0013260,O002195,S027,Call,2023-08-06 11:14:00,40
ACT0013261,O002195,S027,Email,2023-07-29 08:02:00,0
ACT0013262,O002195,S027,Email,2023-08-02 08:35:00,0
ACT0013263,O002196,S027,Email,2024-01-31 18:25:00,0
ACT0013264,O002196,S027,Email,2024-02-11 10:09:00,0
ACT0013265,O002196,S027,Meeting,2024-02-26 13:58:00,40
ACT0013266,O002197,S006,Meeting,2024-09-27 09:03:00,34
ACT0013267,O002197,S006,Email,2024-09-05 08:06:00,0
ACT0013268,O002197,S006,Email,2024-09-05 14:14:00,0
ACT0013269,O002197,S006,Call,2024-09-26 08:56:00,29
ACT0013270,O002197,S006,Email,2024-09-06 10:04:00,0
ACT0013271,O002197,S006,Call,2024-09-06 17:21:00,22
ACT0013272,O002197,S006,Email,2024-09-08 08:38:00,0
ACT0013273,O002197,S006,Call,2024-09-16 18:30:00,36
ACT0013274,O002197,S006,Email,2024-09-10 13:31:00,0
ACT0013275,O002197,S006,Email,2024-09-15 17:53:00,0
ACT0013276,O002198,S020,Demo,2025-06-29 18:50:00,87
ACT0013277,O002198,S020,Call,2025-06-30 15:40:00,43
ACT0013278,O002199,S018,Email,2023-03-27 09:49:00,0
ACT0013279,O002199,S018,Email,2023-03-24 14:36:00,0
ACT0013280,O002199,S018,Email,2023-03-26 09:35:00,0
ACT0013281,O002199,S018,Email,2023-03-17 09:35:00,0
ACT0013282,O002199,S018,Call,2023-03-25 14:55:00,23
ACT0013283,O002199,S018,Meeting,2023-03-20 09:01:00,31
ACT0013284,O002200,S035,Meeting,2023-06-14 12:44:00,79
ACT0013285,O002200,S035,Meeting,2023-09-24 09:31:00,42
ACT0013286,O002200,S035,Email,2023-08-11 13:29:00,0
ACT0013287,O002200,S035,Email,2023-07-29 12:07:00,0
ACT0013288,O002200,S035,Demo,2023-09-02 12:03:00,77
ACT0013289,O002200,S035,Email,2023-07-24 10:57:00,0
ACT0013290,O002200,S035,Meeting,2023-08-02 17:19:00,88
ACT0013291,O002200,S035,Call,2023-09-02 13:12:00,6
ACT0013292,O002201,S031,Email,2024-01-15 16:31:00,0
ACT0013293,O002201,S031,Email,2024-01-19 10:02:00,0
ACT0013294,O002201,S031,Demo,2023-12-31 11:43:00,82
ACT0013295,O002201,S031,Email,2023-11-26 09:27:00,0
ACT0013296,O002202,S020,Email,2024-02-22 11:37:00,0
ACT0013297,O002202,S020,Call,2024-02-16 18:03:00,40
ACT0013298,O002202,S020,Demo,2024-03-04 08:41:00,51
ACT0013299,O002202,S020,Demo,2024-03-01 12:28:00,88
ACT0013300,O002202,S020,Meeting,2024-02-10 10:39:00,77
ACT0013301,O002203,S038,Call,2025-06-29 17:42:00,8
ACT0013302,O002203,S038,Call,2025-06-27 18:31:00,23
ACT0013303,O002203,S038,Meeting,2025-06-29 16:15:00,38
ACT0013304,O002204,S009,Call,2023-11-30 17:35:00,43
ACT0013305,O002204,S009,Call,2023-12-17 11:38:00,5
ACT0013306,O002204,S009,Meeting,2023-12-05 15:27:00,42
ACT0013307,O002204,S009,Call,2023-12-02 08:27:00,34
ACT0013308,O002204,S009,Call,2021-10-06 11:03:00,30
ACT0013309,O002204,S009,Email,2023-11-10 13:44:00,0
ACT0013310,O002204,S009,Call,2023-11-19 09:36:00,25
ACT0013311,O002204,S009,Email,2023-11-29 14:14:00,0
ACT0013312,O002205,S008,Email,2023-07-21 08:49:00,0
ACT0013313,O002205,S008,Call,2023-08-11 16:38:00,37
ACT0013314,O002205,S008,Meeting,2023-07-05 10:26:00,30
ACT0013315,O002205,S008,Call,2023-07-23 17:40:00,21
ACT0013316,O002206,S016,Meeting,2024-08-09 12:08:00,68
ACT0013317,O002206,S016,Email,2024-10-25 17:10:00,0
ACT0013318,O002206,S016,Email,2024-10-24 16:00:00,0
ACT0013319,O002206,S016,Call,2024-08-13 12:32:00,37
ACT0013320,O002206,S016,Email,2024-09-28 17:27:00,0
ACT0013321,O002206,S016,Call,2024-11-23 16:18:00,18
ACT0013322,O002206,S016,Call,2024-11-04 12:27:00,18
ACT0013323,O002207,S035,Email,2024-11-17 13:02:00,0
ACT0013324,O002207,S035,Call,2024-11-20 14:36:00,44
ACT0013325,O002207,S035,Call,2024-11-18 18:52:00,9
ACT0013326,O002207,S035,Email,2024-11-27 13:12:00,0
ACT0013327,O002207,S035,Call,2024-11-14 11:21:00,12
ACT0013328,O002207,S035,Email,2024-11-14 13:39:00,0
ACT0013329,O002208,S009,Meeting,2025-01-09 14:01:00,78
ACT0013330,O002208,S009,Email,2024-11-15 12:24:00,0
ACT0013331,O002208,S009,Email,2025-01-21 17:30:00,0
ACT0013332,O002209,S008,Email,2022-04-18 17:12:00,0
ACT0013333,O002209,S008,Demo,2024-03-23 08:02:00,84
ACT0013334,O002209,S008,Call,2024-05-04 14:05:00,27
ACT0013335,O002209,S008,Call,2024-07-06 17:42:00,26
ACT0013336,O002209,S008,Demo,2024-04-18 12:16:00,52
ACT0013337,O002209,S008,Email,2024-05-06 09:48:00,0
ACT0013338,O002209,S008,Call,2024-06-12 16:00:00,39
ACT0013339,O002209,S008,Email,2024-04-10 13:28:00,0
ACT0013340,O002210,S039,Call,2025-03-02 15:42:00,34
ACT0013341,O002210,S039,Call,2025-03-07 09:18:00,28
ACT0013342,O002210,S039,Email,2025-03-09 09:20:00,0
ACT0013343,O002210,S039,Email,2025-03-06 13:13:00,0
ACT0013344,O002210,S039,Call,2025-03-06 09:17:00,10
ACT0013345,O002211,S005,Demo,2023-12-17 15:59:00,49
ACT0013346,O002211,S005,Email,2023-11-22 11:15:00,0
ACT0013347,O002211,S005,Email,2023-12-23 08:10:00,0
ACT0013348,O002211,S005,Email,2023-12-04 13:40:00,0
ACT0013349,O002211,S005,Email,2023-12-31 13:14:00,0
ACT0013350,O002211,S005,Call,2023-12-29 10:25:00,10
ACT0013351,O002211,S005,Call,2023-11-23 17:51:00,19
ACT0013352,O002211,S005,Email,2023-11-04 17:31:00,0
ACT0013353,O002211,S005,Call,2023-11-20 13:25:00,26
ACT0013354,O002212,S021,Email,2025-04-24 18:51:00,0
ACT0013355,O002212,S021,Call,2025-04-17 12:14:00,35
ACT0013356,O002212,S021,Call,2025-04-20 12:30:00,34
ACT0013357,O002212,S021,Email,2025-04-15 11:24:00,0
ACT0013358,O002212,S021,Email,2025-04-16 10:06:00,0
ACT0013359,O002212,S021,Call,2025-04-14 12:09:00,12
ACT0013360,O002212,S021,Meeting,2025-04-16 13:12:00,66
ACT0013361,O002212,S021,Meeting,2025-04-15 08:48:00,77
ACT0013362,O002213,S012,Demo,2023-12-25 14:53:00,57
ACT0013363,O002213,S012,Demo,2023-12-21 17:44:00,58
ACT0013364,O002213,S012,Meeting,2023-12-30 10:31:00,42
ACT0013365,O002213,S012,Email,2023-12-21 14:00:00,0
ACT0013366,O002213,S012,Email,2023-12-24 14:19:00,0
ACT0013367,O002213,S012,Call,2024-01-01 10:27:00,12
ACT0013368,O002214,S032,Email,2025-05-09 11:20:00,0
ACT0013369,O002214,S032,Demo,2025-05-02 09:58:00,48
ACT0013370,O002214,S032,Demo,2025-04-03 08:17:00,51
ACT0013371,O002214,S032,Meeting,2025-04-17 15:31:00,72
ACT0013372,O002214,S032,Call,2025-05-10 12:05:00,35
ACT0013373,O002215,S039,Email,2025-06-29 10:45:00,0
ACT0013374,O002215,S039,Call,2025-06-26 09:44:00,23
ACT0013375,O002215,S039,Email,2025-06-24 09:38:00,0
ACT0013376,O002215,S039,Call,2025-06-30 12:34:00,44
ACT0013377,O002216,S032,Email,2025-06-22 16:01:00,0
ACT0013378,O002216,S032,Call,2025-06-20 15:07:00,38
ACT0013379,O002217,S027,Demo,2024-10-03 12:39:00,56
ACT0013380,O002217,S027,Email,2024-09-13 18:20:00,0
ACT0013381,O002218,S008,Meeting,2023-05-29 10:25:00,54
ACT0013382,O002218,S008,Call,2023-06-15 08:34:00,17
ACT0013383,O002218,S008,Email,2023-07-10 11:34:00,0
ACT0013384,O002219,S017,Call,2023-12-04 15:53:00,42
ACT0013385,O002219,S017,Email,2023-12-01 12:47:00,0
ACT0013386,O002219,S017,Email,2023-11-22 14:03:00,0
ACT0013387,O002219,S017,Email,2023-12-12 14:21:00,0
ACT0013388,O002219,S017,Call,2023-12-10 16:09:00,34
ACT0013389,O002219,S017,Call,2023-11-26 14:42:00,11
ACT0013390,O002219,S017,Email,2023-12-20 12:42:00,0
ACT0013391,O002220,S037,Meeting,2023-08-13 11:54:00,79
ACT0013392,O002220,S037,Demo,2023-05-19 09:37:00,93
ACT0013393,O002220,S037,Demo,2023-05-28 11:13:00,58
ACT0013394,O002220,S037,Demo,2023-08-21 17:50:00,55
ACT0013395,O002221,S008,Meeting,2025-05-02 18:00:00,38
ACT0013396,O002221,S008,Call,2025-04-02 10:00:00,38
ACT0013397,O002221,S008,Call,2025-03-14 12:42:00,42
ACT0013398,O002221,S008,Call,2025-04-17 13:53:00,16
ACT0013399,O002221,S008,Email,2025-04-09 13:39:00,0
ACT0013400,O002221,S008,Email,2025-04-20 12:25:00,0
ACT0013401,O002221,S008,Demo,2025-03-17 08:25:00,119
ACT0013402,O002222,S022,Email,2024-10-12 11:02:00,0
ACT0013403,O002222,S022,Call,2024-10-18 18:39:00,8
ACT0013404,O002222,S022,Call,2024-11-06 11:35:00,23
ACT0013405,O002222,S022,Call,2024-09-17 14:24:00,9
ACT0013406,O002222,S022,Call,2024-10-16 15:21:00,37
ACT0013407,O002222,S022,Demo,2024-10-01 12:48:00,98
ACT0013408,O002222,S022,Call,2024-11-14 16:21:00,14
ACT0013409,O002223,S012,Email,2024-06-30 13:59:00,0
ACT0013410,O002223,S012,Demo,2024-06-24 17:22:00,115
ACT0013411,O002223,S012,Demo,2024-06-12 09:32:00,90
ACT0013412,O002223,S012,Meeting,2024-06-10 14:31:00,59
ACT0013413,O002223,S012,Call,2024-05-16 15:22:00,42
ACT0013414,O002223,S012,Meeting,2024-07-01 14:50:00,64
ACT0013415,O002223,S012,Call,2024-05-31 14:43:00,41
ACT0013416,O002224,S008,Email,2024-01-01 16:39:00,0
ACT0013417,O002224,S008,Email,2024-02-15 15:37:00,0
ACT0013418,O002224,S008,Call,2023-12-10 09:56:00,36
ACT0013419,O002224,S008,Meeting,2023-12-12 11:14:00,79
ACT0013420,O002224,S008,Demo,2024-01-27 13:16:00,100
ACT0013421,O002224,S008,Email,2024-02-10 15:51:00,0
ACT0013422,O002225,S028,Meeting,2025-01-05 18:53:00,78
ACT0013423,O002225,S028,Email,2024-12-07 09:05:00,0
ACT0013424,O002225,S028,Call,2025-01-07 08:58:00,15
ACT0013425,O002225,S028,Email,2024-12-01 13:38:00,0
ACT0013426,O002225,S028,Email,2024-12-13 17:14:00,0
ACT0013427,O002225,S028,Call,2025-01-11 13:19:00,7
ACT0013428,O002225,S028,Call,2024-12-25 12:51:00,44
ACT0013429,O002226,S038,Demo,2024-04-28 12:44:00,84
ACT0013430,O002226,S038,Meeting,2024-03-21 17:05:00,81
ACT0013431,O002226,S038,Email,2024-05-02 15:34:00,0
ACT0013432,O002226,S038,Email,2024-03-04 12:06:00,0
ACT0013433,O002226,S038,Email,2024-04-05 14:24:00,0
ACT0013434,O002226,S038,Call,2024-02-22 11:20:00,24
ACT0013435,O002226,S038,Email,2024-03-22 10:47:00,0
ACT0013436,O002227,S003,Demo,2024-05-24 18:20:00,72
ACT0013437,O002227,S003,Email,2024-04-30 10:49:00,0
ACT0013438,O002227,S003,Call,2024-05-04 14:12:00,24
ACT0013439,O002227,S003,Email,2024-06-29 17:24:00,0
ACT0013440,O002227,S003,Meeting,2024-07-30 10:46:00,31
ACT0013441,O002227,S003,Meeting,2024-07-12 10:05:00,72
ACT0013442,O002227,S003,Email,2024-03-23 13:01:00,0
ACT0013443,O002227,S003,Meeting,2024-06-11 12:26:00,37
ACT0013444,O002228,S034,Demo,2025-02-14 15:07:00,49
ACT0013445,O002228,S034,Email,2025-03-07 11:50:00,0
ACT0013446,O002228,S034,Email,2025-04-07 18:05:00,0
ACT0013447,O002229,S035,Call,2025-05-30 13:11:00,7
ACT0013448,O002229,S035,Email,2025-05-16 11:27:00,0
ACT0013449,O002229,S035,Call,2025-05-15 16:29:00,35
ACT0013450,O002229,S035,Email,2025-05-21 16:24:00,0
ACT0013451,O002229,S035,Email,2025-05-27 12:43:00,0
ACT0013452,O002230,S008,Email,2025-06-23 17:13:00,0
ACT0013453,O002230,S008,Email,2025-06-30 16:05:00,0
ACT0013454,O002230,S008,Email,2025-06-27 12:06:00,0
ACT0013455,O002231,S033,Call,2025-06-26 08:39:00,16
ACT0013456,O002231,S033,Call,2025-06-28 09:00:00,7
ACT0013457,O002231,S033,Call,2025-06-27 13:59:00,18
ACT0013458,O002231,S033,Call,2025-06-28 17:35:00,19
ACT0013459,O002231,S033,Email,2025-06-26 12:57:00,0
ACT0013460,O002232,S030,Demo,2025-01-29 15:03:00,49
ACT0013461,O002232,S030,Demo,2024-10-11 12:05:00,88
ACT0013462,O002232,S030,Email,2025-01-12 15:21:00,0
ACT0013463,O002232,S030,Call,2024-10-29 12:36:00,13
ACT0013464,O002232,S030,Call,2024-10-24 09:48:00,15
ACT0013465,O002232,S030,Email,2025-02-04 10:06:00,0
ACT0013466,O002232,S030,Call,2024-12-10 08:32:00,21
ACT0013467,O002233,S025,Call,2024-12-03 14:24:00,39
ACT0013468,O002233,S025,Call,2024-11-30 10:29:00,37
ACT0013469,O002233,S025,Meeting,2024-11-21 11:05:00,78
ACT0013470,O002233,S025,Email,2024-11-19 15:34:00,0
ACT0013471,O002233,S025,Call,2024-12-14 17:06:00,41
ACT0013472,O002233,S025,Call,2024-11-22 11:27:00,5
ACT0013473,O002233,S025,Email,2024-11-14 08:25:00,0
ACT0013474,O002234,S032,Email,2025-05-06 16:03:00,0
ACT0013475,O002234,S032,Demo,2025-05-14 13:23:00,46
ACT0013476,O002234,S032,Email,2025-05-09 11:51:00,0
ACT0013477,O002234,S032,Call,2025-05-13 09:16:00,21
ACT0013478,O002234,S032,Meeting,2025-05-12 18:16:00,35
ACT0013479,O002234,S032,Email,2025-05-14 15:01:00,0
ACT0013480,O002234,S032,Call,2025-05-10 16:04:00,9
ACT0013481,O002234,S032,Email,2025-05-06 17:13:00,0
ACT0013482,O002234,S032,Meeting,2025-05-06 17:02:00,76
ACT0013483,O002234,S032,Email,2025-05-05 10:56:00,0
ACT0013484,O002235,S013,Call,2025-04-19 12:18:00,24
ACT0013485,O002235,S013,Call,2025-05-16 15:16:00,20
ACT0013486,O002235,S013,Email,2025-04-06 17:55:00,0
ACT0013487,O002235,S013,Call,2025-05-19 17:22:00,7
ACT0013488,O002235,S013,Email,2025-04-20 13:01:00,0
ACT0013489,O002235,S013,Call,2025-03-23 09:27:00,10
ACT0013490,O002235,S013,Demo,2025-05-07 08:01:00,108
ACT0013491,O002235,S013,Email,2025-05-16 09:16:00,0
ACT0013492,O002236,S010,Email,2025-04-01 17:45:00,0
ACT0013493,O002237,S014,Meeting,2023-10-10 16:25:00,31
ACT0013494,O002237,S014,Demo,2023-09-12 17:01:00,84
ACT0013495,O002237,S014,Call,2023-10-19 08:18:00,36
ACT0013496,O002237,S014,Email,2023-10-09 14:31:00,0
ACT0013497,O002237,S014,Email,2023-10-18 15:17:00,0
ACT0013498,O002237,S014,Email,2023-09-30 14:51:00,0
ACT0013499,O002237,S014,Call,2023-10-21 09:08:00,8
ACT0013500,O002238,S005,Demo,2023-07-07 13:46:00,53
ACT0013501,O002238,S005,Call,2023-08-23 09:13:00,39
ACT0013502,O002238,S005,Meeting,2023-06-13 16:18:00,52
ACT0013503,O002238,S005,Email,2023-06-19 15:45:00,0
ACT0013504,O002238,S005,Demo,2023-08-17 18:14:00,57
ACT0013505,O002239,S033,Meeting,2025-06-23 11:10:00,55
ACT0013506,O002240,S012,Call,2024-04-28 14:18:00,43
ACT0013507,O002240,S012,Meeting,2024-05-07 11:07:00,82
ACT0013508,O002240,S012,Meeting,2024-03-23 16:00:00,89
ACT0013509,O002240,S012,Call,2024-04-28 11:59:00,8
ACT0013510,O002240,S012,Call,2024-03-22 16:14:00,43
ACT0013511,O002240,S012,Email,2024-03-29 09:46:00,0
ACT0013512,O002240,S012,Demo,2024-04-02 16:22:00,116
ACT0013513,O002240,S012,Email,2024-04-29 11:54:00,0
ACT0013514,O002240,S012,Demo,2024-04-07 14:16:00,68
ACT0013515,O002240,S012,Meeting,2024-03-22 16:02:00,44
ACT0013516,O002241,S038,Email,2023-05-11 15:00:00,0
ACT0013517,O002241,S038,Email,2023-05-25 12:21:00,0
ACT0013518,O002241,S038,Demo,2023-05-07 12:51:00,96
ACT0013519,O002241,S038,Call,2023-05-27 13:41:00,9
ACT0013520,O002241,S038,Call,2023-05-15 09:32:00,27
ACT0013521,O002241,S038,Email,2023-05-19 17:45:00,0
ACT0013522,O002241,S038,Email,2023-05-05 14:34:00,0
ACT0013523,O002241,S038,Email,2023-05-16 14:30:00,0
ACT0013524,O002242,S022,Call,2024-11-11 16:11:00,8
ACT0013525,O002242,S022,Call,2024-12-26 11:52:00,19
ACT0013526,O002242,S022,Call,2024-11-16 08:39:00,34
ACT0013527,O002242,S022,Meeting,2024-12-22 09:24:00,48
ACT0013528,O002242,S022,Call,2024-11-12 17:41:00,12
ACT0013529,O002242,S022,Call,2024-11-25 17:44:00,23
ACT0013530,O002243,S035,Call,2023-07-10 10:39:00,27
ACT0013531,O002243,S035,Email,2023-07-30 15:31:00,0
ACT0013532,O002243,S035,Demo,2023-07-17 13:05:00,99
ACT0013533,O002243,S035,Email,2023-08-09 17:32:00,0
ACT0013534,O002243,S035,Call,2023-08-04 16:20:00,23
ACT0013535,O002243,S035,Email,2023-07-10 18:11:00,0
ACT0013536,O002243,S035,Call,2023-07-24 14:27:00,42
ACT0013537,O002243,S035,Email,2023-07-18 18:41:00,0
ACT0013538,O002243,S035,Call,2023-08-01 11:26:00,7
ACT0013539,O002244,S028,Demo,2024-05-11 16:12:00,107
ACT0013540,O002244,S028,Email,2024-05-13 08:23:00,0
ACT0013541,O002244,S028,Email,2024-05-02 14:57:00,0
ACT0013542,O002244,S028,Email,2024-05-11 10:58:00,0
ACT0013543,O002244,S028,Email,2024-05-08 13:05:00,0
ACT0013544,O002245,S031,Email,2025-04-12 11:07:00,0
ACT0013545,O002245,S031,Email,2025-05-03 16:34:00,0
ACT0013546,O002245,S031,Call,2025-04-20 14:40:00,19
ACT0013547,O002245,S031,Call,2025-05-03 09:38:00,22
ACT0013548,O002246,S027,Meeting,2023-01-25 14:45:00,77
ACT0013549,O002246,S027,Call,2023-01-16 13:59:00,22
ACT0013550,O002246,S027,Email,2023-02-02 17:06:00,0
ACT0013551,O002246,S027,Call,2023-02-01 16:55:00,19
ACT0013552,O002246,S027,Call,2023-01-23 14:53:00,36
ACT0013553,O002247,S034,Call,2023-10-13 11:33:00,17
ACT0013554,O002247,S034,Call,2023-10-26 08:15:00,22
ACT0013555,O002247,S034,Call,2023-11-12 08:43:00,23
ACT0013556,O002247,S034,Email,2023-10-17 08:36:00,0
ACT0013557,O002247,S034,Demo,2023-10-07 08:24:00,84
ACT0013558,O002247,S034,Email,2023-10-26 10:48:00,0
ACT0013559,O002247,S034,Email,2023-10-22 10:02:00,0
ACT0013560,O002247,S034,Demo,2023-10-23 14:14:00,97
ACT0013561,O002247,S034,Call,2023-10-15 09:01:00,41
ACT0013562,O002248,S001,Call,2024-07-01 16:11:00,6
ACT0013563,O002248,S001,Email,2024-07-02 12:10:00,0
ACT0013564,O002248,S001,Call,2024-06-12 13:16:00,36
ACT0013565,O002248,S001,Email,2024-05-07 18:37:00,0
ACT0013566,O002248,S001,Call,2024-04-17 12:23:00,23
ACT0013567,O002248,S001,Email,2024-06-25 12:23:00,0
ACT0013568,O002249,S022,Email,2023-10-17 14:26:00,0
ACT0013569,O002249,S022,Call,2023-10-04 13:35:00,38
ACT0013570,O002249,S022,Email,2023-10-14 13:34:00,0
ACT0013571,O002249,S022,Demo,2023-11-27 12:21:00,49
ACT0013572,O002249,S022,Email,2023-10-04 10:20:00,0
ACT0013573,O002249,S022,Demo,2023-10-03 18:45:00,57
ACT0013574,O002249,S022,Call,2023-10-16 08:58:00,24
ACT0013575,O002250,S029,Demo,2024-11-09 10:49:00,93
ACT0013576,O002250,S029,Call,2024-11-25 17:43:00,17
ACT0013577,O002250,S029,Email,2024-10-22 13:04:00,0
ACT0013578,O002250,S029,Call,2024-10-17 17:49:00,31
ACT0013579,O002250,S029,Email,2024-11-22 16:31:00,0
ACT0013580,O002250,S029,Email,2024-12-22 15:52:00,0
ACT0013581,O002250,S029,Demo,2024-10-24 12:52:00,87
ACT0013582,O002250,S029,Call,2024-11-24 16:04:00,41
ACT0013583,O002250,S029,Email,2024-12-20 11:06:00,0
ACT0013584,O002251,S005,Demo,2024-08-30 12:42:00,80
ACT0013585,O002251,S005,Email,2024-11-13 14:28:00,0
ACT0013586,O002251,S005,Call,2024-08-28 09:02:00,24
ACT0013587,O002251,S005,Call,2024-10-16 08:40:00,35
ACT0013588,O002252,S015,Call,2025-01-10 13:44:00,11
ACT0013589,O002252,S015,Meeting,2025-02-04 16:22:00,52
ACT0013590,O002252,S015,Call,2024-12-28 18:12:00,22
ACT0013591,O002252,S015,Email,2025-02-09 14:18:00,0
ACT0013592,O002253,S002,Email,2024-08-02 08:42:00,0
ACT0013593,O002253,S002,Email,2024-07-03 10:21:00,0
ACT0013594,O002253,S002,Email,2024-07-05 15:08:00,0
ACT0013595,O002253,S002,Call,2024-07-13 15:46:00,19
ACT0013596,O002253,S002,Meeting,2024-07-31 17:48:00,56
ACT0013597,O002253,S002,Meeting,2024-07-25 16:39:00,83
ACT0013598,O002253,S002,Meeting,2024-07-04 10:57:00,49
ACT0013599,O002253,S002,Meeting,2024-07-12 15:25:00,82
ACT0013600,O002253,S002,Meeting,2024-06-22 15:01:00,83
ACT0013601,O002253,S002,Call,2024-06-28 16:23:00,41
ACT0013602,O002253,S002,Email,2024-06-20 16:37:00,0
ACT0013603,O002253,S002,Call,2024-06-29 13:45:00,9
ACT0013604,O002254,S024,Demo,2025-06-12 08:12:00,82
ACT0013605,O002254,S024,Demo,2025-05-25 15:53:00,76
ACT0013606,O002254,S024,Email,2025-06-15 17:47:00,0
ACT0013607,O002254,S024,Call,2025-06-23 17:11:00,26
ACT0013608,O002254,S024,Email,2025-06-10 18:33:00,0
ACT0013609,O002254,S024,Call,2025-06-19 13:33:00,15
ACT0013610,O002255,S005,Email,2025-04-23 17:59:00,0
ACT0013611,O002255,S005,Call,2025-04-07 08:45:00,25
ACT0013612,O002255,S005,Call,2025-04-14 17:12:00,6
ACT0013613,O002255,S005,Call,2025-04-10 17:38:00,15
ACT0013614,O002255,S005,Email,2025-04-08 13:40:00,0
ACT0013615,O002255,S005,Call,2025-04-08 10:19:00,37
ACT0013616,O002255,S005,Demo,2025-04-13 17:17:00,107
ACT0013617,O002255,S005,Email,2025-04-08 10:52:00,0
ACT0013618,O002255,S005,Meeting,2025-04-07 15:49:00,68
ACT0013619,O002256,S016,Demo,2023-04-15 18:53:00,109
ACT0013620,O002256,S016,Email,2023-04-20 17:45:00,0
ACT0013621,O002256,S016,Email,2023-03-10 14:37:00,0
ACT0013622,O002256,S016,Email,2021-11-08 16:25:00,0
ACT0013623,O002256,S016,Email,2023-01-29 12:56:00,0
ACT0013624,O002257,S005,Call,2025-01-25 15:09:00,19
ACT0013625,O002257,S005,Email,2025-01-29 14:53:00,0
ACT0013626,O002257,S005,Email,2025-03-09 16:17:00,0
ACT0013627,O002257,S005,Call,2025-05-07 09:36:00,17
ACT0013628,O002257,S005,Email,2025-05-07 13:36:00,0
ACT0013629,O002257,S005,Call,2025-04-05 18:02:00,11
ACT0013630,O002257,S005,Email,2025-03-04 10:16:00,0
ACT0013631,O002257,S005,Email,2025-05-14 16:39:00,0
ACT0013632,O002258,S027,Demo,2025-03-30 12:41:00,94
ACT0013633,O002258,S027,Email,2025-02-28 17:54:00,0
ACT0013634,O002258,S027,Meeting,2025-01-04 13:39:00,55
ACT0013635,O002258,S027,Email,2025-03-16 08:24:00,0
ACT0013636,O002258,S027,Call,2025-01-15 14:00:00,32
ACT0013637,O002258,S027,Call,2025-01-11 16:21:00,36
ACT0013638,O002258,S027,Meeting,2025-03-02 10:42:00,43
ACT0013639,O002258,S027,Call,2025-03-06 14:21:00,26
ACT0013640,O002259,S034,Call,2024-06-10 14:24:00,44
ACT0013641,O002259,S034,Meeting,2024-05-12 18:05:00,69
ACT0013642,O002259,S034,Email,2024-06-03 11:40:00,0
ACT0013643,O002259,S034,Email,2024-04-21 18:24:00,0
ACT0013644,O002259,S034,Email,2024-04-02 18:17:00,0
ACT0013645,O002259,S034,Email,2024-04-11 16:19:00,0
ACT0013646,O002259,S034,Call,2024-05-23 13:37:00,35
ACT0013647,O002260,S005,Email,2023-07-14 08:50:00,0
ACT0013648,O002260,S005,Call,2023-07-02 12:59:00,35
ACT0013649,O002260,S005,Meeting,2023-07-12 11:46:00,72
ACT0013650,O002260,S005,Email,2023-05-08 08:20:00,0
ACT0013651,O002260,S005,Meeting,2023-07-28 13:58:00,70
ACT0013652,O002260,S005,Call,2023-07-02 09:13:00,14
ACT0013653,O002260,S005,Call,2023-05-20 11:32:00,36
ACT0013654,O002260,S005,Meeting,2023-05-17 10:09:00,54
ACT0013655,O002260,S005,Email,2023-07-21 10:38:00,0
ACT0013656,O002260,S005,Email,2023-08-12 12:42:00,0
ACT0013657,O002260,S005,Email,2023-07-09 16:14:00,0
ACT0013658,O002261,S006,Call,2024-04-03 08:35:00,9
ACT0013659,O002261,S006,Call,2024-06-08 08:35:00,28
ACT0013660,O002261,S006,Email,2024-06-13 15:41:00,0
ACT0013661,O002262,S018,Call,2024-06-24 08:55:00,33
ACT0013662,O002262,S018,Email,2024-06-29 17:53:00,0
ACT0013663,O002262,S018,Call,2024-05-27 08:52:00,25
ACT0013664,O002262,S018,Email,2024-06-04 12:22:00,0
ACT0013665,O002262,S018,Email,2024-06-25 12:23:00,0
ACT0013666,O002262,S018,Call,2024-06-26 16:05:00,13
ACT0013667,O002262,S018,Call,2024-06-24 16:05:00,23
ACT0013668,O002262,S018,Call,2024-05-31 10:40:00,12
ACT0013669,O002263,S032,Call,2023-11-15 12:42:00,12
ACT0013670,O002263,S032,Email,2023-10-31 18:56:00,0
ACT0013671,O002264,S024,Email,2025-05-10 09:50:00,0
ACT0013672,O002264,S024,Email,2025-04-08 17:15:00,0
ACT0013673,O002264,S024,Call,2025-04-04 08:27:00,28
ACT0013674,O002264,S024,Call,2025-05-01 10:25:00,30
ACT0013675,O002264,S024,Email,2025-04-24 08:17:00,0
ACT0013676,O002264,S024,Email,2025-04-20 10:22:00,0
ACT0013677,O002264,S024,Meeting,2025-04-04 08:42:00,59
ACT0013678,O002265,S002,Email,2023-05-10 09:59:00,0
ACT0013679,O002265,S002,Email,2023-05-08 17:34:00,0
ACT0013680,O002265,S002,Email,2023-05-01 14:51:00,0
ACT0013681,O002266,S039,Meeting,2024-07-11 17:41:00,39
ACT0013682,O002266,S039,Call,2024-06-16 16:55:00,29
ACT0013683,O002266,S039,Email,2024-06-18 11:57:00,0
ACT0013684,O002266,S039,Call,2024-07-11 12:46:00,6
ACT0013685,O002266,S039,Demo,2024-06-19 17:13:00,86
ACT0013686,O002266,S039,Email,2024-07-08 16:17:00,0
ACT0013687,O002267,S006,Demo,2025-04-08 12:55:00,93
ACT0013688,O002267,S006,Call,2025-03-11 09:09:00,34
ACT0013689,O002267,S006,Call,2025-03-01 10:54:00,41
ACT0013690,O002267,S006,Demo,2025-04-17 15:49:00,89
ACT0013691,O002267,S006,Email,2025-03-12 11:05:00,0
ACT0013692,O002267,S006,Call,2025-04-17 17:42:00,12
ACT0013693,O002267,S006,Email,2025-02-24 11:03:00,0
ACT0013694,O002267,S006,Email,2025-02-19 16:38:00,0
ACT0013695,O002268,S015,Demo,2024-05-08 08:42:00,103
ACT0013696,O002268,S015,Email,2024-04-16 10:13:00,0
ACT0013697,O002268,S015,Email,2024-02-23 17:31:00,0
ACT0013698,O002268,S015,Email,2024-03-08 10:39:00,0
ACT0013699,O002268,S015,Meeting,2024-01-30 10:13:00,80
ACT0013700,O002269,S029,Email,2024-07-22 14:13:00,0
ACT0013701,O002269,S029,Email,2024-08-04 12:00:00,0
ACT0013702,O002269,S029,Email,2024-07-21 12:10:00,0
ACT0013703,O002269,S029,Call,2024-07-23 11:15:00,31
ACT0013704,O002269,S029,Call,2024-07-31 13:15:00,28
ACT0013705,O002269,S029,Demo,2024-07-25 14:33:00,101
ACT0013706,O002270,S023,Call,2024-07-31 10:08:00,39
ACT0013707,O002270,S023,Call,2024-08-02 09:33:00,9
ACT0013708,O002270,S023,Email,2024-09-08 11:46:00,0
ACT0013709,O002270,S023,Email,2024-09-18 15:05:00,0
ACT0013710,O002270,S023,Email,2024-08-27 16:33:00,0
ACT0013711,O002270,S023,Call,2024-09-04 10:38:00,14
ACT0013712,O002271,S010,Demo,2025-06-10 18:11:00,68
ACT0013713,O002271,S010,Meeting,2025-06-03 15:44:00,55
ACT0013714,O002271,S010,Email,2025-05-31 18:54:00,0
ACT0013715,O002271,S010,Call,2025-06-03 17:41:00,11
ACT0013716,O002271,S010,Call,2025-06-03 10:43:00,41
ACT0013717,O002271,S010,Email,2025-05-27 14:46:00,0
ACT0013718,O002271,S010,Email,2025-05-20 18:08:00,0
ACT0013719,O002272,S002,Call,2024-12-23 12:20:00,42
ACT0013720,O002272,S002,Call,2024-12-30 16:03:00,31
ACT0013721,O002273,S020,Email,2025-05-22 11:05:00,0
ACT0013722,O002273,S020,Email,2025-05-21 18:15:00,0
ACT0013723,O002273,S020,Call,2025-05-28 14:38:00,36
ACT0013724,O002273,S020,Email,2025-05-20 14:30:00,0
ACT0013725,O002273,S020,Meeting,2025-05-15 17:41:00,67
ACT0013726,O002273,S020,Call,2025-05-16 18:51:00,32
ACT0013727,O002273,S020,Call,2025-05-14 12:32:00,44
ACT0013728,O002273,S020,Email,2025-05-24 17:55:00,0
ACT0013729,O002273,S020,Meeting,2025-05-25 15:43:00,73
ACT0013730,O002273,S020,Email,2025-05-24 16:31:00,0
ACT0013731,O002273,S020,Call,2025-05-14 15:12:00,43
ACT0013732,O002273,S020,Call,2025-05-19 09:37:00,40
ACT0013733,O002274,S005,Meeting,2025-05-22 15:04:00,45
ACT0013734,O002274,S005,Email,2025-05-15 15:36:00,0
ACT0013735,O002274,S005,Meeting,2025-05-26 09:16:00,42
ACT0013736,O002274,S005,Call,2025-05-20 13:19:00,40
ACT0013737,O002274,S005,Email,2025-05-21 16:57:00,0
ACT0013738,O002274,S005,Email,2025-05-23 16:42:00,0
ACT0013739,O002274,S005,Email,2025-05-15 10:04:00,0
ACT0013740,O002274,S005,Email,2025-05-22 08:48:00,0
ACT0013741,O002274,S005,Meeting,2025-05-26 17:47:00,30
ACT0013742,O002275,S012,Email,2023-07-10 10:49:00,0
ACT0013743,O002275,S012,Demo,2023-07-09 08:07:00,113
ACT0013744,O002275,S012,Email,2023-07-09 14:06:00,0
ACT0013745,O002276,S037,Call,2025-04-14 17:30:00,6
ACT0013746,O002276,S037,Demo,2025-03-30 08:30:00,85
ACT0013747,O002276,S037,Email,2025-04-07 15:12:00,0
ACT0013748,O002276,S037,Email,2025-03-29 15:38:00,0
ACT0013749,O002276,S037,Call,2025-04-11 13:04:00,31
ACT0013750,O002276,S037,Call,2025-03-27 18:23:00,5
ACT0013751,O002276,S037,Meeting,2025-03-28 09:25:00,68
ACT0013752,O002276,S037,Call,2025-04-03 13:20:00,24
ACT0013753,O002277,S027,Call,2024-07-15 11:20:00,44
ACT0013754,O002277,S027,Email,2024-07-17 08:17:00,0
ACT0013755,O002277,S027,Email,2024-06-24 17:25:00,0
ACT0013756,O002277,S027,Meeting,2024-07-14 09:48:00,67
ACT0013757,O002277,S027,Call,2024-07-24 09:07:00,26
ACT0013758,O002277,S027,Call,2024-07-03 15:31:00,38
ACT0013759,O002277,S027,Call,2024-07-04 13:42:00,9
ACT0013760,O002278,S007,Meeting,2023-05-18 11:11:00,87
ACT0013761,O002278,S007,Email,2023-05-26 11:37:00,0
ACT0013762,O002278,S007,Meeting,2023-04-26 08:27:00,72
ACT0013763,O002278,S007,Call,2023-04-23 13:54:00,32
ACT0013764,O002278,S007,Meeting,2023-05-16 16:02:00,46
ACT0013765,O002278,S007,Call,2023-04-26 13:37:00,18
ACT0013766,O002279,S005,Call,2024-11-29 08:49:00,35
ACT0013767,O002279,S005,Call,2024-12-05 15:34:00,33
ACT0013768,O002279,S005,Call,2024-10-03 15:13:00,27
ACT0013769,O002279,S005,Demo,2024-11-11 08:47:00,60
ACT0013770,O002279,S005,Email,2024-11-17 16:02:00,0
ACT0013771,O002279,S005,Email,2024-09-28 10:33:00,0
ACT0013772,O002279,S005,Email,2024-11-24 17:37:00,0
ACT0013773,O002279,S005,Meeting,2024-11-28 11:04:00,35
ACT0013774,O002279,S005,Email,2024-12-05 15:39:00,0
ACT0013775,O002280,S013,Meeting,2023-08-25 18:53:00,66
ACT0013776,O002280,S013,Meeting,2023-07-21 17:37:00,81
ACT0013777,O002280,S013,Email,2023-07-14 15:48:00,0
ACT0013778,O002280,S013,Email,2021-10-19 10:10:00,0
ACT0013779,O002280,S013,Call,2023-06-27 09:43:00,18
ACT0013780,O002281,S040,Demo,2023-08-27 08:15:00,85
ACT0013781,O002281,S040,Call,2023-08-16 18:22:00,35
ACT0013782,O002281,S040,Email,2023-09-04 15:35:00,0
ACT0013783,O002281,S040,Call,2023-09-24 09:51:00,26
ACT0013784,O002281,S040,Email,2023-09-10 14:02:00,0
ACT0013785,O002281,S040,Call,2023-08-31 10:44:00,18
ACT0013786,O002282,S017,Email,2023-05-22 13:34:00,0
ACT0013787,O002282,S017,Email,2023-05-15 14:32:00,0
ACT0013788,O002282,S017,Email,2023-04-20 11:02:00,0
ACT0013789,O002282,S017,Email,2023-06-08 15:07:00,0
ACT0013790,O002282,S017,Demo,2023-05-17 09:04:00,88
ACT0013791,O002282,S017,Call,2021-01-09 09:22:00,10
ACT0013792,O002282,S017,Email,2023-04-23 12:18:00,0
ACT0013793,O002282,S017,Call,2023-06-08 16:39:00,43
ACT0013794,O002282,S017,Call,2023-04-20 12:49:00,25
ACT0013795,O002282,S017,Call,2023-04-27 12:10:00,22
ACT0013796,O002282,S017,Email,2023-04-05 13:14:00,0
ACT0013797,O002282,S017,Email,2023-06-04 15:59:00,0
ACT0013798,O002282,S017,Email,2023-04-02 15:24:00,0
ACT0013799,O002283,S037,Email,2024-09-22 17:00:00,0
ACT0013800,O002283,S037,Call,2024-10-08 13:44:00,9
ACT0013801,O002283,S037,Meeting,2024-09-19 11:14:00,40
ACT0013802,O002283,S037,Call,2024-10-10 10:39:00,5
ACT0013803,O002283,S037,Call,2024-10-10 10:10:00,36
ACT0013804,O002283,S037,Email,2024-09-13 15:50:00,0
ACT0013805,O002283,S037,Email,2024-10-05 14:08:00,0
ACT0013806,O002283,S037,Call,2024-10-15 15:04:00,8
ACT0013807,O002283,S037,Email,2024-09-25 17:01:00,0
ACT0013808,O002283,S037,Email,2024-10-12 18:02:00,0
ACT0013809,O002283,S037,Meeting,2024-10-13 13:41:00,59
ACT0013810,O002283,S037,Email,2024-09-11 14:56:00,0
ACT0013811,O002283,S037,Email,2024-09-12 13:23:00,0
ACT0013812,O002284,S035,Email,2025-06-22 13:09:00,0
ACT0013813,O002284,S035,Email,2025-05-28 15:14:00,0
ACT0013814,O002284,S035,Email,2025-06-15 08:40:00,0
ACT0013815,O002284,S035,Email,2025-05-10 11:14:00,0
ACT0013816,O002284,S035,Email,2025-06-07 12:15:00,0
ACT0013817,O002285,S037,Call,2024-08-26 12:55:00,11
ACT0013818,O002285,S037,Demo,2024-08-27 17:12:00,57
ACT0013819,O002285,S037,Call,2024-08-21 12:39:00,26
ACT0013820,O002285,S037,Call,2024-08-17 14:48:00,34
ACT0013821,O002285,S037,Demo,2024-08-20 13:13:00,75
ACT0013822,O002285,S037,Email,2024-08-26 17:30:00,0
ACT0013823,O002285,S037,Demo,2024-08-18 14:50:00,82
ACT0013824,O002285,S037,Email,2024-08-23 15:05:00,0
ACT0013825,O002285,S037,Email,2024-09-01 09:06:00,0
ACT0013826,O002286,S031,Meeting,2025-05-10 11:01:00,79
ACT0013827,O002286,S031,Call,2025-03-29 18:18:00,19
ACT0013828,O002286,S031,Meeting,2025-05-18 12:54:00,55
ACT0013829,O002287,S035,Call,2025-04-16 14:59:00,36
ACT0013830,O002287,S035,Call,2025-05-09 16:34:00,34
ACT0013831,O002287,S035,Meeting,2025-05-11 08:33:00,44
ACT0013832,O002287,S035,Email,2025-04-24 11:37:00,0
ACT0013833,O002287,S035,Call,2025-04-25 17:43:00,23
ACT0013834,O002287,S035,Email,2025-04-30 18:17:00,0
ACT0013835,O002287,S035,Call,2025-04-20 18:39:00,26
ACT0013836,O002288,S033,Meeting,2023-12-21 10:36:00,33
ACT0013837,O002288,S033,Meeting,2023-12-19 16:37:00,67
ACT0013838,O002288,S033,Call,2024-01-29 14:23:00,22
ACT0013839,O002288,S033,Email,2024-01-15 09:03:00,0
ACT0013840,O002289,S016,Meeting,2023-11-28 15:00:00,88
ACT0013841,O002289,S016,Call,2023-12-28 17:04:00,27
ACT0013842,O002289,S016,Demo,2023-12-15 18:51:00,70
ACT0013843,O002289,S016,Call,2023-10-30 13:49:00,28
ACT0013844,O002290,S020,Meeting,2025-06-25 16:00:00,30
ACT0013845,O002290,S020,Call,2025-06-27 12:36:00,9
ACT0013846,O002290,S020,Call,2025-06-23 13:24:00,19
ACT0013847,O002290,S020,Meeting,2025-06-30 16:24:00,76
ACT0013848,O002291,S040,Email,2023-02-06 09:27:00,0
ACT0013849,O002291,S040,Email,2023-01-24 09:31:00,0
ACT0013850,O002291,S040,Email,2023-03-13 18:32:00,0
ACT0013851,O002291,S040,Call,2023-02-23 12:48:00,40
ACT0013852,O002291,S040,Meeting,2023-01-24 11:57:00,62
ACT0013853,O002291,S040,Email,2023-02-20 15:40:00,0
ACT0013854,O002292,S011,Email,2025-05-24 09:36:00,0
ACT0013855,O002292,S011,Meeting,2025-05-16 16:57:00,79
ACT0013856,O002292,S011,Meeting,2025-06-17 15:38:00,79
ACT0013857,O002292,S011,Demo,2025-05-23 17:09:00,95
ACT0013858,O002292,S011,Meeting,2025-06-20 16:28:00,70
ACT0013859,O002292,S011,Call,2025-06-29 10:22:00,12
ACT0013860,O002292,S011,Call,2025-05-25 10:19:00,19
ACT0013861,O002292,S011,Meeting,2025-05-22 16:15:00,76
ACT0013862,O002293,S002,Email,2024-06-26 18:36:00,0
ACT0013863,O002293,S002,Call,2024-07-03 10:41:00,25
ACT0013864,O002293,S002,Email,2024-03-31 08:07:00,0
ACT0013865,O002293,S002,Email,2024-06-07 18:38:00,0
ACT0013866,O002293,S002,Email,2024-05-08 08:16:00,0
ACT0013867,O002294,S033,Email,2024-12-17 09:11:00,0
ACT0013868,O002294,S033,Demo,2024-12-03 14:47:00,97
ACT0013869,O002294,S033,Email,2025-01-06 08:14:00,0
ACT0013870,O002294,S033,Demo,2024-12-29 09:31:00,108
ACT0013871,O002294,S033,Call,2024-12-16 08:19:00,29
ACT0013872,O002294,S033,Demo,2025-03-16 08:03:00,52
ACT0013873,O002294,S033,Email,2025-01-25 18:18:00,0
ACT0013874,O002294,S033,Call,2025-03-08 08:34:00,32
ACT0013875,O002295,S025,Email,2025-04-28 10:19:00,0
ACT0013876,O002295,S025,Email,2025-06-19 16:18:00,0
ACT0013877,O002295,S025,Call,2025-04-19 13:00:00,43
ACT0013878,O002295,S025,Email,2025-05-14 13:38:00,0
ACT0013879,O002295,S025,Call,2025-06-01 18:28:00,31
ACT0013880,O002295,S025,Email,2025-06-15 17:26:00,0
ACT0013881,O002296,S017,Meeting,2023-11-08 09:00:00,47
ACT0013882,O002296,S017,Meeting,2023-11-17 11:36:00,37
ACT0013883,O002296,S017,Meeting,2024-01-14 08:27:00,54
ACT0013884,O002296,S017,Email,2024-01-17 11:19:00,0
ACT0013885,O002297,S040,Call,2025-06-26 08:22:00,14
ACT0013886,O002297,S040,Call,2025-06-29 16:47:00,44
ACT0013887,O002298,S016,Email,2025-06-21 14:58:00,0
ACT0013888,O002298,S016,Email,2025-05-29 11:41:00,0
ACT0013889,O002298,S016,Email,2025-06-09 18:18:00,0
ACT0013890,O002299,S001,Meeting,2023-02-13 12:32:00,44
ACT0013891,O002299,S001,Demo,2023-02-27 16:32:00,46
ACT0013892,O002299,S001,Demo,2023-03-02 14:05:00,90
ACT0013893,O002299,S001,Email,2023-02-12 18:10:00,0
ACT0013894,O002299,S001,Email,2023-02-19 18:13:00,0
ACT0013895,O002300,S037,Meeting,2025-02-22 18:06:00,61
ACT0013896,O002300,S037,Email,2025-03-01 17:43:00,0
ACT0013897,O002301,S033,Email,2023-09-16 09:04:00,0
ACT0013898,O002301,S033,Email,2023-09-13 18:11:00,0
ACT0013899,O002301,S033,Demo,2023-08-24 14:34:00,116
ACT0013900,O002301,S033,Email,2023-08-22 15:40:00,0
ACT0013901,O002302,S037,Email,2025-04-10 11:14:00,0
ACT0013902,O002302,S037,Email,2025-05-05 15:03:00,0
ACT0013903,O002302,S037,Email,2025-05-02 13:58:00,0
ACT0013904,O002302,S037,Call,2025-02-25 09:56:00,7
ACT0013905,O002302,S037,Email,2025-04-18 15:00:00,0
ACT0013906,O002303,S018,Demo,2023-08-23 15:07:00,88
ACT0013907,O002303,S018,Email,2023-08-07 16:06:00,0
ACT0013908,O002303,S018,Email,2023-07-16 15:55:00,0
ACT0013909,O002303,S018,Demo,2023-08-25 18:40:00,67
ACT0013910,O002303,S018,Call,2023-09-05 10:02:00,6
ACT0013911,O002303,S018,Meeting,2023-06-28 08:03:00,82
ACT0013912,O002303,S018,Email,2023-08-04 08:37:00,0
ACT0013913,O002303,S018,Email,2023-07-19 14:05:00,0
ACT0013914,O002303,S018,Call,2023-06-28 08:57:00,21
ACT0013915,O002303,S018,Meeting,2023-09-01 13:47:00,38
ACT0013916,O002304,S011,Email,2025-06-10 17:13:00,0
ACT0013917,O002304,S011,Call,2025-06-21 18:50:00,20
ACT0013918,O002304,S011,Email,2025-06-24 17:10:00,0
ACT0013919,O002304,S011,Call,2025-06-10 08:48:00,44
ACT0013920,O002304,S011,Meeting,2025-06-07 09:39:00,71
ACT0013921,O002304,S011,Email,2025-06-27 13:27:00,0
ACT0013922,O002304,S011,Email,2025-06-19 09:03:00,0
ACT0013923,O002305,S032,Call,2025-03-09 14:35:00,7
ACT0013924,O002305,S032,Email,2025-02-27 08:05:00,0
ACT0013925,O002305,S032,Call,2025-02-19 18:34:00,11
ACT0013926,O002305,S032,Meeting,2025-03-14 08:46:00,41
ACT0013927,O002305,S032,Meeting,2025-02-27 11:39:00,51
ACT0013928,O002306,S017,Call,2025-03-31 08:39:00,39
ACT0013929,O002306,S017,Demo,2025-03-14 10:47:00,45
ACT0013930,O002306,S017,Call,2025-04-04 16:27:00,33
ACT0013931,O002306,S017,Demo,2025-03-18 14:35:00,63
ACT0013932,O002306,S017,Email,2025-04-10 15:01:00,0
ACT0013933,O002307,S002,Meeting,2024-01-03 12:08:00,79
ACT0013934,O002307,S002,Demo,2023-11-18 10:35:00,118
ACT0013935,O002307,S002,Call,2023-10-08 08:29:00,10
ACT0013936,O002307,S002,Email,2023-10-07 12:34:00,0
ACT0013937,O002307,S002,Call,2023-12-06 14:44:00,31
ACT0013938,O002307,S002,Call,2023-12-11 09:23:00,27
ACT0013939,O002307,S002,Email,2023-09-23 08:25:00,0
ACT0013940,O002307,S002,Call,2023-10-27 17:48:00,27
ACT0013941,O002307,S002,Email,2023-12-07 16:29:00,0
ACT0013942,O002308,S037,Meeting,2023-09-19 14:10:00,74
ACT0013943,O002308,S037,Call,2023-09-04 11:44:00,35
ACT0013944,O002308,S037,Email,2023-08-22 14:02:00,0
ACT0013945,O002308,S037,Call,2023-09-07 18:28:00,22
ACT0013946,O002308,S037,Meeting,2023-08-17 08:06:00,47
ACT0013947,O002309,S010,Call,2025-06-09 12:08:00,13
ACT0013948,O002309,S010,Email,2025-06-15 09:24:00,0
ACT0013949,O002309,S010,Call,2025-06-06 16:20:00,37
ACT0013950,O002309,S010,Call,2025-06-06 17:36:00,22
ACT0013951,O002309,S010,Call,2025-06-12 08:09:00,14
ACT0013952,O002309,S010,Call,2025-06-11 11:12:00,6
ACT0013953,O002310,S038,Call,2024-07-09 16:19:00,38
ACT0013954,O002310,S038,Call,2024-06-20 12:51:00,33
ACT0013955,O002310,S038,Demo,2024-08-09 17:53:00,106
ACT0013956,O002310,S038,Email,2024-08-10 18:21:00,0
ACT0013957,O002310,S038,Meeting,2024-06-09 10:18:00,48
ACT0013958,O002310,S038,Call,2024-03-18 13:01:00,10
ACT0013959,O002310,S038,Call,2024-04-13 09:48:00,35
ACT0013960,O002311,S012,Meeting,2024-05-27 12:23:00,62
ACT0013961,O002311,S012,Call,2024-06-09 08:11:00,43
ACT0013962,O002311,S012,Email,2024-05-31 17:06:00,0
ACT0013963,O002311,S012,Meeting,2024-06-06 14:46:00,72
ACT0013964,O002311,S012,Demo,2024-05-30 18:29:00,91
ACT0013965,O002311,S012,Call,2024-06-06 09:01:00,21
ACT0013966,O002312,S038,Meeting,2025-04-09 17:28:00,78
ACT0013967,O002312,S038,Call,2025-05-20 11:24:00,26
ACT0013968,O002312,S038,Meeting,2025-04-07 17:51:00,36
ACT0013969,O002312,S038,Meeting,2025-04-19 15:54:00,31
ACT0013970,O002313,S002,Call,2024-02-03 09:47:00,31
ACT0013971,O002313,S002,Call,2023-12-26 08:45:00,11
ACT0013972,O002313,S002,Meeting,2023-12-27 13:27:00,81
ACT0013973,O002313,S002,Email,2023-12-29 12:20:00,0
ACT0013974,O002313,S002,Call,2024-01-24 14:51:00,11
ACT0013975,O002313,S002,Email,2023-12-28 14:59:00,0
ACT0013976,O002313,S002,Email,2024-01-04 15:29:00,0
ACT0013977,O002313,S002,Call,2024-01-16 15:11:00,24
ACT0013978,O002313,S002,Call,2024-01-23 08:54:00,17
ACT0013979,O002314,S008,Meeting,2025-06-18 08:39:00,85
ACT0013980,O002314,S008,Meeting,2025-06-29 14:50:00,60
ACT0013981,O002314,S008,Email,2025-06-24 14:03:00,0
ACT0013982,O002314,S008,Email,2025-06-23 15:50:00,0
ACT0013983,O002314,S008,Call,2025-06-24 11:09:00,30
ACT0013984,O002315,S029,Email,2025-06-19 10:32:00,0
ACT0013985,O002315,S029,Demo,2025-06-20 18:07:00,80
ACT0013986,O002315,S029,Call,2025-06-15 10:58:00,29
ACT0013987,O002316,S038,Call,2024-06-10 13:16:00,27
ACT0013988,O002316,S038,Call,2024-07-31 12:11:00,44
ACT0013989,O002316,S038,Demo,2022-03-21 16:15:00,92
ACT0013990,O002316,S038,Call,2024-06-20 09:01:00,36
ACT0013991,O002316,S038,Email,2024-07-24 15:13:00,0
ACT0013992,O002316,S038,Call,2024-05-31 14:43:00,43
ACT0013993,O002316,S038,Meeting,2024-07-12 11:11:00,57
ACT0013994,O002316,S038,Meeting,2024-07-25 09:10:00,32
ACT0013995,O002316,S038,Call,2024-07-31 14:11:00,43
ACT0013996,O002316,S038,Call,2024-07-01 16:28:00,5
ACT0013997,O002316,S038,Email,2024-06-17 08:25:00,0
ACT0013998,O002316,S038,Call,2024-07-18 08:26:00,37
ACT0013999,O002317,S010,Call,2025-05-15 12:39:00,42
ACT0014000,O002317,S010,Demo,2025-04-05 12:52:00,76
ACT0014001,O002317,S010,Email,2025-04-16 14:53:00,0
ACT0014002,O002317,S010,Call,2025-05-09 17:11:00,36
ACT0014003,O002317,S010,Email,2025-05-29 11:09:00,0
ACT0014004,O002318,S002,Email,2024-09-17 16:18:00,0
ACT0014005,O002318,S002,Call,2024-08-25 12:23:00,44
ACT0014006,O002318,S002,Call,2024-11-12 16:06:00,6
ACT0014007,O002318,S002,Email,2024-07-17 17:42:00,0
ACT0014008,O002318,S002,Call,2024-08-19 15:28:00,37
ACT0014009,O002318,S002,Meeting,2024-11-14 18:48:00,56
ACT0014010,O002318,S002,Email,2024-09-07 16:27:00,0
ACT0014011,O002319,S033,Email,2023-07-30 17:10:00,0
ACT0014012,O002319,S033,Call,2023-08-21 14:44:00,28
ACT0014013,O002319,S033,Call,2023-07-04 12:42:00,6
ACT0014014,O002320,S037,Email,2024-09-12 15:44:00,0
ACT0014015,O002320,S037,Email,2024-10-02 13:03:00,0
ACT0014016,O002320,S037,Email,2024-09-14 17:31:00,0
ACT0014017,O002320,S037,Email,2024-09-25 16:59:00,0
ACT0014018,O002321,S009,Email,2025-03-04 09:17:00,0
ACT0014019,O002321,S009,Call,2025-04-03 17:55:00,16
ACT0014020,O002321,S009,Call,2025-03-06 17:46:00,9
ACT0014021,O002321,S009,Demo,2025-03-10 11:22:00,87
ACT0014022,O002321,S009,Email,2025-03-16 09:27:00,0
ACT0014023,O002321,S009,Meeting,2025-03-13 09:36:00,31
ACT0014024,O002322,S001,Meeting,2025-04-11 10:32:00,36
ACT0014025,O002322,S001,Call,2025-04-03 14:16:00,26
ACT0014026,O002322,S001,Email,2025-03-08 13:07:00,0
ACT0014027,O002322,S001,Meeting,2025-04-15 15:51:00,85
ACT0014028,O002323,S034,Email,2025-05-30 18:05:00,0
ACT0014029,O002323,S034,Demo,2025-06-13 12:42:00,62
ACT0014030,O002323,S034,Email,2025-06-21 08:49:00,0
ACT0014031,O002323,S034,Call,2025-05-20 15:02:00,40
ACT0014032,O002324,S004,Email,2024-05-06 09:09:00,0
ACT0014033,O002324,S004,Email,2024-06-27 14:27:00,0
ACT0014034,O002324,S004,Email,2024-06-01 16:35:00,0
ACT0014035,O002324,S004,Email,2024-05-09 15:55:00,0
ACT0014036,O002324,S004,Demo,2024-05-02 17:07:00,50
ACT0014037,O002324,S004,Call,2024-05-22 17:22:00,29
ACT0014038,O002324,S004,Demo,2024-06-05 15:11:00,97
ACT0014039,O002324,S004,Demo,2024-04-28 09:27:00,87
ACT0014040,O002324,S004,Call,2024-04-24 14:06:00,33
ACT0014041,O002325,S031,Call,2024-10-11 16:13:00,37
ACT0014042,O002325,S031,Meeting,2024-09-20 16:59:00,72
ACT0014043,O002325,S031,Email,2024-09-24 14:09:00,0
ACT0014044,O002325,S031,Call,2024-10-01 14:57:00,22
ACT0014045,O002325,S031,Call,2024-10-14 15:19:00,42
ACT0014046,O002325,S031,Call,2024-09-20 13:32:00,21
ACT0014047,O002325,S031,Call,2024-09-26 13:02:00,42
ACT0014048,O002326,S011,Email,2025-03-15 10:23:00,0
ACT0014049,O002327,S009,Email,2025-03-01 18:56:00,0
ACT0014050,O002327,S009,Email,2025-04-10 16:32:00,0
ACT0014051,O002327,S009,Email,2025-03-24 11:30:00,0
ACT0014052,O002327,S009,Call,2025-03-29 14:08:00,44
ACT0014053,O002327,S009,Email,2025-04-03 09:08:00,0
ACT0014054,O002327,S009,Meeting,2025-04-05 10:06:00,48
ACT0014055,O002327,S009,Email,2025-04-07 18:04:00,0
ACT0014056,O002327,S009,Call,2025-03-11 18:57:00,43
ACT0014057,O002328,S005,Demo,2025-05-27 18:06:00,50
ACT0014058,O002328,S005,Meeting,2025-05-19 10:26:00,72
ACT0014059,O002328,S005,Call,2025-05-15 13:39:00,12
ACT0014060,O002329,S005,Call,2023-09-20 12:06:00,21
ACT0014061,O002329,S005,Email,2023-09-14 16:52:00,0
ACT0014062,O002329,S005,Meeting,2023-09-23 12:29:00,30
ACT0014063,O002329,S005,Call,2023-08-04 12:04:00,23
ACT0014064,O002329,S005,Demo,2023-07-23 11:38:00,58
ACT0014065,O002329,S005,Demo,2023-08-10 16:36:00,83
ACT0014066,O002330,S016,Meeting,2025-05-01 17:14:00,72
ACT0014067,O002330,S016,Call,2025-05-01 14:52:00,11
ACT0014068,O002330,S016,Call,2025-04-24 16:27:00,27
ACT0014069,O002330,S016,Meeting,2025-04-09 15:21:00,61
ACT0014070,O002330,S016,Call,2025-04-30 08:32:00,10
ACT0014071,O002331,S032,Call,2025-03-09 08:18:00,17
ACT0014072,O002331,S032,Call,2025-04-08 14:34:00,15
ACT0014073,O002331,S032,Demo,2025-04-23 10:02:00,63
ACT0014074,O002331,S032,Call,2025-03-09 13:16:00,15
ACT0014075,O002331,S032,Call,2025-03-31 15:40:00,42
ACT0014076,O002331,S032,Email,2025-04-05 15:17:00,0
ACT0014077,O002331,S032,Email,2025-04-08 10:36:00,0
ACT0014078,O002332,S036,Email,2024-02-08 10:58:00,0
ACT0014079,O002332,S036,Meeting,2024-03-19 10:36:00,37
ACT0014080,O002332,S036,Meeting,2024-02-03 12:08:00,45
ACT0014081,O002332,S036,Email,2024-02-28 11:38:00,0
ACT0014082,O002332,S036,Call,2024-02-02 18:51:00,39
ACT0014083,O002332,S036,Email,2024-01-14 10:54:00,0
ACT0014084,O002332,S036,Email,2024-02-05 15:55:00,0
ACT0014085,O002332,S036,Demo,2024-01-21 15:41:00,77
ACT0014086,O002333,S031,Call,2025-04-04 08:10:00,8
ACT0014087,O002333,S031,Email,2025-03-13 13:45:00,0
ACT0014088,O002333,S031,Demo,2025-04-02 12:10:00,117
ACT0014089,O002333,S031,Email,2025-04-05 09:07:00,0
ACT0014090,O002333,S031,Meeting,2025-03-07 08:19:00,51
ACT0014091,O002333,S031,Meeting,2025-02-23 16:41:00,77
ACT0014092,O002333,S031,Demo,2025-03-19 16:40:00,98
ACT0014093,O002333,S031,Call,2025-04-01 13:51:00,29
ACT0014094,O002333,S031,Call,2025-03-07 08:01:00,27
ACT0014095,O002334,S016,Demo,2024-12-17 16:55:00,49
ACT0014096,O002334,S016,Email,2024-11-06 18:25:00,0
ACT0014097,O002334,S016,Email,2024-12-21 09:46:00,0
ACT0014098,O002334,S016,Call,2024-11-22 08:18:00,19
ACT0014099,O002334,S016,Call,2024-11-14 17:22:00,7
ACT0014100,O002335,S004,Call,2024-01-01 08:36:00,35
ACT0014101,O002335,S004,Email,2023-12-03 14:35:00,0
ACT0014102,O002335,S004,Call,2024-01-14 17:26:00,38
ACT0014103,O002335,S004,Call,2024-01-16 08:49:00,10
ACT0014104,O002335,S004,Meeting,2024-01-09 08:27:00,76
ACT0014105,O002335,S004,Email,2023-12-30 11:10:00,0
ACT0014106,O002336,S009,Call,2023-07-03 11:02:00,28
ACT0014107,O002336,S009,Call,2023-06-25 14:43:00,15
ACT0014108,O002336,S009,Email,2023-07-02 13:12:00,0
ACT0014109,O002336,S009,Email,2023-07-05 12:03:00,0
ACT0014110,O002336,S009,Email,2023-06-13 17:04:00,0
ACT0014111,O002336,S009,Email,2023-07-05 17:40:00,0
ACT0014112,O002336,S009,Email,2023-07-12 12:34:00,0
ACT0014113,O002336,S009,Email,2023-06-18 12:32:00,0
ACT0014114,O002336,S009,Email,2023-07-07 14:35:00,0
ACT0014115,O002337,S011,Demo,2023-11-14 16:33:00,82
ACT0014116,O002337,S011,Email,2023-11-09 15:40:00,0
ACT0014117,O002337,S011,Call,2023-12-01 17:39:00,7
ACT0014118,O002337,S011,Email,2023-12-09 08:30:00,0
ACT0014119,O002337,S011,Email,2023-11-29 13:27:00,0
ACT0014120,O002338,S005,Call,2024-07-16 13:09:00,6
ACT0014121,O002338,S005,Email,2024-07-31 15:20:00,0
ACT0014122,O002338,S005,Call,2024-07-11 12:48:00,8
ACT0014123,O002338,S005,Call,2024-08-02 12:42:00,28
ACT0014124,O002338,S005,Email,2024-08-10 17:28:00,0
ACT0014125,O002338,S005,Call,2024-08-11 14:50:00,28
ACT0014126,O002338,S005,Email,2024-07-25 14:54:00,0
ACT0014127,O002338,S005,Call,2024-08-05 12:55:00,16
ACT0014128,O002339,S036,Call,2024-07-04 13:36:00,29
ACT0014129,O002339,S036,Call,2024-07-04 12:31:00,21
ACT0014130,O002339,S036,Demo,2024-06-26 18:24:00,107
ACT0014131,O002339,S036,Call,2024-07-12 16:46:00,19
ACT0014132,O002339,S036,Email,2024-06-27 16:55:00,0
ACT0014133,O002339,S036,Call,2024-07-21 16:15:00,25
ACT0014134,O002339,S036,Email,2024-07-20 12:07:00,0
ACT0014135,O002339,S036,Email,2024-07-07 18:03:00,0
ACT0014136,O002339,S036,Email,2024-07-01 14:10:00,0
ACT0014137,O002340,S005,Email,2023-07-02 12:38:00,0
ACT0014138,O002340,S005,Call,2023-06-15 11:28:00,6
ACT0014139,O002340,S005,Email,2023-09-04 09:03:00,0
ACT0014140,O002340,S005,Email,2023-08-16 10:50:00,0
ACT0014141,O002340,S005,Email,2023-07-23 17:04:00,0
ACT0014142,O002341,S009,Meeting,2023-11-18 10:00:00,45
ACT0014143,O002341,S009,Call,2023-10-12 18:05:00,25
ACT0014144,O002341,S009,Email,2023-10-31 14:13:00,0
ACT0014145,O002341,S009,Demo,2023-10-16 13:29:00,116
ACT0014146,O002341,S009,Email,2023-10-29 15:00:00,0
ACT0014147,O002341,S009,Email,2023-11-27 12:47:00,0
ACT0014148,O002341,S009,Email,2023-09-30 13:29:00,0
ACT0014149,O002342,S023,Call,2025-04-23 16:36:00,36
ACT0014150,O002342,S023,Meeting,2025-04-25 14:10:00,47
ACT0014151,O002342,S023,Call,2025-05-02 09:06:00,35
ACT0014152,O002342,S023,Email,2025-04-28 12:04:00,0
ACT0014153,O002342,S023,Meeting,2025-04-06 12:38:00,39
ACT0014154,O002342,S023,Call,2025-05-03 14:41:00,15
ACT0014155,O002342,S023,Call,2025-04-28 16:15:00,23
ACT0014156,O002342,S023,Meeting,2025-04-11 15:04:00,53
ACT0014157,O002343,S020,Demo,2023-08-08 18:12:00,70
ACT0014158,O002343,S020,Call,2023-08-30 16:41:00,23
ACT0014159,O002343,S020,Call,2023-08-09 08:11:00,42
ACT0014160,O002343,S020,Meeting,2023-06-15 11:16:00,65
ACT0014161,O002343,S020,Email,2023-06-16 11:56:00,0
ACT0014162,O002343,S020,Email,2023-08-20 14:51:00,0
ACT0014163,O002343,S020,Demo,2023-06-27 18:03:00,107
ACT0014164,O002344,S004,Email,2025-03-26 16:49:00,0
ACT0014165,O002344,S004,Email,2025-03-29 08:55:00,0
ACT0014166,O002344,S004,Call,2025-03-28 10:31:00,41
ACT0014167,O002344,S004,Meeting,2025-03-24 18:54:00,76
ACT0014168,O002344,S004,Meeting,2025-03-28 13:29:00,39
ACT0014169,O002345,S031,Call,2025-06-03 12:47:00,32
ACT0014170,O002345,S031,Email,2025-04-27 13:45:00,0
ACT0014171,O002345,S031,Call,2025-05-02 16:16:00,36
ACT0014172,O002345,S031,Call,2025-04-15 11:50:00,31
ACT0014173,O002346,S029,Call,2024-03-17 17:33:00,37
ACT0014174,O002346,S029,Demo,2024-02-11 12:57:00,118
ACT0014175,O002346,S029,Email,2024-03-11 17:07:00,0
ACT0014176,O002346,S029,Call,2024-03-16 16:13:00,22
ACT0014177,O002347,S022,Email,2025-05-18 15:22:00,0
ACT0014178,O002347,S022,Call,2025-02-22 11:52:00,37
ACT0014179,O002347,S022,Call,2025-04-05 11:29:00,24
ACT0014180,O002347,S022,Demo,2025-05-19 12:19:00,60
ACT0014181,O002347,S022,Meeting,2025-04-06 17:50:00,46
ACT0014182,O002347,S022,Email,2025-02-21 18:52:00,0
ACT0014183,O002347,S022,Call,2025-03-10 08:42:00,44
ACT0014184,O002347,S022,Email,2025-04-10 11:53:00,0
ACT0014185,O002347,S022,Call,2025-04-05 18:58:00,15
ACT0014186,O002347,S022,Meeting,2025-04-28 12:00:00,50
ACT0014187,O002348,S021,Call,2024-03-31 16:35:00,25
ACT0014188,O002348,S021,Call,2024-02-06 09:21:00,15
ACT0014189,O002348,S021,Demo,2024-04-17 13:45:00,60
ACT0014190,O002348,S021,Call,2024-03-27 12:11:00,32
ACT0014191,O002348,S021,Email,2024-03-12 12:02:00,0
ACT0014192,O002348,S021,Meeting,2024-04-11 12:08:00,88
ACT0014193,O002348,S021,Call,2024-01-29 10:47:00,24
ACT0014194,O002349,S004,Email,2025-05-04 15:16:00,0
ACT0014195,O002349,S004,Call,2025-04-23 09:37:00,35
ACT0014196,O002349,S004,Call,2025-06-09 17:13:00,15
ACT0014197,O002349,S004,Email,2025-06-13 11:13:00,0
ACT0014198,O002349,S004,Email,2025-04-21 09:44:00,0
ACT0014199,O002350,S026,Call,2025-05-26 15:40:00,23
ACT0014200,O002350,S026,Email,2025-05-25 14:43:00,0
ACT0014201,O002350,S026,Email,2025-05-20 15:05:00,0
ACT0014202,O002350,S026,Call,2025-05-16 13:23:00,8
ACT0014203,O002350,S026,Call,2025-05-19 13:40:00,30
ACT0014204,O002350,S026,Call,2025-05-20 09:35:00,8
ACT0014205,O002351,S020,Meeting,2025-06-23 14:39:00,60
ACT0014206,O002351,S020,Email,2025-06-22 10:25:00,0
ACT0014207,O002351,S020,Demo,2025-06-27 16:42:00,103
ACT0014208,O002352,S015,Call,2025-04-19 10:59:00,38
ACT0014209,O002352,S015,Meeting,2025-05-20 17:17:00,51
ACT0014210,O002352,S015,Call,2025-05-07 12:25:00,39
ACT0014211,O002352,S015,Email,2025-04-05 08:45:00,0
ACT0014212,O002352,S015,Email,2025-04-19 16:27:00,0
ACT0014213,O002352,S015,Meeting,2025-04-17 18:45:00,36
ACT0014214,O002353,S006,Email,2024-05-29 08:58:00,0
ACT0014215,O002353,S006,Call,2024-04-19 16:30:00,23
ACT0014216,O002353,S006,Email,2024-04-19 16:05:00,0
ACT0014217,O002353,S006,Email,2024-04-24 13:09:00,0
ACT0014218,O002354,S037,Meeting,2025-05-22 17:47:00,33
ACT0014219,O002354,S037,Email,2025-05-14 16:06:00,0
ACT0014220,O002354,S037,Meeting,2025-05-22 16:00:00,69
ACT0014221,O002354,S037,Email,2025-05-02 15:24:00,0
ACT0014222,O002354,S037,Meeting,2025-05-22 12:28:00,86
ACT0014223,O002355,S031,Meeting,2023-03-05 14:05:00,45
ACT0014224,O002355,S031,Call,2023-03-10 15:23:00,15
ACT0014225,O002355,S031,Email,2023-03-15 13:06:00,0
ACT0014226,O002355,S031,Email,2023-02-27 12:04:00,0
ACT0014227,O002355,S031,Email,2023-03-04 11:37:00,0
ACT0014228,O002355,S031,Email,2023-03-03 18:47:00,0
ACT0014229,O002355,S031,Demo,2023-03-05 13:24:00,79
ACT0014230,O002356,S004,Email,2025-01-16 08:07:00,0
ACT0014231,O002356,S004,Call,2024-11-22 13:10:00,15
ACT0014232,O002356,S004,Email,2024-11-20 10:33:00,0
ACT0014233,O002356,S004,Meeting,2025-01-12 17:14:00,72
ACT0014234,O002356,S004,Call,2024-12-24 17:24:00,15
ACT0014235,O002356,S004,Meeting,2025-01-22 11:17:00,67
ACT0014236,O002356,S004,Call,2024-12-09 15:31:00,39
ACT0014237,O002357,S009,Email,2025-02-17 08:46:00,0
ACT0014238,O002357,S009,Email,2025-02-12 18:28:00,0
ACT0014239,O002357,S009,Call,2025-02-05 16:42:00,35
ACT0014240,O002357,S009,Call,2025-02-08 09:28:00,25
ACT0014241,O002357,S009,Demo,2025-01-30 13:12:00,71
ACT0014242,O002357,S009,Email,2025-02-12 11:16:00,0
ACT0014243,O002358,S037,Email,2024-02-16 15:59:00,0
ACT0014244,O002358,S037,Call,2024-02-24 12:46:00,29
ACT0014245,O002358,S037,Call,2024-02-16 09:15:00,30
ACT0014246,O002358,S037,Email,2024-02-24 17:00:00,0
ACT0014247,O002358,S037,Email,2024-02-15 14:26:00,0
ACT0014248,O002358,S037,Demo,2024-02-20 17:49:00,100
ACT0014249,O002359,S016,Demo,2025-02-26 18:46:00,81
ACT0014250,O002359,S016,Call,2025-03-04 14:05:00,22
ACT0014251,O002359,S016,Call,2025-03-06 18:41:00,44
ACT0014252,O002359,S016,Meeting,2025-03-07 14:29:00,31
ACT0014253,O002359,S016,Demo,2025-03-05 13:00:00,52
ACT0014254,O002359,S016,Demo,2025-02-27 18:50:00,63
ACT0014255,O002359,S016,Email,2025-03-06 16:19:00,0
ACT0014256,O002359,S016,Meeting,2025-03-16 17:58:00,45
ACT0014257,O002359,S016,Email,2025-03-19 10:37:00,0
ACT0014258,O002359,S016,Call,2025-02-20 12:01:00,31
ACT0014259,O002360,S008,Call,2023-07-19 08:57:00,42
ACT0014260,O002360,S008,Email,2023-07-05 13:53:00,0
ACT0014261,O002360,S008,Meeting,2023-07-14 17:24:00,80
ACT0014262,O002360,S008,Email,2023-08-06 12:00:00,0
ACT0014263,O002361,S016,Call,2025-06-28 15:12:00,17
ACT0014264,O002361,S016,Email,2025-06-19 10:26:00,0
ACT0014265,O002361,S016,Email,2025-06-21 16:36:00,0
ACT0014266,O002361,S016,Email,2025-06-24 16:39:00,0
ACT0014267,O002361,S016,Meeting,2025-06-29 14:58:00,71
ACT0014268,O002362,S023,Email,2023-02-26 12:46:00,0
ACT0014269,O002362,S023,Call,2023-02-25 13:48:00,28
ACT0014270,O002362,S023,Email,2023-02-13 14:41:00,0
ACT0014271,O002362,S023,Call,2023-02-28 10:44:00,5
ACT0014272,O002363,S033,Meeting,2025-04-11 10:04:00,53
ACT0014273,O002363,S033,Call,2025-04-14 09:12:00,28
ACT0014274,O002363,S033,Call,2025-04-19 09:52:00,27
ACT0014275,O002364,S005,Email,2025-04-20 12:56:00,0
ACT0014276,O002364,S005,Meeting,2025-05-06 15:25:00,49
ACT0014277,O002364,S005,Email,2025-05-04 13:00:00,0
ACT0014278,O002365,S032,Email,2025-04-30 18:00:00,0
ACT0014279,O002365,S032,Call,2025-04-21 14:18:00,5
ACT0014280,O002365,S032,Call,2025-05-08 15:39:00,38
ACT0014281,O002366,S019,Email,2024-04-14 11:47:00,0
ACT0014282,O002366,S019,Email,2024-04-01 09:04:00,0
ACT0014283,O002367,S003,Meeting,2025-02-17 13:08:00,68
ACT0014284,O002367,S003,Email,2025-02-12 14:49:00,0
ACT0014285,O002367,S003,Email,2025-02-11 13:23:00,0
ACT0014286,O002367,S003,Meeting,2025-02-19 08:59:00,59
ACT0014287,O002367,S003,Demo,2025-02-22 12:39:00,119
ACT0014288,O002367,S003,Email,2025-02-16 10:02:00,0
ACT0014289,O002367,S003,Call,2025-03-03 15:19:00,18
ACT0014290,O002368,S013,Meeting,2024-07-30 15:06:00,39
ACT0014291,O002368,S013,Email,2024-04-17 15:30:00,0
ACT0014292,O002368,S013,Call,2024-06-19 15:46:00,39
ACT0014293,O002368,S013,Email,2024-06-16 12:33:00,0
ACT0014294,O002368,S013,Email,2024-08-19 09:15:00,0
ACT0014295,O002368,S013,Call,2024-07-11 14:38:00,29
ACT0014296,O002369,S008,Email,2024-09-02 08:35:00,0
ACT0014297,O002369,S008,Demo,2024-09-14 12:56:00,80
ACT0014298,O002369,S008,Call,2024-09-18 15:43:00,29
ACT0014299,O002369,S008,Demo,2024-09-11 17:45:00,72
ACT0014300,O002369,S008,Meeting,2024-09-21 13:11:00,86
ACT0014301,O002369,S008,Meeting,2024-09-18 09:33:00,43
ACT0014302,O002369,S008,Email,2024-09-21 15:26:00,0
ACT0014303,O002369,S008,Meeting,2024-09-13 14:19:00,48
ACT0014304,O002369,S008,Email,2024-09-20 13:47:00,0
ACT0014305,O002370,S039,Call,2025-06-15 11:56:00,19
ACT0014306,O002370,S039,Call,2025-06-08 08:26:00,44
ACT0014307,O002371,S040,Demo,2025-06-14 15:36:00,111
ACT0014308,O002371,S040,Email,2025-06-14 09:56:00,0
ACT0014309,O002371,S040,Email,2025-06-17 13:22:00,0
ACT0014310,O002372,S002,Call,2023-05-19 12:07:00,15
ACT0014311,O002372,S002,Meeting,2023-06-06 11:32:00,65
ACT0014312,O002372,S002,Demo,2023-05-04 10:09:00,93
ACT0014313,O002372,S002,Email,2023-05-03 08:04:00,0
ACT0014314,O002372,S002,Email,2023-05-27 15:27:00,0
ACT0014315,O002373,S023,Demo,2025-02-13 11:40:00,117
ACT0014316,O002373,S023,Call,2025-03-02 16:12:00,13
ACT0014317,O002373,S023,Email,2025-02-06 12:23:00,0
ACT0014318,O002373,S023,Email,2025-03-13 13:23:00,0
ACT0014319,O002373,S023,Demo,2025-02-20 18:44:00,85
ACT0014320,O002373,S023,Email,2025-02-19 15:17:00,0
ACT0014321,O002373,S023,Email,2025-03-19 17:46:00,0
ACT0014322,O002374,S027,Meeting,2025-05-25 16:47:00,61
ACT0014323,O002374,S027,Call,2025-05-12 18:15:00,22
ACT0014324,O002374,S027,Email,2025-06-09 14:28:00,0
ACT0014325,O002374,S027,Demo,2025-06-21 17:23:00,45
ACT0014326,O002374,S027,Email,2025-05-10 08:54:00,0
ACT0014327,O002374,S027,Email,2025-05-28 16:21:00,0
ACT0014328,O002374,S027,Call,2025-05-30 12:05:00,25
ACT0014329,O002375,S031,Email,2023-04-15 13:23:00,0
ACT0014330,O002375,S031,Email,2023-04-18 15:50:00,0
ACT0014331,O002375,S031,Call,2023-05-07 17:08:00,13
ACT0014332,O002375,S031,Call,2023-04-03 17:16:00,39
ACT0014333,O002376,S016,Meeting,2024-11-19 11:41:00,49
ACT0014334,O002376,S016,Call,2024-12-25 15:01:00,35
ACT0014335,O002376,S016,Email,2024-11-21 09:15:00,0
ACT0014336,O002376,S016,Call,2024-12-18 18:17:00,40
ACT0014337,O002376,S016,Email,2024-12-10 17:30:00,0
ACT0014338,O002376,S016,Email,2024-12-25 17:14:00,0
ACT0014339,O002376,S016,Demo,2024-11-22 12:10:00,62
ACT0014340,O002377,S029,Call,2023-11-10 09:34:00,19
ACT0014341,O002377,S029,Meeting,2023-11-28 12:48:00,40
ACT0014342,O002377,S029,Email,2024-01-11 16:20:00,0
ACT0014343,O002377,S029,Call,2024-01-14 17:07:00,36
ACT0014344,O002378,S002,Call,2023-07-10 17:55:00,31
ACT0014345,O002378,S002,Email,2023-09-21 11:05:00,0
ACT0014346,O002378,S002,Email,2023-09-23 10:00:00,0
ACT0014347,O002378,S002,Call,2023-09-20 11:40:00,44
ACT0014348,O002378,S002,Call,2023-09-16 16:56:00,21
ACT0014349,O002378,S002,Meeting,2023-07-24 17:51:00,78
ACT0014350,O002378,S002,Demo,2023-09-18 14:31:00,97
ACT0014351,O002378,S002,Email,2023-10-09 09:03:00,0
ACT0014352,O002378,S002,Call,2023-10-07 15:10:00,36
ACT0014353,O002378,S002,Meeting,2023-08-09 15:23:00,73
ACT0014354,O002378,S002,Email,2023-08-05 14:47:00,0
ACT0014355,O002379,S037,Email,2025-06-24 11:37:00,0
ACT0014356,O002379,S037,Call,2025-06-25 09:30:00,13
ACT0014357,O002379,S037,Demo,2023-02-23 14:02:00,108
ACT0014358,O002379,S037,Call,2025-06-28 15:35:00,39
ACT0014359,O002380,S001,Call,2023-07-29 15:18:00,21
ACT0014360,O002380,S001,Call,2023-10-22 09:29:00,13
ACT0014361,O002380,S001,Demo,2023-10-08 18:24:00,73
ACT0014362,O002380,S001,Call,2023-09-15 11:27:00,16
ACT0014363,O002380,S001,Email,2023-11-14 12:25:00,0
ACT0014364,O002380,S001,Email,2023-08-28 18:15:00,0
ACT0014365,O002381,S034,Email,2023-11-27 12:53:00,0
ACT0014366,O002381,S034,Call,2023-12-27 11:32:00,44
ACT0014367,O002381,S034,Demo,2024-01-20 17:28:00,99
ACT0014368,O002381,S034,Email,2023-12-03 10:38:00,0
ACT0014369,O002381,S034,Meeting,2024-01-15 18:42:00,63
ACT0014370,O002381,S034,Email,2023-12-26 12:27:00,0
ACT0014371,O002381,S034,Demo,2024-01-24 08:14:00,53
ACT0014372,O002381,S034,Call,2024-01-14 15:00:00,18
ACT0014373,O002382,S023,Meeting,2025-04-02 15:16:00,30
ACT0014374,O002382,S023,Call,2025-02-08 12:16:00,20
ACT0014375,O002382,S023,Meeting,2025-02-14 18:22:00,81
ACT0014376,O002382,S023,Demo,2025-03-05 10:09:00,82
ACT0014377,O002382,S023,Email,2025-03-07 14:07:00,0
ACT0014378,O002383,S033,Email,2023-05-23 10:11:00,0
ACT0014379,O002383,S033,Email,2023-03-29 15:43:00,0
ACT0014380,O002383,S033,Email,2023-04-14 12:46:00,0
ACT0014381,O002383,S033,Call,2023-05-31 15:30:00,25
ACT0014382,O002383,S033,Email,2023-05-09 18:06:00,0
ACT0014383,O002383,S033,Meeting,2023-05-01 09:16:00,80
ACT0014384,O002383,S033,Call,2023-04-02 14:30:00,16
ACT0014385,O002384,S016,Call,2025-04-18 15:46:00,15
ACT0014386,O002384,S016,Call,2025-05-08 11:43:00,7
ACT0014387,O002384,S016,Demo,2025-04-06 15:55:00,69
ACT0014388,O002384,S016,Email,2025-04-15 08:15:00,0
ACT0014389,O002384,S016,Meeting,2025-04-23 16:22:00,74
ACT0014390,O002384,S016,Email,2025-05-05 09:18:00,0
ACT0014391,O002385,S009,Email,2025-05-29 08:50:00,0
ACT0014392,O002385,S009,Demo,2025-06-09 15:43:00,87
ACT0014393,O002386,S027,Email,2023-03-27 14:03:00,0
ACT0014394,O002386,S027,Email,2023-04-26 17:22:00,0
ACT0014395,O002386,S027,Call,2023-03-28 15:04:00,41
ACT0014396,O002386,S027,Call,2023-04-04 08:48:00,44
ACT0014397,O002386,S027,Call,2023-04-22 13:57:00,21
ACT0014398,O002386,S027,Call,2023-04-25 15:24:00,13
ACT0014399,O002386,S027,Demo,2023-04-02 17:50:00,74
ACT0014400,O002387,S040,Email,2024-12-11 14:29:00,0
ACT0014401,O002387,S040,Email,2024-12-02 11:29:00,0
ACT0014402,O002387,S040,Meeting,2024-11-29 14:48:00,74
ACT0014403,O002387,S040,Email,2024-12-15 12:20:00,0
ACT0014404,O002387,S040,Call,2024-12-11 12:28:00,14
ACT0014405,O002387,S040,Call,2024-11-23 14:48:00,30
ACT0014406,O002387,S040,Meeting,2024-11-18 08:19:00,72
ACT0014407,O002387,S040,Email,2024-12-12 14:05:00,0
ACT0014408,O002387,S040,Call,2024-11-21 18:25:00,40
ACT0014409,O002388,S011,Meeting,2023-11-05 14:16:00,51
ACT0014410,O002388,S011,Email,2023-12-06 09:55:00,0
ACT0014411,O002388,S011,Call,2023-11-11 14:31:00,33
ACT0014412,O002388,S011,Meeting,2023-11-30 14:21:00,70
ACT0014413,O002388,S011,Call,2023-11-23 18:45:00,17
ACT0014414,O002388,S011,Demo,2023-11-03 18:33:00,112
ACT0014415,O002389,S004,Call,2024-06-08 08:02:00,15
ACT0014416,O002389,S004,Email,2024-06-26 08:49:00,0
ACT0014417,O002389,S004,Call,2024-05-24 09:19:00,34
ACT0014418,O002389,S004,Email,2024-06-04 14:33:00,0
ACT0014419,O002389,S004,Call,2024-06-17 13:35:00,5
ACT0014420,O002389,S004,Email,2024-06-09 13:43:00,0
ACT0014421,O002390,S031,Email,2025-03-07 09:05:00,0
ACT0014422,O002390,S031,Email,2025-01-07 17:01:00,0
ACT0014423,O002390,S031,Call,2024-12-23 12:22:00,33
ACT0014424,O002391,S012,Email,2024-12-05 17:35:00,0
ACT0014425,O002391,S012,Email,2024-11-19 14:38:00,0
ACT0014426,O002391,S012,Email,2024-11-20 14:07:00,0
ACT0014427,O002392,S008,Meeting,2024-04-26 12:36:00,62
ACT0014428,O002392,S008,Email,2024-04-07 17:42:00,0
ACT0014429,O002392,S008,Call,2024-04-18 10:44:00,30
ACT0014430,O002392,S008,Email,2024-04-24 16:11:00,0
ACT0014431,O002392,S008,Demo,2024-05-01 17:35:00,98
ACT0014432,O002393,S004,Email,2024-06-12 11:01:00,0
ACT0014433,O002393,S004,Email,2024-06-12 09:43:00,0
ACT0014434,O002393,S004,Call,2024-05-10 15:33:00,12
ACT0014435,O002393,S004,Meeting,2024-06-03 15:48:00,43
ACT0014436,O002393,S004,Call,2024-06-07 13:57:00,10
ACT0014437,O002394,S037,Demo,2025-01-14 12:59:00,73
ACT0014438,O002394,S037,Call,2025-01-12 11:30:00,44
ACT0014439,O002394,S037,Email,2025-01-12 16:53:00,0
ACT0014440,O002394,S037,Meeting,2023-10-16 11:33:00,58
ACT0014441,O002394,S037,Email,2025-01-11 13:18:00,0
ACT0014442,O002395,S008,Call,2025-06-14 18:00:00,41
ACT0014443,O002395,S008,Email,2025-06-20 18:03:00,0
ACT0014444,O002395,S008,Meeting,2025-06-16 08:18:00,83
ACT0014445,O002395,S008,Email,2025-06-13 16:00:00,0
ACT0014446,O002395,S008,Email,2025-06-03 13:21:00,0
ACT0014447,O002396,S038,Email,2024-10-01 09:38:00,0
ACT0014448,O002396,S038,Email,2024-09-26 18:59:00,0
ACT0014449,O002396,S038,Call,2024-10-09 13:39:00,9
ACT0014450,O002396,S038,Call,2024-09-17 16:59:00,10
ACT0014451,O002396,S038,Demo,2024-10-03 18:08:00,98
ACT0014452,O002396,S038,Demo,2024-09-25 18:45:00,45
ACT0014453,O002396,S038,Meeting,2024-09-23 09:24:00,81
ACT0014454,O002397,S033,Call,2023-12-20 10:16:00,23
ACT0014455,O002397,S033,Call,2024-01-13 18:07:00,27
ACT0014456,O002397,S033,Email,2023-11-11 15:34:00,0
ACT0014457,O002398,S023,Meeting,2025-05-21 09:17:00,37
ACT0014458,O002398,S023,Email,2025-04-26 16:37:00,0
ACT0014459,O002398,S023,Email,2025-05-23 14:05:00,0
ACT0014460,O002398,S023,Email,2025-06-30 11:56:00,0
ACT0014461,O002398,S023,Email,2025-04-27 12:42:00,0
ACT0014462,O002398,S023,Meeting,2025-06-16 09:31:00,34
ACT0014463,O002398,S023,Email,2025-04-28 15:29:00,0
ACT0014464,O002399,S032,Email,2024-12-25 14:09:00,0
ACT0014465,O002399,S032,Email,2024-11-29 14:48:00,0
ACT0014466,O002399,S032,Call,2024-12-26 17:22:00,39
ACT0014467,O002399,S032,Meeting,2024-11-13 17:47:00,35
ACT0014468,O002399,S032,Email,2024-11-07 16:29:00,0
ACT0014469,O002400,S027,Meeting,2025-06-23 11:27:00,44
ACT0014470,O002400,S027,Email,2025-06-16 14:47:00,0
ACT0014471,O002401,S020,Email,2025-06-18 16:12:00,0
ACT0014472,O002401,S020,Meeting,2025-06-18 10:17:00,48
ACT0014473,O002401,S020,Email,2025-06-22 10:07:00,0
ACT0014474,O002402,S035,Email,2025-04-14 16:05:00,0
ACT0014475,O002402,S035,Meeting,2025-04-25 18:41:00,77
ACT0014476,O002402,S035,Call,2025-05-22 16:43:00,26
ACT0014477,O002402,S035,Call,2025-06-15 14:46:00,14
ACT0014478,O002402,S035,Email,2025-05-29 14:01:00,0
ACT0014479,O002402,S035,Email,2025-06-04 11:21:00,0
ACT0014480,O002402,S035,Email,2025-05-08 13:14:00,0
ACT0014481,O002402,S035,Meeting,2025-05-26 09:01:00,39
ACT0014482,O002402,S035,Email,2025-04-15 13:20:00,0
ACT0014483,O002402,S035,Call,2025-06-12 18:42:00,31
ACT0014484,O002402,S035,Meeting,2025-05-19 09:13:00,34
ACT0014485,O002402,S035,Call,2025-04-23 18:56:00,20
ACT0014486,O002403,S003,Call,2024-01-12 16:35:00,32
ACT0014487,O002403,S003,Email,2023-12-26 13:56:00,0
ACT0014488,O002403,S003,Call,2024-02-10 09:07:00,14
ACT0014489,O002403,S003,Demo,2024-01-22 16:31:00,93
ACT0014490,O002403,S003,Demo,2024-01-23 14:28:00,46
ACT0014491,O002403,S003,Email,2024-01-25 15:10:00,0
ACT0014492,O002403,S003,Email,2024-02-11 13:19:00,0
ACT0014493,O002404,S020,Meeting,2024-07-18 15:28:00,73
ACT0014494,O002404,S020,Call,2024-08-12 12:51:00,17
ACT0014495,O002404,S020,Email,2024-06-23 14:34:00,0
ACT0014496,O002404,S020,Demo,2024-08-11 13:21:00,91
ACT0014497,O002404,S020,Call,2024-08-13 14:01:00,28
ACT0014498,O002404,S020,Meeting,2024-05-06 12:39:00,45
ACT0014499,O002404,S020,Email,2024-06-06 17:24:00,0
ACT0014500,O002404,S020,Email,2024-07-10 18:25:00,0
ACT0014501,O002405,S002,Meeting,2025-05-31 10:22:00,44
ACT0014502,O002405,S002,Email,2025-06-14 17:47:00,0
ACT0014503,O002405,S002,Email,2025-06-08 16:38:00,0
ACT0014504,O002405,S002,Call,2025-06-22 16:46:00,36
ACT0014505,O002405,S002,Meeting,2025-05-26 10:30:00,31
ACT0014506,O002405,S002,Email,2025-05-30 15:47:00,0
ACT0014507,O002405,S002,Email,2025-06-10 12:04:00,0
ACT0014508,O002405,S002,Email,2025-06-06 08:53:00,0
ACT0014509,O002406,S012,Email,2025-06-15 09:08:00,0
ACT0014510,O002406,S012,Call,2025-06-18 09:29:00,32
ACT0014511,O002407,S004,Call,2025-06-11 09:41:00,30
ACT0014512,O002407,S004,Email,2025-05-27 17:42:00,0
ACT0014513,O002407,S004,Email,2025-06-18 11:39:00,0
ACT0014514,O002407,S004,Email,2025-05-17 18:11:00,0
ACT0014515,O002407,S004,Meeting,2025-05-09 14:34:00,89
ACT0014516,O002407,S004,Meeting,2025-05-25 18:49:00,42
ACT0014517,O002407,S004,Call,2025-06-10 10:33:00,36
ACT0014518,O002408,S009,Email,2024-05-12 12:44:00,0
ACT0014519,O002408,S009,Email,2024-04-26 14:54:00,0
ACT0014520,O002408,S009,Email,2024-04-30 14:49:00,0
ACT0014521,O002408,S009,Meeting,2024-05-19 13:52:00,44
ACT0014522,O002408,S009,Call,2024-05-24 11:16:00,11
ACT0014523,O002408,S009,Call,2024-04-23 09:12:00,29
ACT0014524,O002408,S009,Email,2024-04-28 18:37:00,0
ACT0014525,O002409,S019,Call,2025-05-07 08:01:00,18
ACT0014526,O002409,S019,Call,2025-05-14 13:43:00,9
ACT0014527,O002409,S019,Email,2025-05-20 10:43:00,0
ACT0014528,O002409,S019,Email,2025-05-05 15:32:00,0
ACT0014529,O002410,S027,Call,2025-04-17 18:56:00,28
ACT0014530,O002410,S027,Email,2025-04-12 17:54:00,0
ACT0014531,O002410,S027,Email,2025-05-03 10:01:00,0
ACT0014532,O002410,S027,Meeting,2025-04-17 08:31:00,67
ACT0014533,O002410,S027,Meeting,2025-04-02 16:51:00,70
ACT0014534,O002411,S023,Meeting,2024-06-11 15:05:00,64
ACT0014535,O002411,S023,Call,2024-06-16 10:36:00,44
ACT0014536,O002411,S023,Email,2024-06-18 14:13:00,0
ACT0014537,O002411,S023,Email,2024-06-12 17:28:00,0
ACT0014538,O002411,S023,Demo,2024-06-07 16:45:00,48
ACT0014539,O002412,S012,Email,2023-05-22 11:52:00,0
ACT0014540,O002412,S012,Call,2023-04-18 15:43:00,19
ACT0014541,O002412,S012,Call,2023-05-30 16:37:00,27
ACT0014542,O002412,S012,Email,2023-03-24 09:16:00,0
ACT0014543,O002412,S012,Email,2023-03-27 08:39:00,0
ACT0014544,O002412,S012,Email,2023-05-24 15:48:00,0
ACT0014545,O002412,S012,Call,2023-04-02 16:15:00,9
ACT0014546,O002412,S012,Email,2023-04-20 13:49:00,0
ACT0014547,O002412,S012,Call,2023-03-28 14:19:00,18
ACT0014548,O002412,S012,Call,2023-05-07 14:10:00,40
ACT0014549,O002412,S012,Call,2023-05-26 08:12:00,14
ACT0014550,O002412,S012,Meeting,2023-05-25 18:13:00,69
ACT0014551,O002413,S028,Email,2024-11-16 15:14:00,0
ACT0014552,O002413,S028,Email,2024-12-07 08:20:00,0
ACT0014553,O002413,S028,Meeting,2023-05-16 16:10:00,45
ACT0014554,O002413,S028,Email,2024-11-15 17:27:00,0
ACT0014555,O002414,S012,Email,2025-06-15 16:14:00,0
ACT0014556,O002414,S012,Meeting,2025-06-13 08:33:00,44
ACT0014557,O002414,S012,Email,2025-06-06 12:37:00,0
ACT0014558,O002414,S012,Email,2025-05-13 14:22:00,0
ACT0014559,O002415,S027,Demo,2023-07-05 08:31:00,46
ACT0014560,O002415,S027,Call,2023-07-18 18:30:00,19
ACT0014561,O002415,S027,Meeting,2023-06-13 08:40:00,54
ACT0014562,O002415,S027,Email,2023-06-17 10:34:00,0
ACT0014563,O002415,S027,Email,2023-06-15 16:18:00,0
ACT0014564,O002415,S027,Email,2023-07-14 13:09:00,0
ACT0014565,O002415,S027,Email,2023-06-18 15:34:00,0
ACT0014566,O002416,S028,Email,2023-03-13 09:34:00,0
ACT0014567,O002416,S028,Call,2023-02-28 17:32:00,22
ACT0014568,O002416,S028,Meeting,2023-02-27 16:40:00,77
ACT0014569,O002416,S028,Meeting,2023-02-25 12:16:00,52
ACT0014570,O002416,S028,Call,2023-03-12 08:17:00,19
ACT0014571,O002416,S028,Email,2023-03-07 15:41:00,0
ACT0014572,O002416,S028,Email,2023-02-26 18:22:00,0
ACT0014573,O002416,S028,Call,2023-03-08 12:14:00,8
ACT0014574,O002417,S020,Call,2024-12-01 13:00:00,29
ACT0014575,O002417,S020,Demo,2024-12-18 12:04:00,89
ACT0014576,O002417,S020,Email,2024-12-08 10:38:00,0
ACT0014577,O002417,S020,Email,2024-11-18 11:58:00,0
ACT0014578,O002417,S020,Call,2024-12-04 10:50:00,35
ACT0014579,O002417,S020,Call,2024-11-29 09:57:00,10
ACT0014580,O002418,S011,Email,2025-06-16 13:39:00,0
ACT0014581,O002418,S011,Call,2025-06-11 16:42:00,12
ACT0014582,O002418,S011,Demo,2025-05-26 11:42:00,66
ACT0014583,O002418,S011,Email,2025-06-05 10:12:00,0
ACT0014584,O002418,S011,Email,2025-05-26 08:22:00,0
ACT0014585,O002418,S011,Email,2025-06-13 10:48:00,0
ACT0014586,O002419,S034,Email,2023-09-25 15:40:00,0
ACT0014587,O002419,S034,Email,2023-09-03 18:47:00,0
ACT0014588,O002419,S034,Call,2023-08-17 09:50:00,21
ACT0014589,O002419,S034,Meeting,2023-07-31 12:07:00,39
ACT0014590,O002419,S034,Email,2023-09-17 09:51:00,0
ACT0014591,O002419,S034,Call,2023-08-07 16:01:00,29
ACT0014592,O002419,S034,Email,2023-09-21 12:39:00,0
ACT0014593,O002419,S034,Email,2023-08-10 11:54:00,0
ACT0014594,O002419,S034,Email,2023-08-23 08:33:00,0
ACT0014595,O002419,S034,Email,2023-09-08 14:18:00,0
ACT0014596,O002419,S034,Call,2023-08-26 12:34:00,17
ACT0014597,O002420,S006,Call,2024-02-29 17:49:00,18
ACT0014598,O002420,S006,Email,2024-02-22 11:12:00,0
ACT0014599,O002420,S006,Meeting,2024-03-11 12:16:00,45
ACT0014600,O002421,S028,Call,2023-08-07 09:50:00,44
ACT0014601,O002421,S028,Call,2023-08-10 13:34:00,37
ACT0014602,O002421,S028,Email,2023-08-20 13:09:00,0
ACT0014603,O002421,S028,Call,2023-08-29 15:28:00,42
ACT0014604,O002421,S028,Email,2023-08-22 15:01:00,0
ACT0014605,O002421,S028,Call,2023-07-31 09:01:00,43
ACT0014606,O002421,S028,Email,2023-07-30 14:23:00,0
ACT0014607,O002421,S028,Email,2023-07-18 13:05:00,0
ACT0014608,O002421,S028,Meeting,2023-09-17 10:33:00,46
ACT0014609,O002422,S004,Email,2025-06-30 10:14:00,0
ACT0014610,O002422,S004,Demo,2025-06-25 14:53:00,119
ACT0014611,O002423,S038,Email,2024-02-18 09:44:00,0
ACT0014612,O002423,S038,Meeting,2024-04-23 10:36:00,76
ACT0014613,O002423,S038,Email,2024-03-29 17:22:00,0
ACT0014614,O002423,S038,Email,2024-01-29 16:15:00,0
ACT0014615,O002423,S038,Call,2024-02-15 14:00:00,5
ACT0014616,O002424,S012,Call,2024-05-26 16:00:00,21
ACT0014617,O002424,S012,Meeting,2024-06-16 11:37:00,41
ACT0014618,O002424,S012,Call,2024-06-06 08:03:00,12
ACT0014619,O002424,S012,Call,2024-06-17 12:16:00,13
ACT0014620,O002424,S012,Email,2024-05-29 10:02:00,0
ACT0014621,O002424,S012,Email,2024-06-25 11:02:00,0
ACT0014622,O002424,S012,Email,2024-06-15 10:00:00,0
ACT0014623,O002424,S012,Email,2024-06-09 18:14:00,0
ACT0014624,O002424,S012,Call,2024-06-24 08:04:00,5
ACT0014625,O002424,S012,Email,2024-05-31 13:13:00,0
ACT0014626,O002424,S012,Call,2024-06-17 18:42:00,10
ACT0014627,O002424,S012,Meeting,2024-06-07 18:26:00,76
ACT0014628,O002425,S006,Meeting,2024-06-21 17:57:00,84
ACT0014629,O002425,S006,Email,2024-06-17 09:43:00,0
ACT0014630,O002425,S006,Email,2024-07-03 12:44:00,0
ACT0014631,O002426,S008,Demo,2025-05-25 09:21:00,110
ACT0014632,O002426,S008,Email,2025-05-16 11:37:00,0
ACT0014633,O002426,S008,Call,2025-06-09 11:16:00,25
ACT0014634,O002426,S008,Call,2025-06-06 11:17:00,19
ACT0014635,O002427,S016,Meeting,2024-01-26 12:04:00,45
ACT0014636,O002427,S016,Call,2024-01-23 14:04:00,8
ACT0014637,O002427,S016,Call,2024-01-10 15:26:00,18
ACT0014638,O002427,S016,Meeting,2024-01-06 11:37:00,80
ACT0014639,O002427,S016,Email,2024-01-01 11:41:00,0
ACT0014640,O002427,S016,Call,2024-01-02 16:58:00,6
ACT0014641,O002427,S016,Email,2024-01-17 12:30:00,0
ACT0014642,O002427,S016,Meeting,2023-12-30 14:47:00,77
ACT0014643,O002427,S016,Call,2024-01-27 09:49:00,22
ACT0014644,O002427,S016,Demo,2024-01-04 17:44:00,114
ACT0014645,O002427,S016,Email,2024-01-17 10:49:00,0
ACT0014646,O002427,S016,Call,2024-01-13 10:03:00,19
ACT0014647,O002427,S016,Call,2024-01-03 18:52:00,6
ACT0014648,O002428,S012,Meeting,2025-06-19 15:42:00,32
ACT0014649,O002428,S012,Call,2025-06-29 17:10:00,11
ACT0014650,O002428,S012,Meeting,2025-06-19 14:17:00,87
ACT0014651,O002428,S012,Email,2025-06-23 08:22:00,0
ACT0014652,O002428,S012,Email,2025-06-20 17:48:00,0
ACT0014653,O002429,S016,Email,2024-12-28 13:33:00,0
ACT0014654,O002429,S016,Email,2025-01-06 12:49:00,0
ACT0014655,O002429,S016,Email,2025-02-04 11:46:00,0
ACT0014656,O002429,S016,Call,2024-12-12 13:55:00,17
ACT0014657,O002429,S016,Call,2024-12-08 13:33:00,35
ACT0014658,O002430,S020,Call,2024-10-31 08:04:00,39
ACT0014659,O002430,S020,Email,2024-10-22 13:14:00,0
ACT0014660,O002431,S034,Email,2025-05-09 09:40:00,0
ACT0014661,O002431,S034,Demo,2025-05-27 15:40:00,108
ACT0014662,O002431,S034,Email,2025-05-07 13:35:00,0
ACT0014663,O002431,S034,Call,2025-05-25 18:13:00,14
ACT0014664,O002431,S034,Call,2025-05-07 16:04:00,44
ACT0014665,O002431,S034,Email,2025-05-09 13:06:00,0
ACT0014666,O002431,S034,Meeting,2025-05-11 14:28:00,45
ACT0014667,O002431,S034,Email,2025-05-09 09:57:00,0
ACT0014668,O002432,S016,Demo,2024-01-22 15:22:00,62
ACT0014669,O002432,S016,Email,2024-02-06 12:24:00,0
ACT0014670,O002432,S016,Meeting,2023-12-27 10:55:00,79
ACT0014671,O002432,S016,Demo,2024-01-21 17:25:00,81
ACT0014672,O002432,S016,Call,2023-12-01 11:51:00,11
ACT0014673,O002432,S016,Email,2023-12-28 13:15:00,0
ACT0014674,O002432,S016,Email,2024-01-12 13:59:00,0
ACT0014675,O002432,S016,Email,2024-01-06 16:04:00,0
ACT0014676,O002432,S016,Call,2024-01-24 15:50:00,6
ACT0014677,O002433,S023,Call,2023-09-08 09:29:00,28
ACT0014678,O002433,S023,Email,2023-09-27 12:43:00,0
ACT0014679,O002433,S023,Email,2023-09-17 18:40:00,0
ACT0014680,O002433,S023,Email,2023-09-22 13:56:00,0
ACT0014681,O002434,S017,Call,2024-03-20 16:12:00,20
ACT0014682,O002434,S017,Call,2024-03-09 18:57:00,24
ACT0014683,O002434,S017,Email,2024-05-04 15:53:00,0
ACT0014684,O002434,S017,Email,2024-05-26 14:55:00,0
ACT0014685,O002434,S017,Meeting,2024-03-30 09:57:00,48
ACT0014686,O002435,S018,Call,2024-08-27 18:10:00,24
ACT0014687,O002435,S018,Email,2024-08-14 09:54:00,0
ACT0014688,O002435,S018,Email,2024-09-26 08:05:00,0
ACT0014689,O002435,S018,Email,2024-08-09 17:39:00,0
ACT0014690,O002435,S018,Call,2024-09-16 13:40:00,23
ACT0014691,O002435,S018,Call,2024-07-19 08:26:00,23
ACT0014692,O002435,S018,Call,2024-07-26 16:00:00,42
ACT0014693,O002435,S018,Meeting,2024-09-26 09:13:00,52
ACT0014694,O002436,S007,Email,2024-02-03 15:49:00,0
ACT0014695,O002436,S007,Call,2024-03-06 12:53:00,21
ACT0014696,O002436,S007,Call,2024-06-24 13:49:00,24
ACT0014697,O002436,S007,Demo,2024-01-19 08:10:00,74
ACT0014698,O002436,S007,Call,2024-06-14 17:49:00,26
ACT0014699,O002436,S007,Call,2024-04-03 11:47:00,43
ACT0014700,O002436,S007,Call,2024-01-26 18:52:00,41
ACT0014701,O002436,S007,Email,2024-01-11 12:45:00,0
ACT0014702,O002437,S003,Email,2025-05-30 16:40:00,0
ACT0014703,O002437,S003,Call,2025-05-25 17:51:00,40
ACT0014704,O002437,S003,Demo,2025-05-21 12:31:00,77
ACT0014705,O002437,S003,Email,2025-06-16 09:42:00,0
ACT0014706,O002437,S003,Email,2025-06-05 10:12:00,0
ACT0014707,O002437,S003,Call,2025-06-03 11:32:00,7
ACT0014708,O002437,S003,Call,2025-05-24 11:10:00,12
ACT0014709,O002438,S004,Email,2025-06-15 08:56:00,0
ACT0014710,O002438,S004,Call,2025-05-06 12:43:00,7
ACT0014711,O002438,S004,Meeting,2025-04-15 13:58:00,66
ACT0014712,O002438,S004,Email,2025-05-23 18:46:00,0
ACT0014713,O002438,S004,Call,2025-05-29 12:14:00,16
ACT0014714,O002439,S036,Call,2023-07-26 09:05:00,28
ACT0014715,O002439,S036,Email,2023-08-19 11:59:00,0
ACT0014716,O002439,S036,Meeting,2023-08-24 17:36:00,39
ACT0014717,O002440,S008,Email,2024-11-04 13:42:00,0
ACT0014718,O002440,S008,Call,2024-10-26 09:44:00,24
ACT0014719,O002440,S008,Email,2024-10-31 13:20:00,0
ACT0014720,O002440,S008,Call,2024-11-12 16:19:00,9
ACT0014721,O002440,S008,Email,2024-11-22 13:39:00,0
ACT0014722,O002440,S008,Demo,2024-11-22 11:53:00,49
ACT0014723,O002440,S008,Demo,2024-10-19 16:52:00,94
ACT0014724,O002441,S011,Call,2024-09-24 14:19:00,12
ACT0014725,O002441,S011,Email,2024-08-14 13:15:00,0
ACT0014726,O002441,S011,Email,2024-08-20 18:25:00,0
ACT0014727,O002441,S011,Call,2024-09-11 15:27:00,40
ACT0014728,O002441,S011,Call,2024-09-19 11:13:00,9
ACT0014729,O002441,S011,Email,2024-09-10 10:28:00,0
ACT0014730,O002441,S011,Email,2024-08-27 09:44:00,0
ACT0014731,O002441,S011,Email,2024-09-16 12:37:00,0
ACT0014732,O002442,S011,Email,2025-06-07 16:07:00,0
ACT0014733,O002442,S011,Meeting,2025-06-18 11:43:00,42
ACT0014734,O002442,S011,Email,2025-05-12 10:19:00,0
ACT0014735,O002443,S013,Call,2024-06-13 11:27:00,27
ACT0014736,O002443,S013,Email,2024-05-12 12:15:00,0
ACT0014737,O002443,S013,Demo,2024-04-22 14:31:00,50
ACT0014738,O002443,S013,Call,2024-05-08 13:23:00,41
ACT0014739,O002443,S013,Call,2024-04-14 14:26:00,33
ACT0014740,O002443,S013,Call,2024-04-23 08:08:00,5
ACT0014741,O002444,S036,Call,2025-02-15 11:25:00,5
ACT0014742,O002444,S036,Call,2025-02-14 11:01:00,35
ACT0014743,O002444,S036,Meeting,2025-02-03 08:31:00,43
ACT0014744,O002444,S036,Demo,2025-02-13 17:51:00,98
ACT0014745,O002444,S036,Meeting,2025-02-04 16:12:00,49
ACT0014746,O002444,S036,Email,2025-02-04 18:55:00,0
ACT0014747,O002444,S036,Email,2025-02-16 13:44:00,0
ACT0014748,O002444,S036,Meeting,2025-01-21 11:39:00,38
ACT0014749,O002445,S023,Email,2025-01-09 14:29:00,0
ACT0014750,O002445,S023,Demo,2025-01-14 11:33:00,104
ACT0014751,O002445,S023,Call,2025-01-06 11:28:00,20
ACT0014752,O002445,S023,Email,2024-12-28 16:11:00,0
ACT0014753,O002445,S023,Call,2025-01-18 12:17:00,31
ACT0014754,O002445,S023,Email,2022-12-16 14:47:00,0
ACT0014755,O002446,S015,Meeting,2023-09-05 09:54:00,80
ACT0014756,O002446,S015,Email,2023-08-04 09:50:00,0
ACT0014757,O002446,S015,Email,2023-07-26 18:51:00,0
ACT0014758,O002446,S015,Call,2023-07-14 10:23:00,22
ACT0014759,O002446,S015,Call,2023-09-05 15:52:00,14
ACT0014760,O002447,S011,Meeting,2025-06-28 09:47:00,67
ACT0014761,O002448,S009,Call,2025-04-09 16:42:00,44
ACT0014762,O002448,S009,Call,2025-04-15 15:00:00,26
ACT0014763,O002448,S009,Call,2025-05-12 09:34:00,6
ACT0014764,O002448,S009,Call,2025-04-12 11:28:00,31
ACT0014765,O002448,S009,Call,2025-04-14 12:44:00,18
ACT0014766,O002448,S009,Call,2025-04-10 13:59:00,13
ACT0014767,O002449,S029,Email,2023-11-20 16:49:00,0
ACT0014768,O002449,S029,Email,2023-12-16 18:26:00,0
ACT0014769,O002449,S029,Call,2023-12-16 17:24:00,17
ACT0014770,O002449,S029,Email,2023-12-21 12:20:00,0
ACT0014771,O002449,S029,Call,2023-11-28 08:56:00,13
ACT0014772,O002449,S029,Call,2023-11-15 10:38:00,7
ACT0014773,O002449,S029,Email,2023-12-16 13:49:00,0
ACT0014774,O002449,S029,Meeting,2023-11-19 08:36:00,37
ACT0014775,O002449,S029,Call,2023-11-12 15:39:00,31
ACT0014776,O002449,S029,Demo,2023-12-24 17:52:00,50
ACT0014777,O002450,S001,Email,2025-04-07 13:01:00,0
ACT0014778,O002450,S001,Demo,2025-03-31 16:42:00,95
ACT0014779,O002450,S001,Demo,2025-04-07 12:19:00,46
ACT0014780,O002450,S001,Meeting,2025-04-10 14:45:00,61
ACT0014781,O002450,S001,Call,2025-03-25 16:25:00,12
ACT0014782,O002451,S009,Call,2025-06-10 18:04:00,26
ACT0014783,O002451,S009,Meeting,2025-06-30 18:15:00,74
ACT0014784,O002451,S009,Call,2025-06-28 09:02:00,36
ACT0014785,O002452,S026,Call,2023-04-28 08:50:00,13
ACT0014786,O002452,S026,Meeting,2023-03-30 10:49:00,77
ACT0014787,O002452,S026,Call,2023-04-05 16:46:00,41
ACT0014788,O002452,S026,Call,2023-04-12 17:21:00,30
ACT0014789,O002452,S026,Email,2023-04-28 17:16:00,0
ACT0014790,O002453,S027,Call,2025-04-01 16:53:00,20
ACT0014791,O002453,S027,Email,2025-03-09 14:24:00,0
ACT0014792,O002453,S027,Call,2025-04-09 15:33:00,17
ACT0014793,O002453,S027,Call,2025-03-01 12:03:00,20
ACT0014794,O002453,S027,Email,2025-03-17 16:40:00,0
ACT0014795,O002453,S027,Demo,2025-03-09 11:43:00,77
ACT0014796,O002453,S027,Meeting,2025-04-22 15:06:00,72
ACT0014797,O002453,S027,Call,2025-04-15 17:04:00,39
ACT0014798,O002453,S027,Email,2025-04-29 17:06:00,0
ACT0014799,O002454,S004,Meeting,2025-05-24 14:09:00,33
ACT0014800,O002454,S004,Email,2025-06-22 11:46:00,0
ACT0014801,O002454,S004,Meeting,2025-05-28 15:13:00,84
ACT0014802,O002454,S004,Email,2025-06-25 17:04:00,0
ACT0014803,O002454,S004,Call,2025-05-04 13:19:00,38
ACT0014804,O002455,S034,Call,2025-03-02 13:50:00,6
ACT0014805,O002455,S034,Call,2025-02-27 09:20:00,21
ACT0014806,O002455,S034,Call,2025-04-15 10:03:00,32
ACT0014807,O002456,S019,Meeting,2024-12-07 08:35:00,57
ACT0014808,O002457,S016,Email,2025-05-26 12:37:00,0
ACT0014809,O002457,S016,Email,2025-05-16 11:48:00,0
ACT0014810,O002457,S016,Call,2025-06-18 08:35:00,32
ACT0014811,O002457,S016,Call,2025-05-23 10:26:00,41
ACT0014812,O002457,S016,Call,2025-06-12 16:51:00,10
ACT0014813,O002457,S016,Meeting,2025-06-05 10:07:00,38
ACT0014814,O002457,S016,Call,2025-05-25 14:08:00,43
ACT0014815,O002458,S020,Email,2025-04-01 16:45:00,0
ACT0014816,O002458,S020,Call,2025-04-21 11:33:00,35
ACT0014817,O002458,S020,Email,2025-05-03 15:12:00,0
ACT0014818,O002458,S020,Call,2025-04-18 18:20:00,11
ACT0014819,O002458,S020,Email,2025-05-07 09:59:00,0
ACT0014820,O002458,S020,Call,2025-04-22 12:18:00,39
ACT0014821,O002458,S020,Call,2025-04-14 16:21:00,5
ACT0014822,O002459,S008,Demo,2025-01-15 13:23:00,101
ACT0014823,O002459,S008,Meeting,2025-01-11 09:18:00,78
ACT0014824,O002459,S008,Call,2025-01-04 09:25:00,43
ACT0014825,O002459,S008,Email,2025-01-23 15:41:00,0
ACT0014826,O002459,S008,Meeting,2024-12-27 11:38:00,60
ACT0014827,O002459,S008,Email,2025-01-08 10:10:00,0
ACT0014828,O002460,S003,Meeting,2025-06-29 12:18:00,54
ACT0014829,O002460,S003,Call,2025-06-30 15:42:00,36
ACT0014830,O002461,S012,Call,2023-04-22 14:41:00,31
ACT0014831,O002461,S012,Call,2023-03-27 13:27:00,17
ACT0014832,O002461,S012,Email,2023-05-18 14:46:00,0
ACT0014833,O002461,S012,Call,2023-05-02 08:41:00,44
ACT0014834,O002461,S012,Call,2023-05-16 08:35:00,16
ACT0014835,O002461,S012,Call,2023-03-05 18:06:00,23
ACT0014836,O002462,S018,Call,2023-07-02 17:03:00,31
ACT0014837,O002462,S018,Email,2023-07-09 09:31:00,0
ACT0014838,O002462,S018,Email,2023-07-16 14:39:00,0
ACT0014839,O002463,S030,Call,2023-11-25 10:50:00,28
ACT0014840,O002463,S030,Email,2023-09-24 16:10:00,0
ACT0014841,O002463,S030,Email,2023-10-11 08:15:00,0
ACT0014842,O002464,S012,Call,2024-02-20 17:00:00,44
ACT0014843,O002464,S012,Call,2024-02-03 14:33:00,12
ACT0014844,O002464,S012,Call,2024-02-09 18:39:00,8
ACT0014845,O002464,S012,Email,2024-02-19 15:48:00,0
ACT0014846,O002464,S012,Demo,2024-02-08 09:52:00,57
ACT0014847,O002464,S012,Call,2024-02-17 17:19:00,9
ACT0014848,O002464,S012,Demo,2024-02-17 18:18:00,55
ACT0014849,O002465,S010,Email,2025-02-18 14:35:00,0
ACT0014850,O002465,S010,Email,2025-02-23 17:58:00,0
ACT0014851,O002465,S010,Email,2025-02-16 09:42:00,0
ACT0014852,O002466,S003,Meeting,2023-12-19 16:16:00,34
ACT0014853,O002466,S003,Email,2024-01-15 15:31:00,0
ACT0014854,O002466,S003,Call,2023-11-30 15:15:00,30
ACT0014855,O002466,S003,Email,2024-01-15 16:22:00,0
ACT0014856,O002467,S037,Email,2023-11-28 14:49:00,0
ACT0014857,O002467,S037,Call,2023-12-29 16:30:00,43
ACT0014858,O002468,S018,Email,2025-01-14 18:26:00,0
ACT0014859,O002468,S018,Call,2025-01-04 10:25:00,10
ACT0014860,O002468,S018,Email,2025-01-17 10:35:00,0
ACT0014861,O002468,S018,Call,2025-01-17 11:43:00,34
ACT0014862,O002468,S018,Demo,2025-01-18 13:43:00,57
ACT0014863,O002469,S013,Call,2025-01-10 08:51:00,35
ACT0014864,O002469,S013,Email,2025-01-11 08:32:00,0
ACT0014865,O002469,S013,Call,2025-01-15 17:21:00,8
ACT0014866,O002469,S013,Call,2025-01-14 16:04:00,8
ACT0014867,O002469,S013,Meeting,2025-01-22 15:01:00,80
ACT0014868,O002469,S013,Meeting,2025-01-01 10:44:00,42
ACT0014869,O002469,S013,Demo,2025-01-09 17:25:00,105
ACT0014870,O002470,S012,Demo,2024-06-08 10:27:00,53
ACT0014871,O002470,S012,Meeting,2024-05-17 09:13:00,57
ACT0014872,O002470,S012,Call,2024-05-31 11:22:00,9
ACT0014873,O002470,S012,Call,2024-06-15 10:53:00,43
ACT0014874,O002470,S012,Email,2024-05-27 16:23:00,0
ACT0014875,O002470,S012,Meeting,2024-05-09 15:19:00,54
ACT0014876,O002471,S021,Email,2023-09-24 16:46:00,0
ACT0014877,O002471,S021,Meeting,2023-09-13 16:24:00,79
ACT0014878,O002471,S021,Meeting,2023-09-24 16:09:00,67
ACT0014879,O002471,S021,Email,2023-10-05 17:18:00,0
ACT0014880,O002471,S021,Call,2023-09-29 15:55:00,20
ACT0014881,O002471,S021,Email,2023-09-17 12:50:00,0
ACT0014882,O002471,S021,Call,2023-09-17 14:24:00,29
ACT0014883,O002472,S016,Call,2023-03-14 11:36:00,17
ACT0014884,O002472,S016,Meeting,2023-03-19 15:58:00,78
ACT0014885,O002472,S016,Email,2023-02-13 10:42:00,0
ACT0014886,O002473,S016,Email,2024-02-19 13:32:00,0
ACT0014887,O002473,S016,Demo,2024-04-08 08:32:00,48
ACT0014888,O002473,S016,Meeting,2024-04-14 16:08:00,54
ACT0014889,O002473,S016,Email,2024-02-22 18:20:00,0
ACT0014890,O002473,S016,Email,2024-03-26 09:09:00,0
ACT0014891,O002473,S016,Call,2024-04-23 13:46:00,16
ACT0014892,O002473,S016,Call,2024-03-29 17:48:00,39
ACT0014893,O002473,S016,Email,2024-02-10 08:31:00,0
ACT0014894,O002474,S027,Email,2025-05-07 17:56:00,0
ACT0014895,O002474,S027,Email,2025-05-08 15:48:00,0
ACT0014896,O002474,S027,Call,2025-04-17 09:46:00,11
ACT0014897,O002474,S027,Email,2025-05-12 16:30:00,0
ACT0014898,O002474,S027,Meeting,2025-05-02 18:44:00,58
ACT0014899,O002474,S027,Email,2025-04-26 17:14:00,0
ACT0014900,O002474,S027,Call,2025-05-08 18:53:00,27
ACT0014901,O002474,S027,Email,2025-04-16 13:14:00,0
ACT0014902,O002474,S027,Demo,2025-05-10 08:42:00,72
ACT0014903,O002474,S027,Email,2025-04-20 13:56:00,0
ACT0014904,O002474,S027,Meeting,2025-04-21 16:49:00,51
ACT0014905,O002474,S027,Demo,2025-05-02 18:50:00,91
ACT0014906,O002474,S027,Email,2025-04-19 09:05:00,0
ACT0014907,O002475,S012,Email,2024-08-26 14:51:00,0
ACT0014908,O002475,S012,Call,2024-10-03 15:00:00,17
ACT0014909,O002475,S012,Email,2024-07-28 13:38:00,0
ACT0014910,O002475,S012,Call,2024-09-29 17:57:00,11
ACT0014911,O002475,S012,Meeting,2024-08-28 11:53:00,42
ACT0014912,O002476,S002,Email,2023-10-13 08:12:00,0
ACT0014913,O002476,S002,Call,2023-10-24 10:26:00,32
ACT0014914,O002476,S002,Email,2023-08-14 11:34:00,0
ACT0014915,O002476,S002,Call,2023-10-23 09:18:00,11
ACT0014916,O002476,S002,Meeting,2023-07-09 10:01:00,86
ACT0014917,O002476,S002,Call,2023-09-18 14:16:00,27
ACT0014918,O002477,S028,Email,2025-03-09 17:06:00,0
ACT0014919,O002477,S028,Email,2025-03-02 11:37:00,0
ACT0014920,O002477,S028,Email,2025-02-25 14:07:00,0
ACT0014921,O002477,S028,Email,2025-03-25 15:26:00,0
ACT0014922,O002477,S028,Meeting,2025-03-22 09:21:00,67
ACT0014923,O002477,S028,Meeting,2025-03-28 14:56:00,78
ACT0014924,O002477,S028,Email,2025-04-08 08:35:00,0
ACT0014925,O002477,S028,Call,2025-03-24 18:29:00,27
ACT0014926,O002477,S028,Email,2025-04-01 14:10:00,0
ACT0014927,O002477,S028,Meeting,2025-03-18 16:07:00,53
ACT0014928,O002478,S027,Email,2023-04-21 16:24:00,0
ACT0014929,O002478,S027,Demo,2023-04-16 14:02:00,104
ACT0014930,O002478,S027,Email,2023-04-17 15:34:00,0
ACT0014931,O002478,S027,Email,2023-06-05 17:11:00,0
ACT0014932,O002478,S027,Email,2023-05-26 17:43:00,0
ACT0014933,O002478,S027,Email,2023-04-13 14:44:00,0
ACT0014934,O002478,S027,Demo,2023-04-13 12:04:00,65
ACT0014935,O002478,S027,Email,2023-06-08 15:51:00,0
ACT0014936,O002478,S027,Meeting,2023-04-06 12:10:00,57
ACT0014937,O002478,S027,Meeting,2023-05-28 09:20:00,73
ACT0014938,O002479,S025,Email,2023-06-28 12:23:00,0
ACT0014939,O002479,S025,Call,2023-07-23 16:06:00,18
ACT0014940,O002479,S025,Email,2023-06-23 10:04:00,0
ACT0014941,O002479,S025,Call,2023-06-26 17:56:00,29
ACT0014942,O002479,S025,Meeting,2023-07-20 09:54:00,85
ACT0014943,O002479,S025,Call,2023-07-25 15:32:00,7
ACT0014944,O002479,S025,Email,2023-06-18 13:20:00,0
ACT0014945,O002479,S025,Meeting,2023-06-24 09:45:00,60
ACT0014946,O002479,S025,Email,2023-07-12 09:13:00,0
ACT0014947,O002480,S024,Call,2024-02-01 18:49:00,38
ACT0014948,O002480,S024,Email,2024-01-14 17:00:00,0
ACT0014949,O002480,S024,Email,2024-02-20 10:11:00,0
ACT0014950,O002480,S024,Email,2023-12-27 12:30:00,0
ACT0014951,O002481,S020,Demo,2025-06-27 15:34:00,76
ACT0014952,O002482,S040,Demo,2023-03-12 11:38:00,47
ACT0014953,O002482,S040,Email,2023-03-29 08:19:00,0
ACT0014954,O002482,S040,Call,2023-01-27 18:22:00,18
ACT0014955,O002482,S040,Call,2023-03-20 14:55:00,13
ACT0014956,O002483,S035,Email,2023-01-11 18:47:00,0
ACT0014957,O002483,S035,Email,2023-01-12 12:59:00,0
ACT0014958,O002483,S035,Call,2023-01-25 13:39:00,9
ACT0014959,O002483,S035,Email,2023-01-14 10:25:00,0
ACT0014960,O002483,S035,Email,2023-01-16 15:20:00,0
ACT0014961,O002483,S035,Email,2023-01-11 16:08:00,0
ACT0014962,O002484,S009,Email,2024-09-09 09:58:00,0
ACT0014963,O002484,S009,Demo,2025-02-20 17:49:00,105
ACT0014964,O002484,S009,Call,2024-09-08 11:42:00,15
ACT0014965,O002484,S009,Call,2024-11-14 16:40:00,29
ACT0014966,O002484,S009,Email,2025-01-01 08:09:00,0
ACT0014967,O002485,S023,Email,2023-09-12 11:01:00,0
ACT0014968,O002485,S023,Email,2023-10-22 18:48:00,0
ACT0014969,O002485,S023,Email,2023-10-24 17:51:00,0
ACT0014970,O002485,S023,Email,2023-10-20 12:12:00,0
ACT0014971,O002485,S023,Email,2023-11-01 09:51:00,0
ACT0014972,O002485,S023,Call,2023-09-10 17:00:00,38
ACT0014973,O002486,S009,Email,2024-07-08 10:40:00,0
ACT0014974,O002486,S009,Call,2024-07-12 18:25:00,36
ACT0014975,O002486,S009,Meeting,2024-05-22 13:25:00,84
ACT0014976,O002486,S009,Demo,2024-05-12 13:04:00,58
ACT0014977,O002486,S009,Call,2024-05-30 13:07:00,5
ACT0014978,O002486,S009,Call,2024-05-20 18:21:00,31
ACT0014979,O002487,S013,Email,2024-06-02 16:26:00,0
ACT0014980,O002487,S013,Call,2024-06-23 15:28:00,9
ACT0014981,O002487,S013,Email,2024-06-01 14:35:00,0
ACT0014982,O002487,S013,Demo,2024-05-25 12:19:00,117
ACT0014983,O002487,S013,Meeting,2024-06-03 14:18:00,64
ACT0014984,O002487,S013,Email,2024-05-26 16:40:00,0
ACT0014985,O002487,S013,Email,2024-06-09 16:19:00,0
ACT0014986,O002487,S013,Meeting,2024-06-02 11:09:00,40
ACT0014987,O002487,S013,Email,2024-06-12 14:31:00,0
ACT0014988,O002487,S013,Call,2024-06-28 15:53:00,6
ACT0014989,O002487,S013,Meeting,2024-06-26 10:35:00,38
ACT0014990,O002488,S001,Demo,2025-05-29 18:35:00,86
ACT0014991,O002488,S001,Email,2025-06-02 15:56:00,0
ACT0014992,O002489,S022,Email,2025-06-20 16:17:00,0
ACT0014993,O002489,S022,Email,2025-06-30 09:16:00,0
ACT0014994,O002490,S005,Meeting,2025-03-10 11:52:00,33
ACT0014995,O002490,S005,Meeting,2025-06-27 12:20:00,58
ACT0014996,O002490,S005,Demo,2025-03-12 08:33:00,54
ACT0014997,O002490,S005,Email,2025-03-17 08:09:00,0
ACT0014998,O002490,S005,Email,2025-03-17 13:01:00,0
ACT0014999,O002490,S005,Email,2025-06-22 09:00:00,0
ACT0015000,O002490,S005,Call,2025-05-17 13:19:00,20
ACT0015001,O002490,S005,Call,2025-05-16 18:20:00,7
ACT0015002,O002491,S014,Call,2025-05-03 14:58:00,33
ACT0015003,O002491,S014,Meeting,2025-04-21 14:18:00,49
ACT0015004,O002491,S014,Email,2025-04-21 11:41:00,0
ACT0015005,O002491,S014,Meeting,2025-05-04 16:34:00,43
ACT0015006,O002491,S014,Call,2025-03-28 14:07:00,31
ACT0015007,O002491,S014,Email,2025-03-21 18:41:00,0
ACT0015008,O002492,S003,Call,2024-04-22 15:06:00,37
ACT0015009,O002492,S003,Meeting,2024-04-27 11:02:00,54
ACT0015010,O002492,S003,Call,2024-05-19 16:04:00,8
ACT0015011,O002492,S003,Meeting,2024-05-10 17:50:00,73
ACT0015012,O002492,S003,Email,2024-06-01 14:22:00,0
ACT0015013,O002492,S003,Meeting,2024-05-21 16:24:00,81
ACT0015014,O002493,S017,Meeting,2024-04-04 13:31:00,30
ACT0015015,O002493,S017,Demo,2024-03-11 18:48:00,66
ACT0015016,O002494,S032,Meeting,2023-03-20 16:53:00,62
ACT0015017,O002494,S032,Call,2023-03-15 17:46:00,17
ACT0015018,O002494,S032,Call,2023-03-24 14:42:00,43
ACT0015019,O002494,S032,Meeting,2023-03-08 12:29:00,70
ACT0015020,O002494,S032,Call,2023-03-12 12:31:00,29
ACT0015021,O002495,S001,Meeting,2024-10-09 14:55:00,35
ACT0015022,O002495,S001,Call,2024-11-10 13:47:00,41
ACT0015023,O002495,S001,Email,2024-11-15 11:05:00,0
ACT0015024,O002495,S001,Email,2024-11-11 10:11:00,0
ACT0015025,O002495,S001,Call,2024-10-30 14:44:00,18
ACT0015026,O002495,S001,Email,2024-10-08 18:11:00,0
ACT0015027,O002496,S031,Call,2024-07-11 12:32:00,33
ACT0015028,O002496,S031,Email,2024-07-30 15:27:00,0
ACT0015029,O002496,S031,Demo,2024-07-11 17:44:00,112
ACT0015030,O002496,S031,Call,2024-08-07 08:38:00,33
ACT0015031,O002496,S031,Call,2024-08-03 18:00:00,24
ACT0015032,O002496,S031,Call,2024-08-01 09:21:00,40
ACT0015033,O002496,S031,Email,2024-07-05 18:01:00,0
ACT0015034,O002496,S031,Email,2024-07-20 11:25:00,0
ACT0015035,O002496,S031,Call,2024-07-22 09:05:00,36
ACT0015036,O002496,S031,Demo,2024-07-03 17:00:00,118
ACT0015037,O002497,S038,Call,2023-07-21 10:53:00,24
ACT0015038,O002498,S017,Email,2025-05-16 10:26:00,0
ACT0015039,O002498,S017,Meeting,2025-06-13 09:39:00,64
ACT0015040,O002498,S017,Meeting,2025-06-20 18:31:00,74
ACT0015041,O002498,S017,Email,2025-05-22 10:26:00,0
ACT0015042,O002498,S017,Call,2025-05-26 10:50:00,21
ACT0015043,O002498,S017,Email,2025-05-04 15:07:00,0
ACT0015044,O002499,S015,Email,2024-06-09 08:01:00,0
ACT0015045,O002499,S015,Email,2024-07-07 13:35:00,0
ACT0015046,O002499,S015,Meeting,2024-05-18 15:31:00,47
ACT0015047,O002499,S015,Call,2024-06-28 10:44:00,36
ACT0015048,O002499,S015,Call,2024-06-08 09:49:00,21
ACT0015049,O002499,S015,Meeting,2024-06-25 09:04:00,48
ACT0015050,O002500,S038,Demo,2023-07-12 13:18:00,49
ACT0015051,O002500,S038,Meeting,2023-07-21 15:43:00,31
ACT0015052,O002500,S038,Meeting,2023-07-28 16:48:00,55
ACT0015053,O002500,S038,Email,2023-07-14 17:04:00,0
ACT0015054,O002500,S038,Email,2023-06-09 09:00:00,0
ACT0015055,O002500,S038,Email,2023-07-22 09:20:00,0
ACT0015056,O002500,S038,Call,2023-07-03 11:29:00,10
ACT0015057,O002500,S038,Email,2023-07-27 09:10:00,0
ACT0015058,O002500,S038,Meeting,2023-06-08 11:40:00,35
ACT0015059,O002500,S038,Email,2023-06-28 12:18:00,0
ACT0015060,O002501,S016,Call,2023-10-29 10:27:00,44
ACT0015061,O002501,S016,Email,2023-09-17 15:18:00,0
ACT0015062,O002501,S016,Email,2023-11-17 16:02:00,0
ACT0015063,O002501,S016,Email,2023-10-04 09:22:00,0
ACT0015064,O002501,S016,Call,2023-08-12 11:33:00,38
ACT0015065,O002501,S016,Call,2023-10-22 09:54:00,24
ACT0015066,O002501,S016,Call,2023-10-15 17:14:00,33
ACT0015067,O002501,S016,Call,2023-08-26 08:53:00,10
ACT0015068,O002501,S016,Call,2023-09-05 11:01:00,13
ACT0015069,O002501,S016,Call,2023-11-09 18:15:00,10
ACT0015070,O002502,S003,Email,2025-02-24 16:55:00,0
ACT0015071,O002502,S003,Call,2025-02-15 12:00:00,10
ACT0015072,O002502,S003,Call,2025-01-29 09:57:00,5
ACT0015073,O002502,S003,Call,2025-02-08 16:58:00,27
ACT0015074,O002502,S003,Email,2025-01-21 18:18:00,0
ACT0015075,O002502,S003,Call,2025-03-10 17:51:00,16
ACT0015076,O002502,S003,Demo,2025-03-17 12:52:00,64
ACT0015077,O002503,S019,Email,2023-05-12 08:26:00,0
ACT0015078,O002504,S025,Call,2024-08-16 11:05:00,22
ACT0015079,O002504,S025,Email,2024-08-16 09:58:00,0
ACT0015080,O002504,S025,Email,2024-07-24 13:23:00,0
ACT0015081,O002504,S025,Email,2024-07-24 10:08:00,0
ACT0015082,O002504,S025,Email,2024-08-10 15:35:00,0
ACT0015083,O002504,S025,Call,2024-08-05 17:43:00,25
ACT0015084,O002505,S034,Call,2025-03-21 08:22:00,9
ACT0015085,O002505,S034,Meeting,2025-03-27 15:39:00,34
ACT0015086,O002505,S034,Call,2025-04-23 18:01:00,9
ACT0015087,O002505,S034,Call,2025-03-13 10:22:00,37
ACT0015088,O002505,S034,Email,2025-03-19 08:24:00,0
ACT0015089,O002506,S039,Call,2023-09-07 10:07:00,28
ACT0015090,O002506,S039,Call,2023-08-29 09:44:00,17
ACT0015091,O002506,S039,Call,2023-09-11 14:59:00,36
ACT0015092,O002506,S039,Demo,2023-09-01 11:35:00,65
ACT0015093,O002506,S039,Email,2023-09-03 13:40:00,0
ACT0015094,O002507,S016,Call,2024-10-18 18:12:00,42
ACT0015095,O002507,S016,Email,2024-10-28 13:07:00,0
ACT0015096,O002507,S016,Demo,2024-11-02 09:48:00,89
ACT0015097,O002507,S016,Call,2024-10-18 08:59:00,30
ACT0015098,O002507,S016,Meeting,2024-11-03 10:40:00,35
ACT0015099,O002507,S016,Call,2024-11-12 09:01:00,34
ACT0015100,O002507,S016,Email,2024-11-06 16:00:00,0
ACT0015101,O002508,S020,Call,2025-01-19 16:14:00,34
ACT0015102,O002508,S020,Email,2025-01-30 09:13:00,0
ACT0015103,O002508,S020,Call,2025-01-29 09:41:00,5
ACT0015104,O002508,S020,Meeting,2025-02-04 14:38:00,49
ACT0015105,O002508,S020,Meeting,2025-01-24 15:07:00,62
ACT0015106,O002508,S020,Email,2025-01-16 17:37:00,0
ACT0015107,O002508,S020,Email,2025-02-03 15:48:00,0
ACT0015108,O002508,S020,Email,2025-01-22 16:04:00,0
ACT0015109,O002509,S008,Demo,2023-03-29 14:42:00,49
ACT0015110,O002509,S008,Meeting,2023-05-09 09:03:00,44
ACT0015111,O002509,S008,Meeting,2023-05-02 13:15:00,48
ACT0015112,O002510,S011,Demo,2023-08-29 10:29:00,114
ACT0015113,O002510,S011,Demo,2023-09-16 16:21:00,90
ACT0015114,O002510,S011,Call,2023-08-28 11:34:00,24
ACT0015115,O002510,S011,Call,2023-08-27 13:30:00,32
ACT0015116,O002510,S011,Email,2023-09-09 13:19:00,0
ACT0015117,O002511,S029,Email,2025-06-12 11:58:00,0
ACT0015118,O002511,S029,Demo,2025-06-15 11:50:00,54
ACT0015119,O002511,S029,Call,2025-06-25 16:06:00,11
ACT0015120,O002512,S010,Email,2024-06-21 16:47:00,0
ACT0015121,O002512,S010,Call,2024-06-24 17:35:00,35
ACT0015122,O002512,S010,Email,2024-06-12 14:35:00,0
ACT0015123,O002512,S010,Demo,2024-06-13 17:50:00,97
ACT0015124,O002512,S010,Email,2024-06-13 18:38:00,0
ACT0015125,O002512,S010,Call,2024-06-23 12:21:00,5
ACT0015126,O002512,S010,Email,2024-06-20 12:47:00,0
ACT0015127,O002512,S010,Email,2024-06-11 13:21:00,0
ACT0015128,O002513,S004,Email,2023-04-06 09:37:00,0
ACT0015129,O002513,S004,Email,2023-06-19 17:05:00,0
ACT0015130,O002513,S004,Call,2023-06-23 10:34:00,16
ACT0015131,O002513,S004,Call,2023-04-13 15:35:00,33
ACT0015132,O002513,S004,Call,2023-06-25 12:33:00,16
ACT0015133,O002514,S014,Email,2025-06-16 13:33:00,0
ACT0015134,O002514,S014,Call,2025-06-04 08:03:00,14
ACT0015135,O002514,S014,Call,2025-06-26 13:30:00,42
ACT0015136,O002514,S014,Call,2025-06-28 16:43:00,22
ACT0015137,O002514,S014,Call,2025-06-21 11:10:00,7
ACT0015138,O002515,S016,Call,2023-03-22 16:35:00,24
ACT0015139,O002515,S016,Call,2023-04-06 13:37:00,12
ACT0015140,O002515,S016,Email,2023-02-26 18:20:00,0
ACT0015141,O002515,S016,Call,2023-03-12 09:15:00,19
ACT0015142,O002515,S016,Email,2023-03-01 15:02:00,0
ACT0015143,O002515,S016,Meeting,2023-03-13 08:01:00,54
ACT0015144,O002515,S016,Email,2023-03-10 12:29:00,0
ACT0015145,O002515,S016,Email,2023-03-14 13:17:00,0
ACT0015146,O002515,S016,Call,2023-03-18 18:32:00,10
ACT0015147,O002516,S003,Demo,2023-01-30 09:39:00,60
ACT0015148,O002516,S003,Email,2023-02-10 08:49:00,0
ACT0015149,O002517,S012,Email,2025-06-11 14:27:00,0
ACT0015150,O002517,S012,Email,2025-06-15 10:19:00,0
ACT0015151,O002517,S012,Call,2025-06-19 10:14:00,20
ACT0015152,O002517,S012,Email,2025-06-25 15:42:00,0
ACT0015153,O002517,S012,Call,2025-05-22 08:59:00,18
ACT0015154,O002517,S012,Call,2023-09-12 09:13:00,40
ACT0015155,O002517,S012,Meeting,2025-06-15 11:10:00,66
ACT0015156,O002517,S012,Call,2025-06-09 13:09:00,37
ACT0015157,O002517,S012,Email,2025-06-23 12:55:00,0
ACT0015158,O002518,S012,Meeting,2025-05-01 09:32:00,35
ACT0015159,O002518,S012,Call,2025-05-03 18:28:00,42
ACT0015160,O002518,S012,Email,2025-04-27 09:35:00,0
ACT0015161,O002518,S012,Email,2025-04-20 09:38:00,0
ACT0015162,O002519,S037,Email,2024-09-19 17:57:00,0
ACT0015163,O002519,S037,Call,2024-09-13 08:05:00,44
ACT0015164,O002519,S037,Call,2024-08-31 11:46:00,24
ACT0015165,O002519,S037,Call,2024-09-05 11:14:00,40
ACT0015166,O002519,S037,Meeting,2024-09-24 10:11:00,31
ACT0015167,O002519,S037,Email,2024-08-16 14:06:00,0
ACT0015168,O002519,S037,Call,2024-08-17 08:50:00,43
ACT0015169,O002519,S037,Email,2024-09-17 08:49:00,0
ACT0015170,O002520,S008,Email,2023-07-12 08:54:00,0
ACT0015171,O002520,S008,Email,2023-07-06 11:36:00,0
ACT0015172,O002520,S008,Meeting,2023-05-04 12:59:00,74
ACT0015173,O002520,S008,Call,2023-05-29 16:21:00,31
ACT0015174,O002520,S008,Email,2023-06-18 08:23:00,0
ACT0015175,O002520,S008,Email,2023-05-12 17:21:00,0
ACT0015176,O002520,S008,Email,2023-05-17 15:21:00,0
ACT0015177,O002520,S008,Email,2023-06-25 10:42:00,0
ACT0015178,O002520,S008,Call,2023-04-19 12:54:00,5
ACT0015179,O002521,S033,Email,2023-12-14 15:19:00,0
ACT0015180,O002521,S033,Meeting,2023-10-18 08:39:00,86
ACT0015181,O002521,S033,Email,2023-10-04 10:57:00,0
ACT0015182,O002521,S033,Email,2023-10-24 16:10:00,0
ACT0015183,O002521,S033,Demo,2023-11-11 08:53:00,76
ACT0015184,O002521,S033,Email,2023-12-10 12:46:00,0
ACT0015185,O002522,S005,Call,2024-02-02 11:14:00,23
ACT0015186,O002522,S005,Email,2024-04-13 17:38:00,0
ACT0015187,O002522,S005,Email,2024-01-07 18:23:00,0
ACT0015188,O002523,S033,Email,2025-03-26 10:05:00,0
ACT0015189,O002523,S033,Email,2025-01-21 11:08:00,0
ACT0015190,O002523,S033,Call,2025-01-28 12:10:00,7
ACT0015191,O002523,S033,Email,2025-03-21 10:36:00,0
ACT0015192,O002523,S033,Call,2025-01-30 10:03:00,21
ACT0015193,O002523,S033,Email,2025-03-20 12:16:00,0
ACT0015194,O002523,S033,Call,2025-02-01 09:10:00,21
ACT0015195,O002524,S040,Call,2025-03-01 08:51:00,32
ACT0015196,O002524,S040,Email,2025-02-24 09:09:00,0
ACT0015197,O002524,S040,Email,2025-04-07 09:01:00,0
ACT0015198,O002524,S040,Call,2025-01-22 10:00:00,21
ACT0015199,O002524,S040,Email,2025-04-30 15:01:00,0
ACT0015200,O002524,S040,Email,2025-04-28 13:27:00,0
ACT0015201,O002524,S040,Call,2025-01-13 15:03:00,44
ACT0015202,O002524,S040,Email,2025-03-29 16:20:00,0
ACT0015203,O002524,S040,Demo,2025-04-21 18:25:00,97
ACT0015204,O002525,S033,Call,2025-02-26 08:43:00,7
ACT0015205,O002525,S033,Call,2025-03-22 10:25:00,15
ACT0015206,O002525,S033,Email,2025-04-03 15:32:00,0
ACT0015207,O002525,S033,Call,2025-01-27 11:30:00,22
ACT0015208,O002525,S033,Call,2025-03-24 12:32:00,19
ACT0015209,O002525,S033,Email,2025-01-11 10:21:00,0
ACT0015210,O002525,S033,Email,2025-03-13 15:07:00,0
ACT0015211,O002525,S033,Call,2025-03-25 13:18:00,27
ACT0015212,O002525,S033,Email,2025-03-01 15:58:00,0
ACT0015213,O002526,S011,Email,2024-09-06 18:31:00,0
ACT0015214,O002526,S011,Call,2024-08-15 09:46:00,8
ACT0015215,O002526,S011,Call,2024-09-09 17:35:00,22
ACT0015216,O002526,S011,Call,2024-09-03 14:56:00,32
ACT0015217,O002526,S011,Demo,2024-08-31 08:52:00,106
ACT0015218,O002526,S011,Call,2024-09-09 12:27:00,14
ACT0015219,O002526,S011,Email,2024-08-19 17:38:00,0
ACT0015220,O002527,S037,Email,2024-05-16 18:56:00,0
ACT0015221,O002527,S037,Email,2024-06-01 08:07:00,0
ACT0015222,O002527,S037,Call,2024-05-31 14:08:00,30
ACT0015223,O002527,S037,Call,2024-05-27 14:13:00,28
ACT0015224,O002528,S035,Email,2024-02-23 12:22:00,0
ACT0015225,O002528,S035,Email,2024-03-04 15:59:00,0
ACT0015226,O002528,S035,Meeting,2024-03-18 11:31:00,33
ACT0015227,O002528,S035,Meeting,2024-02-16 14:58:00,84
ACT0015228,O002528,S035,Email,2024-02-14 11:45:00,0
ACT0015229,O002528,S035,Call,2024-03-24 17:45:00,40
ACT0015230,O002529,S033,Email,2025-03-01 18:18:00,0
ACT0015231,O002529,S033,Call,2025-03-04 17:42:00,32
ACT0015232,O002529,S033,Meeting,2025-03-04 10:37:00,82
ACT0015233,O002529,S033,Email,2025-03-05 12:16:00,0
ACT0015234,O002529,S033,Call,2025-03-16 10:07:00,44
ACT0015235,O002529,S033,Email,2025-03-11 15:03:00,0
ACT0015236,O002529,S033,Demo,2025-03-18 14:14:00,102
ACT0015237,O002529,S033,Demo,2025-03-21 11:58:00,75
ACT0015238,O002530,S033,Email,2025-05-29 17:10:00,0
ACT0015239,O002530,S033,Email,2025-06-24 15:15:00,0
ACT0015240,O002530,S033,Call,2025-06-21 12:06:00,41
ACT0015241,O002530,S033,Email,2025-05-31 10:51:00,0
ACT0015242,O002530,S033,Meeting,2025-06-01 08:57:00,78
ACT0015243,O002530,S033,Call,2025-06-09 14:23:00,12
ACT0015244,O002530,S033,Meeting,2025-05-18 11:52:00,41
ACT0015245,O002531,S008,Meeting,2025-06-23 11:29:00,78
ACT0015246,O002531,S008,Email,2025-06-23 08:01:00,0
ACT0015247,O002531,S008,Demo,2025-05-13 18:31:00,46
ACT0015248,O002531,S008,Call,2025-05-25 13:15:00,44
ACT0015249,O002531,S008,Email,2025-06-02 18:57:00,0
ACT0015250,O002531,S008,Call,2025-06-14 15:26:00,14
ACT0015251,O002532,S023,Call,2025-06-28 18:52:00,30
ACT0015252,O002532,S023,Call,2025-06-28 09:42:00,29
ACT0015253,O002533,S020,Demo,2025-05-06 13:09:00,54
ACT0015254,O002533,S020,Call,2025-04-29 15:29:00,5
ACT0015255,O002533,S020,Call,2025-03-27 10:59:00,40
ACT0015256,O002533,S020,Call,2025-05-17 16:53:00,14
ACT0015257,O002533,S020,Call,2025-05-21 11:35:00,14
ACT0015258,O002533,S020,Call,2025-03-05 18:47:00,15
ACT0015259,O002533,S020,Meeting,2025-05-03 10:20:00,79
ACT0015260,O002534,S038,Call,2024-08-22 08:50:00,30
ACT0015261,O002534,S038,Email,2024-08-22 09:31:00,0
ACT0015262,O002534,S038,Meeting,2024-08-18 09:38:00,47
ACT0015263,O002534,S038,Call,2024-08-26 13:31:00,5
ACT0015264,O002534,S038,Call,2024-08-09 16:45:00,42
ACT0015265,O002534,S038,Email,2024-08-23 17:57:00,0
ACT0015266,O002535,S034,Call,2025-05-22 13:27:00,15
ACT0015267,O002535,S034,Call,2025-06-01 13:07:00,32
ACT0015268,O002535,S034,Email,2025-05-04 15:35:00,0
ACT0015269,O002535,S034,Email,2025-06-16 12:39:00,0
ACT0015270,O002535,S034,Email,2025-06-09 16:25:00,0
ACT0015271,O002535,S034,Call,2025-05-28 17:57:00,37
ACT0015272,O002535,S034,Call,2025-05-05 10:22:00,38
ACT0015273,O002535,S034,Email,2025-06-12 16:14:00,0
ACT0015274,O002535,S034,Email,2025-05-01 08:56:00,0
ACT0015275,O002535,S034,Email,2025-06-11 09:42:00,0
ACT0015276,O002536,S029,Call,2025-05-26 11:58:00,34
ACT0015277,O002536,S029,Meeting,2025-05-30 18:35:00,58
ACT0015278,O002536,S029,Email,2025-05-21 08:31:00,0
ACT0015279,O002536,S029,Demo,2025-05-27 09:02:00,54
ACT0015280,O002536,S029,Call,2025-05-28 14:11:00,12
ACT0015281,O002536,S029,Email,2025-05-29 14:06:00,0
ACT0015282,O002537,S031,Call,2025-05-18 11:06:00,30
ACT0015283,O002537,S031,Demo,2025-06-11 09:36:00,67
ACT0015284,O002537,S031,Email,2025-06-08 15:21:00,0
ACT0015285,O002537,S031,Email,2025-05-29 12:25:00,0
ACT0015286,O002537,S031,Demo,2025-05-18 16:09:00,54
ACT0015287,O002537,S031,Meeting,2025-06-10 17:36:00,71
ACT0015288,O002539,S005,Email,2023-07-30 08:49:00,0
ACT0015289,O002539,S005,Meeting,2023-08-14 15:00:00,52
ACT0015290,O002539,S005,Call,2023-08-18 16:36:00,42
ACT0015291,O002539,S005,Call,2023-08-18 15:22:00,39
ACT0015292,O002539,S005,Email,2023-08-21 11:44:00,0
ACT0015293,O002539,S005,Email,2023-07-26 11:06:00,0
ACT0015294,O002540,S031,Email,2025-03-04 13:46:00,0
ACT0015295,O002540,S031,Demo,2025-05-25 14:21:00,50
ACT0015296,O002540,S031,Email,2025-05-04 14:13:00,0
ACT0015297,O002540,S031,Call,2025-04-29 12:08:00,34
ACT0015298,O002541,S037,Call,2024-03-29 18:19:00,14
ACT0015299,O002541,S037,Demo,2024-03-28 15:51:00,108
ACT0015300,O002541,S037,Email,2024-04-07 12:23:00,0
ACT0015301,O002542,S040,Email,2025-04-08 18:41:00,0
ACT0015302,O002542,S040,Email,2025-04-03 16:17:00,0
ACT0015303,O002542,S040,Email,2025-03-03 11:59:00,0
ACT0015304,O002542,S040,Call,2025-04-22 18:47:00,8
ACT0015305,O002542,S040,Meeting,2025-04-22 14:52:00,66
ACT0015306,O002542,S040,Email,2025-04-21 08:23:00,0
ACT0015307,O002543,S036,Email,2025-05-08 13:41:00,0
ACT0015308,O002543,S036,Call,2025-06-29 09:49:00,38
ACT0015309,O002543,S036,Email,2025-05-26 18:02:00,0
ACT0015310,O002543,S036,Meeting,2025-06-06 14:15:00,52
ACT0015311,O002543,S036,Email,2025-05-13 14:39:00,0
ACT0015312,O002544,S029,Call,2025-06-22 16:08:00,14
ACT0015313,O002544,S029,Call,2025-06-30 18:27:00,23
ACT0015314,O002544,S029,Demo,2025-06-27 10:52:00,90
ACT0015315,O002544,S029,Call,2025-06-15 12:11:00,27
ACT0015316,O002544,S029,Email,2025-06-29 11:46:00,0
ACT0015317,O002544,S029,Call,2025-06-25 13:45:00,17
ACT0015318,O002545,S033,Email,2025-02-25 16:39:00,0
ACT0015319,O002545,S033,Call,2025-02-20 18:49:00,10
ACT0015320,O002545,S033,Email,2025-02-26 11:41:00,0
ACT0015321,O002545,S033,Email,2025-02-27 11:13:00,0
ACT0015322,O002545,S033,Email,2025-02-11 16:41:00,0
ACT0015323,O002546,S008,Call,2024-12-06 15:25:00,41
ACT0015324,O002546,S008,Demo,2024-12-02 17:43:00,79
ACT0015325,O002546,S008,Email,2024-11-10 14:55:00,0
ACT0015326,O002546,S008,Email,2024-11-13 12:43:00,0
ACT0015327,O002546,S008,Email,2024-11-26 15:07:00,0
ACT0015328,O002546,S008,Email,2024-11-18 11:07:00,0
ACT0015329,O002546,S008,Meeting,2024-11-16 08:23:00,30
ACT0015330,O002547,S038,Email,2025-04-14 09:52:00,0
ACT0015331,O002547,S038,Email,2025-04-25 15:26:00,0
ACT0015332,O002547,S038,Call,2025-04-09 16:44:00,12
ACT0015333,O002547,S038,Email,2025-03-27 15:53:00,0
ACT0015334,O002547,S038,Call,2025-04-27 10:20:00,18
ACT0015335,O002547,S038,Meeting,2025-05-02 10:00:00,69
ACT0015336,O002547,S038,Meeting,2025-04-10 12:35:00,53
ACT0015337,O002547,S038,Email,2025-03-24 09:23:00,0
ACT0015338,O002548,S024,Demo,2025-01-23 12:30:00,54
ACT0015339,O002548,S024,Call,2025-02-06 11:48:00,36
ACT0015340,O002548,S024,Call,2025-01-23 16:09:00,36
ACT0015341,O002548,S024,Demo,2025-02-08 17:57:00,78
ACT0015342,O002548,S024,Call,2023-12-20 17:09:00,44
ACT0015343,O002548,S024,Email,2025-02-10 12:47:00,0
ACT0015344,O002548,S024,Email,2025-02-16 17:42:00,0
ACT0015345,O002549,S006,Demo,2023-05-16 16:59:00,47
ACT0015346,O002550,S039,Demo,2025-01-14 17:42:00,94
ACT0015347,O002550,S039,Email,2025-01-02 18:23:00,0
ACT0015348,O002550,S039,Email,2025-01-06 09:59:00,0
ACT0015349,O002550,S039,Email,2025-01-14 18:05:00,0
ACT0015350,O002550,S039,Demo,2025-01-04 09:39:00,53
ACT0015351,O002551,S019,Email,2025-05-28 10:25:00,0
ACT0015352,O002551,S019,Call,2025-05-03 14:44:00,25
ACT0015353,O002551,S019,Email,2025-05-09 13:25:00,0
ACT0015354,O002551,S019,Meeting,2025-03-30 08:12:00,76
ACT0015355,O002551,S019,Call,2025-05-25 14:01:00,11
ACT0015356,O002552,S023,Email,2024-04-26 10:07:00,0
ACT0015357,O002552,S023,Meeting,2024-04-10 13:46:00,73
ACT0015358,O002552,S023,Call,2024-05-08 08:33:00,11
ACT0015359,O002552,S023,Call,2024-04-08 15:33:00,18
ACT0015360,O002552,S023,Email,2024-04-16 09:29:00,0
ACT0015361,O002552,S023,Call,2024-04-12 16:00:00,31
ACT0015362,O002552,S023,Email,2024-04-30 16:04:00,0
ACT0015363,O002552,S023,Call,2024-04-17 13:25:00,13
ACT0015364,O002552,S023,Call,2024-04-15 10:22:00,24
ACT0015365,O002553,S023,Demo,2024-11-15 10:31:00,48
ACT0015366,O002553,S023,Call,2024-11-19 11:56:00,27
ACT0015367,O002553,S023,Email,2024-12-07 08:04:00,0
ACT0015368,O002554,S011,Email,2025-06-27 08:17:00,0
ACT0015369,O002554,S011,Email,2025-06-24 11:59:00,0
ACT0015370,O002554,S011,Call,2025-06-30 16:22:00,27
ACT0015371,O002554,S011,Email,2025-06-25 14:38:00,0
ACT0015372,O002554,S011,Meeting,2025-06-22 08:50:00,41
ACT0015373,O002555,S025,Call,2025-04-09 14:17:00,32
ACT0015374,O002555,S025,Meeting,2025-04-18 14:38:00,42
ACT0015375,O002555,S025,Call,2025-04-22 16:44:00,11
ACT0015376,O002555,S025,Email,2025-05-01 13:43:00,0
ACT0015377,O002555,S025,Call,2025-05-11 16:11:00,23
ACT0015378,O002555,S025,Email,2025-05-22 11:25:00,0
ACT0015379,O002555,S025,Email,2025-05-19 13:56:00,0
ACT0015380,O002555,S025,Meeting,2025-04-19 15:03:00,60
ACT0015381,O002555,S025,Call,2025-04-15 12:10:00,16
ACT0015382,O002556,S037,Email,2024-02-13 13:21:00,0
ACT0015383,O002556,S037,Email,2024-01-11 12:41:00,0
ACT0015384,O002556,S037,Call,2024-02-05 09:39:00,13
ACT0015385,O002556,S037,Email,2024-01-03 14:38:00,0
ACT0015386,O002556,S037,Email,2024-01-21 17:14:00,0
ACT0015387,O002556,S037,Email,2023-12-20 16:25:00,0
ACT0015388,O002557,S013,Email,2024-08-16 09:23:00,0
ACT0015389,O002557,S013,Call,2024-08-17 16:38:00,6
ACT0015390,O002557,S013,Email,2024-08-04 09:09:00,0
ACT0015391,O002558,S020,Email,2025-03-17 13:59:00,0
ACT0015392,O002558,S020,Email,2025-03-24 10:33:00,0
ACT0015393,O002558,S020,Meeting,2025-03-08 12:34:00,49
ACT0015394,O002558,S020,Meeting,2025-03-11 18:24:00,86
ACT0015395,O002558,S020,Call,2025-03-17 11:17:00,9
ACT0015396,O002559,S004,Call,2024-06-15 17:25:00,15
ACT0015397,O002559,S004,Email,2024-06-19 15:00:00,0
ACT0015398,O002559,S004,Email,2024-06-17 08:39:00,0
ACT0015399,O002559,S004,Email,2024-06-11 10:40:00,0
ACT0015400,O002559,S004,Email,2024-06-11 13:48:00,0
ACT0015401,O002559,S004,Email,2024-06-16 08:19:00,0
ACT0015402,O002559,S004,Email,2024-06-18 09:10:00,0
ACT0015403,O002559,S004,Email,2024-06-12 08:46:00,0
ACT0015404,O002560,S019,Email,2024-09-11 09:30:00,0
ACT0015405,O002560,S019,Meeting,2024-09-04 12:39:00,89
ACT0015406,O002560,S019,Call,2024-09-28 13:40:00,16
ACT0015407,O002560,S019,Email,2024-09-08 09:53:00,0
ACT0015408,O002560,S019,Call,2024-09-08 16:23:00,29
ACT0015409,O002560,S019,Meeting,2024-09-02 08:15:00,64
ACT0015410,O002560,S019,Call,2024-10-03 10:20:00,25
ACT0015411,O002560,S019,Meeting,2024-09-26 13:16:00,39
ACT0015412,O002560,S019,Email,2024-09-17 14:44:00,0
ACT0015413,O002560,S019,Call,2024-09-12 12:25:00,29
ACT0015414,O002561,S038,Call,2023-03-09 15:57:00,14
ACT0015415,O002561,S038,Meeting,2023-03-18 13:13:00,38
ACT0015416,O002561,S038,Meeting,2023-03-26 15:44:00,36
ACT0015417,O002561,S038,Call,2023-02-07 17:00:00,8
ACT0015418,O002562,S033,Email,2025-06-07 11:48:00,0
ACT0015419,O002562,S033,Demo,2025-06-10 17:59:00,112
ACT0015420,O002562,S033,Call,2025-06-06 08:40:00,28
ACT0015421,O002563,S022,Email,2023-10-16 16:35:00,0
ACT0015422,O002563,S022,Email,2023-11-06 13:42:00,0
ACT0015423,O002563,S022,Call,2023-11-01 11:35:00,29
ACT0015424,O002563,S022,Email,2023-10-28 09:41:00,0
ACT0015425,O002563,S022,Email,2023-10-31 17:41:00,0
ACT0015426,O002564,S034,Meeting,2024-04-20 08:52:00,66
ACT0015427,O002564,S034,Call,2024-04-29 13:46:00,29
ACT0015428,O002564,S034,Demo,2024-05-09 11:06:00,84
ACT0015429,O002564,S034,Email,2024-04-28 12:48:00,0
ACT0015430,O002564,S034,Email,2024-04-23 13:22:00,0
ACT0015431,O002564,S034,Demo,2024-05-05 09:16:00,87
ACT0015432,O002564,S034,Email,2024-05-06 09:15:00,0
ACT0015433,O002565,S012,Call,2025-06-30 10:51:00,21
ACT0015434,O002565,S012,Call,2025-06-29 17:40:00,21
ACT0015435,O002565,S012,Meeting,2025-06-27 13:13:00,64
ACT0015436,O002566,S033,Email,2023-08-18 11:04:00,0
ACT0015437,O002566,S033,Demo,2023-08-26 08:35:00,115
ACT0015438,O002566,S033,Call,2023-08-25 16:55:00,33
ACT0015439,O002566,S033,Call,2023-09-01 16:58:00,10
ACT0015440,O002566,S033,Email,2023-08-20 16:43:00,0
ACT0015441,O002566,S033,Call,2023-08-20 15:27:00,28
ACT0015442,O002566,S033,Meeting,2023-09-06 13:59:00,82
ACT0015443,O002566,S033,Email,2023-08-24 16:24:00,0
ACT0015444,O002567,S012,Call,2025-03-19 11:51:00,18
ACT0015445,O002567,S012,Call,2025-02-22 14:06:00,20
ACT0015446,O002567,S012,Email,2025-03-05 16:07:00,0
ACT0015447,O002567,S012,Call,2025-02-26 08:00:00,20
ACT0015448,O002567,S012,Meeting,2025-02-20 09:14:00,39
ACT0015449,O002567,S012,Email,2025-02-14 13:52:00,0
ACT0015450,O002567,S012,Meeting,2025-02-27 11:27:00,57
ACT0015451,O002567,S012,Email,2025-02-12 16:03:00,0
ACT0015452,O002567,S012,Meeting,2025-02-20 13:11:00,84
ACT0015453,O002567,S012,Call,2025-03-16 09:46:00,25
ACT0015454,O002568,S008,Email,2024-03-06 10:12:00,0
ACT0015455,O002568,S008,Email,2024-04-03 16:22:00,0
ACT0015456,O002568,S008,Call,2024-03-07 15:16:00,10
ACT0015457,O002568,S008,Meeting,2024-03-19 15:36:00,41
ACT0015458,O002569,S026,Demo,2025-06-29 15:40:00,48
ACT0015459,O002569,S026,Meeting,2025-06-24 10:17:00,44
ACT0015460,O002570,S036,Demo,2023-11-22 17:28:00,90
ACT0015461,O002570,S036,Email,2023-11-06 10:32:00,0
ACT0015462,O002570,S036,Call,2023-11-05 13:04:00,30
ACT0015463,O002570,S036,Call,2023-11-18 18:59:00,8
ACT0015464,O002571,S037,Call,2023-11-10 15:46:00,12
ACT0015465,O002571,S037,Email,2023-10-31 13:10:00,0
ACT0015466,O002571,S037,Email,2023-12-14 15:15:00,0
ACT0015467,O002571,S037,Email,2023-11-03 14:46:00,0
ACT0015468,O002571,S037,Demo,2023-11-16 18:49:00,115
ACT0015469,O002571,S037,Call,2023-09-06 18:08:00,25
ACT0015470,O002572,S029,Call,2024-04-06 08:48:00,22
ACT0015471,O002572,S029,Call,2024-03-22 14:08:00,5
ACT0015472,O002572,S029,Call,2024-03-22 11:52:00,12
ACT0015473,O002572,S029,Meeting,2024-04-01 11:07:00,74
ACT0015474,O002572,S029,Email,2024-03-21 16:51:00,0
ACT0015475,O002573,S017,Meeting,2025-03-16 18:04:00,83
ACT0015476,O002573,S017,Email,2025-03-04 17:59:00,0
ACT0015477,O002574,S040,Email,2023-09-09 14:28:00,0
ACT0015478,O002574,S040,Call,2023-08-27 11:21:00,23
ACT0015479,O002575,S003,Call,2024-02-05 14:30:00,30
ACT0015480,O002575,S003,Email,2024-04-25 17:01:00,0
ACT0015481,O002575,S003,Email,2024-02-19 18:24:00,0
ACT0015482,O002575,S003,Demo,2024-03-28 11:57:00,98
ACT0015483,O002575,S003,Email,2023-11-24 10:58:00,0
ACT0015484,O002575,S003,Meeting,2023-12-04 15:43:00,60
ACT0015485,O002575,S003,Meeting,2024-02-14 11:00:00,64
ACT0015486,O002575,S003,Email,2023-11-25 14:25:00,0
ACT0015487,O002576,S037,Call,2025-01-15 13:01:00,35
ACT0015488,O002576,S037,Call,2025-01-26 15:50:00,16
ACT0015489,O002576,S037,Email,2024-12-30 10:06:00,0
ACT0015490,O002576,S037,Call,2025-01-26 14:18:00,27
ACT0015491,O002576,S037,Email,2025-01-21 08:39:00,0
ACT0015492,O002576,S037,Call,2025-01-26 08:23:00,31
ACT0015493,O002576,S037,Email,2025-01-23 14:20:00,0
ACT0015494,O002576,S037,Call,2024-12-29 14:32:00,6
ACT0015495,O002576,S037,Email,2025-01-02 18:13:00,0
ACT0015496,O002577,S039,Email,2023-09-02 09:19:00,0
ACT0015497,O002577,S039,Demo,2023-09-11 18:34:00,57
ACT0015498,O002577,S039,Meeting,2023-09-13 13:52:00,64
ACT0015499,O002577,S039,Call,2023-10-06 10:59:00,6
ACT0015500,O002577,S039,Call,2023-09-10 18:34:00,20
ACT0015501,O002577,S039,Email,2023-09-19 14:52:00,0
ACT0015502,O002577,S039,Email,2023-09-01 09:30:00,0
ACT0015503,O002578,S019,Demo,2025-06-21 18:53:00,107
ACT0015504,O002578,S019,Email,2025-06-15 17:28:00,0
ACT0015505,O002578,S019,Call,2025-06-13 09:13:00,25
ACT0015506,O002579,S013,Email,2024-04-17 14:51:00,0
ACT0015507,O002579,S013,Email,2024-04-15 15:54:00,0
ACT0015508,O002579,S013,Call,2024-04-14 17:53:00,30
ACT0015509,O002579,S013,Call,2024-03-26 18:02:00,38
ACT0015510,O002580,S019,Meeting,2025-06-06 09:08:00,56
ACT0015511,O002580,S019,Call,2025-05-18 16:13:00,38
ACT0015512,O002580,S019,Email,2025-06-28 16:02:00,0
ACT0015513,O002580,S019,Meeting,2025-05-31 15:31:00,74
ACT0015514,O002580,S019,Call,2025-05-17 14:36:00,18
ACT0015515,O002580,S019,Call,2025-05-15 11:04:00,30
ACT0015516,O002581,S023,Email,2024-10-04 18:06:00,0
ACT0015517,O002581,S023,Call,2024-09-07 15:21:00,35
ACT0015518,O002582,S038,Meeting,2024-01-26 13:36:00,30
ACT0015519,O002582,S038,Call,2024-04-08 16:12:00,26
ACT0015520,O002582,S038,Email,2024-01-12 11:07:00,0
ACT0015521,O002582,S038,Call,2024-01-02 08:13:00,25
ACT0015522,O002582,S038,Demo,2024-04-06 18:44:00,110
ACT0015523,O002582,S038,Call,2024-04-08 17:31:00,15
ACT0015524,O002582,S038,Email,2024-02-14 08:16:00,0
ACT0015525,O002582,S038,Email,2024-03-31 17:40:00,0
ACT0015526,O002583,S039,Call,2024-05-15 12:40:00,12
ACT0015527,O002583,S039,Demo,2024-05-13 12:05:00,63
ACT0015528,O002583,S039,Call,2024-05-16 18:48:00,19
ACT0015529,O002583,S039,Email,2024-05-10 11:49:00,0
ACT0015530,O002583,S039,Email,2024-05-17 08:06:00,0
ACT0015531,O002584,S016,Email,2023-08-07 16:51:00,0
ACT0015532,O002584,S016,Call,2023-07-15 09:43:00,31
ACT0015533,O002584,S016,Email,2023-06-27 10:35:00,0
ACT0015534,O002584,S016,Call,2023-08-01 13:14:00,41
ACT0015535,O002584,S016,Demo,2023-07-13 11:21:00,77
ACT0015536,O002584,S016,Demo,2023-07-26 10:02:00,71
ACT0015537,O002585,S027,Meeting,2025-04-12 11:31:00,80
ACT0015538,O002585,S027,Email,2025-04-22 08:00:00,0
ACT0015539,O002585,S027,Demo,2025-04-06 12:16:00,68
ACT0015540,O002585,S027,Demo,2025-04-28 15:16:00,54
ACT0015541,O002585,S027,Demo,2025-04-21 09:32:00,116
ACT0015542,O002585,S027,Call,2025-04-16 17:23:00,20
ACT0015543,O002585,S027,Call,2025-04-26 14:57:00,7
ACT0015544,O002585,S027,Demo,2025-04-06 15:27:00,60
ACT0015545,O002586,S019,Meeting,2024-08-12 13:01:00,52
ACT0015546,O002586,S019,Email,2024-06-21 11:51:00,0
ACT0015547,O002586,S019,Email,2024-06-14 17:33:00,0
ACT0015548,O002586,S019,Email,2024-06-05 18:00:00,0
ACT0015549,O002587,S005,Email,2024-08-11 18:20:00,0
ACT0015550,O002587,S005,Email,2024-07-13 08:29:00,0
ACT0015551,O002587,S005,Call,2024-08-18 12:39:00,37
ACT0015552,O002587,S005,Email,2024-08-25 08:13:00,0
ACT0015553,O002587,S005,Email,2024-07-15 11:21:00,0
ACT0015554,O002587,S005,Email,2024-09-07 17:58:00,0
ACT0015555,O002587,S005,Email,2024-07-04 18:34:00,0
ACT0015556,O002588,S026,Email,2025-05-03 14:52:00,0
ACT0015557,O002588,S026,Email,2025-04-28 12:34:00,0
ACT0015558,O002588,S026,Email,2025-05-05 12:01:00,0
ACT0015559,O002588,S026,Meeting,2025-05-02 14:32:00,35
ACT0015560,O002588,S026,Demo,2025-05-03 11:30:00,50
ACT0015561,O002588,S026,Email,2025-05-04 16:24:00,0
ACT0015562,O002588,S026,Call,2025-05-04 17:31:00,29
ACT0015563,O002588,S026,Call,2025-05-07 12:59:00,28
ACT0015564,O002589,S026,Meeting,2024-12-10 14:57:00,49
ACT0015565,O002589,S026,Call,2024-12-05 18:37:00,12
ACT0015566,O002589,S026,Call,2024-12-01 08:32:00,23
ACT0015567,O002589,S026,Email,2024-12-07 14:07:00,0
ACT0015568,O002590,S006,Call,2025-06-19 16:18:00,40
ACT0015569,O002590,S006,Email,2025-05-30 15:02:00,0
ACT0015570,O002590,S006,Email,2025-06-05 18:00:00,0
ACT0015571,O002591,S027,Email,2024-06-17 18:38:00,0
ACT0015572,O002591,S027,Email,2024-07-02 15:43:00,0
ACT0015573,O002591,S027,Call,2024-06-27 17:52:00,28
ACT0015574,O002591,S027,Meeting,2022-08-21 12:11:00,74
ACT0015575,O002591,S027,Demo,2024-06-21 18:36:00,100
ACT0015576,O002591,S027,Meeting,2024-06-24 09:34:00,77
ACT0015577,O002592,S022,Demo,2025-04-24 17:28:00,96
ACT0015578,O002592,S022,Call,2025-03-30 18:31:00,31
ACT0015579,O002592,S022,Email,2025-05-01 09:16:00,0
ACT0015580,O002592,S022,Email,2025-05-18 12:39:00,0
ACT0015581,O002592,S022,Email,2025-04-29 13:50:00,0
ACT0015582,O002592,S022,Demo,2025-05-07 09:22:00,67
ACT0015583,O002592,S022,Meeting,2025-05-10 09:06:00,53
ACT0015584,O002593,S039,Call,2025-05-27 18:36:00,30
ACT0015585,O002593,S039,Email,2025-05-23 16:24:00,0
ACT0015586,O002593,S039,Demo,2025-05-25 08:34:00,112
ACT0015587,O002593,S039,Email,2025-05-31 11:40:00,0
ACT0015588,O002593,S039,Email,2025-05-29 11:09:00,0
ACT0015589,O002593,S039,Email,2025-06-03 17:43:00,0
ACT0015590,O002594,S039,Call,2023-07-31 11:30:00,10
ACT0015591,O002594,S039,Call,2023-08-02 18:01:00,11
ACT0015592,O002594,S039,Email,2023-07-23 09:39:00,0
ACT0015593,O002594,S039,Call,2023-07-22 16:02:00,36
ACT0015594,O002594,S039,Email,2023-07-24 17:40:00,0
ACT0015595,O002594,S039,Email,2023-08-15 09:52:00,0
ACT0015596,O002595,S025,Call,2025-06-02 10:11:00,15
ACT0015597,O002595,S025,Call,2025-06-13 09:53:00,8
ACT0015598,O002595,S025,Email,2025-05-29 15:16:00,0
ACT0015599,O002595,S025,Call,2025-06-16 11:19:00,16
ACT0015600,O002595,S025,Email,2025-06-05 10:51:00,0
ACT0015601,O002595,S025,Meeting,2025-05-29 13:46:00,42
ACT0015602,O002595,S025,Email,2025-06-13 12:37:00,0
ACT0015603,O002596,S018,Call,2025-04-01 08:38:00,41
ACT0015604,O002596,S018,Email,2025-03-25 18:38:00,0
ACT0015605,O002596,S018,Call,2025-03-25 14:21:00,25
ACT0015606,O002597,S027,Email,2024-11-12 09:47:00,0
ACT0015607,O002597,S027,Demo,2024-11-10 11:56:00,54
ACT0015608,O002597,S027,Call,2024-10-24 18:12:00,41
ACT0015609,O002598,S027,Demo,2025-02-14 08:22:00,89
ACT0015610,O002598,S027,Email,2025-02-11 10:27:00,0
ACT0015611,O002598,S027,Call,2025-02-18 12:03:00,37
ACT0015612,O002598,S027,Call,2025-02-12 17:53:00,10
ACT0015613,O002598,S027,Call,2025-02-17 09:49:00,21
ACT0015614,O002598,S027,Meeting,2025-02-22 09:01:00,33
ACT0015615,O002598,S027,Email,2025-02-23 12:25:00,0
ACT0015616,O002598,S027,Call,2025-02-23 09:39:00,36
ACT0015617,O002598,S027,Call,2025-02-23 10:58:00,42
ACT0015618,O002599,S021,Meeting,2023-02-23 09:04:00,40
ACT0015619,O002599,S021,Call,2023-04-08 17:00:00,36
ACT0015620,O002599,S021,Call,2023-03-06 15:30:00,24
ACT0015621,O002599,S021,Email,2020-11-08 16:04:00,0
ACT0015622,O002600,S023,Call,2024-11-02 12:14:00,28
ACT0015623,O002600,S023,Call,2024-11-09 16:19:00,41
ACT0015624,O002600,S023,Call,2024-11-12 14:41:00,15
ACT0015625,O002600,S023,Demo,2024-12-02 13:24:00,62
ACT0015626,O002600,S023,Email,2024-11-15 17:59:00,0
ACT0015627,O002600,S023,Email,2024-11-18 09:38:00,0
ACT0015628,O002600,S023,Call,2024-11-02 13:27:00,12
ACT0015629,O002600,S023,Meeting,2024-12-10 16:08:00,58
ACT0015630,O002600,S023,Email,2024-12-16 13:56:00,0
ACT0015631,O002601,S027,Email,2023-05-13 12:31:00,0
ACT0015632,O002601,S027,Email,2023-08-28 08:42:00,0
ACT0015633,O002601,S027,Email,2023-07-07 15:19:00,0
ACT0015634,O002601,S027,Call,2023-06-13 17:43:00,10
ACT0015635,O002601,S027,Call,2023-07-28 15:53:00,24
ACT0015636,O002601,S027,Call,2023-10-15 18:55:00,11
ACT0015637,O002601,S027,Email,2023-09-05 14:42:00,0
ACT0015638,O002601,S027,Email,2023-05-27 13:25:00,0
ACT0015639,O002602,S001,Demo,2025-06-17 13:28:00,72
ACT0015640,O002602,S001,Meeting,2025-06-29 10:00:00,72
ACT0015641,O002602,S001,Email,2025-06-17 12:46:00,0
ACT0015642,O002602,S001,Meeting,2025-06-26 08:22:00,55
ACT0015643,O002602,S001,Meeting,2025-06-23 16:27:00,77
ACT0015644,O002603,S023,Demo,2025-03-09 18:50:00,98
ACT0015645,O002603,S023,Call,2025-03-02 17:03:00,18
ACT0015646,O002603,S023,Demo,2025-03-24 10:38:00,88
ACT0015647,O002603,S023,Call,2025-03-30 16:59:00,30
ACT0015648,O002603,S023,Email,2025-03-30 13:23:00,0
ACT0015649,O002603,S023,Email,2025-03-14 16:41:00,0
ACT0015650,O002603,S023,Email,2025-03-12 17:57:00,0
ACT0015651,O002603,S023,Call,2025-03-09 16:45:00,15
ACT0015652,O002604,S024,Demo,2024-10-03 15:14:00,53
ACT0015653,O002604,S024,Email,2024-10-01 17:32:00,0
ACT0015654,O002605,S040,Meeting,2024-10-29 13:58:00,80
ACT0015655,O002605,S040,Call,2024-11-10 13:02:00,42
ACT0015656,O002605,S040,Demo,2024-10-31 13:04:00,68
ACT0015657,O002605,S040,Call,2024-09-13 08:56:00,41
ACT0015658,O002605,S040,Email,2024-11-05 08:59:00,0
ACT0015659,O002605,S040,Demo,2024-09-17 17:25:00,54
ACT0015660,O002606,S007,Demo,2023-04-26 10:29:00,58
ACT0015661,O002606,S007,Meeting,2023-04-04 14:18:00,74
ACT0015662,O002606,S007,Call,2023-04-29 16:30:00,31
ACT0015663,O002606,S007,Call,2023-03-29 15:10:00,34
ACT0015664,O002607,S030,Email,2024-10-24 15:33:00,0
ACT0015665,O002607,S030,Email,2024-11-13 15:31:00,0
ACT0015666,O002607,S030,Email,2024-11-18 14:10:00,0
ACT0015667,O002607,S030,Email,2024-10-23 17:05:00,0
ACT0015668,O002607,S030,Email,2024-11-18 16:02:00,0
ACT0015669,O002607,S030,Demo,2024-11-17 10:56:00,113
ACT0015670,O002608,S023,Email,2024-06-26 15:49:00,0
ACT0015671,O002608,S023,Email,2024-04-30 11:25:00,0
ACT0015672,O002608,S023,Email,2024-05-25 17:03:00,0
ACT0015673,O002608,S023,Call,2024-06-14 09:57:00,39
ACT0015674,O002608,S023,Meeting,2024-04-26 13:28:00,30
ACT0015675,O002608,S023,Call,2024-05-16 17:08:00,43
ACT0015676,O002608,S023,Meeting,2024-04-22 12:11:00,37
ACT0015677,O002609,S030,Meeting,2023-04-30 09:46:00,56
ACT0015678,O002609,S030,Meeting,2023-05-06 14:47:00,89
ACT0015679,O002609,S030,Call,2023-03-19 12:36:00,24
ACT0015680,O002609,S030,Call,2023-03-26 18:00:00,31
ACT0015681,O002609,S030,Email,2023-04-28 17:48:00,0
ACT0015682,O002609,S030,Demo,2023-04-23 13:44:00,59
ACT0015683,O002609,S030,Email,2023-04-02 12:46:00,0
ACT0015684,O002609,S030,Email,2023-04-27 08:05:00,0
ACT0015685,O002610,S029,Email,2023-02-25 11:38:00,0
ACT0015686,O002610,S029,Email,2023-05-07 14:22:00,0
ACT0015687,O002610,S029,Call,2023-02-23 12:36:00,29
ACT0015688,O002610,S029,Call,2023-05-04 14:42:00,6
ACT0015689,O002610,S029,Call,2023-04-29 11:03:00,25
ACT0015690,O002610,S029,Email,2023-03-23 13:52:00,0
ACT0015691,O002610,S029,Email,2023-03-31 14:17:00,0
ACT0015692,O002610,S029,Meeting,2023-03-05 14:05:00,84
ACT0015693,O002610,S029,Call,2023-03-20 17:30:00,22
ACT0015694,O002611,S032,Email,2024-01-19 12:30:00,0
ACT0015695,O002611,S032,Meeting,2024-03-03 08:37:00,88
ACT0015696,O002611,S032,Email,2024-02-28 18:49:00,0
ACT0015697,O002611,S032,Email,2024-02-17 12:03:00,0
ACT0015698,O002611,S032,Meeting,2024-02-20 11:34:00,48
ACT0015699,O002611,S032,Email,2024-02-15 09:28:00,0
ACT0015700,O002612,S005,Email,2025-03-23 17:22:00,0
ACT0015701,O002612,S005,Demo,2025-01-02 12:43:00,58
ACT0015702,O002612,S005,Email,2025-03-09 13:45:00,0
ACT0015703,O002612,S005,Meeting,2025-04-10 11:00:00,84
ACT0015704,O002612,S005,Call,2025-03-18 08:10:00,6
ACT0015705,O002612,S005,Email,2025-02-27 11:23:00,0
ACT0015706,O002612,S005,Meeting,2025-01-01 10:19:00,41
ACT0015707,O002612,S005,Email,2025-02-15 18:45:00,0
ACT0015708,O002613,S010,Meeting,2025-05-26 15:40:00,50
ACT0015709,O002613,S010,Meeting,2025-06-04 16:14:00,82
ACT0015710,O002613,S010,Call,2025-06-02 14:27:00,13
ACT0015711,O002613,S010,Call,2025-06-26 10:18:00,16
ACT0015712,O002614,S028,Email,2023-02-27 14:19:00,0
ACT0015713,O002614,S028,Email,2023-01-25 16:24:00,0
ACT0015714,O002614,S028,Call,2023-03-02 11:37:00,39
ACT0015715,O002614,S028,Email,2023-01-04 10:54:00,0
ACT0015716,O002615,S035,Email,2024-08-06 14:35:00,0
ACT0015717,O002615,S035,Call,2024-07-26 12:41:00,21
ACT0015718,O002615,S035,Email,2024-07-18 10:20:00,0
ACT0015719,O002616,S005,Call,2025-06-25 09:58:00,44
ACT0015720,O002616,S005,Meeting,2025-06-21 17:27:00,51
ACT0015721,O002616,S005,Email,2025-06-29 12:02:00,0
ACT0015722,O002616,S005,Call,2025-06-26 14:20:00,34
ACT0015723,O002617,S039,Email,2025-05-29 08:41:00,0
ACT0015724,O002617,S039,Call,2025-05-18 09:54:00,15
ACT0015725,O002617,S039,Demo,2025-06-07 10:42:00,50
ACT0015726,O002617,S039,Email,2025-06-05 08:05:00,0
ACT0015727,O002617,S039,Email,2025-05-21 13:50:00,0
ACT0015728,O002618,S037,Meeting,2023-02-20 11:27:00,53
ACT0015729,O002618,S037,Email,2023-03-26 11:30:00,0
ACT0015730,O002618,S037,Call,2023-02-05 09:59:00,31
ACT0015731,O002618,S037,Call,2023-03-19 12:57:00,19
ACT0015732,O002618,S037,Email,2023-05-12 15:03:00,0
ACT0015733,O002619,S021,Demo,2025-03-04 18:18:00,83
ACT0015734,O002619,S021,Call,2025-03-06 12:15:00,42
ACT0015735,O002619,S021,Email,2025-02-26 15:19:00,0
ACT0015736,O002619,S021,Email,2025-03-26 09:16:00,0
ACT0015737,O002619,S021,Email,2025-03-12 18:50:00,0
ACT0015738,O002619,S021,Call,2025-03-17 16:27:00,20
ACT0015739,O002620,S039,Meeting,2025-06-26 09:30:00,64
ACT0015740,O002620,S039,Email,2025-06-24 11:47:00,0
ACT0015741,O002620,S039,Email,2025-06-12 09:11:00,0
ACT0015742,O002621,S007,Meeting,2024-08-21 12:41:00,69
ACT0015743,O002621,S007,Meeting,2024-09-02 16:01:00,88
ACT0015744,O002621,S007,Email,2024-08-26 17:44:00,0
ACT0015745,O002621,S007,Demo,2024-09-03 16:11:00,80
ACT0015746,O002621,S007,Email,2024-08-04 08:21:00,0
ACT0015747,O002621,S007,Call,2024-08-22 13:39:00,16
ACT0015748,O002621,S007,Email,2024-07-15 17:53:00,0
ACT0015749,O002621,S007,Demo,2024-08-08 09:00:00,117
ACT0015750,O002621,S007,Email,2024-08-31 18:30:00,0
ACT0015751,O002622,S022,Call,2025-04-22 14:41:00,21
ACT0015752,O002622,S022,Call,2025-05-02 09:26:00,31
ACT0015753,O002622,S022,Call,2025-04-15 17:30:00,23
ACT0015754,O002622,S022,Email,2025-05-06 08:35:00,0
ACT0015755,O002622,S022,Call,2025-05-07 15:26:00,25
ACT0015756,O002622,S022,Email,2025-04-18 18:29:00,0
ACT0015757,O002623,S028,Meeting,2025-03-03 13:45:00,80
ACT0015758,O002623,S028,Email,2025-02-24 17:50:00,0
ACT0015759,O002623,S028,Email,2025-04-02 14:53:00,0
ACT0015760,O002623,S028,Call,2025-03-07 09:16:00,33
ACT0015761,O002624,S008,Email,2023-06-20 12:38:00,0
ACT0015762,O002624,S008,Meeting,2023-06-18 12:18:00,85
ACT0015763,O002624,S008,Call,2023-06-11 10:43:00,41
ACT0015764,O002624,S008,Email,2023-06-20 10:43:00,0
ACT0015765,O002624,S008,Email,2023-06-21 17:47:00,0
ACT0015766,O002624,S008,Call,2023-06-02 16:03:00,36
ACT0015767,O002625,S002,Email,2024-10-10 11:51:00,0
ACT0015768,O002625,S002,Email,2024-10-15 17:44:00,0
ACT0015769,O002625,S002,Meeting,2024-09-12 08:47:00,44
ACT0015770,O002625,S002,Meeting,2024-09-25 11:22:00,45
ACT0015771,O002626,S034,Meeting,2023-09-20 12:03:00,75
ACT0015772,O002626,S034,Call,2023-09-27 16:35:00,29
ACT0015773,O002626,S034,Call,2023-09-25 16:25:00,32
ACT0015774,O002627,S011,Meeting,2023-06-04 13:43:00,65
ACT0015775,O002627,S011,Demo,2023-08-13 11:48:00,60
ACT0015776,O002627,S011,Call,2023-06-08 13:44:00,12
ACT0015777,O002627,S011,Email,2023-06-25 09:33:00,0
ACT0015778,O002627,S011,Email,2023-07-15 16:50:00,0
ACT0015779,O002627,S011,Email,2023-06-10 14:07:00,0
ACT0015780,O002628,S004,Email,2023-06-10 11:23:00,0
ACT0015781,O002628,S004,Email,2023-06-19 10:38:00,0
ACT0015782,O002628,S004,Email,2023-07-08 08:04:00,0
ACT0015783,O002628,S004,Email,2023-08-01 10:22:00,0
ACT0015784,O002628,S004,Meeting,2023-08-02 14:58:00,41
ACT0015785,O002628,S004,Call,2023-07-21 12:12:00,24
ACT0015786,O002628,S004,Call,2023-07-12 15:42:00,42
ACT0015787,O002628,S004,Call,2023-07-14 17:23:00,16
ACT0015788,O002629,S035,Email,2024-12-19 10:37:00,0
ACT0015789,O002629,S035,Call,2024-12-23 08:37:00,18
ACT0015790,O002629,S035,Meeting,2024-12-19 17:01:00,58
ACT0015791,O002629,S035,Call,2024-12-20 09:40:00,7
ACT0015792,O002629,S035,Demo,2024-12-25 08:14:00,67
ACT0015793,O002630,S021,Call,2024-03-12 08:13:00,13
ACT0015794,O002630,S021,Email,2024-04-15 08:44:00,0
ACT0015795,O002630,S021,Demo,2024-06-03 14:26:00,118
ACT0015796,O002630,S021,Meeting,2024-03-31 13:42:00,61
ACT0015797,O002630,S021,Email,2024-04-09 12:54:00,0
ACT0015798,O002630,S021,Meeting,2024-03-14 18:15:00,87
ACT0015799,O002630,S021,Meeting,2024-05-30 10:21:00,83
ACT0015800,O002631,S004,Demo,2023-09-08 18:54:00,85
ACT0015801,O002631,S004,Call,2023-09-07 15:37:00,12
ACT0015802,O002631,S004,Demo,2023-10-22 13:28:00,67
ACT0015803,O002631,S004,Email,2023-10-04 12:58:00,0
ACT0015804,O002631,S004,Call,2023-10-10 12:51:00,16
ACT0015805,O002631,S004,Email,2023-10-23 16:13:00,0
ACT0015806,O002631,S004,Email,2023-09-17 17:53:00,0
ACT0015807,O002632,S029,Call,2023-05-31 10:11:00,43
ACT0015808,O002632,S029,Email,2023-06-04 08:49:00,0
ACT0015809,O002632,S029,Call,2023-06-14 10:14:00,36
ACT0015810,O002632,S029,Call,2023-06-05 14:29:00,10
ACT0015811,O002632,S029,Email,2023-06-06 12:34:00,0
ACT0015812,O002632,S029,Email,2023-06-09 09:07:00,0
ACT0015813,O002633,S040,Meeting,2024-10-23 13:17:00,81
ACT0015814,O002633,S040,Email,2024-10-17 14:56:00,0
ACT0015815,O002633,S040,Call,2024-11-03 17:39:00,29
ACT0015816,O002633,S040,Call,2024-10-20 16:35:00,33
ACT0015817,O002633,S040,Email,2024-10-30 10:39:00,0
ACT0015818,O002633,S040,Email,2024-11-06 17:09:00,0
ACT0015819,O002634,S022,Meeting,2025-05-26 16:41:00,34
ACT0015820,O002634,S022,Call,2025-06-16 17:35:00,12
ACT0015821,O002634,S022,Call,2025-06-05 11:43:00,13
ACT0015822,O002634,S022,Email,2025-06-21 09:18:00,0
ACT0015823,O002634,S022,Email,2025-06-02 18:37:00,0
ACT0015824,O002634,S022,Email,2025-06-22 13:01:00,0
ACT0015825,O002634,S022,Demo,2025-05-29 17:12:00,54
ACT0015826,O002635,S036,Call,2025-03-19 09:25:00,13
ACT0015827,O002635,S036,Email,2025-03-03 08:50:00,0
ACT0015828,O002635,S036,Demo,2025-03-15 14:16:00,53
ACT0015829,O002635,S036,Email,2025-03-13 12:49:00,0
ACT0015830,O002635,S036,Call,2025-04-03 09:26:00,44
ACT0015831,O002635,S036,Email,2025-03-08 17:03:00,0
ACT0015832,O002635,S036,Email,2025-03-08 08:03:00,0
ACT0015833,O002635,S036,Email,2025-04-10 13:17:00,0
ACT0015834,O002636,S025,Demo,2023-12-23 13:14:00,71
ACT0015835,O002636,S025,Meeting,2023-12-05 12:46:00,64
ACT0015836,O002636,S025,Call,2023-12-01 17:19:00,40
ACT0015837,O002636,S025,Call,2023-12-04 12:10:00,34
ACT0015838,O002637,S019,Email,2025-06-23 16:24:00,0
ACT0015839,O002637,S019,Demo,2025-05-17 17:05:00,112
ACT0015840,O002637,S019,Meeting,2025-06-10 10:07:00,86
ACT0015841,O002637,S019,Meeting,2025-06-27 18:00:00,56
ACT0015842,O002637,S019,Email,2025-06-03 12:23:00,0
ACT0015843,O002637,S019,Email,2025-06-05 10:06:00,0
ACT0015844,O002637,S019,Demo,2025-06-04 17:13:00,53
ACT0015845,O002638,S032,Call,2024-06-02 15:43:00,10
ACT0015846,O002638,S032,Call,2024-05-10 10:12:00,29
ACT0015847,O002638,S032,Call,2024-05-31 13:00:00,43
ACT0015848,O002638,S032,Call,2024-06-03 15:27:00,11
ACT0015849,O002638,S032,Meeting,2024-06-01 17:11:00,75
ACT0015850,O002639,S006,Meeting,2025-06-27 16:03:00,57
ACT0015851,O002639,S006,Email,2025-06-09 15:02:00,0
ACT0015852,O002640,S005,Demo,2023-03-29 13:11:00,84
ACT0015853,O002640,S005,Email,2023-02-15 12:19:00,0
ACT0015854,O002640,S005,Email,2023-03-27 09:38:00,0
ACT0015855,O002640,S005,Call,2023-02-16 10:57:00,32
ACT0015856,O002640,S005,Email,2023-03-22 09:17:00,0
ACT0015857,O002640,S005,Email,2023-03-07 16:46:00,0
ACT0015858,O002640,S005,Call,2023-03-19 16:01:00,31
ACT0015859,O002641,S009,Email,2025-06-24 09:52:00,0
ACT0015860,O002641,S009,Email,2025-06-08 08:58:00,0
ACT0015861,O002641,S009,Call,2025-05-18 08:25:00,30
ACT0015862,O002641,S009,Email,2025-05-21 13:28:00,0
ACT0015863,O002641,S009,Demo,2025-05-18 18:15:00,114
ACT0015864,O002641,S009,Call,2025-06-01 12:51:00,39
ACT0015865,O002642,S035,Call,2023-06-27 16:08:00,21
ACT0015866,O002642,S035,Meeting,2023-07-04 11:21:00,78
ACT0015867,O002642,S035,Meeting,2023-06-18 12:43:00,77
ACT0015868,O002642,S035,Email,2023-05-31 15:38:00,0
ACT0015869,O002642,S035,Email,2023-06-22 16:06:00,0
ACT0015870,O002642,S035,Email,2023-06-30 18:20:00,0
ACT0015871,O002642,S035,Email,2023-06-05 15:33:00,0
ACT0015872,O002642,S035,Email,2023-06-30 10:39:00,0
ACT0015873,O002643,S016,Meeting,2024-12-17 08:32:00,58
ACT0015874,O002643,S016,Call,2024-12-08 10:44:00,5
ACT0015875,O002643,S016,Call,2024-10-31 17:37:00,23
ACT0015876,O002643,S016,Email,2024-11-03 16:35:00,0
ACT0015877,O002643,S016,Meeting,2024-12-10 15:53:00,85
ACT0015878,O002644,S037,Email,2024-11-22 14:02:00,0
ACT0015879,O002644,S037,Email,2024-11-09 14:17:00,0
ACT0015880,O002644,S037,Email,2024-11-14 18:44:00,0
ACT0015881,O002644,S037,Email,2024-11-30 17:26:00,0
ACT0015882,O002645,S021,Email,2025-02-10 17:21:00,0
ACT0015883,O002645,S021,Email,2025-01-29 13:06:00,0
ACT0015884,O002645,S021,Call,2025-01-06 10:47:00,38
ACT0015885,O002645,S021,Call,2025-01-11 11:37:00,5
ACT0015886,O002645,S021,Email,2025-02-02 13:06:00,0
ACT0015887,O002645,S021,Demo,2025-01-18 10:49:00,119
ACT0015888,O002645,S021,Demo,2025-01-12 13:58:00,65
ACT0015889,O002645,S021,Demo,2025-02-09 16:12:00,49
ACT0015890,O002645,S021,Demo,2025-01-21 14:36:00,108
ACT0015891,O002645,S021,Call,2024-12-31 17:53:00,10
ACT0015892,O002646,S011,Email,2024-01-01 08:29:00,0
ACT0015893,O002646,S011,Call,2024-01-09 14:35:00,24
ACT0015894,O002646,S011,Call,2023-12-26 12:07:00,36
ACT0015895,O002646,S011,Demo,2024-01-03 18:26:00,60
ACT0015896,O002646,S011,Email,2024-01-01 13:29:00,0
ACT0015897,O002647,S034,Meeting,2025-01-20 15:36:00,59
ACT0015898,O002647,S034,Email,2024-12-27 15:56:00,0
ACT0015899,O002647,S034,Email,2025-01-12 13:56:00,0
ACT0015900,O002647,S034,Call,2025-01-07 10:39:00,9
ACT0015901,O002647,S034,Call,2024-12-29 12:47:00,37
ACT0015902,O002648,S012,Email,2024-11-03 15:29:00,0
ACT0015903,O002648,S012,Call,2024-12-05 15:32:00,16
ACT0015904,O002648,S012,Email,2024-10-27 12:36:00,0
ACT0015905,O002648,S012,Email,2024-10-29 12:04:00,0
ACT0015906,O002648,S012,Meeting,2024-10-25 12:44:00,61
ACT0015907,O002649,S036,Meeting,2025-02-06 12:09:00,48
ACT0015908,O002649,S036,Call,2025-02-14 16:46:00,38
ACT0015909,O002649,S036,Email,2025-02-04 18:51:00,0
ACT0015910,O002649,S036,Email,2025-02-14 13:15:00,0
ACT0015911,O002649,S036,Demo,2025-02-24 12:43:00,86
ACT0015912,O002650,S013,Email,2025-01-25 15:59:00,0
ACT0015913,O002650,S013,Email,2024-11-21 14:33:00,0
ACT0015914,O002650,S013,Call,2025-01-17 13:24:00,12
ACT0015915,O002650,S013,Email,2024-11-18 16:02:00,0
ACT0015916,O002650,S013,Call,2024-10-16 12:44:00,15
ACT0015917,O002651,S023,Email,2023-08-31 13:12:00,0
ACT0015918,O002651,S023,Meeting,2023-09-06 09:14:00,34
ACT0015919,O002651,S023,Demo,2023-09-26 17:09:00,68
ACT0015920,O002651,S023,Email,2023-10-02 14:30:00,0
ACT0015921,O002651,S023,Meeting,2023-09-29 10:33:00,63
ACT0015922,O002652,S023,Email,2023-11-17 16:33:00,0
ACT0015923,O002652,S023,Email,2023-11-13 15:26:00,0
ACT0015924,O002652,S023,Call,2023-12-01 13:44:00,33
ACT0015925,O002652,S023,Meeting,2023-11-17 13:13:00,53
ACT0015926,O002652,S023,Call,2023-11-30 13:23:00,40
ACT0015927,O002653,S011,Meeting,2025-04-09 08:05:00,53
ACT0015928,O002653,S011,Meeting,2025-02-11 12:35:00,35
ACT0015929,O002653,S011,Email,2025-04-17 14:37:00,0
ACT0015930,O002653,S011,Email,2025-04-17 14:27:00,0
ACT0015931,O002653,S011,Meeting,2025-02-01 11:24:00,34
ACT0015932,O002653,S011,Email,2025-02-18 13:46:00,0
ACT0015933,O002653,S011,Meeting,2025-04-07 09:14:00,62
ACT0015934,O002653,S011,Email,2025-04-18 13:39:00,0
ACT0015935,O002653,S011,Email,2025-04-14 17:16:00,0
ACT0015936,O002653,S011,Meeting,2025-03-10 09:07:00,71
ACT0015937,O002653,S011,Call,2025-02-28 16:56:00,35
ACT0015938,O002654,S037,Demo,2025-05-18 11:44:00,62
ACT0015939,O002654,S037,Meeting,2025-05-08 14:05:00,56
ACT0015940,O002654,S037,Demo,2025-04-29 11:51:00,50
ACT0015941,O002654,S037,Call,2025-04-28 17:49:00,41
ACT0015942,O002654,S037,Email,2025-05-22 18:06:00,0
ACT0015943,O002654,S037,Email,2025-05-16 17:11:00,0
ACT0015944,O002655,S009,Meeting,2025-06-18 10:24:00,48
ACT0015945,O002655,S009,Email,2025-06-20 16:53:00,0
ACT0015946,O002655,S009,Demo,2025-06-07 12:26:00,63
ACT0015947,O002655,S009,Call,2025-04-25 08:59:00,36
ACT0015948,O002655,S009,Call,2025-06-01 15:10:00,37
ACT0015949,O002656,S005,Call,2024-10-31 12:03:00,17
ACT0015950,O002656,S005,Call,2024-11-13 10:58:00,42
ACT0015951,O002656,S005,Call,2024-10-27 10:06:00,33
ACT0015952,O002656,S005,Email,2024-12-12 11:55:00,0
ACT0015953,O002656,S005,Call,2024-12-03 12:50:00,37
ACT0015954,O002656,S005,Meeting,2024-12-15 14:07:00,32
ACT0015955,O002657,S023,Email,2023-09-29 17:52:00,0
ACT0015956,O002657,S023,Call,2023-09-29 12:41:00,24
ACT0015957,O002657,S023,Email,2023-10-07 08:29:00,0
ACT0015958,O002657,S023,Call,2023-10-07 16:28:00,43
ACT0015959,O002657,S023,Call,2023-09-28 14:09:00,31
ACT0015960,O002658,S012,Call,2025-05-24 12:00:00,11
ACT0015961,O002658,S012,Call,2025-06-26 16:06:00,5
ACT0015962,O002658,S012,Email,2025-06-22 13:17:00,0
ACT0015963,O002659,S002,Demo,2024-06-04 09:33:00,115
ACT0015964,O002659,S002,Call,2024-06-08 15:18:00,10
ACT0015965,O002659,S002,Call,2024-06-05 16:40:00,19
ACT0015966,O002659,S002,Demo,2024-06-08 12:41:00,114
ACT0015967,O002660,S001,Email,2025-05-22 15:58:00,0
ACT0015968,O002660,S001,Email,2025-05-27 12:23:00,0
ACT0015969,O002660,S001,Email,2025-05-22 13:34:00,0
ACT0015970,O002660,S001,Call,2025-05-14 12:39:00,5
ACT0015971,O002660,S001,Email,2024-01-29 18:59:00,0
ACT0015972,O002661,S025,Demo,2025-06-29 12:18:00,98
ACT0015973,O002662,S027,Call,2025-05-27 18:00:00,34
ACT0015974,O002662,S027,Call,2025-04-29 08:42:00,12
ACT0015975,O002662,S027,Meeting,2025-04-20 16:46:00,72
ACT0015976,O002662,S027,Demo,2025-02-25 15:31:00,94
ACT0015977,O002662,S027,Demo,2025-04-15 08:38:00,66
ACT0015978,O002663,S012,Email,2025-03-28 08:22:00,0
ACT0015979,O002663,S012,Demo,2025-03-30 09:51:00,65
ACT0015980,O002663,S012,Meeting,2025-03-18 14:52:00,67
ACT0015981,O002663,S012,Call,2025-03-02 16:59:00,26
ACT0015982,O002663,S012,Call,2025-04-05 13:17:00,6
ACT0015983,O002664,S032,Email,2025-03-15 16:16:00,0
ACT0015984,O002664,S032,Email,2025-02-24 11:03:00,0
ACT0015985,O002664,S032,Call,2025-02-22 12:12:00,19
ACT0015986,O002664,S032,Call,2025-03-15 17:39:00,39
ACT0015987,O002664,S032,Email,2025-03-24 10:31:00,0
ACT0015988,O002664,S032,Call,2025-03-12 15:23:00,5
ACT0015989,O002664,S032,Meeting,2025-02-27 18:50:00,68
ACT0015990,O002664,S032,Email,2025-03-05 08:24:00,0
ACT0015991,O002664,S032,Email,2025-03-28 17:49:00,0
ACT0015992,O002664,S032,Email,2025-03-01 10:19:00,0
ACT0015993,O002664,S032,Meeting,2025-03-12 11:55:00,74
ACT0015994,O002664,S032,Call,2025-02-19 12:04:00,9
ACT0015995,O002665,S016,Call,2025-06-16 08:16:00,44
ACT0015996,O002665,S016,Email,2025-05-15 18:13:00,0
ACT0015997,O002665,S016,Email,2025-06-17 15:18:00,0
ACT0015998,O002665,S016,Call,2025-05-05 14:38:00,36
ACT0015999,O002665,S016,Call,2025-06-18 17:59:00,37
ACT0016000,O002665,S016,Demo,2025-06-17 09:02:00,46
ACT0016001,O002665,S016,Call,2025-04-28 11:45:00,25
ACT0016002,O002666,S023,Call,2023-11-02 08:44:00,28
ACT0016003,O002666,S023,Demo,2023-10-30 17:46:00,59
ACT0016004,O002666,S023,Email,2023-11-18 16:42:00,0
ACT0016005,O002666,S023,Call,2023-11-11 09:52:00,42
ACT0016006,O002666,S023,Meeting,2023-11-15 16:50:00,54
ACT0016007,O002666,S023,Demo,2023-11-13 13:33:00,50
ACT0016008,O002666,S023,Email,2023-10-30 13:34:00,0
ACT0016009,O002666,S023,Call,2023-10-30 14:41:00,17
ACT0016010,O002666,S023,Call,2023-11-19 08:46:00,41
ACT0016011,O002667,S037,Email,2025-06-18 17:50:00,0
ACT0016012,O002667,S037,Email,2025-06-30 11:05:00,0
ACT0016013,O002667,S037,Call,2025-05-17 13:24:00,15
ACT0016014,O002667,S037,Email,2025-05-22 08:49:00,0
ACT0016015,O002668,S009,Demo,2023-10-10 13:43:00,74
ACT0016016,O002668,S009,Email,2023-10-18 17:08:00,0
ACT0016017,O002668,S009,Call,2023-10-07 13:14:00,25
ACT0016018,O002668,S009,Call,2023-10-17 12:42:00,29
ACT0016019,O002668,S009,Email,2023-10-07 08:10:00,0
ACT0016020,O002668,S009,Call,2023-10-19 10:25:00,26
ACT0016021,O002668,S009,Email,2023-10-25 11:32:00,0
ACT0016022,O002668,S009,Demo,2023-10-10 17:33:00,99
ACT0016023,O002669,S006,Email,2024-11-23 09:38:00,0
ACT0016024,O002669,S006,Meeting,2024-11-30 08:04:00,76
ACT0016025,O002669,S006,Meeting,2024-12-23 16:44:00,53
ACT0016026,O002669,S006,Meeting,2024-12-13 16:19:00,79
ACT0016027,O002669,S006,Call,2024-11-14 14:32:00,13
ACT0016028,O002669,S006,Call,2024-11-30 11:20:00,20
ACT0016029,O002669,S006,Meeting,2024-11-11 08:22:00,73
ACT0016030,O002670,S029,Email,2025-03-25 14:58:00,0
ACT0016031,O002670,S029,Call,2025-04-21 13:48:00,43
ACT0016032,O002670,S029,Demo,2025-04-10 18:43:00,58
ACT0016033,O002670,S029,Call,2025-03-20 14:12:00,31
ACT0016034,O002670,S029,Meeting,2025-04-12 14:30:00,34
ACT0016035,O002670,S029,Call,2025-03-29 08:31:00,38
ACT0016036,O002671,S016,Call,2024-04-12 09:28:00,34
ACT0016037,O002671,S016,Meeting,2024-04-09 11:16:00,86
ACT0016038,O002671,S016,Call,2024-04-06 18:34:00,32
ACT0016039,O002671,S016,Email,2024-04-20 12:31:00,0
ACT0016040,O002671,S016,Call,2024-03-31 10:13:00,30
ACT0016041,O002672,S023,Demo,2025-04-04 15:09:00,89
ACT0016042,O002672,S023,Call,2025-04-10 17:00:00,43
ACT0016043,O002672,S023,Call,2025-05-06 11:45:00,8
ACT0016044,O002672,S023,Call,2025-04-29 15:25:00,38
ACT0016045,O002672,S023,Email,2025-04-05 08:50:00,0
ACT0016046,O002672,S023,Call,2025-04-05 15:53:00,40
ACT0016047,O002673,S002,Call,2024-05-02 08:17:00,15
ACT0016048,O002673,S002,Email,2024-05-03 08:18:00,0
ACT0016049,O002673,S002,Demo,2024-03-16 15:23:00,87
ACT0016050,O002673,S002,Call,2024-03-24 10:57:00,21
ACT0016051,O002673,S002,Email,2024-05-20 16:47:00,0
ACT0016052,O002673,S002,Email,2024-03-14 13:52:00,0
ACT0016053,O002673,S002,Call,2024-05-08 15:03:00,21
ACT0016054,O002673,S002,Call,2024-05-03 16:04:00,10
ACT0016055,O002673,S002,Email,2024-03-15 13:19:00,0
ACT0016056,O002673,S002,Email,2024-04-06 18:33:00,0
ACT0016057,O002674,S016,Email,2025-06-02 09:16:00,0
ACT0016058,O002674,S016,Email,2025-04-09 10:51:00,0
ACT0016059,O002674,S016,Email,2025-06-02 16:27:00,0
ACT0016060,O002674,S016,Call,2025-04-19 18:05:00,35
ACT0016061,O002674,S016,Meeting,2025-04-24 10:19:00,45
ACT0016062,O002674,S016,Meeting,2025-05-03 09:29:00,87
ACT0016063,O002674,S016,Email,2025-04-29 10:41:00,0
ACT0016064,O002675,S010,Demo,2023-08-19 12:58:00,54
ACT0016065,O002675,S010,Meeting,2023-08-31 17:58:00,54
ACT0016066,O002675,S010,Demo,2023-08-14 10:53:00,61
ACT0016067,O002675,S010,Demo,2023-08-19 10:28:00,92
ACT0016068,O002675,S010,Call,2023-08-14 17:41:00,20
ACT0016069,O002675,S010,Email,2023-09-01 14:07:00,0
ACT0016070,O002675,S010,Meeting,2023-08-15 12:50:00,30
ACT0016071,O002676,S031,Call,2023-09-08 11:51:00,11
ACT0016072,O002676,S031,Demo,2023-08-21 17:22:00,100
ACT0016073,O002676,S031,Meeting,2023-08-26 08:12:00,56
ACT0016074,O002676,S031,Call,2023-08-30 11:35:00,38
ACT0016075,O002676,S031,Call,2023-08-28 18:59:00,42
ACT0016076,O002677,S029,Call,2025-03-04 08:35:00,5
ACT0016077,O002677,S029,Email,2025-03-04 17:30:00,0
ACT0016078,O002677,S029,Demo,2025-03-03 18:13:00,94
ACT0016079,O002677,S029,Call,2025-03-09 16:37:00,43
ACT0016080,O002678,S009,Call,2025-04-20 13:40:00,26
ACT0016081,O002678,S009,Email,2025-06-22 13:14:00,0
ACT0016082,O002679,S040,Email,2025-02-01 11:36:00,0
ACT0016083,O002679,S040,Email,2024-12-30 13:19:00,0
ACT0016084,O002679,S040,Email,2025-02-10 11:29:00,0
ACT0016085,O002679,S040,Call,2025-01-05 11:30:00,5
ACT0016086,O002679,S040,Meeting,2025-01-16 08:54:00,82
ACT0016087,O002680,S040,Call,2025-03-09 17:02:00,40
ACT0016088,O002680,S040,Call,2025-03-07 14:21:00,31
ACT0016089,O002680,S040,Email,2025-02-28 08:16:00,0
ACT0016090,O002680,S040,Call,2025-02-15 15:47:00,36
ACT0016091,O002680,S040,Demo,2025-03-06 12:56:00,98
ACT0016092,O002680,S040,Meeting,2025-02-08 15:11:00,48
ACT0016093,O002680,S040,Email,2025-03-02 08:51:00,0
ACT0016094,O002681,S039,Call,2024-05-11 18:49:00,40
ACT0016095,O002681,S039,Email,2024-07-08 13:11:00,0
ACT0016096,O002681,S039,Email,2024-05-19 17:39:00,0
ACT0016097,O002681,S039,Meeting,2024-05-29 08:15:00,83
ACT0016098,O002681,S039,Email,2024-06-29 13:53:00,0
ACT0016099,O002682,S003,Meeting,2023-11-30 15:51:00,77
ACT0016100,O002682,S003,Email,2023-12-02 16:24:00,0
ACT0016101,O002682,S003,Email,2023-11-30 16:37:00,0
ACT0016102,O002682,S003,Email,2023-12-12 13:09:00,0
ACT0016103,O002682,S003,Call,2023-11-10 12:28:00,27
ACT0016104,O002682,S003,Email,2023-12-21 18:38:00,0
ACT0016105,O002682,S003,Email,2023-11-17 13:10:00,0
ACT0016106,O002682,S003,Call,2023-11-09 11:11:00,27
ACT0016107,O002682,S003,Call,2023-11-21 11:46:00,25
ACT0016108,O002682,S003,Meeting,2023-11-09 12:18:00,40
ACT0016109,O002682,S003,Email,2023-11-12 10:30:00,0
ACT0016110,O002683,S035,Email,2023-04-19 17:59:00,0
ACT0016111,O002683,S035,Call,2023-04-27 10:46:00,36
ACT0016112,O002683,S035,Meeting,2023-04-27 12:08:00,35
ACT0016113,O002683,S035,Call,2023-05-08 08:39:00,30
ACT0016114,O002684,S038,Call,2022-06-19 18:00:00,28
ACT0016115,O002684,S038,Email,2024-08-22 11:47:00,0
ACT0016116,O002684,S038,Call,2024-09-05 14:24:00,15
ACT0016117,O002684,S038,Call,2024-09-13 13:35:00,40
ACT0016118,O002684,S038,Call,2024-09-14 17:08:00,6
ACT0016119,O002685,S001,Call,2024-11-19 14:25:00,32
ACT0016120,O002685,S001,Meeting,2024-11-17 16:31:00,71
ACT0016121,O002685,S001,Email,2024-11-16 13:08:00,0
ACT0016122,O002685,S001,Email,2024-11-18 09:05:00,0
ACT0016123,O002686,S021,Demo,2025-05-06 17:21:00,53
ACT0016124,O002686,S021,Call,2025-05-11 09:35:00,18
ACT0016125,O002686,S021,Call,2025-05-04 10:40:00,14
ACT0016126,O002686,S021,Email,2025-05-08 16:08:00,0
ACT0016127,O002687,S009,Email,2025-04-28 09:52:00,0
ACT0016128,O002687,S009,Call,2025-05-03 13:19:00,9
ACT0016129,O002687,S009,Demo,2025-04-26 11:35:00,106
ACT0016130,O002687,S009,Email,2025-04-29 12:18:00,0
ACT0016131,O002687,S009,Call,2025-04-19 10:34:00,22
ACT0016132,O002687,S009,Call,2025-04-24 12:54:00,19
ACT0016133,O002687,S009,Email,2025-04-24 15:12:00,0
ACT0016134,O002687,S009,Call,2025-04-24 13:43:00,41
ACT0016135,O002687,S009,Email,2025-04-20 15:44:00,0
ACT0016136,O002687,S009,Meeting,2025-04-18 16:40:00,69
ACT0016137,O002688,S012,Meeting,2025-04-04 08:13:00,55
ACT0016138,O002688,S012,Email,2025-04-05 17:49:00,0
ACT0016139,O002688,S012,Meeting,2025-03-28 10:27:00,57
ACT0016140,O002688,S012,Call,2025-03-25 08:59:00,11
ACT0016141,O002688,S012,Call,2025-03-13 17:39:00,17
ACT0016142,O002688,S012,Email,2025-03-29 14:40:00,0
ACT0016143,O002689,S032,Call,2025-04-10 15:42:00,22
ACT0016144,O002689,S032,Email,2025-06-11 08:46:00,0
ACT0016145,O002689,S032,Email,2025-03-18 15:37:00,0
ACT0016146,O002689,S032,Call,2025-05-31 11:51:00,30
ACT0016147,O002689,S032,Call,2025-02-22 11:16:00,26
ACT0016148,O002690,S002,Call,2025-06-12 09:57:00,24
ACT0016149,O002690,S002,Call,2025-06-01 08:45:00,19
ACT0016150,O002690,S002,Demo,2025-06-02 12:40:00,113
ACT0016151,O002690,S002,Email,2025-05-20 15:30:00,0
ACT0016152,O002690,S002,Meeting,2025-06-18 12:33:00,62
ACT0016153,O002690,S002,Demo,2025-06-25 16:59:00,91
ACT0016154,O002690,S002,Call,2025-06-28 15:03:00,39
ACT0016155,O002691,S037,Email,2024-11-24 08:27:00,0
ACT0016156,O002691,S037,Email,2024-11-24 10:02:00,0
ACT0016157,O002691,S037,Call,2024-12-07 10:05:00,32
ACT0016158,O002691,S037,Email,2024-12-08 17:49:00,0
ACT0016159,O002691,S037,Email,2024-12-15 12:03:00,0
ACT0016160,O002691,S037,Demo,2024-11-28 11:35:00,114
ACT0016161,O002692,S009,Call,2024-11-17 14:33:00,5
ACT0016162,O002692,S009,Email,2024-12-16 18:18:00,0
ACT0016163,O002692,S009,Email,2024-11-14 10:27:00,0
ACT0016164,O002692,S009,Call,2024-09-29 14:09:00,11
ACT0016165,O002692,S009,Email,2024-12-10 13:40:00,0
ACT0016166,O002693,S007,Call,2025-02-07 18:30:00,37
ACT0016167,O002693,S007,Meeting,2025-03-11 11:43:00,36
ACT0016168,O002693,S007,Meeting,2025-02-27 12:43:00,56
ACT0016169,O002693,S007,Call,2025-03-02 18:03:00,24
ACT0016170,O002694,S015,Call,2024-03-30 17:19:00,19
ACT0016171,O002694,S015,Email,2024-04-15 12:11:00,0
ACT0016172,O002694,S015,Meeting,2024-04-13 10:48:00,45
ACT0016173,O002694,S015,Meeting,2024-04-15 15:19:00,36
ACT0016174,O002694,S015,Meeting,2024-04-14 12:10:00,58
ACT0016175,O002694,S015,Demo,2024-04-16 11:15:00,102
ACT0016176,O002694,S015,Email,2024-03-28 10:10:00,0
ACT0016177,O002695,S028,Call,2024-10-04 10:39:00,27
ACT0016178,O002695,S028,Call,2024-10-07 12:31:00,26
ACT0016179,O002695,S028,Call,2024-10-08 08:24:00,40
ACT0016180,O002695,S028,Email,2024-10-19 17:40:00,0
ACT0016181,O002696,S022,Email,2024-06-22 18:35:00,0
ACT0016182,O002696,S022,Email,2024-07-05 15:58:00,0
ACT0016183,O002696,S022,Email,2024-06-26 10:17:00,0
ACT0016184,O002696,S022,Email,2024-06-29 13:50:00,0
ACT0016185,O002696,S022,Email,2023-02-20 11:48:00,0
ACT0016186,O002696,S022,Email,2024-05-13 09:51:00,0
ACT0016187,O002697,S004,Demo,2024-01-25 17:44:00,97
ACT0016188,O002697,S004,Call,2024-02-05 10:49:00,33
ACT0016189,O002697,S004,Call,2024-01-17 12:34:00,25
ACT0016190,O002698,S002,Call,2025-06-15 09:32:00,7
ACT0016191,O002698,S002,Call,2025-06-11 11:00:00,22
ACT0016192,O002698,S002,Call,2025-06-22 08:37:00,13
ACT0016193,O002698,S002,Call,2025-06-26 17:26:00,43
ACT0016194,O002698,S002,Call,2025-06-23 09:21:00,27
ACT0016195,O002698,S002,Call,2025-06-05 08:05:00,10
ACT0016196,O002699,S033,Call,2024-08-31 14:51:00,44
ACT0016197,O002699,S033,Demo,2024-10-08 17:57:00,111
ACT0016198,O002699,S033,Meeting,2024-09-09 09:30:00,75
ACT0016199,O002699,S033,Email,2024-10-05 11:22:00,0
ACT0016200,O002699,S033,Meeting,2024-09-02 16:06:00,69
ACT0016201,O002699,S033,Call,2024-10-05 14:06:00,10
ACT0016202,O002700,S031,Meeting,2023-09-09 12:21:00,72
ACT0016203,O002700,S031,Demo,2023-09-08 15:14:00,67
ACT0016204,O002701,S034,Call,2024-12-09 17:25:00,35
ACT0016205,O002701,S034,Meeting,2024-12-15 12:11:00,85
ACT0016206,O002701,S034,Call,2024-11-19 18:11:00,38
ACT0016207,O002701,S034,Call,2024-12-05 09:59:00,8
ACT0016208,O002701,S034,Call,2024-11-26 16:27:00,14
ACT0016209,O002701,S034,Email,2024-11-28 18:21:00,0
ACT0016210,O002702,S029,Email,2024-06-27 14:53:00,0
ACT0016211,O002702,S029,Meeting,2024-07-05 16:42:00,37
ACT0016212,O002702,S029,Email,2024-06-29 18:03:00,0
ACT0016213,O002702,S029,Meeting,2024-07-12 12:26:00,51
ACT0016214,O002703,S038,Call,2023-02-13 13:49:00,20
ACT0016215,O002703,S038,Email,2023-02-24 17:36:00,0
ACT0016216,O002703,S038,Meeting,2023-02-10 16:04:00,34
ACT0016217,O002703,S038,Demo,2023-01-21 16:42:00,49
ACT0016218,O002703,S038,Email,2023-01-20 15:58:00,0
ACT0016219,O002703,S038,Email,2023-01-05 14:38:00,0
ACT0016220,O002703,S038,Email,2023-01-07 09:27:00,0
ACT0016221,O002703,S038,Email,2023-01-04 09:07:00,0
ACT0016222,O002704,S011,Meeting,2024-09-16 14:40:00,89
ACT0016223,O002704,S011,Email,2024-07-13 09:42:00,0
ACT0016224,O002704,S011,Demo,2024-07-23 12:53:00,106
ACT0016225,O002704,S011,Call,2024-08-16 17:42:00,39
ACT0016226,O002704,S011,Email,2024-08-05 16:03:00,0
ACT0016227,O002704,S011,Call,2024-08-11 14:13:00,7
ACT0016228,O002704,S011,Email,2024-08-06 13:30:00,0
ACT0016229,O002704,S011,Email,2024-08-04 11:38:00,0
ACT0016230,O002704,S011,Email,2024-07-31 16:59:00,0
ACT0016231,O002705,S016,Email,2024-11-15 14:11:00,0
ACT0016232,O002705,S016,Demo,2024-11-06 13:31:00,94
ACT0016233,O002706,S029,Meeting,2023-07-04 18:31:00,54
ACT0016234,O002706,S029,Email,2023-07-14 10:24:00,0
ACT0016235,O002706,S029,Call,2023-07-16 10:02:00,40
ACT0016236,O002706,S029,Email,2023-07-16 17:45:00,0
ACT0016237,O002706,S029,Call,2023-07-03 11:59:00,44
ACT0016238,O002706,S029,Call,2023-07-14 08:13:00,29
ACT0016239,O002706,S029,Email,2023-07-01 10:19:00,0
ACT0016240,O002707,S002,Call,2024-01-18 17:39:00,38
ACT0016241,O002707,S002,Email,2024-01-24 12:13:00,0
ACT0016242,O002707,S002,Call,2024-01-27 16:42:00,16
ACT0016243,O002707,S002,Call,2024-02-09 12:27:00,17
ACT0016244,O002707,S002,Call,2024-02-26 10:29:00,26
ACT0016245,O002708,S001,Email,2023-09-30 08:18:00,0
ACT0016246,O002708,S001,Call,2023-10-27 14:02:00,30
ACT0016247,O002708,S001,Email,2023-11-17 11:16:00,0
ACT0016248,O002708,S001,Call,2023-11-07 13:35:00,22
ACT0016249,O002708,S001,Email,2023-10-26 10:37:00,0
ACT0016250,O002708,S001,Email,2023-09-22 09:10:00,0
ACT0016251,O002708,S001,Call,2023-11-26 18:25:00,11
ACT0016252,O002708,S001,Meeting,2023-10-05 14:41:00,44
ACT0016253,O002708,S001,Email,2023-10-29 09:29:00,0
ACT0016254,O002709,S012,Email,2024-05-06 14:08:00,0
ACT0016255,O002709,S012,Demo,2024-05-16 14:33:00,51
ACT0016256,O002709,S012,Call,2024-05-30 10:05:00,9
ACT0016257,O002709,S012,Meeting,2024-05-26 17:53:00,67
ACT0016258,O002709,S012,Meeting,2024-05-29 10:57:00,82
ACT0016259,O002709,S012,Call,2024-04-14 09:38:00,23
ACT0016260,O002709,S012,Call,2024-04-18 17:00:00,39
ACT0016261,O002710,S029,Demo,2024-01-20 15:28:00,104
ACT0016262,O002710,S029,Demo,2024-01-15 12:57:00,75
ACT0016263,O002710,S029,Call,2023-12-14 11:41:00,15
ACT0016264,O002710,S029,Meeting,2024-01-24 13:18:00,75
ACT0016265,O002710,S029,Call,2023-12-28 10:57:00,11
ACT0016266,O002710,S029,Email,2023-12-17 13:35:00,0
ACT0016267,O002710,S029,Email,2024-01-10 16:07:00,0
ACT0016268,O002710,S029,Meeting,2024-01-27 15:14:00,59
ACT0016269,O002710,S029,Email,2024-01-27 12:51:00,0
ACT0016270,O002710,S029,Meeting,2023-12-12 17:39:00,36
ACT0016271,O002710,S029,Call,2024-01-26 08:56:00,14
ACT0016272,O002710,S029,Meeting,2024-01-15 09:23:00,84
ACT0016273,O002710,S029,Call,2023-12-23 14:20:00,9
ACT0016274,O002711,S012,Call,2024-03-16 15:49:00,22
ACT0016275,O002711,S012,Email,2024-03-14 10:34:00,0
ACT0016276,O002711,S012,Email,2024-03-09 15:34:00,0
ACT0016277,O002711,S012,Call,2024-03-20 11:50:00,12
ACT0016278,O002711,S012,Meeting,2024-03-04 12:09:00,40
ACT0016279,O002712,S019,Email,2025-03-13 10:36:00,0
ACT0016280,O002712,S019,Meeting,2025-04-18 14:59:00,76
ACT0016281,O002712,S019,Email,2025-05-23 16:15:00,0
ACT0016282,O002713,S035,Call,2025-06-03 17:33:00,28
ACT0016283,O002713,S035,Call,2025-05-13 18:40:00,12
ACT0016284,O002713,S035,Meeting,2025-06-27 17:33:00,37
ACT0016285,O002713,S035,Call,2025-06-20 17:10:00,33
ACT0016286,O002713,S035,Meeting,2025-06-06 10:58:00,87
ACT0016287,O002713,S035,Call,2025-06-01 16:04:00,5
ACT0016288,O002713,S035,Call,2025-06-15 18:16:00,16
ACT0016289,O002713,S035,Call,2025-05-19 12:27:00,23
ACT0016290,O002713,S035,Meeting,2025-05-25 16:51:00,80
ACT0016291,O002714,S027,Demo,2024-05-24 17:30:00,69
ACT0016292,O002714,S027,Call,2024-04-30 09:41:00,41
ACT0016293,O002714,S027,Demo,2024-05-03 10:26:00,78
ACT0016294,O002714,S027,Call,2024-04-14 14:46:00,40
ACT0016295,O002714,S027,Meeting,2024-05-28 18:51:00,38
ACT0016296,O002714,S027,Demo,2024-05-04 12:25:00,61
ACT0016297,O002714,S027,Call,2024-04-26 16:43:00,10
ACT0016298,O002714,S027,Email,2024-05-21 14:36:00,0
ACT0016299,O002715,S023,Call,2024-09-05 10:14:00,30
ACT0016300,O002715,S023,Meeting,2024-09-20 09:59:00,50
ACT0016301,O002716,S019,Call,2023-03-13 18:07:00,31
ACT0016302,O002716,S019,Call,2023-02-28 13:13:00,37
ACT0016303,O002716,S019,Call,2023-03-14 09:24:00,10
ACT0016304,O002716,S019,Call,2023-02-28 08:00:00,21
ACT0016305,O002716,S019,Email,2023-03-14 16:57:00,0
ACT0016306,O002716,S019,Demo,2023-03-16 10:12:00,80
ACT0016307,O002716,S019,Email,2023-03-03 18:12:00,0
ACT0016308,O002716,S019,Demo,2023-02-20 14:04:00,55
ACT0016309,O002717,S023,Call,2023-12-03 10:36:00,13
ACT0016310,O002717,S023,Demo,2023-11-12 13:51:00,116
ACT0016311,O002717,S023,Meeting,2023-11-05 16:32:00,75
ACT0016312,O002717,S023,Demo,2023-11-24 10:22:00,75
ACT0016313,O002718,S023,Meeting,2023-09-20 17:54:00,85
ACT0016314,O002718,S023,Meeting,2023-09-13 08:33:00,69
ACT0016315,O002718,S023,Email,2023-10-02 09:52:00,0
ACT0016316,O002718,S023,Call,2023-10-05 08:36:00,7
ACT0016317,O002718,S023,Email,2023-09-28 09:05:00,0
ACT0016318,O002718,S023,Call,2023-10-11 12:07:00,31
ACT0016319,O002719,S031,Email,2024-08-27 10:47:00,0
ACT0016320,O002719,S031,Call,2024-08-05 13:26:00,14
ACT0016321,O002719,S031,Call,2024-08-17 13:47:00,34
ACT0016322,O002719,S031,Email,2024-08-04 14:40:00,0
ACT0016323,O002719,S031,Email,2024-07-16 18:49:00,0
ACT0016324,O002719,S031,Call,2024-08-24 16:59:00,19
ACT0016325,O002719,S031,Call,2024-08-12 09:33:00,13
ACT0016326,O002719,S031,Call,2024-07-31 17:34:00,28
ACT0016327,O002719,S031,Meeting,2024-09-09 13:44:00,60
ACT0016328,O002719,S031,Call,2024-08-25 15:00:00,41
ACT0016329,O002719,S031,Email,2024-07-18 08:00:00,0
ACT0016330,O002720,S030,Email,2025-04-15 17:07:00,0
ACT0016331,O002720,S030,Meeting,2025-04-30 17:04:00,30
ACT0016332,O002720,S030,Call,2025-05-04 15:31:00,12
ACT0016333,O002720,S030,Email,2025-04-23 14:01:00,0
ACT0016334,O002720,S030,Email,2025-04-26 08:53:00,0
ACT0016335,O002720,S030,Meeting,2025-04-21 15:31:00,45
ACT0016336,O002720,S030,Email,2025-04-25 09:15:00,0
ACT0016337,O002720,S030,Email,2025-04-11 08:32:00,0
ACT0016338,O002721,S029,Email,2023-12-01 11:18:00,0
ACT0016339,O002721,S029,Email,2023-11-19 16:07:00,0
ACT0016340,O002721,S029,Call,2023-11-21 12:13:00,29
ACT0016341,O002721,S029,Email,2023-11-22 15:14:00,0
ACT0016342,O002721,S029,Demo,2023-12-01 12:55:00,62
ACT0016343,O002721,S029,Meeting,2023-11-25 16:03:00,48
ACT0016344,O002721,S029,Meeting,2023-11-27 11:39:00,55
ACT0016345,O002721,S029,Email,2023-11-19 12:31:00,0
ACT0016346,O002722,S028,Meeting,2025-06-20 18:50:00,34
ACT0016347,O002722,S028,Call,2025-06-28 18:58:00,42
ACT0016348,O002722,S028,Meeting,2025-06-17 13:27:00,63
ACT0016349,O002722,S028,Email,2025-06-27 11:53:00,0
ACT0016350,O002722,S028,Call,2025-06-26 14:34:00,12
ACT0016351,O002722,S028,Meeting,2025-06-22 09:14:00,58
ACT0016352,O002722,S028,Meeting,2025-06-16 08:07:00,65
ACT0016353,O002722,S028,Email,2025-06-17 11:12:00,0
ACT0016354,O002723,S005,Email,2024-08-21 09:19:00,0
ACT0016355,O002723,S005,Email,2024-08-02 14:22:00,0
ACT0016356,O002723,S005,Email,2024-07-24 11:57:00,0
ACT0016357,O002724,S038,Demo,2025-05-17 08:15:00,65
ACT0016358,O002724,S038,Demo,2025-05-16 10:48:00,59
ACT0016359,O002724,S038,Call,2025-03-20 18:00:00,8
ACT0016360,O002724,S038,Call,2025-04-22 12:45:00,13
ACT0016361,O002724,S038,Call,2025-04-24 12:55:00,41
ACT0016362,O002724,S038,Email,2025-04-07 10:23:00,0
ACT0016363,O002724,S038,Email,2025-03-26 12:33:00,0
ACT0016364,O002724,S038,Call,2025-05-13 11:34:00,18
ACT0016365,O002724,S038,Email,2025-03-24 18:40:00,0
ACT0016366,O002725,S009,Email,2025-06-23 12:16:00,0
ACT0016367,O002725,S009,Meeting,2024-03-22 14:39:00,41
ACT0016368,O002725,S009,Call,2025-05-28 09:14:00,39
ACT0016369,O002726,S031,Call,2024-06-17 17:21:00,39
ACT0016370,O002726,S031,Call,2024-06-15 08:39:00,30
ACT0016371,O002726,S031,Call,2024-06-01 11:00:00,22
ACT0016372,O002726,S031,Call,2024-06-14 14:07:00,21
ACT0016373,O002726,S031,Call,2024-06-04 14:44:00,9
ACT0016374,O002726,S031,Call,2024-06-12 17:07:00,15
ACT0016375,O002726,S031,Call,2024-06-13 11:05:00,18
ACT0016376,O002726,S031,Call,2024-06-08 09:42:00,23
ACT0016377,O002727,S023,Email,2024-10-11 10:41:00,0
ACT0016378,O002727,S023,Email,2024-10-22 12:17:00,0
ACT0016379,O002727,S023,Email,2024-10-21 16:20:00,0
ACT0016380,O002727,S023,Email,2024-10-20 09:54:00,0
ACT0016381,O002728,S026,Call,2024-05-10 13:23:00,39
ACT0016382,O002728,S026,Email,2024-05-06 08:55:00,0
ACT0016383,O002728,S026,Meeting,2024-04-12 10:14:00,47
ACT0016384,O002728,S026,Call,2024-05-21 15:13:00,14
ACT0016385,O002728,S026,Email,2024-05-01 13:38:00,0
ACT0016386,O002728,S026,Email,2024-05-25 10:32:00,0
ACT0016387,O002728,S026,Email,2024-04-21 12:57:00,0
ACT0016388,O002728,S026,Email,2024-05-27 09:41:00,0
ACT0016389,O002728,S026,Call,2024-05-31 10:11:00,27
ACT0016390,O002729,S022,Email,2024-02-17 16:15:00,0
ACT0016391,O002729,S022,Demo,2024-02-07 16:03:00,76
ACT0016392,O002729,S022,Email,2024-01-21 16:59:00,0
ACT0016393,O002729,S022,Meeting,2024-02-01 10:21:00,40
ACT0016394,O002729,S022,Demo,2024-03-12 14:42:00,104
ACT0016395,O002729,S022,Email,2024-01-27 10:44:00,0
ACT0016396,O002730,S017,Call,2024-02-12 14:37:00,39
ACT0016397,O002730,S017,Email,2024-02-16 08:30:00,0
ACT0016398,O002730,S017,Email,2024-02-08 15:35:00,0
ACT0016399,O002730,S017,Call,2024-02-07 14:00:00,37
ACT0016400,O002730,S017,Email,2024-02-08 15:54:00,0
ACT0016401,O002730,S017,Email,2024-02-08 15:35:00,0
ACT0016402,O002730,S017,Demo,2024-02-12 13:48:00,48
ACT0016403,O002730,S017,Meeting,2024-02-17 11:07:00,56
ACT0016404,O002731,S005,Email,2024-12-10 15:00:00,0
ACT0016405,O002731,S005,Call,2024-10-17 16:08:00,15
ACT0016406,O002731,S005,Call,2024-12-06 11:56:00,38
ACT0016407,O002731,S005,Call,2024-11-10 10:24:00,16
ACT0016408,O002731,S005,Email,2024-10-01 16:28:00,0
ACT0016409,O002731,S005,Email,2024-11-15 16:36:00,0
ACT0016410,O002731,S005,Meeting,2024-12-11 15:03:00,68
ACT0016411,O002731,S005,Email,2024-12-17 15:11:00,0
ACT0016412,O002732,S022,Meeting,2025-04-06 15:25:00,52
ACT0016413,O002732,S022,Demo,2025-04-06 10:22:00,85
ACT0016414,O002732,S022,Demo,2025-04-03 11:24:00,66
ACT0016415,O002733,S023,Call,2024-08-25 14:28:00,14
ACT0016416,O002733,S023,Call,2024-08-10 13:35:00,12
ACT0016417,O002733,S023,Email,2024-08-07 13:52:00,0
ACT0016418,O002733,S023,Email,2024-07-29 16:55:00,0
ACT0016419,O002733,S023,Email,2024-07-25 08:37:00,0
ACT0016420,O002733,S023,Email,2024-08-16 14:09:00,0
ACT0016421,O002734,S021,Call,2024-06-18 17:15:00,28
ACT0016422,O002734,S021,Demo,2024-07-09 15:53:00,103
ACT0016423,O002734,S021,Email,2024-07-10 11:45:00,0
ACT0016424,O002734,S021,Demo,2024-06-28 17:06:00,118
ACT0016425,O002734,S021,Email,2024-07-02 11:05:00,0
ACT0016426,O002734,S021,Email,2024-06-17 18:46:00,0
ACT0016427,O002734,S021,Meeting,2024-06-17 14:57:00,51
ACT0016428,O002734,S021,Email,2024-07-10 13:53:00,0
ACT0016429,O002735,S031,Call,2023-03-20 13:40:00,41
ACT0016430,O002735,S031,Meeting,2023-03-14 08:39:00,44
ACT0016431,O002735,S031,Meeting,2023-04-16 13:25:00,88
ACT0016432,O002735,S031,Demo,2023-05-01 12:43:00,61
ACT0016433,O002735,S031,Email,2023-04-20 12:42:00,0
ACT0016434,O002735,S031,Meeting,2023-03-13 17:47:00,76
ACT0016435,O002735,S031,Email,2023-04-23 10:31:00,0
ACT0016436,O002735,S031,Demo,2023-03-26 08:57:00,80
ACT0016437,O002735,S031,Email,2023-02-14 08:47:00,0
ACT0016438,O002735,S031,Call,2023-03-11 17:40:00,29
ACT0016439,O002736,S022,Email,2024-02-28 08:22:00,0
ACT0016440,O002736,S022,Call,2024-03-07 16:04:00,12
ACT0016441,O002736,S022,Meeting,2024-03-19 17:02:00,37
ACT0016442,O002736,S022,Call,2024-04-01 12:40:00,32
ACT0016443,O002736,S022,Call,2024-03-25 08:16:00,41
ACT0016444,O002736,S022,Email,2024-02-19 10:07:00,0
ACT0016445,O002736,S022,Email,2024-03-25 17:55:00,0
ACT0016446,O002736,S022,Call,2024-03-13 16:14:00,35
ACT0016447,O002736,S022,Call,2024-03-30 08:26:00,16
ACT0016448,O002736,S022,Call,2024-03-29 08:34:00,7
ACT0016449,O002737,S016,Meeting,2024-08-14 13:59:00,38
ACT0016450,O002737,S016,Call,2024-07-27 18:33:00,13
ACT0016451,O002737,S016,Meeting,2024-07-16 12:08:00,69
ACT0016452,O002737,S016,Meeting,2024-07-19 10:14:00,39
ACT0016453,O002737,S016,Call,2024-07-24 15:19:00,35
ACT0016454,O002737,S016,Call,2024-06-19 11:14:00,5
ACT0016455,O002738,S008,Demo,2025-05-05 10:31:00,113
ACT0016456,O002738,S008,Call,2025-06-11 17:41:00,44
ACT0016457,O002738,S008,Call,2025-04-26 12:49:00,44
ACT0016458,O002738,S008,Meeting,2025-05-12 15:16:00,54
ACT0016459,O002738,S008,Call,2025-06-26 16:32:00,17
ACT0016460,O002739,S029,Meeting,2024-01-13 13:27:00,60
ACT0016461,O002739,S029,Call,2024-01-27 17:46:00,22
ACT0016462,O002739,S029,Email,2024-02-01 11:35:00,0
ACT0016463,O002739,S029,Call,2024-01-06 09:44:00,20
ACT0016464,O002740,S010,Call,2023-04-03 18:23:00,19
ACT0016465,O002740,S010,Call,2023-03-28 12:47:00,30
ACT0016466,O002740,S010,Call,2023-04-06 08:13:00,25
ACT0016467,O002741,S024,Call,2023-04-07 08:31:00,36
ACT0016468,O002741,S024,Email,2023-03-03 10:21:00,0
ACT0016469,O002741,S024,Call,2023-03-25 14:12:00,11
ACT0016470,O002741,S024,Call,2023-03-31 10:27:00,32
ACT0016471,O002741,S024,Call,2023-03-09 09:30:00,42
ACT0016472,O002742,S012,Demo,2023-12-29 15:35:00,118
ACT0016473,O002742,S012,Call,2024-02-18 14:15:00,24
ACT0016474,O002742,S012,Call,2024-01-29 17:36:00,5
ACT0016475,O002742,S012,Call,2023-12-13 10:06:00,32
ACT0016476,O002742,S012,Email,2024-02-11 18:13:00,0
ACT0016477,O002743,S002,Email,2024-11-05 16:51:00,0
ACT0016478,O002743,S002,Meeting,2024-11-04 17:42:00,37
ACT0016479,O002743,S002,Call,2024-11-19 18:02:00,12
ACT0016480,O002743,S002,Email,2024-10-29 11:24:00,0
ACT0016481,O002743,S002,Meeting,2024-11-07 18:25:00,43
ACT0016482,O002743,S002,Demo,2024-10-14 11:52:00,109
ACT0016483,O002743,S002,Email,2024-09-26 11:17:00,0
ACT0016484,O002743,S002,Email,2024-11-07 14:42:00,0
ACT0016485,O002743,S002,Email,2024-10-31 18:26:00,0
ACT0016486,O002743,S002,Email,2024-10-15 12:00:00,0
ACT0016487,O002743,S002,Email,2024-10-01 10:05:00,0
ACT0016488,O002743,S002,Demo,2024-10-30 14:47:00,109
ACT0016489,O002744,S028,Email,2024-11-20 13:27:00,0
ACT0016490,O002744,S028,Call,2024-11-04 12:04:00,11
ACT0016491,O002744,S028,Email,2024-12-01 09:34:00,0
ACT0016492,O002744,S028,Email,2024-11-16 17:00:00,0
ACT0016493,O002744,S028,Meeting,2024-11-26 18:46:00,49
ACT0016494,O002745,S025,Call,2025-06-13 12:36:00,29
ACT0016495,O002745,S025,Call,2025-05-29 18:16:00,14
ACT0016496,O002745,S025,Meeting,2025-05-23 16:43:00,42
ACT0016497,O002745,S025,Demo,2025-06-06 10:26:00,47
ACT0016498,O002745,S025,Demo,2025-05-28 17:10:00,118
ACT0016499,O002746,S012,Call,2024-12-23 18:34:00,14
ACT0016500,O002746,S012,Meeting,2024-12-01 15:27:00,42
ACT0016501,O002746,S012,Email,2024-12-09 11:17:00,0
ACT0016502,O002746,S012,Email,2024-12-13 14:01:00,0
ACT0016503,O002746,S012,Call,2024-12-19 12:07:00,27
ACT0016504,O002746,S012,Meeting,2024-12-15 08:28:00,60
ACT0016505,O002746,S012,Call,2024-12-12 10:30:00,5
ACT0016506,O002746,S012,Email,2024-12-11 10:00:00,0
ACT0016507,O002746,S012,Email,2024-12-01 09:47:00,0
ACT0016508,O002746,S012,Email,2024-12-17 17:48:00,0
ACT0016509,O002747,S018,Email,2023-10-11 14:52:00,0
ACT0016510,O002747,S018,Email,2023-10-21 18:52:00,0
ACT0016511,O002747,S018,Call,2023-10-07 17:23:00,15
ACT0016512,O002747,S018,Call,2023-10-16 15:45:00,10
ACT0016513,O002747,S018,Call,2023-11-03 09:55:00,20
ACT0016514,O002747,S018,Call,2023-10-13 09:35:00,25
ACT0016515,O002747,S018,Call,2023-09-22 10:11:00,38
ACT0016516,O002747,S018,Call,2023-09-17 16:26:00,8
ACT0016517,O002748,S008,Call,2025-05-27 08:25:00,12
ACT0016518,O002748,S008,Call,2025-04-16 14:31:00,29
ACT0016519,O002748,S008,Call,2025-05-18 15:35:00,19
ACT0016520,O002748,S008,Email,2025-05-17 10:50:00,0
ACT0016521,O002748,S008,Email,2025-05-17 08:45:00,0
ACT0016522,O002748,S008,Email,2025-04-15 13:42:00,0
ACT0016523,O002748,S008,Call,2025-05-22 17:58:00,40
ACT0016524,O002748,S008,Call,2025-05-04 18:05:00,28
ACT0016525,O002748,S008,Email,2025-05-02 10:41:00,0
ACT0016526,O002748,S008,Email,2025-05-29 10:26:00,0
ACT0016527,O002749,S029,Meeting,2025-06-28 15:11:00,36
ACT0016528,O002749,S029,Email,2025-06-28 08:33:00,0
ACT0016529,O002750,S007,Call,2024-08-21 09:19:00,19
ACT0016530,O002750,S007,Email,2024-08-28 15:49:00,0
ACT0016531,O002750,S007,Call,2024-08-16 18:19:00,44
ACT0016532,O002750,S007,Email,2024-09-13 18:53:00,0
ACT0016533,O002750,S007,Email,2024-08-06 18:19:00,0
ACT0016534,O002750,S007,Meeting,2024-08-27 08:00:00,57
ACT0016535,O002750,S007,Email,2024-08-18 10:25:00,0
ACT0016536,O002750,S007,Email,2024-07-24 08:19:00,0
ACT0016537,O002750,S007,Call,2024-07-26 13:00:00,33
ACT0016538,O002750,S007,Email,2024-08-25 15:29:00,0
ACT0016539,O002750,S007,Email,2024-07-27 16:31:00,0
ACT0016540,O002750,S007,Call,2024-07-17 17:27:00,21
ACT0016541,O002751,S004,Meeting,2024-09-16 16:36:00,49
ACT0016542,O002751,S004,Call,2024-09-25 15:14:00,40
ACT0016543,O002751,S004,Call,2024-10-03 18:08:00,37
ACT0016544,O002751,S004,Meeting,2024-09-30 12:09:00,81
ACT0016545,O002751,S004,Demo,2024-09-21 10:30:00,109
ACT0016546,O002751,S004,Call,2024-09-28 11:40:00,37
ACT0016547,O002751,S004,Call,2024-10-06 14:46:00,19
ACT0016548,O002751,S004,Email,2024-09-28 15:25:00,0
ACT0016549,O002751,S004,Email,2024-09-28 18:06:00,0
ACT0016550,O002752,S029,Meeting,2023-08-11 10:54:00,64
ACT0016551,O002752,S029,Email,2023-08-14 16:22:00,0
ACT0016552,O002752,S029,Call,2023-08-31 11:33:00,39
ACT0016553,O002752,S029,Email,2023-09-01 16:14:00,0
ACT0016554,O002752,S029,Email,2023-08-12 09:14:00,0
ACT0016555,O002753,S033,Email,2025-06-27 16:55:00,0
ACT0016556,O002753,S033,Call,2025-06-21 11:48:00,20
ACT0016557,O002753,S033,Email,2025-06-27 09:44:00,0
ACT0016558,O002754,S009,Email,2023-05-12 16:48:00,0
ACT0016559,O002754,S009,Email,2023-06-06 10:02:00,0
ACT0016560,O002754,S009,Demo,2023-06-03 13:03:00,58
ACT0016561,O002754,S009,Email,2023-04-21 08:13:00,0
ACT0016562,O002754,S009,Call,2023-04-24 13:44:00,33
ACT0016563,O002754,S009,Call,2023-04-19 09:38:00,33
ACT0016564,O002754,S009,Call,2023-04-24 11:03:00,34
ACT0016565,O002754,S009,Email,2023-06-13 12:13:00,0
ACT0016566,O002754,S009,Email,2023-03-23 13:24:00,0
ACT0016567,O002755,S029,Call,2023-04-28 11:34:00,9
ACT0016568,O002755,S029,Call,2023-03-13 11:44:00,26
ACT0016569,O002755,S029,Demo,2023-03-27 17:54:00,115
ACT0016570,O002755,S029,Email,2023-03-07 11:44:00,0
ACT0016571,O002755,S029,Demo,2023-05-17 17:40:00,96
ACT0016572,O002755,S029,Call,2023-03-07 09:53:00,28
ACT0016573,O002756,S022,Call,2024-01-20 08:51:00,39
ACT0016574,O002756,S022,Meeting,2024-01-04 09:31:00,47
ACT0016575,O002756,S022,Email,2024-01-07 17:40:00,0
ACT0016576,O002756,S022,Call,2024-01-03 14:01:00,14
ACT0016577,O002756,S022,Email,2024-01-08 09:49:00,0
ACT0016578,O002756,S022,Email,2024-01-02 12:28:00,0
ACT0016579,O002757,S025,Call,2023-07-24 08:26:00,17
ACT0016580,O002757,S025,Email,2023-08-12 17:38:00,0
ACT0016581,O002757,S025,Call,2023-08-11 08:52:00,15
ACT0016582,O002757,S025,Email,2023-08-07 09:11:00,0
ACT0016583,O002757,S025,Demo,2023-07-17 16:11:00,116
ACT0016584,O002758,S008,Demo,2023-05-23 15:02:00,59
ACT0016585,O002758,S008,Email,2023-06-29 10:38:00,0
ACT0016586,O002758,S008,Meeting,2023-06-29 12:21:00,51
ACT0016587,O002758,S008,Call,2023-06-18 17:57:00,28
ACT0016588,O002759,S023,Call,2024-07-03 17:51:00,31
ACT0016589,O002759,S023,Call,2024-06-28 13:21:00,11
ACT0016590,O002759,S023,Call,2024-07-10 18:07:00,43
ACT0016591,O002759,S023,Call,2024-07-06 10:34:00,39
ACT0016592,O002759,S023,Call,2024-07-06 18:51:00,9
ACT0016593,O002760,S009,Email,2023-10-01 18:57:00,0
ACT0016594,O002760,S009,Email,2023-07-19 14:37:00,0
ACT0016595,O002760,S009,Email,2023-08-25 17:29:00,0
ACT0016596,O002760,S009,Email,2023-08-14 10:41:00,0
ACT0016597,O002760,S009,Demo,2023-08-08 09:32:00,119
ACT0016598,O002761,S020,Demo,2025-05-05 13:23:00,69
ACT0016599,O002761,S020,Call,2025-04-29 09:14:00,44
ACT0016600,O002761,S020,Demo,2025-04-21 17:15:00,69
ACT0016601,O002761,S020,Demo,2025-04-18 17:12:00,91
ACT0016602,O002762,S008,Email,2025-06-09 18:05:00,0
ACT0016603,O002762,S008,Email,2025-06-29 13:46:00,0
ACT0016604,O002762,S008,Meeting,2025-06-10 15:06:00,76
ACT0016605,O002762,S008,Call,2025-06-13 10:54:00,34
ACT0016606,O002763,S025,Email,2025-06-02 09:25:00,0
ACT0016607,O002763,S025,Demo,2025-06-04 15:32:00,92
ACT0016608,O002763,S025,Call,2025-05-24 17:59:00,40
ACT0016609,O002764,S024,Demo,2023-12-23 16:59:00,72
ACT0016610,O002764,S024,Email,2023-12-20 08:45:00,0
ACT0016611,O002764,S024,Demo,2024-01-05 11:03:00,100
ACT0016612,O002764,S024,Call,2024-01-20 09:17:00,33
ACT0016613,O002764,S024,Call,2024-01-09 12:06:00,36
ACT0016614,O002764,S024,Call,2024-01-04 16:15:00,13
ACT0016615,O002764,S024,Call,2024-02-03 15:49:00,19
ACT0016616,O002765,S010,Call,2023-08-24 16:28:00,12
ACT0016617,O002765,S010,Call,2023-08-20 14:40:00,32
ACT0016618,O002765,S010,Email,2023-08-17 09:48:00,0
ACT0016619,O002765,S010,Email,2023-08-25 08:51:00,0
ACT0016620,O002765,S010,Email,2023-08-26 11:48:00,0
ACT0016621,O002765,S010,Meeting,2023-08-23 10:55:00,37
ACT0016622,O002765,S010,Meeting,2023-08-25 16:51:00,55
ACT0016623,O002766,S032,Call,2025-06-07 15:26:00,28
ACT0016624,O002766,S032,Call,2025-06-07 15:30:00,5
ACT0016625,O002766,S032,Call,2025-06-17 18:08:00,5
ACT0016626,O002766,S032,Demo,2025-06-05 18:32:00,46
ACT0016627,O002767,S022,Meeting,2025-06-29 10:17:00,56
ACT0016628,O002767,S022,Call,2025-05-16 18:19:00,14
ACT0016629,O002767,S022,Call,2025-06-01 17:50:00,9
ACT0016630,O002767,S022,Demo,2025-05-09 17:41:00,118
ACT0016631,O002767,S022,Call,2025-04-04 09:09:00,7
ACT0016632,O002767,S022,Email,2025-05-20 13:10:00,0
ACT0016633,O002768,S031,Meeting,2023-06-23 16:54:00,49
ACT0016634,O002768,S031,Demo,2023-07-03 16:28:00,60
ACT0016635,O002768,S031,Call,2023-06-03 10:41:00,43
ACT0016636,O002768,S031,Call,2023-05-21 14:37:00,22
ACT0016637,O002768,S031,Email,2023-06-03 15:20:00,0
ACT0016638,O002768,S031,Meeting,2023-06-14 11:36:00,80
ACT0016639,O002769,S023,Meeting,2025-06-13 15:58:00,42
ACT0016640,O002769,S023,Email,2025-06-22 16:20:00,0
ACT0016641,O002769,S023,Meeting,2025-06-11 14:01:00,80
ACT0016642,O002769,S023,Call,2025-06-04 09:30:00,44
ACT0016643,O002769,S023,Call,2025-06-05 15:49:00,22
ACT0016644,O002769,S023,Meeting,2025-06-24 11:38:00,59
ACT0016645,O002769,S023,Email,2025-05-30 11:55:00,0
ACT0016646,O002770,S035,Call,2024-11-27 15:41:00,12
ACT0016647,O002770,S035,Email,2024-11-28 09:38:00,0
ACT0016648,O002770,S035,Call,2024-11-09 13:52:00,24
ACT0016649,O002770,S035,Call,2024-12-06 15:42:00,28
ACT0016650,O002770,S035,Demo,2024-11-23 18:10:00,51
ACT0016651,O002770,S035,Demo,2024-12-07 12:26:00,98
ACT0016652,O002770,S035,Call,2024-11-23 17:19:00,17
ACT0016653,O002770,S035,Meeting,2024-12-01 13:39:00,55
ACT0016654,O002770,S035,Demo,2024-12-03 18:05:00,80
ACT0016655,O002770,S035,Meeting,2024-11-12 14:12:00,63
ACT0016656,O002771,S023,Email,2024-12-09 16:41:00,0
ACT0016657,O002771,S023,Email,2024-11-27 14:54:00,0
ACT0016658,O002771,S023,Call,2024-12-02 14:53:00,6
ACT0016659,O002771,S023,Call,2025-02-12 12:04:00,35
ACT0016660,O002771,S023,Call,2024-12-01 08:15:00,6
ACT0016661,O002772,S036,Email,2025-06-17 15:56:00,0
ACT0016662,O002772,S036,Meeting,2025-06-02 11:58:00,81
ACT0016663,O002772,S036,Email,2025-06-03 18:19:00,0
ACT0016664,O002772,S036,Meeting,2025-05-30 10:20:00,40
ACT0016665,O002772,S036,Email,2025-05-23 17:31:00,0
ACT0016666,O002772,S036,Meeting,2025-06-05 16:25:00,42
ACT0016667,O002772,S036,Demo,2025-05-28 14:22:00,96
ACT0016668,O002772,S036,Email,2025-06-07 16:59:00,0
ACT0016669,O002772,S036,Call,2025-06-03 15:10:00,20
ACT0016670,O002773,S013,Call,2025-01-12 08:22:00,31
ACT0016671,O002773,S013,Email,2025-01-03 16:27:00,0
ACT0016672,O002773,S013,Call,2025-01-19 16:27:00,44
ACT0016673,O002773,S013,Demo,2025-02-11 13:01:00,118
ACT0016674,O002774,S021,Email,2024-04-05 12:36:00,0
ACT0016675,O002774,S021,Call,2024-03-28 13:36:00,12
ACT0016676,O002774,S021,Meeting,2024-03-25 09:31:00,71
ACT0016677,O002774,S021,Email,2024-04-11 08:05:00,0
ACT0016678,O002774,S021,Email,2024-03-17 09:05:00,0
ACT0016679,O002774,S021,Meeting,2024-04-11 10:42:00,73
ACT0016680,O002774,S021,Meeting,2024-03-21 08:45:00,43
ACT0016681,O002775,S021,Call,2025-05-25 14:09:00,17
ACT0016682,O002775,S021,Meeting,2025-05-04 09:11:00,43
ACT0016683,O002775,S021,Email,2025-06-27 12:02:00,0
ACT0016684,O002776,S011,Call,2024-06-21 15:56:00,20
ACT0016685,O002776,S011,Meeting,2024-07-12 08:24:00,83
ACT0016686,O002776,S011,Call,2024-07-21 15:37:00,44
ACT0016687,O002776,S011,Email,2024-06-11 12:41:00,0
ACT0016688,O002776,S011,Email,2024-06-08 18:29:00,0
ACT0016689,O002776,S011,Email,2024-07-13 08:46:00,0
ACT0016690,O002777,S033,Email,2023-05-13 16:17:00,0
ACT0016691,O002777,S033,Email,2023-05-09 10:06:00,0
ACT0016692,O002777,S033,Call,2023-05-16 18:02:00,35
ACT0016693,O002777,S033,Meeting,2023-05-18 08:17:00,79
ACT0016694,O002777,S033,Call,2023-05-15 15:06:00,24
ACT0016695,O002777,S033,Call,2023-05-11 11:00:00,8
ACT0016696,O002778,S022,Call,2024-05-22 18:56:00,15
ACT0016697,O002778,S022,Call,2024-06-01 13:09:00,16
ACT0016698,O002778,S022,Email,2024-05-13 13:01:00,0
ACT0016699,O002778,S022,Meeting,2024-06-12 09:12:00,83
ACT0016700,O002779,S014,Call,2023-09-01 09:08:00,44
ACT0016701,O002779,S014,Meeting,2023-09-21 14:49:00,48
ACT0016702,O002779,S014,Demo,2023-09-19 16:11:00,79
ACT0016703,O002779,S014,Email,2023-09-16 16:52:00,0
ACT0016704,O002779,S014,Call,2023-09-16 09:09:00,41
ACT0016705,O002779,S014,Call,2023-09-24 16:19:00,5
ACT0016706,O002779,S014,Call,2023-08-30 15:38:00,7
ACT0016707,O002779,S014,Call,2023-09-27 15:19:00,13
ACT0016708,O002780,S035,Email,2024-09-06 10:59:00,0
ACT0016709,O002780,S035,Call,2024-08-08 09:07:00,24
ACT0016710,O002780,S035,Demo,2024-08-18 18:33:00,95
ACT0016711,O002780,S035,Meeting,2024-08-11 09:44:00,62
ACT0016712,O002780,S035,Email,2024-09-05 16:43:00,0
ACT0016713,O002780,S035,Meeting,2024-08-19 09:33:00,30
ACT0016714,O002781,S002,Call,2023-05-10 08:41:00,15
ACT0016715,O002781,S002,Call,2023-04-05 17:37:00,43
ACT0016716,O002781,S002,Call,2023-03-22 18:05:00,10
ACT0016717,O002781,S002,Email,2023-05-15 17:01:00,0
ACT0016718,O002781,S002,Email,2023-04-27 16:00:00,0
ACT0016719,O002781,S002,Email,2023-03-27 14:10:00,0
ACT0016720,O002781,S002,Email,2023-03-20 08:41:00,0
ACT0016721,O002781,S002,Email,2023-04-04 17:03:00,0
ACT0016722,O002781,S002,Email,2023-03-29 14:48:00,0
ACT0016723,O002781,S002,Call,2023-04-11 09:32:00,43
ACT0016724,O002781,S002,Email,2023-05-13 09:31:00,0
ACT0016725,O002781,S002,Email,2023-03-22 15:34:00,0
ACT0016726,O002782,S034,Meeting,2024-10-14 11:48:00,54
ACT0016727,O002782,S034,Call,2024-11-24 17:09:00,32
ACT0016728,O002782,S034,Email,2024-11-18 15:53:00,0
ACT0016729,O002782,S034,Call,2024-11-27 18:13:00,14
ACT0016730,O002782,S034,Email,2024-11-20 16:26:00,0
ACT0016731,O002782,S034,Call,2024-11-17 10:53:00,43
ACT0016732,O002782,S034,Demo,2024-10-15 17:23:00,66
ACT0016733,O002783,S034,Email,2023-01-28 11:01:00,0
ACT0016734,O002783,S034,Call,2023-01-23 12:42:00,29
ACT0016735,O002783,S034,Email,2023-02-10 16:49:00,0
ACT0016736,O002783,S034,Meeting,2023-01-22 08:57:00,80
ACT0016737,O002783,S034,Email,2023-02-06 11:43:00,0
ACT0016738,O002783,S034,Email,2023-01-24 12:40:00,0
ACT0016739,O002783,S034,Email,2023-01-26 08:32:00,0
ACT0016740,O002784,S026,Email,2025-06-08 12:33:00,0
ACT0016741,O002784,S026,Email,2025-06-12 13:35:00,0
ACT0016742,O002784,S026,Call,2025-06-06 10:56:00,41
ACT0016743,O002784,S026,Email,2025-06-02 16:54:00,0
ACT0016744,O002785,S022,Demo,2025-03-13 14:55:00,65
ACT0016745,O002785,S022,Demo,2025-02-21 13:16:00,60
ACT0016746,O002785,S022,Meeting,2025-03-16 15:14:00,81
ACT0016747,O002786,S002,Call,2025-04-12 12:33:00,11
ACT0016748,O002786,S002,Call,2025-05-03 17:14:00,32
ACT0016749,O002786,S002,Call,2025-05-14 10:25:00,44
ACT0016750,O002786,S002,Call,2025-03-25 16:06:00,15
ACT0016751,O002786,S002,Call,2025-04-04 17:41:00,20
ACT0016752,O002786,S002,Call,2025-04-18 09:25:00,15
ACT0016753,O002787,S023,Email,2023-12-16 18:43:00,0
ACT0016754,O002787,S023,Email,2023-11-17 08:46:00,0
ACT0016755,O002787,S023,Meeting,2024-01-16 10:41:00,80
ACT0016756,O002787,S023,Meeting,2024-01-16 11:28:00,58
ACT0016757,O002787,S023,Demo,2024-01-19 17:35:00,108
ACT0016758,O002787,S023,Email,2024-01-13 11:04:00,0
ACT0016759,O002787,S023,Email,2024-01-01 17:55:00,0
ACT0016760,O002787,S023,Demo,2023-11-20 09:27:00,69
ACT0016761,O002787,S023,Email,2023-12-01 11:48:00,0
ACT0016762,O002787,S023,Email,2024-01-28 12:00:00,0
ACT0016763,O002788,S004,Email,2025-03-14 10:36:00,0
ACT0016764,O002788,S004,Meeting,2025-03-24 10:16:00,32
ACT0016765,O002788,S004,Call,2025-04-02 10:52:00,12
ACT0016766,O002788,S004,Meeting,2025-02-26 16:27:00,56
ACT0016767,O002788,S004,Demo,2025-02-07 12:37:00,47
ACT0016768,O002788,S004,Email,2025-05-15 08:37:00,0
ACT0016769,O002789,S011,Email,2025-05-17 10:57:00,0
ACT0016770,O002789,S011,Email,2025-05-16 16:57:00,0
ACT0016771,O002789,S011,Call,2025-04-21 17:35:00,29
ACT0016772,O002789,S011,Call,2025-06-05 14:15:00,14
ACT0016773,O002789,S011,Call,2025-05-01 17:34:00,5
ACT0016774,O002789,S011,Email,2025-05-12 15:41:00,0
ACT0016775,O002789,S011,Email,2025-04-26 17:16:00,0
ACT0016776,O002789,S011,Email,2025-05-31 15:58:00,0
ACT0016777,O002790,S023,Email,2023-03-16 12:00:00,0
ACT0016778,O002790,S023,Call,2023-04-17 09:21:00,37
ACT0016779,O002791,S019,Email,2024-06-05 14:10:00,0
ACT0016780,O002791,S019,Email,2024-04-25 11:31:00,0
ACT0016781,O002791,S019,Email,2024-04-10 13:21:00,0
ACT0016782,O002792,S009,Meeting,2025-03-11 17:35:00,64
ACT0016783,O002792,S009,Call,2025-02-08 17:56:00,15
ACT0016784,O002792,S009,Meeting,2025-01-31 16:49:00,67
ACT0016785,O002792,S009,Call,2025-02-19 10:06:00,25
ACT0016786,O002792,S009,Meeting,2025-02-17 12:51:00,70
ACT0016787,O002793,S026,Email,2025-04-07 10:00:00,0
ACT0016788,O002793,S026,Email,2025-05-14 12:17:00,0
ACT0016789,O002793,S026,Call,2025-04-20 11:13:00,15
ACT0016790,O002793,S026,Email,2025-04-21 15:04:00,0
ACT0016791,O002793,S026,Email,2025-05-07 11:56:00,0
ACT0016792,O002793,S026,Meeting,2025-03-26 11:42:00,67
ACT0016793,O002793,S026,Call,2025-04-08 13:16:00,43
ACT0016794,O002794,S005,Demo,2025-05-30 09:51:00,66
ACT0016795,O002794,S005,Call,2025-06-27 16:01:00,8
ACT0016796,O002794,S005,Demo,2025-06-07 16:38:00,71
ACT0016797,O002794,S005,Call,2025-06-14 08:58:00,20
ACT0016798,O002794,S005,Call,2025-06-15 11:25:00,29
ACT0016799,O002794,S005,Demo,2025-06-10 09:56:00,80
ACT0016800,O002794,S005,Meeting,2025-06-13 18:22:00,53
ACT0016801,O002795,S038,Call,2023-07-20 11:26:00,27
ACT0016802,O002795,S038,Email,2023-07-24 17:11:00,0
ACT0016803,O002795,S038,Email,2023-07-21 15:53:00,0
ACT0016804,O002795,S038,Demo,2023-07-25 15:49:00,73
ACT0016805,O002795,S038,Email,2023-07-27 12:36:00,0
ACT0016806,O002795,S038,Call,2023-07-18 18:49:00,15
ACT0016807,O002795,S038,Email,2023-07-28 14:40:00,0
ACT0016808,O002795,S038,Meeting,2023-07-30 12:24:00,35
ACT0016809,O002796,S009,Email,2024-04-13 17:49:00,0
ACT0016810,O002796,S009,Demo,2024-04-05 13:07:00,85
ACT0016811,O002796,S009,Email,2024-04-11 15:46:00,0
ACT0016812,O002796,S009,Email,2024-04-20 10:01:00,0
ACT0016813,O002796,S009,Email,2024-04-19 15:06:00,0
ACT0016814,O002796,S009,Email,2024-05-01 18:18:00,0
ACT0016815,O002796,S009,Email,2024-05-01 13:38:00,0
ACT0016816,O002797,S032,Meeting,2023-03-26 18:09:00,37
ACT0016817,O002797,S032,Meeting,2023-02-28 16:45:00,53
ACT0016818,O002797,S032,Call,2023-04-23 13:59:00,39
ACT0016819,O002797,S032,Demo,2023-03-03 09:26:00,110
ACT0016820,O002797,S032,Demo,2023-02-15 14:33:00,82
ACT0016821,O002797,S032,Call,2023-04-16 16:42:00,8
ACT0016822,O002797,S032,Call,2023-01-14 18:14:00,25
ACT0016823,O002798,S010,Email,2025-05-03 16:37:00,0
ACT0016824,O002798,S010,Demo,2025-04-20 09:20:00,54
ACT0016825,O002798,S010,Call,2025-04-15 10:44:00,42
ACT0016826,O002798,S010,Meeting,2025-04-30 08:16:00,42
ACT0016827,O002798,S010,Call,2025-05-18 08:01:00,18
ACT0016828,O002798,S010,Email,2025-05-01 12:40:00,0
ACT0016829,O002798,S010,Email,2025-05-16 11:49:00,0
ACT0016830,O002799,S005,Meeting,2025-02-16 16:55:00,58
ACT0016831,O002799,S005,Email,2025-02-21 18:35:00,0
ACT0016832,O002799,S005,Meeting,2025-02-19 16:43:00,58
ACT0016833,O002799,S005,Call,2025-02-23 17:50:00,10
ACT0016834,O002799,S005,Email,2025-02-15 15:51:00,0
ACT0016835,O002799,S005,Call,2025-02-12 18:10:00,15
ACT0016836,O002800,S018,Email,2024-12-02 13:57:00,0
ACT0016837,O002800,S018,Meeting,2024-12-06 08:58:00,35
ACT0016838,O002800,S018,Call,2024-12-08 18:49:00,12
ACT0016839,O002800,S018,Email,2024-12-03 16:14:00,0
ACT0016840,O002801,S031,Call,2025-06-21 14:38:00,37
ACT0016841,O002801,S031,Email,2025-06-09 08:07:00,0
ACT0016842,O002801,S031,Email,2025-06-04 10:53:00,0
ACT0016843,O002801,S031,Meeting,2025-05-30 18:16:00,83
ACT0016844,O002801,S031,Email,2025-05-27 12:47:00,0
ACT0016845,O002801,S031,Email,2025-05-27 09:52:00,0
ACT0016846,O002801,S031,Call,2025-06-01 12:08:00,8
ACT0016847,O002801,S031,Email,2025-06-03 10:29:00,0
ACT0016848,O002802,S037,Email,2023-03-04 17:27:00,0
ACT0016849,O002802,S037,Demo,2023-03-07 14:51:00,95
ACT0016850,O002802,S037,Call,2023-04-27 11:44:00,13
ACT0016851,O002802,S037,Email,2023-04-20 15:46:00,0
ACT0016852,O002803,S018,Demo,2023-05-31 18:36:00,109
ACT0016853,O002803,S018,Call,2023-05-27 16:09:00,16
ACT0016854,O002803,S018,Call,2023-06-08 14:43:00,18
ACT0016855,O002803,S018,Call,2023-06-10 16:19:00,44
ACT0016856,O002803,S018,Email,2023-06-15 18:22:00,0
ACT0016857,O002803,S018,Demo,2023-06-29 08:41:00,100
ACT0016858,O002804,S036,Demo,2025-03-06 16:52:00,74
ACT0016859,O002804,S036,Email,2025-03-04 18:22:00,0
ACT0016860,O002804,S036,Demo,2025-02-26 13:36:00,65
ACT0016861,O002804,S036,Meeting,2025-02-18 17:56:00,73
ACT0016862,O002804,S036,Meeting,2025-02-28 18:01:00,84
ACT0016863,O002804,S036,Email,2025-02-11 16:02:00,0
ACT0016864,O002805,S027,Email,2025-05-17 09:09:00,0
ACT0016865,O002805,S027,Meeting,2025-05-28 09:21:00,63
ACT0016866,O002805,S027,Email,2025-06-17 13:58:00,0
ACT0016867,O002805,S027,Email,2025-06-01 11:08:00,0
ACT0016868,O002805,S027,Demo,2025-06-17 18:07:00,51
ACT0016869,O002806,S016,Email,2024-08-30 13:28:00,0
ACT0016870,O002806,S016,Meeting,2024-08-22 10:55:00,72
ACT0016871,O002806,S016,Email,2024-08-23 11:22:00,0
ACT0016872,O002806,S016,Call,2024-08-16 13:58:00,30
ACT0016873,O002806,S016,Call,2024-07-08 12:45:00,35
ACT0016874,O002806,S016,Demo,2024-08-02 18:35:00,102
ACT0016875,O002806,S016,Meeting,2024-07-27 17:09:00,48
ACT0016876,O002807,S040,Call,2025-06-24 08:53:00,13
ACT0016877,O002807,S040,Meeting,2025-06-22 12:31:00,83
ACT0016878,O002807,S040,Email,2025-06-14 08:02:00,0
ACT0016879,O002807,S040,Call,2025-06-19 10:51:00,34
ACT0016880,O002808,S031,Call,2025-06-14 11:11:00,35
ACT0016881,O002808,S031,Email,2025-06-16 09:58:00,0
ACT0016882,O002808,S031,Email,2025-06-09 12:32:00,0
ACT0016883,O002808,S031,Demo,2025-06-10 13:52:00,76
ACT0016884,O002808,S031,Email,2025-06-12 18:20:00,0
ACT0016885,O002808,S031,Meeting,2025-06-12 14:30:00,75
ACT0016886,O002808,S031,Call,2025-06-17 08:36:00,22
ACT0016887,O002809,S031,Meeting,2023-02-20 09:59:00,45
ACT0016888,O002809,S031,Call,2023-02-20 15:57:00,14
ACT0016889,O002809,S031,Email,2023-02-22 17:38:00,0
ACT0016890,O002809,S031,Call,2023-03-02 18:55:00,33
ACT0016891,O002809,S031,Call,2023-02-17 08:29:00,5
ACT0016892,O002810,S012,Email,2025-06-30 18:19:00,0
ACT0016893,O002810,S012,Call,2025-06-30 17:27:00,15
ACT0016894,O002810,S012,Email,2025-06-27 10:17:00,0
ACT0016895,O002810,S012,Email,2025-06-27 12:21:00,0
ACT0016896,O002810,S012,Email,2025-06-29 10:49:00,0
ACT0016897,O002810,S012,Email,2025-06-28 08:55:00,0
ACT0016898,O002810,S012,Call,2025-06-29 10:53:00,24
ACT0016899,O002811,S004,Call,2025-03-10 11:42:00,8
ACT0016900,O002811,S004,Call,2025-02-26 12:15:00,26
ACT0016901,O002811,S004,Email,2025-02-26 15:07:00,0
ACT0016902,O002812,S033,Meeting,2025-06-01 17:15:00,67
ACT0016903,O002812,S033,Call,2025-06-01 18:55:00,30
ACT0016904,O002812,S033,Email,2025-06-30 09:48:00,0
ACT0016905,O002812,S033,Email,2025-05-18 08:16:00,0
ACT0016906,O002812,S033,Demo,2025-06-13 15:50:00,68
ACT0016907,O002813,S001,Call,2024-04-03 11:13:00,7
ACT0016908,O002813,S001,Email,2024-04-06 18:51:00,0
ACT0016909,O002813,S001,Email,2024-03-21 17:50:00,0
ACT0016910,O002813,S001,Meeting,2024-03-15 12:11:00,87
ACT0016911,O002813,S001,Meeting,2024-04-13 08:21:00,40
ACT0016912,O002813,S001,Call,2024-03-30 09:50:00,20
ACT0016913,O002813,S001,Meeting,2024-04-01 18:36:00,85
ACT0016914,O002813,S001,Meeting,2024-03-23 13:30:00,62
ACT0016915,O002813,S001,Email,2024-04-08 09:43:00,0
ACT0016916,O002813,S001,Email,2024-04-14 08:54:00,0
ACT0016917,O002813,S001,Email,2024-03-27 17:30:00,0
ACT0016918,O002814,S036,Email,2025-05-25 18:48:00,0
ACT0016919,O002814,S036,Call,2025-06-09 11:12:00,35
ACT0016920,O002814,S036,Call,2025-06-14 08:26:00,19
ACT0016921,O002814,S036,Call,2025-05-27 15:54:00,24
ACT0016922,O002814,S036,Call,2025-04-28 15:24:00,30
ACT0016923,O002814,S036,Call,2025-04-23 17:46:00,19
ACT0016924,O002814,S036,Demo,2025-05-06 11:50:00,67
ACT0016925,O002815,S019,Email,2023-12-10 11:38:00,0
ACT0016926,O002815,S019,Email,2023-12-14 09:08:00,0
ACT0016927,O002815,S019,Call,2023-12-17 15:26:00,14
ACT0016928,O002815,S019,Email,2023-12-03 15:17:00,0
ACT0016929,O002815,S019,Email,2024-01-06 13:08:00,0
ACT0016930,O002815,S019,Email,2023-12-08 09:48:00,0
ACT0016931,O002815,S019,Call,2023-12-25 11:12:00,35
ACT0016932,O002815,S019,Call,2023-12-08 10:45:00,32
ACT0016933,O002815,S019,Meeting,2024-01-05 16:24:00,39
ACT0016934,O002815,S019,Email,2023-12-14 13:13:00,0
ACT0016935,O002815,S019,Email,2024-01-07 15:04:00,0
ACT0016936,O002815,S019,Email,2023-12-29 16:46:00,0
ACT0016937,O002815,S019,Demo,2023-11-27 15:10:00,91
ACT0016938,O002816,S014,Call,2024-01-11 10:44:00,26
ACT0016939,O002816,S014,Call,2023-12-17 14:07:00,24
ACT0016940,O002816,S014,Meeting,2024-02-25 09:10:00,80
ACT0016941,O002816,S014,Demo,2024-02-06 18:47:00,85
ACT0016942,O002816,S014,Meeting,2024-02-27 17:47:00,87
ACT0016943,O002816,S014,Demo,2024-02-15 14:52:00,71
ACT0016944,O002816,S014,Call,2024-01-17 09:57:00,35
ACT0016945,O002816,S014,Call,2024-01-12 15:39:00,31
ACT0016946,O002817,S011,Email,2025-06-22 11:31:00,0
ACT0016947,O002817,S011,Call,2025-06-23 17:31:00,36
ACT0016948,O002817,S011,Call,2025-06-20 10:53:00,41
ACT0016949,O002817,S011,Meeting,2025-06-23 16:22:00,70
ACT0016950,O002818,S023,Call,2023-02-11 13:52:00,36
ACT0016951,O002818,S023,Email,2023-02-05 10:58:00,0
ACT0016952,O002818,S023,Email,2023-02-16 14:34:00,0
ACT0016953,O002818,S023,Meeting,2023-01-26 12:49:00,68
ACT0016954,O002818,S023,Email,2023-02-06 13:15:00,0
ACT0016955,O002818,S023,Email,2023-01-26 12:05:00,0
ACT0016956,O002818,S023,Email,2023-02-06 18:47:00,0
ACT0016957,O002818,S023,Call,2023-01-31 18:46:00,10
ACT0016958,O002818,S023,Demo,2023-02-05 13:48:00,88
ACT0016959,O002819,S002,Email,2025-05-29 18:15:00,0
ACT0016960,O002819,S002,Email,2025-05-31 16:19:00,0
ACT0016961,O002819,S002,Email,2025-05-29 18:11:00,0
ACT0016962,O002820,S035,Email,2023-12-13 11:13:00,0
ACT0016963,O002820,S035,Email,2023-12-19 11:39:00,0
ACT0016964,O002820,S035,Email,2023-12-21 12:54:00,0
ACT0016965,O002820,S035,Call,2023-12-16 08:28:00,30
ACT0016966,O002820,S035,Email,2023-12-01 17:27:00,0
ACT0016967,O002820,S035,Email,2023-12-13 15:20:00,0
ACT0016968,O002821,S002,Call,2024-12-07 08:55:00,21
ACT0016969,O002821,S002,Email,2024-11-20 15:52:00,0
ACT0016970,O002821,S002,Email,2024-12-10 16:25:00,0
ACT0016971,O002821,S002,Meeting,2024-11-29 12:59:00,48
ACT0016972,O002821,S002,Meeting,2024-11-10 15:34:00,69
ACT0016973,O002822,S003,Call,2025-06-28 12:44:00,23
ACT0016974,O002822,S003,Meeting,2025-06-19 15:56:00,67
ACT0016975,O002822,S003,Call,2025-06-22 09:58:00,12
ACT0016976,O002823,S023,Call,2024-03-07 17:42:00,11
ACT0016977,O002823,S023,Demo,2024-02-28 08:29:00,61
ACT0016978,O002823,S023,Demo,2022-03-27 15:38:00,107
ACT0016979,O002823,S023,Demo,2024-05-12 12:01:00,46
ACT0016980,O002823,S023,Call,2024-03-28 08:02:00,37
ACT0016981,O002823,S023,Demo,2024-05-06 13:42:00,60
ACT0016982,O002823,S023,Demo,2024-04-11 11:34:00,51
ACT0016983,O002823,S023,Email,2024-04-01 15:59:00,0
ACT0016984,O002823,S023,Email,2024-02-26 14:20:00,0
ACT0016985,O002823,S023,Call,2024-01-27 10:26:00,25
ACT0016986,O002823,S023,Call,2024-05-15 15:08:00,27
ACT0016987,O002824,S023,Call,2023-08-16 18:06:00,35
ACT0016988,O002824,S023,Email,2023-09-01 14:39:00,0
ACT0016989,O002824,S023,Email,2023-10-07 12:03:00,0
ACT0016990,O002824,S023,Call,2023-09-18 09:51:00,9
ACT0016991,O002824,S023,Call,2023-08-11 09:15:00,19
ACT0016992,O002824,S023,Call,2023-10-13 12:04:00,38
ACT0016993,O002825,S008,Call,2025-05-01 08:17:00,12
ACT0016994,O002825,S008,Call,2025-04-01 09:28:00,33
ACT0016995,O002825,S008,Email,2025-05-16 14:11:00,0
ACT0016996,O002825,S008,Call,2025-04-22 14:46:00,9
ACT0016997,O002825,S008,Email,2025-04-20 13:25:00,0
ACT0016998,O002825,S008,Meeting,2025-03-28 16:37:00,40
ACT0016999,O002825,S008,Email,2025-03-27 12:03:00,0
ACT0017000,O002825,S008,Email,2025-05-11 10:36:00,0
ACT0017001,O002826,S029,Call,2025-05-10 09:33:00,43
ACT0017002,O002826,S029,Meeting,2025-05-25 16:14:00,68
ACT0017003,O002826,S029,Call,2025-05-10 17:49:00,29
ACT0017004,O002826,S029,Call,2025-05-22 09:20:00,35
ACT0017005,O002826,S029,Email,2025-05-21 12:17:00,0
ACT0017006,O002826,S029,Email,2025-05-11 16:18:00,0
ACT0017007,O002826,S029,Demo,2025-05-23 10:46:00,83
ACT0017008,O002826,S029,Email,2025-05-26 14:05:00,0
ACT0017009,O002827,S026,Meeting,2025-05-27 16:57:00,37
ACT0017010,O002827,S026,Email,2025-06-30 15:16:00,0
ACT0017011,O002827,S026,Email,2025-06-30 11:48:00,0
ACT0017012,O002827,S026,Demo,2025-06-02 10:43:00,70
ACT0017013,O002827,S026,Meeting,2025-06-14 17:51:00,63
ACT0017014,O002828,S015,Call,2024-05-02 17:54:00,15
ACT0017015,O002828,S015,Meeting,2024-04-25 18:48:00,74
ACT0017016,O002828,S015,Meeting,2024-04-22 12:40:00,41
ACT0017017,O002828,S015,Call,2024-04-27 08:00:00,20
ACT0017018,O002828,S015,Email,2024-04-22 09:35:00,0
ACT0017019,O002828,S015,Call,2024-03-22 08:40:00,26
ACT0017020,O002828,S015,Demo,2024-04-04 16:50:00,46
ACT0017021,O002828,S015,Call,2024-03-20 16:08:00,17
ACT0017022,O002828,S015,Call,2024-03-27 14:55:00,29
ACT0017023,O002829,S040,Meeting,2024-10-25 09:25:00,56
ACT0017024,O002829,S040,Demo,2024-10-21 08:51:00,106
ACT0017025,O002829,S040,Call,2024-09-24 10:26:00,31
ACT0017026,O002829,S040,Email,2024-10-21 12:14:00,0
ACT0017027,O002830,S035,Email,2023-08-01 16:35:00,0
ACT0017028,O002830,S035,Email,2023-08-02 15:15:00,0
ACT0017029,O002830,S035,Meeting,2023-08-27 18:34:00,87
ACT0017030,O002830,S035,Meeting,2023-08-13 17:55:00,51
ACT0017031,O002830,S035,Email,2023-08-21 09:22:00,0
ACT0017032,O002830,S035,Call,2023-08-26 08:02:00,27
ACT0017033,O002831,S027,Call,2023-09-27 11:47:00,42
ACT0017034,O002831,S027,Demo,2023-10-19 10:25:00,71
ACT0017035,O002831,S027,Call,2023-08-29 17:08:00,43
ACT0017036,O002832,S018,Call,2023-07-19 11:03:00,17
ACT0017037,O002832,S018,Email,2023-07-30 17:37:00,0
ACT0017038,O002833,S014,Call,2024-02-24 12:59:00,44
ACT0017039,O002834,S011,Email,2023-05-22 14:31:00,0
ACT0017040,O002834,S011,Demo,2023-05-10 10:12:00,69
ACT0017041,O002834,S011,Call,2023-04-24 18:07:00,6
ACT0017042,O002834,S011,Call,2023-04-25 14:51:00,8
ACT0017043,O002834,S011,Demo,2023-05-03 09:20:00,57
ACT0017044,O002834,S011,Call,2023-05-30 09:58:00,41
ACT0017045,O002834,S011,Email,2023-05-11 11:29:00,0
ACT0017046,O002835,S037,Call,2024-10-09 17:18:00,15
ACT0017047,O002835,S037,Meeting,2024-10-13 13:39:00,35
ACT0017048,O002835,S037,Email,2024-10-16 11:10:00,0
ACT0017049,O002835,S037,Email,2024-11-18 13:26:00,0
ACT0017050,O002835,S037,Call,2024-11-07 16:46:00,22
ACT0017051,O002835,S037,Email,2024-10-25 16:05:00,0
ACT0017052,O002835,S037,Email,2024-11-17 18:55:00,0
ACT0017053,O002836,S017,Email,2024-04-13 11:48:00,0
ACT0017054,O002836,S017,Meeting,2024-03-26 15:45:00,43
ACT0017055,O002836,S017,Demo,2024-03-07 11:24:00,102
ACT0017056,O002836,S017,Call,2024-03-25 09:21:00,6
ACT0017057,O002836,S017,Call,2024-03-21 13:51:00,27
ACT0017058,O002837,S027,Meeting,2024-01-18 12:03:00,65
ACT0017059,O002837,S027,Email,2024-01-14 16:43:00,0
ACT0017060,O002837,S027,Call,2024-01-18 15:12:00,15
ACT0017061,O002837,S027,Email,2024-02-15 10:42:00,0
ACT0017062,O002837,S027,Email,2023-12-29 12:28:00,0
ACT0017063,O002837,S027,Call,2024-01-26 08:57:00,22
ACT0017064,O002837,S027,Meeting,2024-01-26 14:01:00,45
ACT0017065,O002837,S027,Email,2023-12-15 08:59:00,0
ACT0017066,O002838,S008,Email,2024-03-25 12:48:00,0
ACT0017067,O002838,S008,Email,2024-03-23 13:09:00,0
ACT0017068,O002838,S008,Email,2024-04-15 11:58:00,0
ACT0017069,O002838,S008,Demo,2024-04-04 15:16:00,102
ACT0017070,O002838,S008,Meeting,2024-03-17 10:29:00,63
ACT0017071,O002839,S002,Meeting,2023-05-19 14:59:00,33
ACT0017072,O002839,S002,Email,2023-06-23 10:27:00,0
ACT0017073,O002839,S002,Email,2023-07-13 08:54:00,0
ACT0017074,O002839,S002,Email,2023-05-04 12:40:00,0
ACT0017075,O002840,S011,Email,2025-04-05 08:40:00,0
ACT0017076,O002840,S011,Email,2025-04-03 10:17:00,0
ACT0017077,O002840,S011,Call,2025-04-07 15:38:00,37
ACT0017078,O002841,S019,Call,2023-12-28 15:59:00,41
ACT0017079,O002841,S019,Meeting,2024-01-23 12:40:00,78
ACT0017080,O002841,S019,Email,2023-12-18 14:35:00,0
ACT0017081,O002841,S019,Meeting,2023-12-26 14:17:00,85
ACT0017082,O002841,S019,Email,2023-12-19 11:59:00,0
ACT0017083,O002842,S025,Email,2025-03-22 17:38:00,0
ACT0017084,O002842,S025,Email,2025-03-25 08:06:00,0
ACT0017085,O002842,S025,Email,2025-04-25 18:23:00,0
ACT0017086,O002842,S025,Email,2025-04-08 16:47:00,0
ACT0017087,O002842,S025,Call,2025-04-27 13:07:00,33
ACT0017088,O002842,S025,Call,2025-04-01 18:17:00,40
ACT0017089,O002843,S014,Meeting,2025-05-24 13:34:00,37
ACT0017090,O002843,S014,Call,2025-06-25 10:43:00,22
ACT0017091,O002843,S014,Email,2025-04-09 10:29:00,0
ACT0017092,O002843,S014,Meeting,2025-05-29 14:59:00,69
ACT0017093,O002843,S014,Email,2025-04-30 08:00:00,0
ACT0017094,O002843,S014,Demo,2025-03-12 11:51:00,84
ACT0017095,O002843,S014,Meeting,2025-04-15 17:06:00,69
ACT0017096,O002843,S014,Call,2025-05-20 18:00:00,21
ACT0017097,O002844,S037,Call,2024-02-15 08:27:00,43
ACT0017098,O002844,S037,Meeting,2024-01-28 18:21:00,83
ACT0017099,O002844,S037,Email,2024-02-14 15:59:00,0
ACT0017100,O002844,S037,Call,2024-02-26 09:06:00,15
ACT0017101,O002844,S037,Call,2024-02-07 16:44:00,9
ACT0017102,O002844,S037,Email,2024-02-15 10:16:00,0
ACT0017103,O002844,S037,Email,2024-02-01 14:36:00,0
ACT0017104,O002844,S037,Email,2024-02-13 11:35:00,0
ACT0017105,O002844,S037,Call,2024-02-21 10:37:00,29
ACT0017106,O002845,S018,Call,2024-03-21 08:20:00,13
ACT0017107,O002845,S018,Call,2024-03-09 14:09:00,8
ACT0017108,O002845,S018,Email,2024-03-12 09:18:00,0
ACT0017109,O002845,S018,Call,2024-03-11 13:09:00,43
ACT0017110,O002845,S018,Call,2024-03-23 15:11:00,43
ACT0017111,O002845,S018,Email,2024-03-01 14:52:00,0
ACT0017112,O002845,S018,Call,2024-03-27 16:22:00,10
ACT0017113,O002846,S002,Email,2023-08-12 13:31:00,0
ACT0017114,O002846,S002,Demo,2023-08-05 15:16:00,94
ACT0017115,O002846,S002,Email,2023-08-10 14:45:00,0
ACT0017116,O002846,S002,Meeting,2023-08-17 10:43:00,40
ACT0017117,O002846,S002,Email,2023-08-24 12:33:00,0
ACT0017118,O002846,S002,Call,2023-07-31 16:20:00,20
ACT0017119,O002846,S002,Email,2023-07-19 08:19:00,0
ACT0017120,O002847,S021,Email,2024-11-22 16:51:00,0
ACT0017121,O002847,S021,Call,2024-11-27 12:56:00,44
ACT0017122,O002847,S021,Call,2024-11-18 14:07:00,9
ACT0017123,O002847,S021,Call,2024-10-28 08:15:00,5
ACT0017124,O002848,S014,Email,2023-12-04 08:43:00,0
ACT0017125,O002848,S014,Call,2024-01-09 09:58:00,28
ACT0017126,O002848,S014,Call,2024-01-07 09:11:00,29
ACT0017127,O002848,S014,Email,2023-11-28 14:29:00,0
ACT0017128,O002848,S014,Email,2023-12-18 18:13:00,0
ACT0017129,O002849,S001,Email,2025-05-04 15:22:00,0
ACT0017130,O002849,S001,Call,2025-05-05 15:43:00,41
ACT0017131,O002849,S001,Email,2025-05-05 09:32:00,0
ACT0017132,O002849,S001,Demo,2025-05-07 16:13:00,69
ACT0017133,O002849,S001,Email,2025-05-10 15:45:00,0
ACT0017134,O002849,S001,Call,2025-05-10 10:16:00,43
ACT0017135,O002849,S001,Meeting,2025-05-06 11:54:00,63
ACT0017136,O002849,S001,Email,2025-05-05 09:27:00,0
ACT0017137,O002849,S001,Meeting,2025-05-07 10:49:00,89
ACT0017138,O002850,S016,Meeting,2025-04-16 16:47:00,51
ACT0017139,O002850,S016,Meeting,2025-04-11 15:10:00,60
ACT0017140,O002850,S016,Demo,2025-04-09 13:02:00,95
ACT0017141,O002851,S034,Email,2025-02-21 13:04:00,0
ACT0017142,O002851,S034,Email,2025-02-28 09:19:00,0
ACT0017143,O002851,S034,Call,2025-02-19 10:32:00,20
ACT0017144,O002851,S034,Meeting,2025-02-16 13:39:00,38
ACT0017145,O002852,S024,Email,2025-01-12 16:08:00,0
ACT0017146,O002852,S024,Call,2025-02-02 13:51:00,25
ACT0017147,O002852,S024,Call,2025-02-11 15:58:00,37
ACT0017148,O002852,S024,Call,2025-02-02 15:47:00,6
ACT0017149,O002852,S024,Meeting,2025-01-15 16:17:00,53
ACT0017150,O002852,S024,Email,2025-01-17 11:57:00,0
ACT0017151,O002852,S024,Call,2025-01-02 15:23:00,28
ACT0017152,O002853,S023,Email,2023-06-09 17:56:00,0
ACT0017153,O002853,S023,Call,2023-06-02 15:11:00,11
ACT0017154,O002853,S023,Email,2023-06-06 14:26:00,0
ACT0017155,O002853,S023,Email,2023-06-02 10:25:00,0
ACT0017156,O002853,S023,Call,2023-06-07 17:24:00,29
ACT0017157,O002853,S023,Demo,2023-06-05 08:12:00,60
ACT0017158,O002853,S023,Meeting,2023-06-08 14:28:00,39
ACT0017159,O002853,S023,Meeting,2023-06-04 17:28:00,83
ACT0017160,O002853,S023,Email,2023-06-08 13:26:00,0
ACT0017161,O002854,S021,Email,2024-01-30 12:34:00,0
ACT0017162,O002854,S021,Email,2024-01-28 12:01:00,0
ACT0017163,O002854,S021,Email,2024-01-19 14:02:00,0
ACT0017164,O002854,S021,Meeting,2024-01-24 18:34:00,66
ACT0017165,O002854,S021,Email,2024-01-24 08:27:00,0
ACT0017166,O002854,S021,Call,2024-01-14 11:45:00,11
ACT0017167,O002854,S021,Meeting,2024-01-25 18:27:00,55
ACT0017168,O002854,S021,Email,2024-01-31 11:41:00,0
ACT0017169,O002854,S021,Meeting,2024-02-03 11:31:00,71
ACT0017170,O002854,S021,Email,2024-01-31 08:23:00,0
ACT0017171,O002855,S008,Call,2023-11-17 14:25:00,41
ACT0017172,O002855,S008,Meeting,2023-10-17 10:28:00,76
ACT0017173,O002855,S008,Call,2023-10-13 18:38:00,38
ACT0017174,O002856,S029,Call,2023-03-22 18:34:00,17
ACT0017175,O002856,S029,Email,2023-03-07 09:43:00,0
ACT0017176,O002856,S029,Email,2023-03-14 11:28:00,0
ACT0017177,O002856,S029,Call,2023-03-25 18:49:00,24
ACT0017178,O002856,S029,Call,2023-03-17 16:36:00,34
ACT0017179,O002856,S029,Email,2023-03-10 18:05:00,0
ACT0017180,O002857,S009,Email,2023-01-31 08:47:00,0
ACT0017181,O002857,S009,Call,2023-01-23 13:44:00,17
ACT0017182,O002857,S009,Call,2023-01-03 17:18:00,39
ACT0017183,O002857,S009,Demo,2023-02-05 18:18:00,113
ACT0017184,O002857,S009,Call,2023-01-26 13:33:00,10
ACT0017185,O002857,S009,Demo,2023-01-05 15:14:00,116
ACT0017186,O002857,S009,Call,2023-01-31 18:36:00,9
ACT0017187,O002857,S009,Call,2023-01-11 13:23:00,22
ACT0017188,O002858,S038,Call,2023-10-31 13:24:00,25
ACT0017189,O002858,S038,Call,2023-10-19 15:39:00,36
ACT0017190,O002858,S038,Call,2023-10-21 11:43:00,17
ACT0017191,O002858,S038,Meeting,2023-10-30 18:55:00,32
ACT0017192,O002858,S038,Meeting,2023-10-29 10:25:00,67
ACT0017193,O002859,S016,Email,2025-06-18 14:20:00,0
ACT0017194,O002859,S016,Call,2025-06-27 14:32:00,31
ACT0017195,O002859,S016,Email,2025-06-28 15:57:00,0
ACT0017196,O002859,S016,Call,2025-06-09 09:30:00,40
ACT0017197,O002860,S023,Call,2024-09-05 15:27:00,31
ACT0017198,O002860,S023,Email,2024-09-07 13:47:00,0
ACT0017199,O002860,S023,Call,2024-10-01 18:09:00,25
ACT0017200,O002860,S023,Call,2024-09-22 08:43:00,25
ACT0017201,O002860,S023,Demo,2024-10-05 16:36:00,88
ACT0017202,O002860,S023,Email,2024-09-27 13:42:00,0
ACT0017203,O002860,S023,Meeting,2024-08-31 13:37:00,65
ACT0017204,O002860,S023,Meeting,2024-09-03 12:32:00,42
ACT0017205,O002861,S029,Email,2024-12-17 10:37:00,0
ACT0017206,O002861,S029,Email,2024-12-16 14:23:00,0
ACT0017207,O002861,S029,Call,2024-12-13 14:03:00,22
ACT0017208,O002861,S029,Call,2024-12-07 11:11:00,17
ACT0017209,O002861,S029,Email,2024-12-17 13:20:00,0
ACT0017210,O002862,S031,Email,2025-06-12 11:50:00,0
ACT0017211,O002863,S023,Email,2024-03-23 09:03:00,0
ACT0017212,O002863,S023,Call,2024-05-28 10:59:00,13
ACT0017213,O002863,S023,Email,2024-05-26 08:05:00,0
ACT0017214,O002863,S023,Call,2024-04-13 16:50:00,12
ACT0017215,O002863,S023,Call,2024-05-22 17:24:00,8
ACT0017216,O002863,S023,Call,2024-04-26 17:18:00,16
ACT0017217,O002864,S009,Call,2025-03-02 18:57:00,10
ACT0017218,O002864,S009,Call,2025-03-22 17:54:00,14
ACT0017219,O002864,S009,Call,2025-03-27 16:03:00,33
ACT0017220,O002864,S009,Meeting,2025-04-06 18:20:00,47
ACT0017221,O002865,S020,Meeting,2023-05-23 08:27:00,56
ACT0017222,O002865,S020,Call,2023-04-20 16:19:00,33
ACT0017223,O002865,S020,Demo,2023-03-29 12:37:00,111
ACT0017224,O002865,S020,Email,2023-04-06 10:06:00,0
ACT0017225,O002866,S040,Call,2023-03-07 14:53:00,40
ACT0017226,O002866,S040,Demo,2023-03-06 11:38:00,72
ACT0017227,O002867,S009,Meeting,2025-06-01 09:30:00,84
ACT0017228,O002867,S009,Email,2025-06-02 14:17:00,0
ACT0017229,O002867,S009,Call,2025-06-01 09:53:00,33
ACT0017230,O002867,S009,Email,2025-06-18 08:17:00,0
ACT0017231,O002868,S010,Email,2025-06-28 16:07:00,0
ACT0017232,O002868,S010,Meeting,2025-06-25 17:48:00,45
ACT0017233,O002869,S020,Call,2025-06-28 18:21:00,38
ACT0017234,O002869,S020,Call,2025-06-30 16:33:00,40
ACT0017235,O002869,S020,Email,2025-06-27 14:21:00,0
ACT0017236,O002870,S010,Meeting,2025-06-26 17:14:00,38
ACT0017237,O002870,S010,Call,2025-05-07 12:06:00,43
ACT0017238,O002870,S010,Email,2025-05-25 08:41:00,0
ACT0017239,O002870,S010,Call,2025-05-16 15:06:00,7
ACT0017240,O002870,S010,Call,2025-06-03 11:33:00,18
ACT0017241,O002870,S010,Email,2025-06-23 14:46:00,0
ACT0017242,O002870,S010,Email,2025-06-23 16:59:00,0
ACT0017243,O002870,S010,Demo,2025-06-03 08:59:00,58
ACT0017244,O002870,S010,Demo,2025-06-05 12:37:00,62
ACT0017245,O002870,S010,Email,2025-05-12 14:52:00,0
ACT0017246,O002871,S009,Meeting,2023-11-15 10:32:00,34
ACT0017247,O002871,S009,Meeting,2023-11-08 14:16:00,78
ACT0017248,O002871,S009,Call,2023-08-21 13:03:00,40
ACT0017249,O002871,S009,Call,2023-10-27 10:16:00,30
ACT0017250,O002872,S035,Meeting,2025-04-21 13:48:00,69
ACT0017251,O002872,S035,Email,2025-04-10 18:45:00,0
ACT0017252,O002872,S035,Call,2025-04-12 18:46:00,32
ACT0017253,O002872,S035,Meeting,2025-03-27 11:15:00,43
ACT0017254,O002872,S035,Email,2025-04-27 17:21:00,0
ACT0017255,O002872,S035,Meeting,2025-04-23 15:59:00,71
ACT0017256,O002872,S035,Email,2025-05-06 17:08:00,0
ACT0017257,O002873,S006,Meeting,2024-06-06 13:36:00,31
ACT0017258,O002873,S006,Call,2024-05-30 09:52:00,39
ACT0017259,O002873,S006,Call,2024-06-10 08:58:00,31
ACT0017260,O002873,S006,Call,2024-05-29 17:33:00,35
ACT0017261,O002873,S006,Meeting,2024-06-26 18:17:00,71
ACT0017262,O002873,S006,Call,2024-05-29 18:20:00,20
ACT0017263,O002873,S006,Call,2024-06-11 15:05:00,9
ACT0017264,O002874,S018,Call,2025-03-07 12:08:00,36
ACT0017265,O002874,S018,Email,2025-03-11 08:58:00,0
ACT0017266,O002874,S018,Email,2025-04-14 09:05:00,0
ACT0017267,O002874,S018,Call,2025-04-05 15:21:00,26
ACT0017268,O002875,S017,Call,2025-05-17 14:27:00,12
ACT0017269,O002875,S017,Meeting,2025-05-19 09:46:00,35
ACT0017270,O002875,S017,Email,2025-05-11 18:34:00,0
ACT0017271,O002875,S017,Call,2025-05-25 18:47:00,35
ACT0017272,O002875,S017,Email,2025-04-14 18:21:00,0
ACT0017273,O002875,S017,Demo,2025-05-23 14:49:00,64
ACT0017274,O002875,S017,Call,2025-05-23 11:27:00,38
ACT0017275,O002876,S029,Meeting,2025-04-24 09:19:00,76
ACT0017276,O002876,S029,Call,2025-04-11 18:28:00,18
ACT0017277,O002876,S029,Demo,2025-04-02 08:41:00,49
ACT0017278,O002876,S029,Call,2025-05-15 18:21:00,32
ACT0017279,O002876,S029,Email,2025-05-07 14:36:00,0
ACT0017280,O002877,S029,Call,2024-12-16 10:48:00,11
ACT0017281,O002877,S029,Call,2024-11-27 16:27:00,43
ACT0017282,O002877,S029,Meeting,2024-12-16 14:06:00,33
ACT0017283,O002877,S029,Email,2024-11-13 08:00:00,0
ACT0017284,O002877,S029,Email,2024-11-15 09:59:00,0
ACT0017285,O002878,S015,Email,2025-03-17 17:14:00,0
ACT0017286,O002878,S015,Call,2025-06-06 15:14:00,21
ACT0017287,O002878,S015,Call,2025-03-09 17:44:00,38
ACT0017288,O002878,S015,Email,2025-05-07 10:43:00,0
ACT0017289,O002878,S015,Email,2025-06-28 18:47:00,0
ACT0017290,O002879,S022,Call,2025-02-08 13:30:00,32
ACT0017291,O002879,S022,Demo,2025-01-31 17:19:00,71
ACT0017292,O002879,S022,Email,2025-01-27 14:09:00,0
ACT0017293,O002879,S022,Call,2025-02-14 15:06:00,11
ACT0017294,O002879,S022,Email,2025-01-26 09:45:00,0
ACT0017295,O002879,S022,Email,2025-02-23 11:34:00,0
ACT0017296,O002879,S022,Meeting,2025-02-08 18:51:00,42
ACT0017297,O002879,S022,Email,2025-02-03 18:40:00,0
ACT0017298,O002880,S012,Call,2023-07-30 09:18:00,11
ACT0017299,O002880,S012,Call,2023-08-25 15:22:00,15
ACT0017300,O002880,S012,Call,2023-07-14 08:42:00,20
ACT0017301,O002880,S012,Email,2023-06-28 09:38:00,0
ACT0017302,O002881,S015,Email,2023-11-16 10:55:00,0
ACT0017303,O002881,S015,Meeting,2023-11-25 08:57:00,85
ACT0017304,O002881,S015,Email,2023-12-18 13:51:00,0
ACT0017305,O002881,S015,Meeting,2024-01-12 15:20:00,33
ACT0017306,O002881,S015,Meeting,2023-09-27 08:37:00,60
ACT0017307,O002881,S015,Email,2023-10-20 13:08:00,0
ACT0017308,O002881,S015,Email,2024-01-03 12:12:00,0
ACT0017309,O002882,S012,Email,2023-09-10 14:00:00,0
ACT0017310,O002882,S012,Meeting,2023-08-24 10:58:00,54
ACT0017311,O002882,S012,Call,2023-10-15 18:15:00,25
ACT0017312,O002882,S012,Demo,2023-09-10 15:17:00,59
ACT0017313,O002882,S012,Demo,2023-08-26 12:36:00,83
ACT0017314,O002882,S012,Email,2023-10-05 15:33:00,0
ACT0017315,O002882,S012,Call,2023-09-16 15:38:00,42
ACT0017316,O002882,S012,Call,2023-08-12 10:34:00,20
ACT0017317,O002883,S026,Email,2025-05-30 09:34:00,0
ACT0017318,O002883,S026,Call,2025-05-19 13:00:00,7
ACT0017319,O002883,S026,Call,2025-05-15 08:24:00,24
ACT0017320,O002883,S026,Call,2025-06-22 16:59:00,16
ACT0017321,O002883,S026,Meeting,2025-06-27 08:46:00,60
ACT0017322,O002883,S026,Meeting,2025-06-03 10:59:00,42
ACT0017323,O002883,S026,Email,2025-05-16 09:47:00,0
ACT0017324,O002883,S026,Call,2025-06-07 13:27:00,12
ACT0017325,O002883,S026,Email,2025-06-24 16:23:00,0
ACT0017326,O002884,S037,Email,2024-05-17 14:47:00,0
ACT0017327,O002884,S037,Meeting,2024-06-18 09:57:00,31
ACT0017328,O002884,S037,Call,2024-06-28 10:15:00,17
ACT0017329,O002884,S037,Call,2024-06-18 14:06:00,14
ACT0017330,O002884,S037,Email,2024-07-06 09:38:00,0
ACT0017331,O002884,S037,Email,2024-07-18 08:56:00,0
ACT0017332,O002884,S037,Call,2024-07-07 12:53:00,8
ACT0017333,O002884,S037,Demo,2024-06-21 15:47:00,54
ACT0017334,O002885,S015,Call,2025-06-26 11:56:00,39
ACT0017335,O002885,S015,Call,2025-06-17 12:55:00,29
ACT0017336,O002886,S029,Email,2025-06-24 15:07:00,0
ACT0017337,O002887,S001,Meeting,2024-09-09 10:24:00,51
ACT0017338,O002888,S019,Email,2024-02-10 16:42:00,0
ACT0017339,O002888,S019,Call,2024-02-10 18:01:00,30
ACT0017340,O002888,S019,Call,2024-02-16 18:52:00,30
ACT0017341,O002888,S019,Call,2024-02-12 10:30:00,8
ACT0017342,O002888,S019,Call,2024-02-19 18:27:00,6
ACT0017343,O002888,S019,Email,2024-02-10 14:07:00,0
ACT0017344,O002888,S019,Email,2024-02-16 11:09:00,0
ACT0017345,O002889,S011,Call,2025-03-07 12:02:00,40
ACT0017346,O002889,S011,Call,2025-03-11 11:38:00,18
ACT0017347,O002889,S011,Call,2025-03-15 11:11:00,39
ACT0017348,O002889,S011,Call,2025-03-02 08:20:00,16
ACT0017349,O002889,S011,Email,2025-03-03 18:28:00,0
ACT0017350,O002889,S011,Call,2025-03-07 12:12:00,11
ACT0017351,O002889,S011,Email,2025-03-04 08:46:00,0
ACT0017352,O002890,S028,Call,2023-11-27 17:44:00,9
ACT0017353,O002890,S028,Email,2023-11-28 18:17:00,0
ACT0017354,O002890,S028,Meeting,2023-12-13 10:18:00,34
ACT0017355,O002891,S027,Demo,2023-03-05 18:46:00,88
ACT0017356,O002891,S027,Call,2023-03-13 11:43:00,12
ACT0017357,O002891,S027,Email,2023-03-26 18:17:00,0
ACT0017358,O002891,S027,Email,2023-03-21 09:44:00,0
ACT0017359,O002892,S022,Call,2023-11-04 12:21:00,33
ACT0017360,O002892,S022,Meeting,2023-11-10 08:05:00,30
ACT0017361,O002892,S022,Meeting,2023-11-10 15:10:00,88
ACT0017362,O002892,S022,Call,2023-11-08 16:49:00,13
ACT0017363,O002892,S022,Call,2023-10-28 13:06:00,28
ACT0017364,O002892,S022,Call,2023-11-01 12:32:00,38
ACT0017365,O002893,S031,Meeting,2024-07-23 12:08:00,51
ACT0017366,O002893,S031,Call,2024-07-10 10:29:00,38
ACT0017367,O002894,S030,Demo,2024-05-18 17:25:00,50
ACT0017368,O002894,S030,Meeting,2024-05-25 10:56:00,78
ACT0017369,O002894,S030,Email,2024-05-29 14:02:00,0
ACT0017370,O002894,S030,Call,2024-05-16 11:10:00,24
ACT0017371,O002894,S030,Email,2024-05-23 16:24:00,0
ACT0017372,O002894,S030,Email,2024-05-07 09:00:00,0
ACT0017373,O002894,S030,Call,2024-05-13 09:11:00,19
ACT0017374,O002894,S030,Email,2024-05-24 11:10:00,0
ACT0017375,O002894,S030,Email,2024-06-01 17:58:00,0
ACT0017376,O002895,S019,Email,2025-05-12 10:59:00,0
ACT0017377,O002895,S019,Call,2025-05-17 10:53:00,8
ACT0017378,O002895,S019,Email,2025-05-10 08:02:00,0
ACT0017379,O002895,S019,Meeting,2025-05-21 10:44:00,80
ACT0017380,O002895,S019,Email,2025-05-27 13:10:00,0
ACT0017381,O002895,S019,Email,2025-05-13 09:32:00,0
ACT0017382,O002895,S019,Call,2025-05-25 08:18:00,14
ACT0017383,O002896,S032,Call,2025-05-05 10:01:00,37
ACT0017384,O002896,S032,Email,2025-05-19 08:30:00,0
ACT0017385,O002896,S032,Email,2023-10-30 10:08:00,0
ACT0017386,O002897,S013,Call,2025-04-26 14:23:00,26
ACT0017387,O002897,S013,Call,2025-04-12 12:14:00,37
ACT0017388,O002897,S013,Meeting,2025-04-10 14:21:00,43
ACT0017389,O002897,S013,Call,2025-05-05 18:49:00,42
ACT0017390,O002897,S013,Email,2025-04-20 17:56:00,0
ACT0017391,O002897,S013,Demo,2025-04-18 14:46:00,61
ACT0017392,O002898,S018,Meeting,2023-09-13 17:55:00,76
ACT0017393,O002898,S018,Call,2023-09-13 13:01:00,29
ACT0017394,O002898,S018,Meeting,2023-08-17 16:20:00,45
ACT0017395,O002898,S018,Email,2023-07-29 11:08:00,0
ACT0017396,O002898,S018,Call,2023-08-27 12:36:00,38
ACT0017397,O002898,S018,Call,2023-09-21 12:32:00,10
ACT0017398,O002898,S018,Email,2023-08-21 08:34:00,0
ACT0017399,O002898,S018,Email,2023-08-31 08:01:00,0
ACT0017400,O002899,S007,Call,2023-04-01 09:57:00,42
ACT0017401,O002899,S007,Demo,2023-04-08 14:00:00,66
ACT0017402,O002899,S007,Call,2023-04-11 17:12:00,7
ACT0017403,O002899,S007,Call,2023-04-15 18:25:00,42
ACT0017404,O002899,S007,Call,2023-04-07 16:28:00,22
ACT0017405,O002900,S025,Call,2024-09-21 11:11:00,29
ACT0017406,O002900,S025,Meeting,2024-11-02 12:26:00,75
ACT0017407,O002900,S025,Meeting,2024-10-01 11:17:00,84
ACT0017408,O002900,S025,Meeting,2024-09-14 09:24:00,80
ACT0017409,O002900,S025,Meeting,2024-11-17 10:14:00,54
ACT0017410,O002900,S025,Call,2024-10-09 18:24:00,40
ACT0017411,O002900,S025,Call,2024-11-13 12:08:00,33
ACT0017412,O002900,S025,Email,2024-11-21 11:26:00,0
ACT0017413,O002901,S012,Call,2023-10-10 17:41:00,38
ACT0017414,O002901,S012,Call,2023-08-19 16:00:00,43
ACT0017415,O002901,S012,Email,2023-10-06 11:00:00,0
ACT0017416,O002902,S026,Call,2025-04-07 12:11:00,28
ACT0017417,O002902,S026,Call,2025-04-09 13:56:00,32
ACT0017418,O002902,S026,Call,2024-01-28 08:28:00,8
ACT0017419,O002902,S026,Meeting,2025-04-08 18:28:00,88
ACT0017420,O002902,S026,Call,2025-03-26 17:21:00,22
ACT0017421,O002902,S026,Call,2025-04-19 08:12:00,41
ACT0017422,O002903,S014,Call,2025-05-19 10:53:00,7
ACT0017423,O002903,S014,Email,2025-06-14 09:11:00,0
ACT0017424,O002903,S014,Call,2025-05-27 17:51:00,39
ACT0017425,O002903,S014,Email,2025-06-14 08:56:00,0
ACT0017426,O002903,S014,Meeting,2025-06-22 14:39:00,66
ACT0017427,O002903,S014,Email,2025-05-24 15:47:00,0
ACT0017428,O002903,S014,Email,2025-05-21 10:23:00,0
ACT0017429,O002903,S014,Call,2025-06-23 16:01:00,15
ACT0017430,O002904,S015,Email,2023-07-18 18:56:00,0
ACT0017431,O002904,S015,Email,2023-09-11 14:59:00,0
ACT0017432,O002904,S015,Call,2023-08-12 09:05:00,14
ACT0017433,O002904,S015,Call,2023-08-10 09:13:00,25
ACT0017434,O002904,S015,Email,2023-07-27 08:18:00,0
ACT0017435,O002904,S015,Call,2023-08-29 12:49:00,33
ACT0017436,O002904,S015,Call,2023-07-22 12:37:00,17
ACT0017437,O002904,S015,Call,2023-08-27 09:21:00,17
ACT0017438,O002905,S040,Call,2025-06-17 16:30:00,39
ACT0017439,O002905,S040,Call,2025-06-24 11:25:00,20
ACT0017440,O002905,S040,Email,2025-06-25 18:45:00,0
ACT0017441,O002906,S021,Call,2024-01-09 12:31:00,43
ACT0017442,O002906,S021,Email,2024-01-02 08:31:00,0
ACT0017443,O002906,S021,Email,2023-11-25 16:29:00,0
ACT0017444,O002906,S021,Meeting,2023-12-05 17:23:00,61
ACT0017445,O002906,S021,Meeting,2024-01-04 09:51:00,42
ACT0017446,O002906,S021,Call,2024-01-07 12:06:00,38
ACT0017447,O002906,S021,Demo,2023-11-19 18:52:00,72
ACT0017448,O002907,S035,Email,2025-03-24 10:03:00,0
ACT0017449,O002907,S035,Call,2025-03-21 16:13:00,29
ACT0017450,O002907,S035,Email,2025-03-26 16:20:00,0
ACT0017451,O002907,S035,Email,2025-04-01 13:57:00,0
ACT0017452,O002907,S035,Email,2025-03-30 09:56:00,0
ACT0017453,O002907,S035,Call,2025-03-25 18:23:00,8
ACT0017454,O002908,S008,Call,2024-01-27 18:45:00,37
ACT0017455,O002908,S008,Call,2024-02-13 12:02:00,8
ACT0017456,O002908,S008,Email,2024-02-03 17:29:00,0
ACT0017457,O002908,S008,Meeting,2024-02-03 08:13:00,61
ACT0017458,O002909,S025,Email,2025-06-30 09:25:00,0
ACT0017459,O002909,S025,Email,2025-06-25 14:02:00,0
ACT0017460,O002909,S025,Email,2025-06-21 18:41:00,0
ACT0017461,O002909,S025,Email,2025-06-23 12:37:00,0
ACT0017462,O002909,S025,Email,2025-06-28 13:10:00,0
ACT0017463,O002910,S023,Meeting,2025-04-27 10:21:00,57
ACT0017464,O002910,S023,Call,2025-05-13 14:25:00,23
ACT0017465,O002910,S023,Email,2025-05-11 12:26:00,0
ACT0017466,O002910,S023,Meeting,2025-06-05 11:19:00,78
ACT0017467,O002910,S023,Call,2025-05-24 12:43:00,13
ACT0017468,O002910,S023,Email,2025-05-08 15:08:00,0
ACT0017469,O002911,S009,Email,2024-11-24 12:01:00,0
ACT0017470,O002911,S009,Call,2024-10-08 16:04:00,14
ACT0017471,O002911,S009,Call,2024-12-09 11:47:00,5
ACT0017472,O002911,S009,Meeting,2024-12-08 13:07:00,49
ACT0017473,O002911,S009,Email,2024-12-05 08:35:00,0
ACT0017474,O002911,S009,Meeting,2024-11-13 10:27:00,30
ACT0017475,O002911,S009,Call,2024-12-13 10:44:00,39
ACT0017476,O002911,S009,Email,2024-09-28 15:56:00,0
ACT0017477,O002912,S032,Call,2025-02-25 08:45:00,23
ACT0017478,O002912,S032,Email,2025-02-18 09:31:00,0
ACT0017479,O002912,S032,Email,2025-02-19 15:09:00,0
ACT0017480,O002912,S032,Call,2025-02-25 11:24:00,43
ACT0017481,O002912,S032,Email,2025-02-09 10:37:00,0
ACT0017482,O002912,S032,Email,2025-02-07 08:45:00,0
ACT0017483,O002913,S038,Call,2024-11-04 18:20:00,36
ACT0017484,O002913,S038,Call,2024-11-02 18:42:00,22
ACT0017485,O002913,S038,Demo,2025-01-11 15:59:00,81
ACT0017486,O002913,S038,Email,2025-01-13 08:14:00,0
ACT0017487,O002913,S038,Call,2024-12-04 18:39:00,27
ACT0017488,O002914,S020,Meeting,2024-01-09 14:40:00,64
ACT0017489,O002914,S020,Meeting,2024-01-04 10:06:00,86
ACT0017490,O002914,S020,Call,2024-02-18 13:04:00,25
ACT0017491,O002914,S020,Demo,2024-02-22 12:42:00,117
ACT0017492,O002915,S013,Meeting,2024-08-26 08:35:00,60
ACT0017493,O002915,S013,Email,2024-08-18 10:21:00,0
ACT0017494,O002915,S013,Email,2024-08-05 08:11:00,0
ACT0017495,O002915,S013,Meeting,2024-08-12 08:42:00,30
ACT0017496,O002915,S013,Email,2024-08-25 16:58:00,0
ACT0017497,O002915,S013,Meeting,2024-08-12 13:27:00,77
ACT0017498,O002915,S013,Email,2024-08-21 17:02:00,0
ACT0017499,O002916,S016,Demo,2025-06-01 15:00:00,110
ACT0017500,O002916,S016,Meeting,2025-06-23 10:19:00,36
ACT0017501,O002916,S016,Email,2025-06-13 12:30:00,0
ACT0017502,O002916,S016,Email,2025-06-25 18:09:00,0
ACT0017503,O002917,S017,Call,2024-04-16 15:06:00,12
ACT0017504,O002917,S017,Meeting,2024-03-22 14:54:00,71
ACT0017505,O002917,S017,Email,2024-03-24 12:57:00,0
ACT0017506,O002917,S017,Email,2024-04-05 18:15:00,0
ACT0017507,O002917,S017,Call,2024-03-16 17:15:00,5
ACT0017508,O002917,S017,Demo,2024-03-29 10:35:00,74
ACT0017509,O002917,S017,Email,2024-03-24 14:51:00,0
ACT0017510,O002917,S017,Email,2024-03-04 14:52:00,0
ACT0017511,O002918,S037,Call,2025-05-24 18:26:00,15
ACT0017512,O002918,S037,Meeting,2025-06-17 17:13:00,75
ACT0017513,O002918,S037,Call,2025-06-13 16:32:00,13
ACT0017514,O002918,S037,Meeting,2025-05-26 09:26:00,51
ACT0017515,O002918,S037,Email,2025-06-22 10:52:00,0
ACT0017516,O002918,S037,Call,2025-06-01 17:12:00,32
ACT0017517,O002918,S037,Meeting,2025-06-18 08:16:00,88
ACT0017518,O002918,S037,Call,2025-06-04 17:59:00,10
ACT0017519,O002918,S037,Call,2025-05-21 13:31:00,16
ACT0017520,O002918,S037,Email,2025-06-28 13:19:00,0
ACT0017521,O002918,S037,Meeting,2025-06-02 08:29:00,75
ACT0017522,O002918,S037,Email,2025-06-27 09:32:00,0
ACT0017523,O002919,S030,Email,2024-01-03 10:53:00,0
ACT0017524,O002919,S030,Call,2024-02-09 18:18:00,26
ACT0017525,O002919,S030,Call,2024-01-16 17:13:00,23
ACT0017526,O002919,S030,Call,2024-02-27 18:49:00,14
ACT0017527,O002920,S027,Email,2024-03-24 13:40:00,0
ACT0017528,O002920,S027,Call,2024-03-20 09:52:00,20
ACT0017529,O002920,S027,Email,2024-03-08 13:10:00,0
ACT0017530,O002920,S027,Email,2024-03-07 18:26:00,0
ACT0017531,O002920,S027,Meeting,2024-04-02 13:30:00,62
ACT0017532,O002920,S027,Meeting,2024-03-02 14:39:00,55
ACT0017533,O002920,S027,Call,2024-02-23 08:17:00,14
ACT0017534,O002920,S027,Meeting,2024-02-23 10:23:00,36
ACT0017535,O002921,S033,Email,2025-03-22 13:55:00,0
ACT0017536,O002921,S033,Email,2025-03-26 09:46:00,0
ACT0017537,O002921,S033,Call,2025-04-10 13:32:00,41
ACT0017538,O002921,S033,Call,2025-03-24 18:36:00,39
ACT0017539,O002921,S033,Call,2025-04-12 16:56:00,36
ACT0017540,O002921,S033,Call,2025-04-11 09:07:00,20
ACT0017541,O002921,S033,Meeting,2025-03-26 17:44:00,38
ACT0017542,O002921,S033,Meeting,2025-04-02 12:15:00,75
ACT0017543,O002922,S013,Demo,2025-05-21 09:31:00,91
ACT0017544,O002922,S013,Email,2025-05-02 16:22:00,0
ACT0017545,O002922,S013,Call,2025-04-02 15:45:00,41
ACT0017546,O002922,S013,Meeting,2025-04-17 18:40:00,42
ACT0017547,O002922,S013,Email,2025-05-04 14:41:00,0
ACT0017548,O002922,S013,Meeting,2025-04-06 08:52:00,50
ACT0017549,O002922,S013,Demo,2025-04-29 15:52:00,113
ACT0017550,O002922,S013,Email,2025-04-16 17:58:00,0
ACT0017551,O002922,S013,Email,2025-04-13 13:09:00,0
ACT0017552,O002922,S013,Email,2025-05-23 15:13:00,0
ACT0017553,O002922,S013,Call,2025-05-04 13:21:00,22
ACT0017554,O002922,S013,Meeting,2025-04-16 09:18:00,34
ACT0017555,O002922,S013,Demo,2025-04-29 08:47:00,86
ACT0017556,O002923,S010,Call,2024-02-16 13:21:00,27
ACT0017557,O002923,S010,Call,2024-02-21 13:52:00,16
ACT0017558,O002923,S010,Demo,2024-02-12 09:55:00,52
ACT0017559,O002923,S010,Call,2024-02-22 14:07:00,38
ACT0017560,O002923,S010,Meeting,2024-02-25 14:56:00,31
ACT0017561,O002924,S036,Demo,2025-06-14 09:40:00,52
ACT0017562,O002924,S036,Call,2025-06-14 11:40:00,18
ACT0017563,O002924,S036,Email,2025-06-16 16:49:00,0
ACT0017564,O002924,S036,Meeting,2025-06-10 18:00:00,39
ACT0017565,O002925,S038,Call,2024-11-26 13:41:00,14
ACT0017566,O002925,S038,Email,2025-03-18 18:45:00,0
ACT0017567,O002925,S038,Demo,2025-02-19 15:41:00,107
ACT0017568,O002925,S038,Meeting,2024-11-15 11:05:00,47
ACT0017569,O002925,S038,Email,2024-12-17 14:38:00,0
ACT0017570,O002926,S013,Email,2025-06-13 08:40:00,0
ACT0017571,O002926,S013,Call,2025-05-27 13:54:00,18
ACT0017572,O002926,S013,Demo,2025-06-07 08:21:00,51
ACT0017573,O002926,S013,Email,2025-06-04 18:57:00,0
ACT0017574,O002926,S013,Email,2025-04-13 18:07:00,0
ACT0017575,O002927,S019,Call,2024-03-10 16:04:00,24
ACT0017576,O002927,S019,Email,2024-04-05 12:20:00,0
ACT0017577,O002927,S019,Demo,2024-03-24 08:37:00,63
ACT0017578,O002927,S019,Email,2024-03-26 15:16:00,0
ACT0017579,O002927,S019,Meeting,2024-03-23 11:29:00,55
ACT0017580,O002927,S019,Call,2024-03-16 10:30:00,25
ACT0017581,O002927,S019,Email,2024-03-13 10:04:00,0
ACT0017582,O002928,S010,Meeting,2024-05-09 16:31:00,47
ACT0017583,O002928,S010,Call,2024-05-16 16:45:00,44
ACT0017584,O002928,S010,Call,2024-04-11 14:28:00,29
ACT0017585,O002928,S010,Call,2024-04-18 16:14:00,36
ACT0017586,O002928,S010,Call,2024-04-29 12:10:00,13
ACT0017587,O002928,S010,Call,2024-05-05 10:43:00,36
ACT0017588,O002928,S010,Email,2024-04-03 09:03:00,0
ACT0017589,O002928,S010,Meeting,2024-04-12 09:15:00,56
ACT0017590,O002928,S010,Email,2024-05-01 16:07:00,0
ACT0017591,O002928,S010,Call,2024-04-25 15:38:00,23
ACT0017592,O002929,S035,Demo,2025-02-13 14:39:00,65
ACT0017593,O002929,S035,Email,2025-05-10 08:49:00,0
ACT0017594,O002929,S035,Email,2025-05-22 17:02:00,0
ACT0017595,O002930,S005,Meeting,2024-09-26 17:31:00,63
ACT0017596,O002930,S005,Email,2024-05-02 17:15:00,0
ACT0017597,O002930,S005,Call,2024-05-12 17:28:00,14
ACT0017598,O002930,S005,Email,2024-08-02 17:53:00,0
ACT0017599,O002930,S005,Email,2024-07-08 14:03:00,0
ACT0017600,O002930,S005,Call,2024-07-15 17:39:00,23
ACT0017601,O002930,S005,Email,2024-09-07 13:39:00,0
ACT0017602,O002930,S005,Call,2024-07-17 13:34:00,18
ACT0017603,O002932,S027,Email,2025-01-26 17:12:00,0
ACT0017604,O002932,S027,Call,2024-12-29 11:02:00,12
ACT0017605,O002932,S027,Call,2024-12-28 13:27:00,11
ACT0017606,O002932,S027,Email,2025-01-07 11:01:00,0
ACT0017607,O002932,S027,Demo,2025-01-21 18:20:00,106
ACT0017608,O002932,S027,Demo,2025-02-27 18:17:00,77
ACT0017609,O002932,S027,Email,2025-01-13 11:26:00,0
ACT0017610,O002933,S020,Call,2023-09-29 08:36:00,9
ACT0017611,O002933,S020,Email,2023-09-14 14:56:00,0
ACT0017612,O002933,S020,Call,2023-08-04 08:21:00,31
ACT0017613,O002933,S020,Call,2023-08-26 11:47:00,35
ACT0017614,O002934,S010,Email,2025-04-20 13:34:00,0
ACT0017615,O002934,S010,Demo,2025-03-29 18:35:00,45
ACT0017616,O002934,S010,Meeting,2025-05-22 15:27:00,82
ACT0017617,O002934,S010,Email,2025-03-18 08:03:00,0
ACT0017618,O002934,S010,Meeting,2025-06-29 15:58:00,44
ACT0017619,O002934,S010,Email,2025-06-05 15:37:00,0
ACT0017620,O002934,S010,Email,2025-04-18 17:24:00,0
ACT0017621,O002934,S010,Email,2025-03-20 08:00:00,0
ACT0017622,O002934,S010,Email,2025-05-03 16:20:00,0
ACT0017623,O002934,S010,Demo,2025-03-16 12:30:00,83
ACT0017624,O002935,S008,Email,2025-03-31 16:12:00,0
ACT0017625,O002935,S008,Meeting,2025-05-08 14:06:00,40
ACT0017626,O002935,S008,Email,2025-03-29 12:42:00,0
ACT0017627,O002935,S008,Email,2025-05-29 09:33:00,0
ACT0017628,O002936,S005,Call,2025-03-28 12:04:00,25
ACT0017629,O002936,S005,Email,2025-04-24 14:34:00,0
ACT0017630,O002936,S005,Email,2025-03-13 11:44:00,0
ACT0017631,O002937,S020,Meeting,2024-03-04 09:09:00,40
ACT0017632,O002937,S020,Meeting,2024-03-30 08:32:00,43
ACT0017633,O002937,S020,Email,2024-03-14 08:51:00,0
ACT0017634,O002937,S020,Call,2024-03-08 15:02:00,12
ACT0017635,O002937,S020,Demo,2024-03-09 12:32:00,115
ACT0017636,O002937,S020,Email,2024-03-07 15:11:00,0
ACT0017637,O002937,S020,Call,2024-03-08 11:02:00,25
ACT0017638,O002938,S005,Call,2024-09-20 17:05:00,31
ACT0017639,O002938,S005,Call,2024-09-23 12:01:00,17
ACT0017640,O002938,S005,Demo,2024-10-31 11:45:00,63
ACT0017641,O002938,S005,Call,2024-09-27 10:22:00,27
ACT0017642,O002939,S016,Demo,2023-08-27 17:42:00,86
ACT0017643,O002939,S016,Email,2023-09-27 11:45:00,0
ACT0017644,O002939,S016,Meeting,2023-09-22 17:44:00,33
ACT0017645,O002939,S016,Call,2023-09-29 09:52:00,5
ACT0017646,O002939,S016,Meeting,2023-08-21 11:45:00,37
ACT0017647,O002940,S016,Email,2023-09-22 13:21:00,0
ACT0017648,O002940,S016,Email,2023-09-21 11:03:00,0
ACT0017649,O002941,S028,Call,2024-04-24 09:27:00,43
ACT0017650,O002942,S032,Call,2025-03-05 10:58:00,37
ACT0017651,O002942,S032,Email,2025-02-27 15:38:00,0
ACT0017652,O002942,S032,Call,2025-02-26 15:05:00,33
ACT0017653,O002943,S023,Email,2025-02-20 10:52:00,0
ACT0017654,O002943,S023,Email,2025-01-07 08:16:00,0
ACT0017655,O002943,S023,Meeting,2025-01-21 13:40:00,54
ACT0017656,O002943,S023,Email,2025-01-29 12:52:00,0
ACT0017657,O002944,S032,Call,2023-01-13 15:34:00,40
ACT0017658,O002944,S032,Demo,2023-03-22 13:52:00,109
ACT0017659,O002944,S032,Call,2023-03-21 10:35:00,40
ACT0017660,O002944,S032,Meeting,2023-02-13 16:32:00,86
ACT0017661,O002944,S032,Meeting,2023-03-29 08:13:00,58
ACT0017662,O002945,S035,Meeting,2023-01-27 17:13:00,35
ACT0017663,O002945,S035,Call,2023-02-09 16:01:00,37
ACT0017664,O002945,S035,Call,2023-01-22 12:57:00,30
ACT0017665,O002945,S035,Meeting,2023-01-26 17:00:00,73
ACT0017666,O002945,S035,Email,2023-01-22 16:10:00,0
ACT0017667,O002945,S035,Email,2023-02-06 09:46:00,0
ACT0017668,O002946,S021,Email,2024-09-22 12:15:00,0
ACT0017669,O002946,S021,Email,2024-09-23 15:09:00,0
ACT0017670,O002946,S021,Meeting,2024-09-23 18:19:00,39
ACT0017671,O002946,S021,Call,2023-03-13 17:58:00,42
ACT0017672,O002946,S021,Email,2024-09-20 17:56:00,0
ACT0017673,O002946,S021,Email,2024-10-01 15:19:00,0
ACT0017674,O002947,S022,Meeting,2024-01-31 17:37:00,34
ACT0017675,O002947,S022,Email,2024-02-05 14:40:00,0
ACT0017676,O002947,S022,Email,2024-02-04 09:08:00,0
ACT0017677,O002947,S022,Call,2024-02-07 17:50:00,26
ACT0017678,O002947,S022,Email,2024-01-28 13:22:00,0
ACT0017679,O002947,S022,Email,2024-02-08 11:24:00,0
ACT0017680,O002947,S022,Meeting,2024-02-09 12:35:00,84
ACT0017681,O002947,S022,Call,2024-01-29 11:53:00,6
ACT0017682,O002947,S022,Call,2024-02-10 14:19:00,7
ACT0017683,O002948,S011,Meeting,2023-11-09 14:02:00,41
ACT0017684,O002948,S011,Email,2023-10-09 08:25:00,0
ACT0017685,O002948,S011,Call,2023-10-16 13:22:00,39
ACT0017686,O002948,S011,Email,2023-09-21 11:58:00,0
ACT0017687,O002948,S011,Call,2023-09-29 14:48:00,24
ACT0017688,O002948,S011,Email,2023-09-30 14:05:00,0
ACT0017689,O002948,S011,Demo,2023-10-20 09:21:00,101
ACT0017690,O002948,S011,Demo,2023-10-03 17:58:00,112
ACT0017691,O002948,S011,Email,2023-11-07 16:43:00,0
ACT0017692,O002948,S011,Call,2023-10-02 15:04:00,39
ACT0017693,O002949,S011,Meeting,2023-02-03 13:44:00,66
ACT0017694,O002949,S011,Call,2023-02-07 17:22:00,31
ACT0017695,O002949,S011,Meeting,2023-02-07 12:49:00,35
ACT0017696,O002949,S011,Email,2023-02-03 16:43:00,0
ACT0017697,O002949,S011,Email,2023-02-04 13:32:00,0
ACT0017698,O002949,S011,Call,2023-01-19 08:49:00,7
ACT0017699,O002950,S032,Meeting,2023-01-29 11:57:00,56
ACT0017700,O002950,S032,Call,2023-02-10 12:34:00,17
ACT0017701,O002950,S032,Email,2023-02-06 16:11:00,0
ACT0017702,O002950,S032,Email,2023-01-21 16:04:00,0
ACT0017703,O002950,S032,Email,2023-01-24 17:09:00,0
ACT0017704,O002950,S032,Call,2023-02-11 18:12:00,18
ACT0017705,O002951,S028,Call,2025-04-01 10:22:00,44
ACT0017706,O002951,S028,Email,2025-03-15 13:00:00,0
ACT0017707,O002951,S028,Call,2025-03-16 09:05:00,32
ACT0017708,O002951,S028,Email,2025-04-24 15:54:00,0
ACT0017709,O002951,S028,Meeting,2025-03-20 09:55:00,52
ACT0017710,O002951,S028,Email,2025-04-18 16:24:00,0
ACT0017711,O002951,S028,Meeting,2025-04-15 09:21:00,52
ACT0017712,O002952,S019,Email,2025-04-11 13:24:00,0
ACT0017713,O002952,S019,Email,2025-04-01 17:55:00,0
ACT0017714,O002952,S019,Demo,2025-04-01 15:38:00,78
ACT0017715,O002952,S019,Meeting,2025-04-07 13:06:00,61
ACT0017716,O002952,S019,Meeting,2025-04-13 11:36:00,34
ACT0017717,O002952,S019,Email,2025-03-25 15:00:00,0
ACT0017718,O002953,S016,Demo,2025-01-28 09:21:00,101
ACT0017719,O002953,S016,Demo,2025-02-28 12:14:00,113
ACT0017720,O002953,S016,Call,2025-02-26 18:48:00,18
ACT0017721,O002953,S016,Email,2025-03-08 17:21:00,0
ACT0017722,O002954,S013,Call,2025-04-28 18:14:00,9
ACT0017723,O002954,S013,Email,2025-05-17 18:32:00,0
ACT0017724,O002955,S010,Demo,2025-04-25 14:38:00,55
ACT0017725,O002955,S010,Call,2025-05-07 12:40:00,32
ACT0017726,O002955,S010,Email,2025-05-07 16:41:00,0
ACT0017727,O002955,S010,Email,2025-05-06 15:08:00,0
ACT0017728,O002955,S010,Email,2025-05-01 13:14:00,0
ACT0017729,O002956,S031,Email,2024-05-03 10:18:00,0
ACT0017730,O002956,S031,Email,2024-04-05 18:27:00,0
ACT0017731,O002956,S031,Meeting,2024-05-26 17:25:00,46
ACT0017732,O002956,S031,Call,2024-05-11 18:58:00,42
ACT0017733,O002956,S031,Email,2024-04-24 13:16:00,0
ACT0017734,O002956,S031,Meeting,2024-05-31 08:40:00,46
ACT0017735,O002956,S031,Meeting,2024-05-10 18:02:00,37
ACT0017736,O002956,S031,Call,2024-04-21 08:30:00,27
ACT0017737,O002957,S023,Email,2023-07-30 17:21:00,0
ACT0017738,O002957,S023,Email,2023-08-22 16:10:00,0
ACT0017739,O002957,S023,Call,2023-08-21 18:08:00,24
ACT0017740,O002957,S023,Call,2023-08-25 17:56:00,40
ACT0017741,O002957,S023,Call,2023-09-09 18:39:00,11
ACT0017742,O002957,S023,Email,2023-08-24 10:26:00,0
ACT0017743,O002957,S023,Call,2023-09-18 14:02:00,23
ACT0017744,O002957,S023,Call,2023-07-31 14:02:00,5
ACT0017745,O002957,S023,Email,2023-07-31 13:16:00,0
ACT0017746,O002957,S023,Email,2023-07-23 14:02:00,0
ACT0017747,O002957,S023,Call,2023-08-08 10:25:00,26
ACT0017748,O002958,S011,Meeting,2023-08-05 17:18:00,80
ACT0017749,O002958,S011,Call,2023-09-13 13:54:00,38
ACT0017750,O002958,S011,Call,2023-07-30 10:45:00,34
ACT0017751,O002958,S011,Call,2023-07-18 09:09:00,37
ACT0017752,O002958,S011,Demo,2023-08-02 10:16:00,89
ACT0017753,O002958,S011,Email,2023-07-30 14:12:00,0
ACT0017754,O002958,S011,Email,2023-08-15 14:18:00,0
ACT0017755,O002958,S011,Meeting,2023-09-06 14:47:00,68
ACT0017756,O002958,S011,Call,2023-09-11 13:18:00,42
ACT0017757,O002959,S022,Call,2025-03-01 14:15:00,14
ACT0017758,O002959,S022,Meeting,2025-03-12 12:35:00,82
ACT0017759,O002959,S022,Call,2025-03-14 18:51:00,30
ACT0017760,O002959,S022,Demo,2025-02-27 08:56:00,45
ACT0017761,O002960,S021,Email,2025-05-29 15:55:00,0
ACT0017762,O002960,S021,Email,2025-06-13 18:10:00,0
ACT0017763,O002960,S021,Call,2025-06-19 13:18:00,33
ACT0017764,O002960,S021,Meeting,2025-06-27 13:39:00,49
ACT0017765,O002960,S021,Call,2025-06-01 15:12:00,43
ACT0017766,O002960,S021,Call,2025-06-28 15:36:00,40
ACT0017767,O002960,S021,Call,2025-06-20 18:25:00,19
ACT0017768,O002960,S021,Call,2025-06-10 18:30:00,33
ACT0017769,O002960,S021,Meeting,2025-06-28 16:26:00,78
ACT0017770,O002960,S021,Email,2025-05-30 08:35:00,0
ACT0017771,O002961,S020,Email,2025-02-03 17:14:00,0
ACT0017772,O002961,S020,Email,2025-02-05 11:33:00,0
ACT0017773,O002961,S020,Meeting,2025-01-31 14:04:00,66
ACT0017774,O002961,S020,Meeting,2025-02-22 09:37:00,41
ACT0017775,O002961,S020,Demo,2025-02-16 14:41:00,62
ACT0017776,O002961,S020,Email,2025-02-13 14:25:00,0
ACT0017777,O002961,S020,Email,2025-02-15 10:39:00,0
ACT0017778,O002962,S005,Email,2022-12-09 12:31:00,0
ACT0017779,O002962,S005,Meeting,2025-03-19 09:36:00,31
ACT0017780,O002962,S005,Call,2025-03-01 10:42:00,12
ACT0017781,O002962,S005,Meeting,2025-03-29 08:42:00,87
ACT0017782,O002962,S005,Email,2025-03-07 18:20:00,0
ACT0017783,O002962,S005,Email,2025-03-26 12:29:00,0
ACT0017784,O002962,S005,Meeting,2025-03-04 16:03:00,54
ACT0017785,O002962,S005,Call,2025-05-04 15:54:00,26
ACT0017786,O002963,S012,Call,2025-04-23 17:35:00,44
ACT0017787,O002963,S012,Call,2025-03-08 12:08:00,26
ACT0017788,O002963,S012,Email,2025-05-06 15:49:00,0
ACT0017789,O002964,S019,Email,2023-08-11 09:12:00,0
ACT0017790,O002964,S019,Meeting,2023-09-05 11:54:00,75
ACT0017791,O002964,S019,Call,2023-08-27 15:32:00,34
ACT0017792,O002964,S019,Email,2023-08-21 10:12:00,0
ACT0017793,O002964,S019,Call,2023-09-06 11:07:00,23
ACT0017794,O002964,S019,Meeting,2023-08-08 10:37:00,55
ACT0017795,O002964,S019,Demo,2023-09-10 10:35:00,83
ACT0017796,O002964,S019,Email,2023-08-12 13:03:00,0
ACT0017797,O002965,S022,Email,2025-04-14 13:59:00,0
ACT0017798,O002965,S022,Meeting,2025-04-18 12:35:00,65
ACT0017799,O002965,S022,Email,2025-04-17 11:50:00,0
ACT0017800,O002966,S020,Meeting,2025-06-28 11:34:00,64
ACT0017801,O002967,S030,Email,2025-01-11 17:47:00,0
ACT0017802,O002967,S030,Email,2025-02-12 11:49:00,0
ACT0017803,O002967,S030,Email,2025-02-14 08:54:00,0
ACT0017804,O002967,S030,Call,2025-03-27 17:24:00,24
ACT0017805,O002967,S030,Meeting,2025-01-02 12:23:00,62
ACT0017806,O002967,S030,Email,2025-02-15 12:02:00,0
ACT0017807,O002967,S030,Meeting,2025-02-25 09:56:00,51
ACT0017808,O002967,S030,Call,2025-01-08 18:04:00,12
ACT0017809,O002967,S030,Meeting,2025-01-19 08:50:00,30
ACT0017810,O002968,S018,Call,2023-10-08 17:53:00,11
ACT0017811,O002968,S018,Email,2023-09-25 09:14:00,0
ACT0017812,O002968,S018,Call,2023-10-15 12:42:00,13
ACT0017813,O002968,S018,Email,2023-10-19 11:15:00,0
ACT0017814,O002968,S018,Email,2023-09-20 14:31:00,0
ACT0017815,O002968,S018,Email,2023-09-23 11:51:00,0
ACT0017816,O002968,S018,Call,2023-10-12 18:48:00,26
ACT0017817,O002968,S018,Email,2023-10-17 13:37:00,0
ACT0017818,O002969,S022,Email,2024-06-27 16:33:00,0
ACT0017819,O002969,S022,Call,2024-06-09 11:51:00,14
ACT0017820,O002969,S022,Email,2024-07-12 15:30:00,0
ACT0017821,O002969,S022,Demo,2024-05-25 17:46:00,55
ACT0017822,O002969,S022,Meeting,2024-07-14 09:16:00,60
ACT0017823,O002969,S022,Email,2024-06-23 11:27:00,0
ACT0017824,O002969,S022,Meeting,2024-06-06 08:18:00,89
ACT0017825,O002969,S022,Call,2024-06-30 10:50:00,23
ACT0017826,O002970,S025,Email,2025-06-24 13:51:00,0
ACT0017827,O002970,S025,Call,2025-06-27 17:50:00,39
ACT0017828,O002970,S025,Email,2025-06-17 17:46:00,0
ACT0017829,O002970,S025,Email,2025-05-27 08:08:00,0
ACT0017830,O002970,S025,Call,2025-06-30 17:07:00,11
ACT0017831,O002970,S025,Call,2025-06-21 09:52:00,30
ACT0017832,O002971,S016,Email,2025-06-18 10:45:00,0
ACT0017833,O002971,S016,Email,2025-06-13 18:30:00,0
ACT0017834,O002971,S016,Email,2025-06-05 14:11:00,0
ACT0017835,O002971,S016,Meeting,2025-06-19 14:03:00,72
ACT0017836,O002971,S016,Email,2025-06-18 09:00:00,0
ACT0017837,O002971,S016,Email,2025-06-05 18:56:00,0
ACT0017838,O002972,S020,Meeting,2023-10-22 13:58:00,62
ACT0017839,O002972,S020,Call,2023-12-12 08:42:00,19
ACT0017840,O002972,S020,Call,2023-12-27 09:52:00,16
ACT0017841,O002972,S020,Email,2023-12-02 16:33:00,0
ACT0017842,O002972,S020,Email,2023-12-06 12:16:00,0
ACT0017843,O002972,S020,Call,2023-12-29 10:10:00,6
ACT0017844,O002973,S011,Email,2025-02-10 09:03:00,0
ACT0017845,O002973,S011,Call,2025-01-18 15:19:00,44
ACT0017846,O002973,S011,Call,2025-01-11 18:52:00,5
ACT0017847,O002973,S011,Meeting,2025-01-10 16:13:00,37
ACT0017848,O002973,S011,Meeting,2025-01-08 17:35:00,80
ACT0017849,O002974,S008,Email,2023-10-23 17:03:00,0
ACT0017850,O002974,S008,Email,2023-10-10 12:09:00,0
ACT0017851,O002974,S008,Email,2023-11-22 10:31:00,0
ACT0017852,O002974,S008,Meeting,2023-10-17 08:36:00,61
ACT0017853,O002975,S040,Call,2024-07-02 10:04:00,39
ACT0017854,O002975,S040,Call,2022-12-29 16:30:00,7
ACT0017855,O002975,S040,Call,2024-06-11 16:53:00,11
ACT0017856,O002975,S040,Meeting,2024-05-25 17:48:00,64
ACT0017857,O002975,S040,Call,2024-06-18 18:30:00,10
ACT0017858,O002976,S023,Call,2025-05-21 15:19:00,44
ACT0017859,O002976,S023,Email,2025-06-14 10:05:00,0
ACT0017860,O002976,S023,Demo,2025-06-25 16:51:00,83
ACT0017861,O002976,S023,Email,2025-05-21 08:57:00,0
ACT0017862,O002976,S023,Email,2025-06-05 10:31:00,0
ACT0017863,O002976,S023,Email,2025-05-08 13:38:00,0
ACT0017864,O002976,S023,Meeting,2025-06-23 18:47:00,51
ACT0017865,O002976,S023,Meeting,2025-06-15 13:36:00,72
ACT0017866,O002976,S023,Email,2025-05-19 14:31:00,0
ACT0017867,O002977,S037,Call,2025-06-25 09:49:00,6
ACT0017868,O002977,S037,Call,2025-06-27 18:18:00,33
ACT0017869,O002977,S037,Call,2025-06-25 16:17:00,25
ACT0017870,O002978,S029,Email,2025-01-10 10:32:00,0
ACT0017871,O002978,S029,Demo,2025-03-23 09:44:00,90
ACT0017872,O002978,S029,Meeting,2025-01-05 18:14:00,88
ACT0017873,O002978,S029,Call,2025-02-26 12:12:00,21
ACT0017874,O002978,S029,Demo,2024-12-21 14:55:00,85
ACT0017875,O002978,S029,Email,2025-01-10 18:26:00,0
ACT0017876,O002979,S020,Call,2025-05-30 11:18:00,44
ACT0017877,O002979,S020,Call,2025-05-19 13:25:00,34
ACT0017878,O002979,S020,Email,2025-05-10 11:53:00,0
ACT0017879,O002979,S020,Call,2025-05-16 13:42:00,13
ACT0017880,O002979,S020,Call,2025-05-24 16:04:00,34
ACT0017881,O002979,S020,Email,2025-06-14 10:27:00,0
ACT0017882,O002979,S020,Call,2025-06-01 12:31:00,5
ACT0017883,O002980,S022,Meeting,2024-06-21 16:31:00,67
ACT0017884,O002980,S022,Call,2024-06-27 18:11:00,37
ACT0017885,O002980,S022,Email,2024-06-22 16:10:00,0
ACT0017886,O002980,S022,Email,2024-05-17 18:06:00,0
ACT0017887,O002980,S022,Call,2024-06-20 12:51:00,28
ACT0017888,O002980,S022,Email,2024-06-14 12:01:00,0
ACT0017889,O002981,S002,Email,2025-02-06 10:10:00,0
ACT0017890,O002981,S002,Email,2025-01-26 15:28:00,0
ACT0017891,O002981,S002,Call,2025-01-20 12:19:00,5
ACT0017892,O002981,S002,Call,2025-01-05 12:21:00,9
ACT0017893,O002981,S002,Meeting,2025-02-01 18:24:00,61
ACT0017894,O002981,S002,Email,2025-02-19 14:16:00,0
ACT0017895,O002981,S002,Demo,2024-12-31 16:20:00,50
ACT0017896,O002981,S002,Email,2025-01-24 14:06:00,0
ACT0017897,O002981,S002,Meeting,2025-02-17 17:05:00,76
ACT0017898,O002981,S002,Meeting,2025-01-12 18:53:00,49
ACT0017899,O002981,S002,Email,2025-02-18 09:49:00,0
ACT0017900,O002982,S040,Call,2023-09-08 14:19:00,43
ACT0017901,O002982,S040,Email,2023-07-13 09:06:00,0
ACT0017902,O002982,S040,Call,2023-07-21 08:15:00,37
ACT0017903,O002982,S040,Email,2023-09-16 14:20:00,0
ACT0017904,O002982,S040,Email,2023-09-04 12:00:00,0
ACT0017905,O002982,S040,Meeting,2023-09-19 17:06:00,87
ACT0017906,O002983,S001,Email,2025-06-26 11:35:00,0
ACT0017907,O002983,S001,Meeting,2025-05-18 13:45:00,65
ACT0017908,O002983,S001,Call,2025-06-29 12:31:00,21
ACT0017909,O002983,S001,Call,2025-06-07 13:48:00,31
ACT0017910,O002984,S016,Call,2025-04-13 15:58:00,41
ACT0017911,O002984,S016,Call,2025-03-12 13:47:00,42
ACT0017912,O002984,S016,Call,2025-05-05 09:16:00,29
ACT0017913,O002984,S016,Call,2025-05-03 12:18:00,10
ACT0017914,O002984,S016,Meeting,2025-04-21 11:43:00,89
ACT0017915,O002984,S016,Email,2025-03-16 10:28:00,0
ACT0017916,O002984,S016,Email,2025-04-06 17:12:00,0
ACT0017917,O002985,S010,Email,2023-10-17 11:24:00,0
ACT0017918,O002985,S010,Call,2023-10-16 11:43:00,28
ACT0017919,O002985,S010,Call,2023-10-13 12:01:00,39
ACT0017920,O002985,S010,Meeting,2023-10-07 12:01:00,73
ACT0017921,O002985,S010,Email,2023-10-18 18:45:00,0
ACT0017922,O002986,S001,Call,2025-01-16 18:48:00,35
ACT0017923,O002986,S001,Email,2025-01-19 09:34:00,0
ACT0017924,O002986,S001,Demo,2025-01-20 13:12:00,100
ACT0017925,O002987,S024,Email,2024-11-04 08:28:00,0
ACT0017926,O002987,S024,Email,2024-10-24 13:17:00,0
ACT0017927,O002987,S024,Call,2024-12-27 15:40:00,38
ACT0017928,O002987,S024,Call,2024-12-05 11:48:00,41
ACT0017929,O002987,S024,Email,2024-09-20 12:05:00,0
ACT0017930,O002987,S024,Email,2024-10-19 11:25:00,0
ACT0017931,O002987,S024,Meeting,2024-12-13 17:54:00,49
ACT0017932,O002987,S024,Email,2024-11-03 17:54:00,0
ACT0017933,O002987,S024,Call,2024-10-05 14:11:00,6
ACT0017934,O002987,S024,Call,2024-11-02 12:20:00,29
ACT0017935,O002988,S036,Meeting,2023-07-26 15:22:00,45
ACT0017936,O002988,S036,Email,2023-08-16 08:52:00,0
ACT0017937,O002988,S036,Email,2023-08-21 09:55:00,0
ACT0017938,O002988,S036,Call,2023-08-09 08:18:00,28
ACT0017939,O002988,S036,Meeting,2023-08-07 10:41:00,31
ACT0017940,O002989,S039,Meeting,2023-12-27 16:43:00,34
ACT0017941,O002989,S039,Email,2024-01-08 08:34:00,0
ACT0017942,O002989,S039,Email,2024-02-07 15:40:00,0
ACT0017943,O002989,S039,Call,2023-12-14 14:45:00,25
ACT0017944,O002989,S039,Email,2024-01-30 16:33:00,0
ACT0017945,O002989,S039,Email,2024-02-09 10:12:00,0
ACT0017946,O002989,S039,Email,2024-02-09 18:37:00,0
ACT0017947,O002989,S039,Call,2024-02-04 09:40:00,22
ACT0017948,O002990,S038,Meeting,2023-10-01 09:14:00,68
ACT0017949,O002990,S038,Demo,2023-09-12 16:07:00,88
ACT0017950,O002990,S038,Email,2023-10-12 16:06:00,0
ACT0017951,O002990,S038,Call,2023-09-10 15:03:00,44
ACT0017952,O002990,S038,Meeting,2023-09-30 11:28:00,80
ACT0017953,O002990,S038,Email,2023-09-16 12:19:00,0
ACT0017954,O002990,S038,Email,2023-10-07 08:20:00,0
ACT0017955,O002990,S038,Meeting,2023-09-28 11:40:00,70
ACT0017956,O002990,S038,Demo,2023-10-10 18:35:00,105
ACT0017957,O002990,S038,Meeting,2023-09-18 10:01:00,63
ACT0017958,O002991,S002,Demo,2025-04-14 12:07:00,91
ACT0017959,O002991,S002,Email,2025-05-04 16:16:00,0
ACT0017960,O002991,S002,Meeting,2025-04-21 12:38:00,74
ACT0017961,O002991,S002,Email,2025-05-01 13:31:00,0
ACT0017962,O002991,S002,Email,2025-04-26 15:19:00,0
ACT0017963,O002992,S009,Email,2024-05-18 14:55:00,0
ACT0017964,O002992,S009,Email,2024-05-04 12:52:00,0
ACT0017965,O002992,S009,Demo,2024-04-19 08:35:00,64
ACT0017966,O002992,S009,Call,2024-05-09 15:34:00,9
ACT0017967,O002993,S008,Call,2023-04-20 08:42:00,5
ACT0017968,O002993,S008,Call,2023-04-18 10:12:00,35
ACT0017969,O002993,S008,Call,2023-04-02 10:14:00,26
ACT0017970,O002993,S008,Call,2023-04-05 14:18:00,7
ACT0017971,O002994,S028,Meeting,2023-02-19 11:50:00,68
ACT0017972,O002994,S028,Call,2023-02-13 16:44:00,31
ACT0017973,O002994,S028,Meeting,2023-02-10 10:47:00,82
ACT0017974,O002994,S028,Email,2023-03-11 18:53:00,0
ACT0017975,O002994,S028,Email,2023-02-14 16:34:00,0
ACT0017976,O002994,S028,Meeting,2023-02-12 17:11:00,57
ACT0017977,O002994,S028,Call,2023-03-05 09:44:00,43
ACT0017978,O002994,S028,Call,2023-03-07 09:08:00,31
ACT0017979,O002995,S005,Meeting,2025-06-16 15:44:00,82
ACT0017980,O002995,S005,Email,2025-06-02 16:59:00,0
ACT0017981,O002995,S005,Call,2025-05-30 12:13:00,5
ACT0017982,O002995,S005,Email,2025-06-17 11:07:00,0
ACT0017983,O002995,S005,Demo,2025-06-14 18:10:00,51
ACT0017984,O002996,S025,Call,2025-05-24 14:20:00,34
ACT0017985,O002996,S025,Meeting,2025-06-04 10:52:00,62
ACT0017986,O002996,S025,Email,2025-06-27 09:08:00,0
ACT0017987,O002996,S025,Call,2025-05-26 17:26:00,35
ACT0017988,O002997,S029,Call,2025-06-17 17:15:00,31
ACT0017989,O002997,S029,Meeting,2025-06-20 08:14:00,33
ACT0017990,O002997,S029,Call,2025-05-22 12:52:00,10
ACT0017991,O002998,S032,Email,2024-05-17 08:41:00,0
ACT0017992,O002998,S032,Email,2024-05-05 17:27:00,0
ACT0017993,O002998,S032,Email,2024-05-21 12:27:00,0
ACT0017994,O002998,S032,Call,2024-04-16 13:44:00,15
ACT0017995,O002998,S032,Call,2024-04-15 12:38:00,34
ACT0017996,O002998,S032,Meeting,2024-04-17 16:14:00,63
ACT0017997,O002998,S032,Call,2024-04-29 13:41:00,17
ACT0017998,O002999,S020,Call,2025-04-25 12:09:00,15
ACT0017999,O002999,S020,Email,2025-03-06 10:36:00,0
ACT0018000,O002999,S020,Email,2025-05-04 17:38:00,0
ACT0018001,O002999,S020,Call,2025-04-29 14:25:00,7
ACT0018002,O002999,S020,Email,2025-03-26 10:10:00,0
ACT0018003,O002999,S020,Call,2025-03-30 17:44:00,43
ACT0018004,O003000,S033,Email,2025-03-20 18:28:00,0
ACT0018005,O003000,S033,Email,2025-02-23 10:50:00,0
ACT0018006,O003000,S033,Email,2025-02-25 08:45:00,0
