opportunity_id,opportunity_name,account_id,seller_id,product,lead_source,stage,probability,amount,currency,created_date,expected_close_date,actual_close_date,last_modified_ts
O001287,North Motors GmbH - Cloud Suite,A0352,S034,Cloud Suite,Referral,Closed Lost,0.0,15800.0,USD,2023-11-13,2024-03-04,2024-01-06,2024-01-06 13:00:00
O000643,Vertex Clinics S.A. - Collaboration Tools,A0117,S004,Collaboration Tools,Partner,Closed Lost,0.0,6800.0,USD,2025-05-29,2025-08-20,2025-06-17,2025-06-17 13:25:00
O001147,Lumen Consulting S.A. - Cloud Suite,A0050,S012,Cloud Suite,Inbound,Closed Lost,0.0,12200.0,USD,2024-04-17,2024-08-19,2024-06-25,2024-06-25 12:43:00
O001279,Blue Retail Inc. - Support Plan,A0183,S016,Support Plan,Outbound,Closed Won,1.0,8100.0,USD,2024-01-17,2024-05-10,2024-04-13,2024-04-13 17:54:00
O001940,Summit Consulting Holdings - Analytics Platform,A0080,S014,Analytics Platform,Outbound,Closed Lost,0.0,48000.0,USD,2024-10-31,2025-02-07,2024-12-19,2024-12-19 08:28:00
O000536,Silver Health Holdings - Analytics Platform,A0479,S019,Analytics Platform,Referral,Closed Won,1.0,25100.0,USD,2024-12-06,2025-03-10,2025-03-01,2025-03-01 09:49:00
O002116,Summit Consulting Holdings - Cloud Suite,A0080,S014,Cloud Suite,Partner,Closed Lost,0.0,42200.0,USD,2025-05-01,2025-08-19,2025-06-01,2025-06-01 11:10:00
O002092,Zenith Studios LLC - Support Plan,A0448,S038,Support Plan,Outbound,Closed Lost,0.0,14000.0,USD,2024-06-04,2024-07-19,2024-10-03,2024-10-03 16:29:00
O000255,Pioneer Labs Inc. 481 - Collaboration Tools,A0482,S037,Collaboration Tools,Outbound,Closed Lost,0.0,9300.0,USD,2024-12-23,2025-03-22,2025-03-01,2025-03-01 14:53:00
O001430,Sahara Health Ltd - Cloud Suite,A0149,S006,Cloud Suite,Outbound,Closed Lost,0.0,37700.0,USD,2024-07-28,2024-09-24,2025-02-21,2025-02-21 08:29:00
O001980,Zenith Media Co. - Cloud Suite,A0456,S015,Cloud Suite,Partner,Closed Lost,0.0,32400.0,USD,2023-10-12,2023-11-29,2024-01-04,2024-01-04 16:08:00
O002473,Orbit Pharma Inc. - Collaboration Tools,A0027,S016,Collaboration Tools,Partner,Closed Lost,0.0,14200.0,USD,2023-12-30,2024-02-29,2024-04-30,2024-04-30 16:32:00
O002707,Atlas Health Inc. - Security Bundle,A0425,S002,Security Bundle,Event,Closed Lost,0.0,20800.0,USD,2024-01-06,2024-04-01,2024-03-05,2024-03-05 11:07:00
O000064,Pioneer Consulting LLC - Analytics Platform,A0158,S008,Analytics Platform,Referral,Closed Won,1.0,32800.0,USD,2025-02-14,2025-06-03,2025-05-22,2025-05-22 10:50:00
O000451,Lumen Capital Holdings - Cloud Suite,A0042,S034,Cloud Suite,Outbound,Closed Lost,0.0,11500.0,USD,2024-03-15,2024-06-10,2024-06-07,2024-06-07 11:10:00
O001038,Granite Systems LLC - Support Plan,A0161,S024,Support Plan,Referral,Closed Lost,0.0,14200.0,USD,2024-03-22,2024-05-27,2024-06-11,2024-06-11 08:47:00
O001341,Vertex Consulting Co. - Security Bundle,A0411,S012,Security Bundle,Outbound,Closed Lost,0.0,38000.0,USD,2024-03-15,2024-07-20,2024-04-14,2024-04-14 11:25:00
O000458,North Retail S.A. - Security Bundle,A0343,S016,Security Bundle,Partner,Qualification,0.25,49400.0,USD,2025-06-08,2025-08-29,,2025-06-28 18:00:00
O001996,Orbit Pharma Holdings - Security Bundle,A0460,S009,Security Bundle,Outbound,Closed Lost,0.0,12500.0,USD,2023-02-03,2023-06-02,2023-02-25,2023-02-25 15:04:00
O002366,Prime Labs Holdings - Support Plan,A0024,S019,Support Plan,Partner,Closed Lost,0.0,3100.0,USD,2024-03-26,2024-07-31,2024-04-15,2024-04-15 11:50:00
O002994,Cedar Studios Holdings - Support Plan,A0072,S028,Support Plan,Partner,Closed Lost,0.0,16000.0,USD,2023-01-26,2023-04-19,2023-03-28,2023-03-28 12:54:00
O000486,Nova Logistics Inc. - Collaboration Tools,A0387,S016,Collaboration Tools,Referral,Closed Lost,0.0,11900.0,USD,2023-01-27,2023-04-30,2023-05-07,2023-05-07 11:06:00
O000638,Pioneer Learning Holdings - Collaboration Tools,A0314,S005,Collaboration Tools,Partner,Closed Lost,0.0,8700.0,usd,2023-11-20,2024-03-20,2023-12-22,2023-12-22 12:53:00
O001438,Silver Logistics Co. - Support Plan,A0174,S037,Support Plan,Inbound,Closed Won,1.0,6000.0,USD,2024-12-05,2025-02-05,2025-01-18,2025-01-18 16:16:00
O001238,Sahara Systems Inc. - Collaboration Tools,A0487,S016,Collaboration Tools,Inbound,Closed Lost,0.0,23200.0,USD,2023-04-14,2023-06-26,2023-09-05,2023-09-05 08:32:00
O001949,Prime Capital S.A. - Security Bundle,A0172,S009,Security Bundle,Outbound,Closed Lost,0.0,29200.0,USD,2025-05-06,2025-06-23,2025-06-16,2025-06-16 15:51:00
O001534,Delta Textiles GmbH - Collaboration Tools,A0495,S030,Collaboration Tools,Outbound,Closed Lost,0.0,8300.0,USD,2025-03-26,2025-05-19,2025-05-19,2025-05-19 18:23:00
O000694,Pioneer Pharma Holdings - Cloud Suite,A0013,S022,Cloud Suite,Inbound,Closed Won,1.0,16000.0,USD,2024-11-15,2025-01-12,2025-02-26,2025-02-26 10:29:00
O000204,Prime Capital Co. - Collaboration Tools,A0418,S038,Collaboration Tools,Referral,CLOSED LOST,0.0,22800.0,USD,2025-04-26,2025-07-02,2025-05-27,2025-05-27 12:41:00
O001925,Delta Markets GmbH - Collaboration Tools,A0439,S022,Collaboration Tools,Event,Closed Lost,0.0,3500.0,USD,2024-10-14,2025-01-18,2024-10-30,2024-10-30 09:58:00
O002465,Atlas Capital Inc. - Cloud Suite,A0218,S010,Cloud Suite,Event,Closed Lost,0.0,12500.0,USD,2025-02-09,2025-04-11,2025-03-05,2025-03-05 09:14:00
O002107,Lumen Consulting Inc. - Support Plan,A0211,S032,Support Plan,Outbound,Prospecting,0.1,5400.0,USD,2025-06-26,2025-09-11,,2025-06-24 11:26:00
O001300,Sahara Capital Holdings - Cloud Suite,A0101,S014,Cloud Suite,Inbound,Closed Won,1.0,88600.0,USD,2024-04-17,2024-07-07,2024-07-05,2024-07-05 09:38:00
O001469,Cedar Studios S.A. 383 - Support Plan,A0384,S024,Support Plan,Referral,Closed Lost,0.0,7900.0,USD,2025-04-08,2025-07-30,2025-05-02,2025-05-02 13:23:00
O001011,Silver Energy Co. - Collaboration Tools,A0499,S008,Collaboration Tools,Inbound,Closed Won,1.0,13800.0,USD,2023-08-18,2023-10-13,2023-10-11,2023-10-11 16:50:00
O002556,Falcon Logistics Ltd - Analytics Platform,A0459,S037,Analytics Platform,Partner,Closed Lost,0.0,44800.0,USD,2023-11-24,2024-03-14,2024-02-23,2024-02-23 16:32:00
O001374,Nile Capital Co. - Support Plan,A0067,S020,Support Plan,Partner,Closed Lost,0.0,5100.0,USD,2024-05-27,2024-08-06,2024-07-26,2024-07-26 14:19:00
O001197,Falcon Industries Holdings - Collaboration Tools,A0093,S003,Collaboration Tools,Inbound,Closed Lost,0.0,26500.0,USD,2024-02-25,2024-06-12,2024-04-08,2024-04-08 18:47:00
O000247,Summit Media Group - Collaboration Tools,A0170,S031,Collaboration Tools,Inbound,Closed Lost,0.0,20700.0,USD,2024-11-20,2025-02-18,2024-12-15,2024-12-15 08:35:00
O000728,Pioneer Labs Ltd - Analytics Platform,A0447,S023,Analytics Platform,Referral,Closed Lost,0.0,19400.0,USD,2023-09-19,27/11/2023,2023-09-26,2023-09-26 13:43:00
O000212,Nile Studios Co. - Security Bundle,A0296,S001,Security Bundle,Event,Closed Won,1.0,12500.0,USD,2024-08-22,2024-10-16,2024-10-14,2024-10-14 12:07:00
O000333,Coral Textiles Holdings - Security Bundle,A0019,S004,Security Bundle,Inbound,Proposal,0.5,,USD,2025-04-14,2025-08-03,,2025-06-26 18:06:00
O002127,Zenith Freight Ltd - Cloud Suite,A0270,S028,Cloud Suite,Referral,Closed Lost,0.0,23000.0,USD,2023-09-07,2023-11-08,2023-10-29,2023-10-29 08:07:00
O001841,Harbor Studios Holdings - Analytics Platform,A0110,S035,Analytics Platform,Partner,Closed Won,1.0,42100.0,USD,2025-03-21,2025-06-19,2025-04-30,2025-04-30 10:25:00
O000195,Delta Health S.A. - Cloud Suite,A0077,S021,Cloud Suite,Partner,Closed Won,1.0,57600.0,USD,2023-05-18,2023-07-30,2023-11-03,2023-11-03 18:07:00
O000052,Granite Retail GmbH - Cloud Suite,A0126,S035,Cloud Suite,Outbound,Closed Lost,0.0,12300.0,USD,2023-02-02,2023-03-23,2023-02-19,2023-02-19 10:15:00
O002804,Delta Capital Group - Cloud Suite,A0490,S036,Cloud Suite,Inbound,Closed Won,1.0,11200.0,USD,2025-02-07,2025-05-20,2025-03-07,2025-03-07 13:40:00
O000189,Prime Motors GmbH - Security Bundle,A0441,S009,Security Bundle,Outbound,Closed Lost,0.0,20200.0,USD,2024-03-06,2024-05-08,2024-06-07,2024-06-07 09:33:00
O000045,Zenith Media S.A. - Collaboration Tools,A0276,S028,Collaboration Tools,Inbound,Closed Won,1.0,4200.0,USD,2023-11-24,2024-01-22,2024-01-17,2024-01-17 13:23:00
O001101,North Motors S.A. - Cloud Suite,A0094,S009,Cloud Suite,Partner,Proposal,0.5,24000.0,USD,2025-05-25,2025-07-14,,2025-06-27 13:01:00
O001615,North Pharma Group - Cloud Suite,A0340,S027,Cloud Suite,Outbound,Negotiation,0.75,35500.0,USD,2025-04-13,2025-06-11,,2025-06-26 17:58:00
O001642,Lumen Motors S.A. - Cloud Suite,A0341,S035,Cloud Suite,Outbound,Closed Lost,0.0,19100.0,USD,2025-02-25,2025-06-02,2025-04-06,2025-04-06 10:55:00
O001581,Prime Pharma Group - Collaboration Tools,A0327,S011,Collaboration Tools,Partner,Prospecting,0.1,15200.0,USD,2025-06-20,2025-09-26,,2025-06-26 16:28:00
O000193,Coral Retail Inc. - Collaboration Tools,A0012,S008,Collaboration Tools,Inbound,Closed Lost,0.0,9100.0,USD,2025-06-13,2025-08-05,2025-06-23,2025-06-23 16:17:00
O000185,Blue Learning Inc. - Collaboration Tools,A0054,S032,Collaboration Tools,Outbound,Closed Lost,0.0,17400.0,USD,2023-04-11,2023-07-21,2023-05-14,2023-05-14 12:17:00
O000583,Silver Foods LLC - Support Plan,A0065,S025,Support Plan,Outbound,Closed Lost,0.0,8100.0,USD,2023-09-24,2023-12-19,2023-12-14,2023-12-14 10:41:00
O002109,Pioneer Media Ltd - Cloud Suite,A0076,S026,Cloud Suite,Partner, Closed Lost ,0.0,31900.0,USD,2023-10-13,2023-12-10,2023-12-09,2023-12-09 12:23:00
O000140,Granite Systems GmbH - Collaboration Tools,A0484,S037,Collaboration Tools,Outbound,Closed Won,1.0,8800.0,USD,2024-08-31,2024-11-07,2024-10-05,2024-10-05 16:03:00
O002877,Cedar Clinics Co. - Cloud Suite,A0074,S029,Cloud Suite,Inbound,Closed Lost,0.0,16400.0,USD,2024-11-13,2025-02-04,2025-01-12,2025-01-12 08:40:00
O000175,Zenith Studios Inc. - Support Plan,A0030,S033,Support Plan,Partner,Closed Lost,0.0,24600.0,USD,2024-09-28,2024-11-23,2024-11-18,2024-11-18 14:00:00
O001076,Nile Pharma Ltd - Security Bundle,A0118,S002,Security Bundle,Outbound,Closed Won,1.0,33600.0,USD,2024-10-30,2025-01-08,2025-01-13,2025-01-13 13:42:00
O002067,Vertex Logistics GmbH - Collaboration Tools,A0162,S010,Collaboration Tools,Inbound,Closed Won,1.0,6900.0,USD,2024-02-14,2024-04-27,2024-05-22,2024-05-22 11:53:00
O001321,Zenith Media S.A. - Security Bundle,A0276,S028,Security Bundle,Referral,Qualification,0.25,20900.0,USD,2025-06-12,2025-08-03,,2025-06-30 13:52:00
O000479,Pioneer Industries LLC - Analytics Platform,A0373,S032,Analytics Platform,Event,Closed Lost,0.0,36700.0,USD,2023-05-08,2023-07-12,2023-06-14,2023-06-14 11:33:00
O000103,Nile Media Group - Security Bundle,A0348,S005,Security Bundle,Inbound,Closed Lost,0.0,16500.0,USD,2025-02-17,2025-06-07,2025-03-27,2025-03-27 14:30:00
O002148,Pioneer Systems Group - Security Bundle,A0461,S016,Security Bundle,Inbound,Prospecting,0.1,27800.0,USD,2025-06-21,2025-09-18,,2025-06-26 12:10:00
O002662,Nova Clinics GmbH 317 - Collaboration Tools,A0318,S027,Collaboration Tools,Inbound,Closed Won,1.0,12700.0,USD,2025-02-20,2025-05-15,2025-06-20,2025-06-20 17:29:00
O000300,Summit Consulting LLC - Support Plan,A0196,S022,Support Plan,Partner,Closed Won,1.0,5000.0,USD,2023-02-15,2023-06-01,2023-03-01,2023-03-01 11:32:00
O001533,Coral Textiles GmbH - Support Plan,A0317,S021,Support Plan,Partner,Closed Won,1.0,9900.0,USD,2025-04-23,2025-08-19,2025-06-18,2025-06-18 12:28:00
O001504,Nile Logistics Holdings - Security Bundle,A0390,S023,Security Bundle,Referral,Closed Won,1.0,7600.0,USD,2023-03-09,2023-04-28,2023-04-03,2023-04-03 13:59:00
O001554,Atlas Markets Holdings - Analytics Platform,A0285,S034,Analytics Platform,Event,Closed Lost,0.0,16500.0,USD,2024-03-01,2024-06-11,2024-04-16,2024-04-16 18:18:00
O000344,Vertex Clinics Inc. - Support Plan,A0431,S008,Support Plan,Outbound,Closed Won,1.0,5100.0,USD,2024-10-25,2024-12-27,2024-12-13,2024-12-13 12:49:00
O002852,North Freight LLC - Security Bundle,A0016,S024,Security Bundle,Outbound,Closed Lost,0.0,25500.0,USD,2024-12-31,2025-03-18,2025-02-14,2025-02-14 16:07:00
O002117,Prime Systems S.A. - Analytics Platform,A0320,S039,Analytics Platform,Partner,Prospecting,0.1,27700.0,USD,2025-06-21,2025-10-08,,2025-06-28 11:12:00
O001331,Vertex Textiles Co. - Cloud Suite,A0204,S005,Cloud Suite,Partner,Prospecting,0.1,23000.0,USD,2025-06-18,2025-09-06,,2025-06-26 16:44:00
O002965,Silver Industries Ltd - Collaboration Tools,A0394,S022,Collaboration Tools,Event,Closed  Won,1.0,,USD,2025-03-25,2025-06-28,2025-05-07,2025-05-07 08:19:00
O000556,Orbit Consulting Holdings - Security Bundle,A0397,S020,Security Bundle,Outbound,Closed Lost,0.0,10000.0,USD,2024-06-09,2024-07-26,2024-06-30,2024-06-30 18:02:00
O002708,Nile Labs LLC - Cloud Suite,A0150,S001,Cloud Suite,Partner,Closed Won,1.0,21100.0,USD,2023-09-21,2023-11-20,2023-12-10,2023-12-10 17:43:00
O001874,Orbit Capital GmbH - Cloud Suite,A0243,S009,Cloud Suite,Inbound,Closed Lost,0.0,17200.0,USD,2023-08-06,2023-12-10,2023-09-17,2023-09-17 12:48:00
O002099,Silver Foods LLC - Collaboration Tools,A0065,S025,Collaboration Tools,Partner,Negotiation,0.75,15900.0,USD,2025-04-24,2025-06-27,,2025-06-27 17:53:00
O000777,Sahara Learning S.A. 113 - Analytics Platform,A0114,S017,Analytics Platform,Outbound,Prospecting,0.1,15300.0,USD,2025-06-27,2025-08-31,,2025-06-28 17:13:00
O001208,Falcon Foods Group - Cloud Suite,A0106,S019,Cloud Suite,Outbound,Closed Lost,0.0,10500.0,usd,2024-08-09,2024-11-16,2024-09-23,2024-09-23 09:03:00
O001033,Vertex Clinics Inc. - Support Plan,A0431,S008,Support Plan,Event,Closed Won,1.0,5000.0,USD,2025-02-18,2025-06-25,2025-04-07,2025-04-07 08:39:00
O000252,Coral Motors Co. - Cloud Suite,A0295,S016,Cloud Suite,Partner,Closed Lost,0.0,37000.0,USD,2024-05-24,2024-09-26,2024-08-21,2024-08-21 14:26:00
O001069,North Freight LLC - Support Plan,A0016,S024,Support Plan,Event,Closed Lost,0.0,14000.0,USD,2024-07-30,2024-10-24,2024-10-08,2024-10-08 17:06:00
O000299,Nova Clinics GmbH 317 - Cloud Suite,A0318,S027,Cloud Suite,Inbound,Prospecting,0.1,9800.0,USD,2025-06-18,2025-08-26,,2025-06-30 10:24:00
O000053,Coral Labs LLC - Collaboration Tools,A0407,S002,Collaboration Tools,Inbound,Closed Won,1.0,17100.0,USD,2025-03-05,2025-07-06,2025-06-27,2025-06-27 15:40:00
O001318,Atlas Textiles GmbH - Support Plan,A0232,S016,Support Plan,Partner,Closed Lost,0.0,10900.0,USD,2025-02-11,2025-05-01,2025-03-23,2025-03-23 12:49:00
O000145,Silver Industries Group - Collaboration Tools,A0225,S001,Collaboration Tools,Outbound,Closed Won,1.0,10300.0,USD,2023-05-21,2023-07-09,2023-06-28,2023-06-28 08:46:00
O000267,Granite Capital LLC - Cloud Suite,A0212,S038,Cloud Suite,Referral,Closed Won,1.0,16900.0,USD,2023-08-17,2023-12-15,2023-12-21,2023-12-21 17:03:00
O000290,Vertex Studios Co. - Analytics Platform,A0011,S019,Analytics Platform,Inbound,Closed Lost,0.0,27000.0,USD,2025-03-20,2025-05-31,2025-05-07,2025-05-07 08:23:00
O002728,Sahara Pharma GmbH - Analytics Platform,A0453,S026,Analytics Platform,Partner,Closed Lost,0.0,24000.0,USD,2024-04-11,2024-06-10,2024-06-17,2024-06-17 10:03:00
O002120,Pioneer Industries GmbH - Cloud Suite,A0113,S040,Cloud Suite,Partner,Closed Won,1.0,49600.0,USD,2024-02-04,2024-05-19,2024-04-02,2024-04-02 14:45:00
O000480,Atlas Learning LLC 488 - Analytics Platform,A0489,S007,Analytics Platform,Outbound,Closed Lost,0.0,19800.0,USD,2023-01-06,2023-02-28,2023-02-22,2023-02-22 10:08:00
O002461,Zenith Logistics Holdings - Cloud Suite,A0173,S012,Cloud Suite,Outbound,Closed Lost,0.0,12200.0,USD,2023-02-28,2023-05-28,2023-05-31,2023-05-31 17:13:00
O002177,Nile Freight GmbH - Analytics Platform,A0458,S040,Analytics Platform,Inbound,Closed Lost,0.0,20700.0,USD,2025-03-30,2025-05-16,2025-04-23,2025-04-23 15:18:00
O002886,Blue Industries Group - Security Bundle,A0214,S029,Security Bundle,Outbound,Prospecting,0.1,28900.0,USD,2025-06-18,2025-09-29,,2025-06-25 17:52:00
O000323,North Textiles GmbH - Security Bundle,A0165,S012,Security Bundle,Event,Closed Won,1.0,35000.0,USD,2024-09-02,2024-12-28,2024-10-31,2024-10-31 18:52:00
O002819,Nova Textiles Inc. 258 - Analytics Platform,A0259,S002,Analytics Platform,Partner,Closed Lost,0.0,31900.0,USD,2025-02-17,2025-06-11,2025-06-01,2025-06-01 18:11:00
O002372,Prime Hotels LLC 96 - Cloud Suite,A0097,S002,Cloud Suite,Event,Closed Won,1.0,21600.0,USD,2023-04-16,2023-06-22,2023-06-13,2023-06-13 15:13:00
O000001,Silver Markets Inc. - Cloud Suite,A0272,S011,Cloud Suite,Partner,Prospecting,0.1,10700.0,USD,2025-06-24,2025-08-30,,2025-06-27 13:08:00
O000412,Coral Health LLC - Cloud Suite,A0059,S035,Cloud Suite,Inbound,Closed Won,1.0,16900.0,USD,2025-02-27,2025-04-30,2025-05-29,2025-05-29 08:41:00
O000786,Silver Capital LLC - Support Plan,A0236,S027,Support Plan,Outbound,Closed Lost,0.0,4300.0,USD,2023-09-05,2023-10-26,2023-09-20,2023-09-20 08:34:00
O002103,Zenith Energy LLC - Analytics Platform,A0088,S013,Analytics Platform,Referral,Closed Lost,0.0,39900.0,USD,2023-07-24,2023-10-16,2023-09-04,2023-09-04 13:40:00
O000558,Sahara Industries Inc. - Analytics Platform,A0379,S036,Analytics Platform,Event,Closed Lost,0.0,27000.0,USD,2025-02-08,2025-04-04,2025-04-28,2025-04-28 14:16:00
O002745,Silver Media S.A. - Security Bundle,A0398,S025,Security Bundle,Partner,Negotiation,0.75,52200.0,USD,2025-05-17,2025-07-01,,2025-06-26 08:27:00
O001324,Cedar Markets GmbH - Cloud Suite,A0064,S023,Cloud Suite,Partner,Closed Lost,0.0,12400.0,USD,2024-04-17,2024-07-10,2024-05-12,2024-05-12 08:41:00
O002704,Harbor Labs Ltd - Analytics Platform,A0435,S011,Analytics Platform,Inbound,Closed Won,1.0,8600.0,USD,2024-07-10,2024-10-22,2024-09-17,2024-09-17 10:34:00
O001968,Vertex Media GmbH - Collaboration Tools,A0292,S029,Collaboration Tools,Inbound,Closed Lost,0.0,18400.0,USD,2023-06-09,2023-10-05,2023-07-04,2023-07-04 08:37:00
O000706,Nile Pharma Ltd - Analytics Platform,A0118,S002,Analytics Platform,Partner,Closed Won,1.0,16400.0,USD,2023-06-28,2023-08-14,2023-09-24,2023-09-24 12:32:00
O000464,Sahara Textiles LLC - Analytics Platform,A0168,S034,Analytics Platform,Event,Closed Won,1.0,35000.0,USD,2024-04-04,2024-06-26,2024-05-29,2024-05-29 16:46:00
O002742,Lumen Consulting Holdings - Cloud Suite,A0039,S012,Cloud Suite,Outbound,Closed Lost,0.0,21500.0,USD,2023-12-13,2024-02-27,2024-03-03,2024-03-03 08:55:00
O000315,Pioneer Systems LLC - Analytics Platform,A0393,S009,Analytics Platform,Referral,Proposal,0.5,47400.0,USD,2025-04-08,2025-08-10,,2025-06-26 09:24:00
O000033,Granite Textiles Group - Analytics Platform,A0399,S019,Analytics Platform,Outbound,Closed Lost,0.0,15800.0,USD,2023-09-03,2023-11-08,2023-09-19,2023-09-19 10:57:00
O000507,Harbor Studios S.A. - Analytics Platform,A0265,S002,Analytics Platform,Partner,Closed Won,1.0,90700.0,USD,2024-07-25,2024-10-20,2024-11-25,2024-11-25 11:55:00
O002460,North Media Co. - Analytics Platform,A0052,S003,Analytics Platform,Inbound,Prospecting,0.1,70100.0,USD,2025-06-24,2025-10-12,,2025-06-30 13:33:00
O000015,Summit Media Group 359 - Analytics Platform,A0360,S040,Analytics Platform,Inbound,Closed Lost,0.0,29400.0,usd,2024-06-04,2024-08-08,2024-09-12,2024-09-12 14:19:00
O000094,Prime Systems Inc. - Analytics Platform,A0424,S011,Analytics Platform,Inbound,Closed Won,1.0,15900.0,USD,2025-05-01,2025-08-13,2025-06-29,2025-06-29 09:42:00
O001081,Prime Systems S.A. - Cloud Suite,A0320,S011,Cloud Suite,Inbound,Closed Lost,0.0,12800.0,USD,2025-04-09,2025-07-19,2025-05-12,2025-05-12 18:54:00
O000241,Harbor Studios Group - Cloud Suite,A0309,S031,Cloud Suite,Partner,Closed Lost,0.0,14300.0,USD,2023-03-04,2023-05-29,2023-06-01,2023-06-01 16:47:00
O001134,Delta Labs LLC - Security Bundle,A0363,S020,Security Bundle,Inbound,Closed Lost,0.0,14800.0,USD,2024-10-27,2024-12-22,2024-12-22,2024-12-22 17:46:00
O001445,Atlas Capital Inc. - Collaboration Tools,A0218,S010,Collaboration Tools,Inbound,Closed Lost,0.0,7800.0,USD,2024-11-12,2025-01-15,2025-01-16,2025-01-16 08:40:00
O000271,Summit Motors Group - Support Plan,A0021,S023,Support Plan,Outbound,Closed Lost,0.0,5700.0,USD,2024-10-10,2024-12-27,2024-10-30,2024-10-30 09:07:00
O002838,Lumen Retail Co. - Analytics Platform,A0410,S008,Analytics Platform,Outbound,Closed Lost,0.0,17500.0,USD,2024-03-11,2024-06-24,2024-04-20,2024-04-20 09:02:00
O002341,Orbit Capital GmbH - Security Bundle,A0243,S009,Security Bundle,Referral,Closed Won,1.0,19400.0,USD,2023-09-28,2023-12-10,2023-11-30,2023-11-30 15:06:00
O002634,Silver Consulting LLC - Security Bundle,A0148,S022,Security Bundle,Partner,Closed Lost,0.0,15700.0,USD,2025-05-12,2025-08-11,2025-06-24,2025-06-24 18:03:00
O002342,Lumen Capital S.A. 469 - Cloud Suite,A0470,S023,Cloud Suite,Partner,Closed Lost,0.0,37800.0,USD,2025-03-22,2025-06-07,2025-05-09,2025-05-09 16:04:00
O000898,Nova Textiles Inc. - Security Bundle,A0151,S005,Security Bundle,Partner,Closed Lost,0.0,25100.0,USD,2024-11-13,2025-02-25,2025-01-29,2025-01-29 13:03:00
O000806,Prime Pharma Group - Cloud Suite,A0327,S011,Cloud Suite,Outbound,Closed Lost,0.0,8500.0,USD,2023-03-10,2023-05-22,2023-06-01,2023-06-01 18:01:00
O001433,Sahara Hotels Co. - Analytics Platform,A0251,S020,Analytics Platform,Partner,Closed Won,1.0,12000.0,USD,2024-04-08,2024-07-24,2024-05-28,2024-05-28 10:19:00
O000930,Sahara Textiles LLC - Security Bundle,A0168,S034,Security Bundle,Inbound,Closed Lost,0.0,6900.0,USD,2025-01-02,2025-03-21,2025-03-23,2025-03-23 15:15:00
O001831,Prime Industries Group - Cloud Suite,A0171,S021,Cloud Suite,Referral, Closed Won ,1.0,15300.0,USD,2023-10-25,2023-12-30,2024-01-16,2024-01-16 17:50:00
O000904,Delta Markets GmbH - Cloud Suite,A0439,S022,Cloud Suite,Outbound,Closed Lost,0.0,18800.0,USD,2023-09-01,2023-10-25,2023-10-16,2023-10-16 18:30:00
O001624,Prime Labs Holdings - Analytics Platform,A0024,S019,Analytics Platform,Outbound,Closed Lost,0.0,19300.0,USD,2024-12-14,2025-02-03,2025-02-22,2025-02-22 16:08:00
O000810,Coral Capital GmbH - Analytics Platform,A0220,S002,Analytics Platform,Partner,Qualification,0.25,48600.0,USD,2025-06-08,2025-08-01,,2025-06-26 14:31:00
O001611,Nova Learning Holdings - Analytics Platform,A0500,S029,Analytics Platform,Outbound,Closed Lost,0.0,28300.0,USD,2024-11-22,2025-01-24,2024-12-06,2024-12-06 09:00:00
O001613,Granite Retail S.A. 223 - Cloud Suite,A0224,S025,Cloud Suite,Partner,Closed Lost,0.0,12000.0,USD,2023-08-16,2023-10-24,2023-12-05,2023-12-05 17:00:00
O001427,Atlas Capital Co. - Support Plan,A0130,S002,Support Plan,Inbound,Prospecting,0.1,13400.0,USD,2025-06-11,2025-09-13,,2025-06-29 08:42:00
O001588,Granite Systems GmbH - Collaboration Tools,A0484,S037,Collaboration Tools,Event,Closed Lost,0.0,11500.0,USD,2024-05-29,2024-07-30,2024-07-08,2024-07-08 18:54:00
O002528,Pioneer Pharma Inc. - Collaboration Tools,A0376,S035,Collaboration Tools,Inbound,Closed Won,1.0,6600.0,USD,2024-02-02,2024-06-02,2024-03-31,2024-03-31 11:42:00
O000369,Silver Foods LLC - Analytics Platform,A0065,S025,Analytics Platform,Outbound,Closed Lost,0.0,77800.0,USD,2025-01-22,2025-05-14,2025-04-01,2025-04-01 08:48:00
O000790,Nile Freight GmbH - Cloud Suite,A0458,S040,Cloud Suite,Inbound,Closed Lost,0.0,57400.0,USD,2024-03-26,2024-06-03,2024-05-28,2024-05-28 17:24:00
O001872,Summit Freight Ltd - Collaboration Tools,A0109,S011,Collaboration Tools,Outbound,Closed Won,1.0,4600.0,USD,2024-09-14,2024-12-19,2024-11-29,2024-11-29 11:28:00
O001928,Sahara Learning S.A. 113 - Security Bundle,A0114,S017,Security Bundle,Referral,Closed Won,1.0,24400.0,USD,2024-01-22,2024-03-07,2024-02-17,2024-02-17 17:28:00
O001174,Atlas Motors Inc. - Cloud Suite,A0040,S011,Cloud Suite,Partner,Closed Lost,0.0,17700.0,USD,2024-03-09,2024-04-30,2024-05-02,2024-05-02 11:50:00
O000582,Nile Textiles Co. - Collaboration Tools,A0178,S016,Collaboration Tools,Inbound,Closed Lost,0.0,16200.0,USD,2025-03-05,2025-06-28,2025-04-05,2025-04-05 11:12:00
O000150,Silver Learning GmbH - Cloud Suite,A0395,S028,Cloud Suite,Partner,Closed Lost,0.0,18500.0,USD,2023-12-10,2024-01-26,2023-12-31,2023-12-31 15:39:00
O001603,Lumen Foods LLC - Collaboration Tools,A0378,S037,Collaboration Tools,Partner,Closed Won,1.0,10800.0,USD,2024-01-28,2024-04-03,2024-04-10,2024-04-10 10:15:00
O002642,Granite Retail GmbH - Analytics Platform,A0126,S035,Analytics Platform,Inbound,Closed Lost,0.0,33900.0,USD,2023-05-29,2023-08-28,2023-07-10,2023-07-10 11:29:00
O000765,Lumen Capital Holdings - Collaboration Tools,A0042,S034,Collaboration Tools,Outbound,Closed Lost,0.0,8200.0,USD,2024-08-22,2024-10-25,2024-09-17,2024-09-17 16:25:00
O002275,Falcon Consulting Ltd - Collaboration Tools,A0391,S012,Collaboration Tools,Referral,Closed Lost,0.0,6600.0,USD,2023-07-03,2023-10-09,2023-07-14,2023-07-14 08:01:00
O001290,Orbit Pharma Inc. - Cloud Suite,A0027,S016,Cloud Suite,Partner,Closed Lost,0.0,29200.0,USD,2025-03-09,2025-05-25,2025-04-15,2025-04-15 08:19:00
O001000,Harbor Textiles GmbH - Analytics Platform,A0263,S040,Analytics Platform,Partner,Closed Won,1.0,55700.0,USD,2024-08-12,2024-12-19,2024-09-22,2024-09-22 18:24:00
O001568,Orbit Labs Inc. - Collaboration Tools,A0004,S040,Collaboration Tools,Outbound,Qualification,0.25,9500.0,USD,2025-06-08,2025-09-01,,2025-06-24 12:55:00
O000927,North Textiles GmbH - Security Bundle,A0165,S012,Security Bundle,Inbound,Closed Won,1.0,25700.0,USD,2023-06-25,2023-10-06,2023-10-22,2023-10-22 18:31:00
O000565,Pioneer Studios LLC - Analytics Platform,A0351,S017,Analytics Platform,Outbound,Closed Won,1.0,58800.0,USD,2023-07-10,2023-10-16,2023-08-28,2023-08-28 16:28:00
O002772,Nile Systems LLC - Analytics Platform,A0128,S036,Analytics Platform,Inbound,Closed Lost,0.0,33500.0,USD,2025-05-23,2025-07-18,2025-06-30,2025-06-30 18:26:00
O002756,Summit Freight Inc. - Analytics Platform,A0415,S022,Analytics Platform,Partner,Closed Lost,0.0,31000.0,USD,2023-12-31,2024-02-15,2024-02-07,2024-02-07 10:29:00
O001457,Silver Logistics Co. - Security Bundle,A0174,S037,Security Bundle,Outbound,Closed Lost,0.0,21700.0,USD,2025-05-07,2025-06-21,2025-05-28,2025-05-28 15:52:00
O000606,Coral Motors Co. - Support Plan,A0295,S022,Support Plan,Referral,Qualification,0.25,,USD,2025-05-31,2025-09-24,,2025-06-28 12:35:00
O002718,Vertex Systems Group - Analytics Platform,A0102,S023,Analytics Platform,Inbound,Closed Lost,0.0,36900.0,USD,2023-08-31,2023-11-08,2023-10-21,2023-10-21 16:21:00
O000179,Harbor Systems LLC - Security Bundle,A0084,S006,Security Bundle,Inbound,Closed Won,1.0,34700.0,USD,2025-03-16,2025-06-22,2025-05-18,2025-05-18 14:09:00
O002765,Nile Studios Co. - Cloud Suite,A0296,S010,Cloud Suite,Partner,Closed Lost,0.0,13800.0,USD,2023-08-17,2023-12-10,2023-08-30,2023-08-30 10:07:00
O000444,Silver Industries Group - Security Bundle,A0225,S001,Security Bundle,Partner,Prospecting,0.1,15000.0,USD,2025-06-20,2025-09-29,,2025-06-24 09:34:00
O000046,Summit Capital Co. - Security Bundle,A0022,S029,Security Bundle,Referral,Closed Lost,0.0,17600.0,USD,2024-12-26,2025-03-19,2025-01-06,2025-01-06 16:38:00
O002165,North Motors LLC - Support Plan,A0472,S032,Support Plan,Inbound,Closed Lost,0.0,7000.0,USD,2024-09-12,2025-01-09,2024-12-11,2024-12-11 10:28:00
O002659,Orbit Industries GmbH - Cloud Suite,A0248,S002,Cloud Suite,Event,Closed Lost,0.0,28200.0,USD,2024-05-22,2024-07-09,2024-06-13,2024-06-13 16:07:00
O001886,Granite Retail GmbH - Support Plan,A0126,S020,Support Plan,Inbound,Closed Lost,0.0,3600.0,USD,2024-03-05,2024-05-14,2024-05-20,2024-05-20 15:53:00
O001230,Granite Systems LLC - Support Plan,A0161,S024,Support Plan,Outbound,Closed Lost,0.0,4100.0,USD,2023-08-04,2023-10-15,2023-10-03,2023-10-03 13:46:00
O001162,Delta Markets GmbH - Security Bundle,A0439,S022,Security Bundle,Inbound,Closed Lost,0.0,16800.0,USD,2023-03-11,2023-06-14,2023-04-19,2023-04-19 08:13:00
O001719,Delta Logistics LLC - Security Bundle,A0018,S009,Security Bundle,Event,Qualification,0.25,13700.0,USD,2025-05-21,2025-09-27,,2025-06-24 08:23:00
O002068,Nova Clinics GmbH 317 - Analytics Platform,A0318,S027,Analytics Platform,Inbound,Prospecting,0.1,36000.0,USD,2025-06-24,2025-10-16,,2025-06-30 16:35:00
O002376,Silver Logistics Group - Support Plan,A0253,S016,Support Plan,Partner, Closed Lost ,0.0,8100.0,USD,2024-11-08,2025-02-09,2024-12-28,2024-12-28 16:35:00
O001207,Granite Industries Holdings - Security Bundle,A0202,S038,Security Bundle,Partner,Closed Lost,0.0,30300.0,USD,2024-06-25,2024-08-27,2024-09-14,2024-09-14 18:04:00
O001117,Zenith Pharma S.A. - Support Plan,A0231,S020,Support Plan,Partner,Closed Lost,0.0,8500.0,USD,2023-03-10,2023-06-17,2023-03-27,2023-03-27 11:28:00
O001252,Nile Health Group - Collaboration Tools,A0069,S028,Collaboration Tools,Referral,Closed Lost,0.0,11800.0,USD,2025-02-18,2025-06-03,2025-03-18,2025-03-18 11:21:00
O001914,Lumen Retail Inc. - Analytics Platform,A0392,S026,Analytics Platform,Outbound,Closed Won,1.0,34200.0,USD,2023-12-27,2024-02-14,2024-02-02,2024-02-02 11:59:00
O000322,Lumen Pharma Inc. - Analytics Platform,A0269,S016,Analytics Platform,Referral,Closed Lost,0.0,49200.0,USD,2025-01-21,2025-05-27,2025-04-11,2025-04-11 15:13:00
O002041,Coral Foods Ltd 306 - Support Plan,A0307,S005,Support Plan,Inbound,Closed Lost,0.0,4500.0,USD,2024-10-23,2024-12-17,2024-11-07,2024-11-07 16:17:00
O000292,Vertex Systems Holdings - Analytics Platform,A0252,S027,Analytics Platform,Partner,Closed Lost,0.0,26300.0,USD,2024-10-13,2024-12-22,2024-11-11,2024-11-11 08:53:00
O001806,North Markets LLC - Analytics Platform,A0135,S028,Analytics Platform,Partner,Closed Lost,0.0,27300.0,USD,2025-03-28,2025-06-13,2025-04-05,2025-04-05 10:47:00
O001721,Sahara Clinics Holdings - Analytics Platform,A0186,S022,Analytics Platform,Inbound,Closed Lost,0.0,16800.0,USD,2024-08-09,2024-12-05,2024-08-28,2024-08-28 15:15:00
O001771,Orbit Consulting Holdings - Cloud Suite,A0397,S020,Cloud Suite,Referral,Closed Won,1.0,9400.0,USD,2024-09-17,2024-12-17,2024-12-05,2024-12-05 18:42:00
O001821,Coral Textiles GmbH - Analytics Platform,A0317,S021,Analytics Platform,Outbound,Closed Lost,0.0,45300.0,USD,2023-11-12,2024-01-30,2024-02-10,2024-02-10 11:42:00
O002563,Nova Freight Ltd - Cloud Suite,A0298,S022,Cloud Suite,Outbound,Closed Lost,0.0,16900.0,USD,2023-10-11,12/01/2024,2023-11-06,2023-11-06 08:49:00
O000415,Blue Media Group - Support Plan,A0337,S027,Support Plan,Outbound,Closed Lost,0.0,10900.0,USD,2025-04-12,2025-06-07,2025-04-29,2025-04-29 16:46:00
O000830,Nova Freight Ltd - Cloud Suite,A0298,S022,Cloud Suite,Partner,Closed Lost,0.0,16300.0,USD,2025-05-06,2025-09-10,2025-05-22,2025-05-22 15:46:00
O002422,Summit Markets Holdings - Collaboration Tools,A0087,S004,Collaboration Tools,Inbound,Prospecting,0.1,10200.0,usd,2025-06-14,2025-09-24,,2025-06-28 08:32:00
O000839,Zenith Hotels Co. - Cloud Suite,A0247,S018,Cloud Suite,Inbound,Closed Lost,0.0,15900.0,USD,2024-06-22,2024-08-23,2024-07-10,2024-07-10 09:41:00
O001819,Cedar Health S.A. - Collaboration Tools,A0357,S001,Collaboration Tools,Inbound,Closed Won,1.0,-9000.0,USD,2024-04-17,2024-07-25,2024-08-06,2024-08-06 18:26:00
O000473,Nile Retail Group - Cloud Suite,A0445,S009,Cloud Suite,Referral,Closed Lost,0.0,17500.0,USD,2025-02-25,2025-05-26,2025-04-28,2025-04-28 15:14:00
O000683,Vertex Logistics GmbH - Support Plan,A0162,S010,Support Plan,Partner,Closed Lost,0.0,9400.0,USD,2025-02-06,2025-05-04,2025-04-18,2025-04-18 12:15:00
O002015,Silver Energy Co. - Cloud Suite,A0499,S008,Cloud Suite,Inbound,Prospecting,0.1,19700.0,USD,2025-06-17,2025-08-14,,2025-06-27 11:06:00
O001158,Blue Markets LLC - Cloud Suite,A0288,S013,Cloud Suite,Partner,Closed Lost,0.0,46300.0,USD,2025-06-06,2025-08-26,2025-06-28,2025-06-28 10:08:00
O000176,Pioneer Learning Ltd - Support Plan,A0079,S023,Support Plan,Outbound,Closed Won,1.0,9500.0,USD,2023-01-29,2023-05-29,2023-02-22,2023-02-22 09:38:00
O000257,Prime Retail GmbH - Collaboration Tools,A0261,S023,Collaboration Tools,Event,Closed Lost,0.0,5000.0,USD,2025-01-31,2025-04-26,2025-02-23,2025-02-23 16:10:00
O001337,Sahara Textiles Co. - Collaboration Tools,A0226,S008,Collaboration Tools,Outbound,Closed Lost,0.0,8700.0,USD,2023-06-16,2023-08-16,2023-07-22,2023-07-22 18:40:00
O002933,Atlas Clinics Ltd - Analytics Platform,A0010,S020,Analytics Platform,Partner,Closed Lost,0.0,22600.0,USD,2023-07-28,2023-11-08,2023-10-02,2023-10-02 08:14:00
O000434,Prime Capital LLC - Security Bundle,A0031,S005,Security Bundle,Outbound,Closed Lost,0.0,32800.0,USD,2023-02-09,2023-04-19,2023-06-22,2023-06-22 09:06:00
O002324,Summit Motors Holdings - Security Bundle,A0237,S004,Security Bundle,Outbound,Closed Lost,0.0,10700.0,USD,2024-04-20,2024-06-22,2024-06-29,2024-06-29 17:30:00
O001074,Lumen Motors S.A. - Support Plan,A0341,S035,Support Plan,Partner,Closed Won,1.0,11900.0,USD,2023-04-07,2023-06-20,2023-05-08,2023-05-08 10:34:00
O001042,Atlas Health S.A. - Cloud Suite,A0258,S009,Cloud Suite,Partner,Closed Won,1.0,35500.0,USD,2023-10-29,2024-02-20,2024-01-20,2024-01-20 13:39:00
O001833,Nile Industries Ltd - Analytics Platform,A0257,S010,Analytics Platform,Partner,Closed Won,1.0,31300.0,USD,2024-02-22,2024-05-17,2024-05-05,2024-05-05 16:51:00
O000843,Atlas Clinics Group - Security Bundle,A0358,S032,Security Bundle,Outbound,Closed Lost,0.0,10300.0,USD,2023-04-08,2023-07-14,2023-05-16,2023-05-16 10:50:00
O002973,Silver Textiles Co. - Security Bundle,A0049,S011,Security Bundle,Inbound,Closed Lost,0.0,16400.0,USD,2025-01-08,2025-05-04,2025-02-16,2025-02-16 18:00:00
O001272,Atlas Health Inc. - Collaboration Tools,A0425,S002,Collaboration Tools,Inbound,Closed Lost,0.0,14700.0,USD,2025-03-13,2025-05-09,2025-04-27,2025-04-27 16:39:00
O001107,Vertex Labs S.A. - Security Bundle,A0073,S009,Security Bundle,Outbound,Closed Lost,0.0,27300.0,USD,2023-06-07,2023-08-30,2023-06-23,2023-06-23 17:08:00
O001508,Silver Health Inc. - Collaboration Tools,A0036,S016,Collaboration Tools,Partner,Closed Lost,0.0,18300.0,USD,2024-01-20,2024-04-25,2024-03-27,2024-03-27 18:37:00
O000846,Pioneer Media Ltd - Collaboration Tools,A0076,S026,Collaboration Tools,Outbound,Closed Won,1.0,6800.0,USD,2023-10-10,2024-02-05,2024-01-13,2024-01-13 14:04:00
O000197,Orbit Markets Inc. - Cloud Suite,A0336,S023,Cloud Suite,Outbound,Closed  Lost,0.0,16200.0,USD,2023-03-05,2023-06-20,2023-05-13,2023-05-13 16:10:00
O001903,Nova Motors LLC - Security Bundle,A0123,S009,Security Bundle,Inbound,Closed Lost,0.0,30700.0,USD,2024-12-13,2025-02-10,2025-03-01,2025-03-01 16:41:00
O000171,Atlas Hotels Ltd - Collaboration Tools,A0219,S001,Collaboration Tools,Event,Closed Lost,0.0,9400.0,USD,2023-03-16,2023-06-28,2023-04-18,2023-04-18 12:37:00
O001037,Summit Logistics Inc. - Cloud Suite,A0063,S010,Cloud Suite,Referral,Closed Lost,0.0,8700.0,USD,2025-02-20,2025-04-12,2025-03-14,2025-03-14 13:23:00
O002822,Sahara Capital Holdings - Cloud Suite,A0101,S003,Cloud Suite,Partner,Prospecting,0.1,24500.0,USD,2025-06-18,2025-09-23,,2025-06-27 18:38:00
O000089,Prime Capital LLC - Collaboration Tools,A0031,S005,Collaboration Tools,Event,Closed Lost,0.0,28000.0,USD,2023-02-09,2023-06-15,2023-08-27,2023-08-27 13:23:00
O002574,Summit Media Group 359 - Security Bundle,A0360,S040,Security Bundle,Inbound,Closed Lost,0.0,25500.0,USD,2023-08-06,2023-12-05,2023-09-16,2023-09-16 16:29:00
O001802,Falcon Textiles Ltd - Support Plan,A0141,S032,Support Plan,Partner,Closed Lost,0.0,6400.0,USD,2023-05-14,2023-07-28,2023-07-16,2023-07-16 14:52:00
O002754,Pioneer Systems LLC - Collaboration Tools,A0393,S009,Collaboration Tools,Partner,Closed Won,1.0,19400.0,USD,2023-03-19,2023-06-18,2023-06-19,2023-06-19 09:42:00
O002197,Falcon Logistics S.A. - Collaboration Tools,A0416,S006,Collaboration Tools,Partner,Closed Lost,0.0,19100.0,USD,2024-09-05,2024-12-11,2024-10-01,2024-10-01 08:24:00
O000880,Atlas Energy Co. - Collaboration Tools,A0155,S004,Collaboration Tools,Outbound,Closed Won,1.0,15700.0,USD,2025-04-26,2025-07-18,2025-05-11,2025-05-11 16:22:00
O001912,Nova Freight Ltd - Collaboration Tools,A0298,S022,Collaboration Tools,Outbound,Closed Lost,0.0,2500.0,USD,2025-02-20,2025-04-15,2025-03-31,2025-03-31 14:41:00
O002411,Orbit Markets Inc. - Security Bundle,A0336,S023,Security Bundle,Referral,Closed Lost,0.0,5800.0,USD,2024-06-07,2024-08-25,2024-06-19,2024-06-19 14:03:00
O001095,North Motors GmbH - Security Bundle,A0352,S034,Security Bundle,Outbound,Closed Lost,0.0,12700.0,USD,2024-04-21,2024-06-23,2024-06-05,2024-06-05 15:15:00
O002711,Atlas Markets Co. - Security Bundle,A0350,S012,Security Bundle,Event,Closed Won,1.0,9800.0,USD,2024-01-30,2024-05-10,2024-04-08,2024-04-08 17:02:00
O000153,Cedar Hotels S.A. - Security Bundle,A0369,S008,Security Bundle,Event,Closed Won,1.0,18100.0,USD,2023-01-03,2023-02-18,2023-02-09,2023-02-09 12:24:00
O001815,Blue Consulting LLC - Cloud Suite,A0312,S005,Cloud Suite,Inbound,Closed Won,1.0,22800.0,USD,2025-03-05,2025-05-12,2025-06-12,2025-06-12 08:39:00
O001429,Nova Capital S.A. - Collaboration Tools,A0422,S016,Collaboration Tools,Event,Qualification,0.25,19700.0,USD,2024-11-30,2025-04-05,2025-06-01,2025-05-13 14:01:00
O000371,Zenith Logistics Holdings - Cloud Suite,A0173,S019,Cloud Suite,Inbound,Closed Lost,0.0,25200.0,USD,2023-08-07,2023-11-01,2023-09-01,2023-09-01 10:54:00
O000268,Silver Energy Co. - Support Plan,A0499,S008,Support Plan,Referral,Qualification,0.25,6500.0,USD,2024-02-20,2024-06-19,2024-03-17,2024-02-20 17:12:00
O002677,Cedar Clinics Co. - Analytics Platform,A0074,S029,Analytics Platform,Inbound,Closed Lost,0.0,29800.0,usd,2025-02-19,2025-04-22,2025-03-12,2025-03-12 09:51:00
O001892,Delta Motors GmbH - Analytics Platform,A0182,S022,Analytics Platform,Partner,Closed Lost,0.0,16100.0,USD,2025-05-16,2025-08-02,2025-06-06,2025-06-06 11:49:00
O002692,Nile Media Group - Analytics Platform,A0348,S009,Analytics Platform,Referral,Closed Lost,0.0,59300.0,USD,2024-09-24,2025-01-09,2024-12-25,2024-12-25 14:42:00
O002508,Zenith Pharma S.A. - Analytics Platform,A0231,S020,Analytics Platform,Referral,Closed Lost,0.0,30200.0,USD,2025-01-16,2025-03-29,2025-02-07,2025-02-07 15:52:00
O002514,Sahara Capital Holdings - Cloud Suite,A0101,S014,Cloud Suite,Referral,proposal,0.5,,USD,2025-06-02,2025-07-24,,2025-06-28 09:05:00
O000440,Atlas Markets Co. - Security Bundle,A0350,S012,Security Bundle,Partner,Closed Lost,0.0,15100.0,USD,2025-02-26,2025-06-30,2025-03-14,2025-03-14 08:14:00
O001503,Harbor Textiles S.A. - Collaboration Tools,A0228,S009,Collaboration Tools,Partner,Closed Lost,0.0,15800.0,USD,2023-10-04,2023-12-20,2023-11-27,2023-11-27 16:16:00
O002352,Coral Textiles S.A. - Cloud Suite,A0184,S015,Cloud Suite,Outbound,Closed Won,1.0,23800.0,USD,2025-03-23,2025-05-29,2025-05-29,2025-05-29 11:14:00
O001691,Summit Foods S.A. - Cloud Suite,A0443,S008,Cloud Suite,Outbound,Closed Won,1.0,19900.0,USD,2023-03-29,2023-07-31,2023-04-08,2023-04-08 12:52:00
O002632,Nova Learning Holdings - Cloud Suite,A0500,S029,Cloud Suite,Event,Closed Lost,0.0,20400.0,USD,2023-05-28,2023-07-31,2023-06-15,2023-06-15 11:56:00
O000332,Zenith Learning Co. - Cloud Suite,A0454,S019,Cloud Suite,Referral,Negotiation,0.75,18000.0,USD,2025-03-24,2025-06-17,,2025-06-28 08:40:00
O002861,Nova Learning Holdings - Security Bundle,A0500,S029,Security Bundle,Outbound,Closed Lost,0.0,12600.0,USD,2024-12-07,2025-02-16,2024-12-20,2024-12-20 16:39:00
O001062,Nova Labs Ltd - Analytics Platform,A0207,S025,Analytics Platform,Outbound,Closed Lost,0.0,50200.0,USD,2024-05-14,2024-08-19,2024-07-31,2024-07-31 12:11:00
O001587,Vertex Studios S.A. - Collaboration Tools,A0199,S013,Collaboration Tools,Partner,Closed Won,1.0,11500.0,USD,2023-08-14,2023-10-06,2023-09-13,2023-09-13 17:16:00
O001790,North Foods Co. - Cloud Suite,A0423,S016,Cloud Suite,Outbound,Closed Lost,0.0,43600.0,USD,2025-02-06,2025-03-25,2025-05-15,2025-05-15 09:34:00
O000611,Nile Consulting Co. - Analytics Platform,A0104,S020,Analytics Platform,Outbound,Negotiation,0.75,22500.0,USD,2025-04-11,2025-06-24,,2025-06-26 18:44:00
O002339,Delta Capital Group - Support Plan,A0490,S036,Support Plan,Referral,Closed Lost,0.0,4800.0,USD,2024-06-22,2024-08-25,2024-07-28,2024-07-28 17:12:00
O000068,Granite Textiles Group - Security Bundle,A0399,S019,Security Bundle,Inbound,Negotiation,0.75,25200.0,USD,2025-05-17,2025-07-07,,2025-06-27 12:18:00
O001125,Summit Motors Holdings - Cloud Suite,A0237,S004,Cloud Suite,Referral,Closed Won,1.0,47000.0,USD,2024-06-03,2024-09-22,2024-06-29,2024-06-29 11:12:00
O002043,Lumen Consulting Holdings - Analytics Platform,A0039,S014,Analytics Platform,Inbound,Closed Lost,0.0,23400.0,USD,2023-02-08,2023-05-14,2023-03-04,2023-03-04 08:51:00
O000865,Harbor Consulting Inc. - Support Plan,A0120,S032,Support Plan,Outbound,Closed Lost,0.0,5000.0,USD,2024-02-18,2024-06-21,2024-03-21,2024-03-21 10:02:00
O001024,Orbit Foods GmbH - Cloud Suite,A0310,S035,Cloud Suite,Inbound,Closed Won,1.0,13100.0,USD,2024-08-04,2024-12-01,2024-09-19,2024-09-19 13:10:00
O000135,Coral Energy Ltd - Security Bundle,A0060,S040,Security Bundle,Partner,Closed Lost,0.0,27900.0,USD,2023-01-03,2023-03-16,2023-06-16,2023-06-16 09:00:00
O002211,Falcon Capital Holdings - Cloud Suite,A0008,S005,Cloud Suite,Outbound,Closed Lost,0.0,25200.0,USD,2023-11-03,2024-01-18,2024-01-16,2024-01-16 12:39:00
O000258,Sahara Hotels GmbH - Collaboration Tools,A0242,S008,Collaboration Tools,Partner,Closed Won,1.0,15700.0,USD,2024-10-01,2024-11-28,2024-12-14,2024-12-14 11:09:00
O002582,Zenith Hotels Ltd - Cloud Suite,A0152,S038,Cloud Suite,Partner,Closed Won,1.0,17000.0,USD,2023-12-28,2024-04-11,2024-04-29,2024-04-29 17:26:00
O001423,Silver Foods Holdings - Cloud Suite,A0382,S023,Cloud Suite,Partner,Qualification,0.25,19300.0,USD,2025-06-06,2025-08-01,,2025-06-28 17:36:00
O001652,Granite Motors S.A. - Cloud Suite,A0119,S004,Cloud Suite,Inbound,Closed Won,1.0,13000.0,USD,2023-03-07,2023-06-06,2023-05-31,2023-05-31 13:06:00
O000355,Summit Textiles Group - Cloud Suite,A0200,S019,Cloud Suite,Outbound,Closed Lost,0.0,10400.0,USD,2023-02-15,2023-05-08,2023-03-02,2023-03-02 18:45:00
O000888,Blue Markets LLC - Security Bundle,A0288,S013,Security Bundle,Referral,Prospecting,0.1,31600.0,USD,2025-06-22,2025-08-09,,2025-06-25 10:12:00
O001129,Lumen Clinics LLC - Collaboration Tools,A0078,S018,Collaboration Tools,Event, Closed Won ,1.0,6900.0,USD,2025-04-04,2025-07-24,2025-05-12,2025-05-12 15:26:00
O001865,Pioneer Labs Inc. - Security Bundle,A0287,S023,Security Bundle,Partner,Closed Won,1.0,16500.0,USD,2024-03-13,2024-06-14,2024-04-17,2024-04-17 08:27:00
O000566,North Retail Group - Analytics Platform,A0432,S032,Analytics Platform,Outbound,Closed Lost,0.0,17600.0,USD,2023-08-19,2023-10-28,2023-09-20,2023-09-20 18:08:00
O002477,Harbor Markets Ltd - Analytics Platform,A0046,S028,Analytics Platform,Outbound,Closed Lost,0.0,9400.0,USD,2025-02-22,2025-06-09,2025-04-15,2025-04-15 11:39:00
O001245,Summit Retail GmbH - Cloud Suite,A0361,S021,Cloud Suite,Partner,Closed Won,1.0,33900.0,USD,2024-02-06,2024-04-07,2024-09-18,2024-09-18 08:21:00
O000125,Granite Logistics S.A. - Analytics Platform,A0246,S020,Analytics Platform,Inbound,Closed Won,1.0,35200.0,USD,2023-08-29,2023-12-16,2023-11-02,2023-11-02 16:42:00
O002502,Sahara Labs Ltd - Support Plan,A0147,S003,Support Plan,Partner,Closed Lost,0.0,2900.0,USD,2025-01-15,2025-03-12,2025-03-18,2025-03-18 16:56:00
O002567,Falcon Capital Group - Collaboration Tools,A0206,S012,Collaboration Tools,Outbound,Closed Lost,0.0,14100.0,USD,2025-02-09,2025-04-12,2025-04-07,2025-04-07 08:52:00
O000496,Lumen Pharma Inc. - Security Bundle,A0269,S029,Security Bundle,Outbound,Closed Lost,0.0,32200.0,USD,2024-05-07,04/09/2024,2024-07-12,2024-07-12 13:50:00
O001766,Nova Learning Inc. - Collaboration Tools,A0293,S040,Collaboration Tools,Outbound,Closed Lost,0.0,21400.0,USD,2024-09-07,2024-11-21,2024-11-02,2024-11-02 16:29:00
O001651,Silver Energy S.A. - Cloud Suite,A0111,S026,Cloud Suite,Partner,Closed Lost,0.0,18300.0,USD,2024-04-24,2024-08-08,2024-06-13,2024-06-13 16:11:00
O001273,Harbor Labs Ltd - Security Bundle,A0435,S011,Security Bundle,Partner,Closed Won,1.0,6200.0,USD,2025-03-13,2025-07-14,2025-05-08,2025-05-08 13:35:00
O001180,Nile Labs Group - Cloud Suite,A0339,S036,Cloud Suite,Event,Closed Lost,0.0,15700.0,USD,2024-10-20,2024-12-27,2024-10-28,2024-10-28 17:05:00
O002938,Summit Consulting Ltd - Support Plan,A0032,S005,Support Plan,Partner,Closed Lost,0.0,4800.0,USD,2024-09-16,2025-01-01,2024-11-18,2024-11-18 13:19:00
O002118,Zenith Learning S.A. - Cloud Suite,A0491,S022,Cloud Suite,Outbound,Closed Lost,0.0,11200.0,USD,2024-12-29,2025-04-24,2025-02-17,2025-02-17 12:15:00
O002122,Lumen Consulting Inc. - Analytics Platform,A0211,S032,Analytics Platform,Partner,Closed Lost,0.0,41600.0,USD,2023-02-22,2023-06-12,2023-05-16,2023-05-16 10:33:00
O000573,Lumen Capital S.A. 469 - Security Bundle,A0470,S006,Security Bundle,Outbound,Closed Lost,0.0,29500.0,USD,2023-07-29,2023-11-26,2023-10-14,2023-10-14 11:20:00
O001780,Orbit Media Co. - Security Bundle,A0075,S005,Security Bundle,Partner,Closed Lost,0.0,43800.0,USD,2024-11-11,2025-02-26,2025-06-21,2025-06-21 16:42:00
O001222,Harbor Clinics LLC - Cloud Suite,A0462,S009,Cloud Suite,Partner,Qualification,0.25,84300.0,USD,2025-05-15,2025-08-24,,2025-06-28 12:31:00
O002024,Cedar Studios S.A. 383 - Collaboration Tools,A0384,S024,Collaboration Tools,Partner,Closed Lost,0.0,11200.0,USD,2023-06-21,2023-09-16,2023-07-18,2023-07-18 17:58:00
O001661,Silver Industries Group - Cloud Suite,A0225,S001,Cloud Suite,Outbound,Closed Won,1.0,11600.0,USD,2023-01-23,2023-05-18,2023-02-24,2023-02-24 16:47:00
O002766,Coral Industries Co. - Support Plan,A0299,S032,Support Plan,Inbound,Qualification,0.25,5500.0,USD,2025-05-20,2025-09-01,,2025-06-25 17:23:00
O002790,Nile Logistics Holdings - Cloud Suite,A0390,S023,Cloud Suite,Partner,Closed Won,1.0,43400.0,USD,2023-02-14,2023-04-16,2023-04-24,2023-04-24 12:07:00
O001371,Silver Energy LLC - Analytics Platform,A0020,S033,Analytics Platform,Inbound,Closed Lost,0.0,103900.0,USD,2024-09-04,2024-12-29,2024-11-21,2024-11-21 12:50:00
O001414,Summit Pharma S.A. - Analytics Platform,A0240,S008,Analytics Platform,Partner,Closed Lost,0.0,39600.0,USD,2024-04-11,2024-07-05,2024-04-29,2024-04-29 16:29:00
O002345,Nova Motors LLC 433 - Security Bundle,A0434,S031,Security Bundle,Referral,Closed Won,1.0,8200.0,USD,2025-04-02,2025-06-18,2025-06-10,2025-06-10 17:40:00
O001160,Zenith Hotels Ltd - Cloud Suite,A0152,S038,Cloud Suite,Outbound,Closed Lost,0.0,30800.0,USD,2023-02-12,2023-05-01,2023-03-14,2023-03-14 13:50:00
O000081,Granite Motors GmbH - Cloud Suite,A0091,S022,Cloud Suite,Event,Closed Lost,0.0,44500.0,USD,2023-03-22,2023-06-05,2023-06-03,2023-06-03 16:11:00
O000802,Sahara Hotels LLC - Security Bundle,A0381,S013,Security Bundle,Outbound,Closed Lost,0.0,30000.0,USD,2024-05-29,24/08/2024,2024-10-21,2024-10-21 12:19:00
O001227,Blue Retail Inc. - Cloud Suite,A0183,S016,Cloud Suite,Inbound,Closed Lost,0.0,61600.0,USD,2025-04-13,2025-08-05,2025-05-21,2025-05-21 08:19:00
O001478,Falcon Capital Group - Analytics Platform,A0206,S012,Analytics Platform,Partner,Closed Lost,0.0,11600.0,USD,2025-03-21,2025-05-14,2025-04-23,2025-04-23 14:44:00
O000811,Coral Foods Ltd 306 - Collaboration Tools,A0307,S022,Collaboration Tools,Inbound,Closed Won,1.0,7000.0,USD,2025-04-09,2025-08-11,2025-06-15,2025-06-15 12:05:00
O002535,Blue Studios GmbH - Collaboration Tools,A0413,S034,Collaboration Tools,Outbound,Closed Won,1.0,16200.0,USD,2025-05-01,2025-07-18,2025-06-28,2025-06-28 15:03:00
O000928,Silver Hotels Ltd - Cloud Suite,A0264,S031,Cloud Suite,Inbound,Closed Lost,0.0,17900.0,USD,2025-03-09,2025-06-12,2025-04-15,2025-04-15 18:17:00
O002449,Delta Learning Inc. - Cloud Suite,A0289,S029,Cloud Suite,Inbound,Closed Lost,0.0,29800.0,USD,2023-11-07,2024-02-20,2024-01-01,2024-01-01 11:18:00
O002510,Prime Pharma Group - Cloud Suite,A0327,S011,Cloud Suite,Partner,Closed Lost,0.0,13600.0,USD,2023-08-24,2023-11-29,2023-09-16,2023-09-16 18:02:00
O002586,Pioneer Pharma GmbH - Collaboration Tools,A0190,S019,Collaboration Tools,Event,Closed Lost,0.0,40100.0,USD,2024-06-02,2024-09-14,2024-08-29,2024-08-29 16:03:00
O001058,Nova Motors LLC - Cloud Suite,A0123,S009,Cloud Suite,Event,Closed Lost,0.0,24000.0,USD,2025-01-12,2025-04-14,2025-02-12,2025-02-12 18:54:00
O000545,Silver Studios Ltd - Collaboration Tools,A0256,S002,Collaboration Tools,Outbound,Closed Won,1.0,7900.0,USD,2023-03-11,2023-04-28,2023-10-04,2023-10-04 16:39:00
O002810,Falcon Capital Group - Cloud Suite,A0206,S012,Cloud Suite,Partner,Prospecting,0.1,18300.0,USD,2025-06-27,2025-10-18,,2025-06-30 09:23:00
O000142,North Motors GmbH - Cloud Suite,A0352,S034,Cloud Suite,Referral,Closed Lost,0.0,25700.0,usd,2023-06-02,2023-07-31,2023-08-11,2023-08-11 11:35:00
O002239,Orbit Clinics Ltd - Collaboration Tools,A0175,S033,Collaboration Tools,Event,Prospecting,0.1,15500.0,USD,2025-06-12,2025-09-09,,2025-06-28 12:06:00
O001357,Atlas Systems GmbH - Analytics Platform,A0347,S028,Analytics Platform,Event,Closed Lost,0.0,52100.0,USD,2023-01-30,2023-06-01,2023-03-12,2023-03-12 16:43:00
O001591,Harbor Consulting Group - Collaboration Tools,A0082,S011,Collaboration Tools,Referral,Closed Won,1.0,15000.0,USD,2025-03-27,2025-08-01,2025-05-27,2025-05-27 09:28:00
O000433,Lumen Motors S.A. - Analytics Platform,A0341,S035,Analytics Platform,Outbound,Closed Lost,0.0,20900.0,USD,2025-04-30,2025-07-25,2025-06-15,2025-06-15 13:18:00
O001578,Atlas Freight Ltd - Analytics Platform,A0328,S033,Analytics Platform,Inbound,Closed Lost,0.0,39300.0,USD,2023-12-26,2024-04-29,2024-02-02,2024-02-02 08:38:00
O002184,Harbor Motors Inc. - Collaboration Tools,A0209,S021,Collaboration Tools,Partner,Prospecting,0.1,14500.0,USD,2025-06-20,2025-10-14,,2025-06-28 17:47:00
O000782,Granite Systems LLC - Security Bundle,A0161,S024,Security Bundle,Outbound,Prospecting,0.1,9700.0,USD,2025-06-10,2025-09-19,,2025-06-26 08:18:00
O003000,Atlas Freight Group - Cloud Suite,A0157,S033,Cloud Suite,Outbound,Closed Won,1.0,17200.0,USD,2025-02-15,2025-05-18,2025-04-07,2025-04-07 09:54:00
O000872,North Motors S.A. - Security Bundle,A0094,S009,Security Bundle,Event,Closed Lost,0.0,28800.0,USD,2025-03-04,2025-06-01,2025-05-01,2025-05-01 08:09:00
O000788,Nova Capital S.A. - Cloud Suite,A0422,S016,Cloud Suite,Partner,Negotiation,0.75,26000.0,USD,2025-03-10,2025-07-10,,2025-06-30 16:27:00
O000178,Sahara Textiles Co. - Support Plan,A0226,S008,Support Plan,Outbound,Closed Lost,0.0,10400.0,USD,2023-09-25,2023-11-14,2023-10-05,2023-10-05 16:51:00
O000813,Falcon Learning Inc. - Security Bundle,A0221,S016,Security Bundle,Outbound,Closed Lost,0.0,49000.0,USD,2025-04-09,2025-06-22,2025-06-12,2025-06-12 13:53:00
O000860,Cedar Motors Inc. - Security Bundle,A0153,S040,Security Bundle,Referral,Closed Lost,0.0,10700.0,USD,2025-02-10,2025-04-02,2025-03-01,2025-03-01 15:04:00
O002017,Delta Media GmbH - Collaboration Tools,A0283,S017,Collaboration Tools,Inbound,Closed Won,1.0,10700.0,USD,2025-02-22,06/06/2025,2025-04-17,2025-04-17 09:15:00
O002858,Cedar Capital Holdings - Cloud Suite,A0177,S038,Cloud Suite,Inbound,Closed Lost,0.0,33700.0,USD,2023-10-18,2024-01-13,2023-11-16,2023-11-16 08:33:00
O001682,Nile Labs LLC - Collaboration Tools,A0150,S001,Collaboration Tools,Partner,Closed Lost,0.0,8100.0,USD,2024-05-19,2024-07-12,2024-07-30,2024-07-30 10:47:00
O000184,Coral Logistics GmbH - Collaboration Tools,A0365,S004,Collaboration Tools,Outbound,Closed Lost,0.0,12500.0,USD,2024-06-06,2024-10-10,2024-08-05,2024-08-05 11:29:00
O000417,Zenith Studios LLC - Cloud Suite,A0448,S038,Cloud Suite,Outbound,Closed Lost,0.0,43400.0,USD,2023-10-05,2023-12-16,2024-02-10,2024-02-10 14:06:00
O002932,Vertex Health S.A. - Analytics Platform,A0090,S027,Analytics Platform,Event,Closed Lost,0.0,11400.0,USD,2024-12-26,2025-04-20,2025-03-07,2025-03-07 17:46:00
O001128,Granite Retail GmbH - Cloud Suite,A0126,S035,Cloud Suite,Outbound,Closed Lost,0.0,20200.0,USD,2025-02-11,2025-05-02,2025-03-29,2025-03-29 16:00:00
O000555,Zenith Motors Ltd - Collaboration Tools,A0278,S039,Collaboration Tools,Inbound,Closed Lost,0.0,9200.0,USD,2023-04-17,2023-08-07,2023-06-13,2023-06-13 10:04:00
O002829,Pioneer Learning LLC - Security Bundle,A0197,S040,Security Bundle,Outbound,Closed Won,1.0,36600.0,USD,2024-09-06,2024-11-29,2024-10-28,2024-10-28 13:04:00
O002476,Prime Hotels LLC 96 - Analytics Platform,A0097,S002,Analytics Platform,Referral,Closed Won,1.0,47000.0,USD,2023-07-06,2023-10-19,2023-10-26,2023-10-26 11:12:00
O000890,Prime Clinics LLC - Security Bundle,A0284,S039,Security Bundle,Partner,Qualification,0.25,14500.0,USD,2025-03-23,2025-05-09,2025-05-13,2025-05-02 18:52:00
O001813,Cedar Industries Ltd - Collaboration Tools,A0494,S016,Collaboration Tools,Event,Closed Lost,0.0,14100.0,USD,2024-04-28,22/07/2024,2024-05-22,2024-05-22 13:30:00
O002616,Falcon Foods GmbH - Security Bundle,A0132,S005,Security Bundle,Partner,Prospecting,0.1,48000.0,USD,2025-06-21,2025-10-20,,2025-06-28 11:54:00
O001178,Zenith Hotels LLC - Analytics Platform,A0038,S003,Analytics Platform,Partner,Closed Lost,0.0,11500.0,USD,2023-12-02,2024-02-22,2024-01-30,2024-01-30 09:29:00
O001728,Falcon Labs Ltd - Security Bundle,A0044,S001,Security Bundle,Inbound,Closed Won,1.0,17700.0,USD,2023-04-06,2023-05-30,2023-04-26,2023-04-26 17:53:00
O000163,Sahara Labs LLC - Analytics Platform,A0302,S023,Analytics Platform,Event,Closed Lost,0.0,19300.0,USD,2024-10-06,2025-01-07,2024-10-25,2024-10-25 08:42:00
O000595,North Foods Inc. - Collaboration Tools,A0290,S027,Collaboration Tools,Event,Closed Won,1.0,6900.0,USD,2024-10-04,2024-11-24,2024-12-10,2024-12-10 09:44:00
O002657,Silver Foods Holdings - Collaboration Tools,A0382,S023,Collaboration Tools,Inbound,Closed Won,1.0,10300.0,USD,2023-09-10,2023-11-14,2023-10-21,2023-10-21 09:52:00
O002836,Sahara Learning S.A. 113 - Collaboration Tools,A0114,S017,Collaboration Tools,Inbound,Closed Lost,0.0,6600.0,USD,2024-02-13,2024-04-15,2024-04-13,2024-04-13 10:07:00
O001808,North Capital Group - Analytics Platform,A0346,S011,Analytics Platform,Outbound,Proposal,0.5,16600.0,USD,2025-05-08,2025-07-22,,2025-06-25 08:31:00
O002081,Falcon Freight Holdings - Security Bundle,A0426,S012,Security Bundle,Inbound,Closed Won,1.0,16500.0,USD,2025-05-22,2025-08-16,2025-06-28,2025-06-28 11:26:00
O000841,Sahara Foods Co. - Analytics Platform,A0324,S017,Analytics Platform,Partner,Closed Won,1.0,21500.0,USD,2024-12-08,2025-04-07,2025-03-25,2025-03-25 12:46:00
O000031,Sahara Textiles GmbH - Cloud Suite,A0033,S030,Cloud Suite,Outbound,Prospecting,0.1,22200.0,USD,2025-06-17,2025-10-06,,2025-06-25 08:52:00
O001454,Nile Studios Co. - Collaboration Tools,A0296,S010,Collaboration Tools,Partner,Closed Won,1.0,5400.0,USD,2024-07-10,2024-10-18,2024-09-30,2024-09-30 14:12:00
O000424,North Labs S.A. - Support Plan,A0053,S033,Support Plan,Partner,Closed Won,1.0,7300.0,USD,2024-10-26,2025-01-26,2025-01-26,2025-01-26 09:47:00
O002564,Blue Studios GmbH - Cloud Suite,A0413,S034,Cloud Suite,Referral,Closed Lost,0.0,10600.0,USD,2024-04-17,2024-06-05,2024-05-10,2024-05-10 11:07:00
O000174,Pioneer Labs Inc. - Collaboration Tools,A0287,S023,Collaboration Tools,Partner,Closed Lost,0.0,17600.0,USD,2023-12-04,2024-02-12,2023-12-31,2023-12-31 08:37:00
O001994,Sahara Markets Inc. - Cloud Suite,A0095,S002,Cloud Suite,Outbound,Closed Lost,0.0,29000.0,USD,2025-05-24,2025-07-25,2025-06-10,2025-06-10 15:47:00
O000297,Summit Markets Holdings - Security Bundle,A0087,S004,Security Bundle,Inbound,Closed Won,1.0,12600.0,USD,2024-04-09,2024-07-01,2024-07-04,2024-07-04 17:37:00
O000326,Summit Motors Holdings - Security Bundle,A0237,S004,Security Bundle,Outbound,Closed Won,1.0,20100.0,USD,2024-05-12,2024-08-09,2024-08-07,2024-08-07 18:41:00
O001209,Nile Capital Co. - Cloud Suite,A0067,S020,Cloud Suite,Partner,Closed Lost,0.0,16100.0,USD,2025-02-14,2025-05-04,2025-03-04,2025-03-04 14:19:00
O001114,Falcon Clinics Inc. - Support Plan,A0127,S002,Support Plan,Partner,Qualification,0.25,8600.0,USD,2025-06-07,2025-07-30,,2025-06-30 18:14:00
O000933,Orbit Markets Inc. - Cloud Suite,A0336,S023,Cloud Suite,Inbound,Closed Lost,0.0,18500.0,USD,2024-07-31,2024-11-17,2024-10-18,2024-10-18 08:17:00
O000529,Falcon Health LLC - Security Bundle,A0338,S012,Security Bundle,Event,Closed Won,1.0,10200.0,USD,2024-12-04,2025-03-05,2025-02-24,2025-02-24 08:59:00
O002479,Sahara Logistics Group - Cloud Suite,A0488,S025,Cloud Suite,Inbound,Closed Lost,0.0,11400.0,USD,2023-06-17,2023-10-18,2023-07-26,2023-07-26 12:03:00
O002454,Coral Textiles Holdings - Security Bundle,A0019,S004,Security Bundle,Outbound,Closed Lost,0.0,10200.0,USD,2025-04-29,2025-07-20,2025-06-30,2025-06-30 17:08:00
O002700,Summit Media Group - Analytics Platform,A0170,S031,Analytics Platform,Partner,Closed Won,1.0,41000.0,USD,2023-07-10,2023-09-08,2023-09-13,2023-09-13 15:55:00
O001614,Summit Pharma S.A. - Analytics Platform,A0240,S008,Analytics Platform,Outbound,Closed Lost,0.0,14700.0,USD,2024-03-22,2024-05-31,2024-04-02,2024-04-02 08:58:00
O001103,Nova Labs Ltd - Cloud Suite,A0207,S025,Cloud Suite,Event,Closed Won,1.0,45100.0,USD,2023-09-30,2023-12-04,2024-04-02,2024-04-02 15:32:00
O000472,Sahara Labs LLC - Collaboration Tools,A0302,S023,Collaboration Tools,Partner,Closed Won,1.0,9800.0,USD,2023-12-22,2024-03-29,2024-01-09,2024-01-09 17:37:00
O002798,Delta Motors GmbH 465 - Cloud Suite,A0466,S010,Cloud Suite,Inbound,Closed Lost,0.0,20500.0,USD,2025-04-15,2025-07-15,2025-05-18,2025-05-18 09:22:00
O000409,North Textiles LLC - Analytics Platform,A0496,S016,Analytics Platform,Inbound,Prospecting,0.1,29500.0,USD,2025-06-26,2025-09-09,,2025-06-26 16:47:00
O000074,Orbit Studios LLC - Cloud Suite,A0332,S017,Cloud Suite,Outbound, Closed Won ,1.0,25700.0,USD,2023-06-21,2023-09-13,2023-08-15,2023-08-15 14:06:00
O001834,Atlas Clinics GmbH - Cloud Suite,A0061,S026,Cloud Suite,Referral,Prospecting,0.1,11700.0,USD,2025-06-22,2025-09-14,,2025-06-26 09:22:00
O000508,Summit Media Group 359 - Support Plan,A0360,S040,Support Plan,Outbound,Closed Lost,0.0,26800.0,USD,2023-11-24,2024-02-16,2024-03-29,2024-03-29 17:44:00
O002874,Granite Capital GmbH - Cloud Suite,A0409,S018,Cloud Suite,Event,Closed Lost,0.0,13500.0,USD,2025-01-21,2025-04-16,2025-05-12,2025-05-12 16:03:00
O002594,Zenith Motors Ltd - Collaboration Tools,A0278,S039,Collaboration Tools,Referral,Closed Won,1.0,8300.0,USD,2023-07-08,2023-08-30,2023-08-19,2023-08-19 15:12:00
O000832,Orbit Pharma Holdings - Cloud Suite,A0460,S009,Cloud Suite,Inbound,Closed Lost,0.0,26700.0,USD,2025-05-05,2025-06-19,2025-06-06,2025-06-06 13:45:00
O001243,Nile Energy Ltd - Collaboration Tools,A0037,S007,Collaboration Tools,Event,Closed Won,1.0,5700.0,USD,2024-04-12,2024-06-05,2024-05-18,2024-05-18 14:03:00
O002172,Coral Media Co. - Security Bundle,A0244,S029,Security Bundle,Partner,Negotiation,0.75,10900.0,USD,2025-04-18,2025-06-04,,2025-06-30 11:33:00
O001048,Falcon Clinics Group - Cloud Suite,A0058,S002,Cloud Suite,Partner,Closed Lost,0.0,31500.0,USD,2024-09-04,2024-12-23,2024-11-26,2024-11-26 15:51:00
O001452,Zenith Logistics Holdings - Collaboration Tools,A0173,S012,Collaboration Tools,Partner,Closed Lost,0.0,6700.0,USD,2023-09-22,2023-11-25,2023-12-08,2023-12-08 10:01:00
O002212,Orbit Health GmbH 344 - Support Plan,A0345,S021,Support Plan,Outbound,Closed Lost,0.0,12600.0,USD,2025-04-12,2025-07-22,2025-04-26,2025-04-26 14:28:00
O001778,Delta Motors GmbH - Cloud Suite,A0182,S022,Cloud Suite,Outbound,Closed Lost,0.0,15800.0,USD,2025-03-18,2025-07-06,2025-04-25,2025-04-25 09:37:00
O002471,Blue Industries Inc. - Collaboration Tools,A0468,S021,Collaboration Tools,Referral,Closed Lost,0.0,31700.0,USD,2023-09-08,2023-11-25,2023-10-13,2023-10-13 12:27:00
O000431,Silver Foods S.A. - Cloud Suite,A0116,S031,Cloud Suite,Event,Closed Won,1.0,32000.0,USD,2024-10-22,2025-02-13,2024-12-19,2024-12-19 16:37:00
O001564,Coral Markets Co. - Security Bundle,A0003,S027,Security Bundle,Partner,Qualification,0.25,19800.0,USD,2025-05-23,2025-09-13,,2025-06-25 15:46:00
O000645,Lumen Retail Inc. - Analytics Platform,A0392,S026,Analytics Platform,Inbound,Closed Lost,0.0,24300.0,USD,2025-03-25,2025-07-18,2025-04-11,2025-04-11 09:46:00
O002269,Vertex Media GmbH - Analytics Platform,A0292,S029,Analytics Platform,Outbound,Closed Lost,0.0,19500.0,USD,2024-07-18,2024-11-06,2024-08-05,2024-08-05 17:34:00
O002631,Coral Textiles Holdings - Cloud Suite,A0019,S004,Cloud Suite,Inbound,Closed  Won,1.0,20100.0,USD,2023-09-07,2023-10-22,2023-10-26,2023-10-26 10:29:00
O002796,Harbor Textiles S.A. - Support Plan,A0228,S009,Support Plan,Partner,Closed Lost,0.0,16400.0,USD,2024-03-25,2024-07-03,2024-05-05,2024-05-05 11:04:00
O001254,Nova Health S.A. - Collaboration Tools,A0275,S016,Collaboration Tools,Inbound,Closed Lost,0.0,13800.0,USD,2023-06-13,2023-09-22,2023-11-07,2023-11-07 15:07:00
O002830,Coral Logistics GmbH - Analytics Platform,A0365,S035,Analytics Platform,Inbound,Closed Lost,0.0,34800.0,USD,2023-07-30,2023-12-03,2023-08-27,2023-08-27 11:43:00
O000325,Silver Capital LLC - Cloud Suite,A0236,S027,Cloud Suite,Referral,Closed Won,1.0,34500.0,USD,2023-03-20,2023-06-18,2023-05-04,2023-05-04 11:47:00
O000568,Falcon Foods Group - Support Plan,A0106,S019,Support Plan,Referral,Closed Lost,0.0,4700.0,USD,2023-04-15,2023-08-07,2023-06-22,2023-06-22 16:53:00
O001692,Nile Energy Ltd - Cloud Suite,A0037,S007,Cloud Suite,Inbound,Closed Won,1.0,19900.0,USD,2024-10-23,2025-01-07,2024-12-19,2024-12-19 17:35:00
O000696,Silver Studios Ltd - Security Bundle,A0256,S002,Security Bundle,Partner,Closed Lost,0.0,16100.0,USD,2023-10-03,2023-12-27,2023-10-27,2023-10-27 13:14:00
O002006,Nile Textiles Co. - Analytics Platform,A0178,S005,Analytics Platform,Inbound,Closed Lost,0.0,83900.0,USD,2023-06-07,2023-08-15,2023-07-26,2023-07-26 15:27:00
O002058,Atlas Hotels Ltd - Security Bundle,A0219,S031,Security Bundle,Inbound,Closed Won,1.0,22200.0,USD,2024-12-15,2025-04-21,2025-01-03,2025-01-03 17:43:00
O002643,Sahara Systems Inc. - Cloud Suite,A0487,S016,Cloud Suite,Partner,Closed Lost,0.0,39500.0,USD,2024-10-29,2025-01-14,2024-12-25,2024-12-25 10:56:00
O002407,Coral Energy Ltd - Support Plan,A0060,S004,Support Plan,Partner,Negotiation,0.75,25600.0,USD,2025-04-09,2025-07-13,,2025-06-26 10:06:00
O000747,Zenith Industries GmbH - Analytics Platform,A0498,S009,Analytics Platform,Inbound,Closed Won,1.0,52900.0,USD,2023-07-26,2023-12-01,2023-09-27,2023-09-27 16:38:00
O002751,Granite Motors S.A. - Analytics Platform,A0119,S004,Analytics Platform,Outbound,Closed Lost,0.0,18700.0,USD,2024-09-16,2025-01-13,2024-10-10,2024-10-10 14:42:00
O000240,Granite Systems LLC - Collaboration Tools,A0161,S024,Collaboration Tools,Inbound,Closed Lost,0.0,8600.0,USD,2023-04-25,2023-07-17,2023-05-23,2023-05-23 11:35:00
O002543,Granite Retail S.A. - Analytics Platform,A0201,S036,Analytics Platform,Outbound,Negotiation,0.75,56600.0,USD,2025-04-11,2025-05-26,,2025-06-27 18:58:00
O000450,Falcon Industries Holdings - Cloud Suite,A0093,S003,Cloud Suite,Inbound,Prospecting,0.1,31400.0,USD,2025-06-21,2025-10-07,,2025-06-24 09:41:00
O001269,Nova Clinics GmbH 317 - Collaboration Tools,A0318,S027,Collaboration Tools,Outbound,Closed Lost,0.0,10700.0,USD,2023-08-24,2023-12-18,2023-09-30,2023-09-30 10:44:00
O002824,Orbit Health S.A. 192 - Cloud Suite,A0193,S023,Cloud Suite,Event,Closed Lost,0.0,16200.0,USD,2023-08-05,2023-10-26,2023-11-21,2023-11-21 08:50:00
O001673,Sahara Systems Inc. - Security Bundle,A0487,S016,Security Bundle,Inbound,Closed Lost,0.0,24100.0,USD,2023-07-11,03/09/2023,2023-11-04,2023-11-04 15:58:00
O001006,Blue Learning Inc. - Analytics Platform,A0054,S032,Analytics Platform,Inbound,Closed Lost,0.0,15800.0,USD,2023-10-30,2024-01-29,2024-01-18,2024-01-18 11:08:00
O002855,Silver Clinics Group - Cloud Suite,A0229,S008,Cloud Suite,Inbound,Closed Lost,0.0,8800.0,USD,2023-09-20,2023-12-27,2023-12-05,2023-12-05 13:35:00
O001377,Silver Learning GmbH - Collaboration Tools,A0395,S037,Collaboration Tools,Inbound,Closed Won,1.0,16900.0,USD,2024-06-02,2024-08-13,2024-08-01,2024-08-01 10:24:00
O002484,Sahara Clinics Ltd - Analytics Platform,A0203,S009,Analytics Platform,Referral,Closed Lost,0.0,59600.0,USD,2024-06-12,2024-09-07,2025-03-19,2025-03-19 11:17:00
O002026,Harbor Systems LLC - Analytics Platform,A0084,S006,Analytics Platform,Inbound,Closed Won,1.0,54500.0,USD,2024-02-13,2024-05-22,2024-04-14,2024-04-14 15:42:00
O002719,North Capital Co. - Cloud Suite,A0239,S031,Cloud Suite,Inbound,Closed Won,1.0,18100.0,USD,2024-07-14,2024-10-27,2024-09-10,2024-09-10 11:42:00
O001403,Coral Foods Ltd - Support Plan,A0213,S005,Support Plan,Outbound,Qualification,0.25,,USD,2025-05-09,2025-09-10,,2025-06-25 14:16:00
O002686,Coral Clinics Inc. - Cloud Suite,A0081,S021,Cloud Suite,Event,Closed Lost,0.0,25700.0,USD,2025-04-18,2025-07-05,2025-05-31,2025-05-31 09:44:00
O002260,Blue Consulting LLC - Analytics Platform,A0312,S005,Analytics Platform,Inbound,Closed Won,1.0,42600.0,USD,2023-05-03,2023-08-17,2023-08-12,2023-08-12 16:29:00
O001941,Pioneer Studios LLC - Collaboration Tools,A0351,S021,Collaboration Tools,Outbound,Closed Lost,0.0,22900.0,USD,2023-02-12,2023-04-25,2023-06-24,2023-06-24 09:05:00
O002607,Atlas Motors Inc. 470 - Collaboration Tools,A0471,S030,Collaboration Tools,Event,Closed Lost,0.0,10600.0,USD,2024-10-22,2025-01-31,2024-11-18,2024-11-18 09:05:00
O000569,Delta Markets GmbH - Analytics Platform,A0439,S022,Analytics Platform,Outbound,closed lost,0.0,15400.0,USD,2023-03-25,2023-07-28,2023-06-02,2023-06-02 09:00:00
O000602,Sahara Textiles GmbH - Analytics Platform,A0033,S030,Analytics Platform,Event,Closed Lost,0.0,31900.0,USD,2024-11-19,2025-03-06,2024-12-16,2024-12-16 14:37:00
O000613,Zenith Energy LLC - Analytics Platform,A0088,S013,Analytics Platform,Inbound,Closed Lost,0.0,19300.0,USD,2024-04-21,2024-07-10,2024-06-19,2024-06-19 15:24:00
O001289,Prime Freight Holdings - Security Bundle,A0481,S008,Security Bundle,Outbound,Closed Won,1.0,19400.0,USD,2024-07-16,2024-10-09,2024-08-09,2024-08-09 15:52:00
O000528,Prime Systems Inc. - Collaboration Tools,A0424,S011,Collaboration Tools,Inbound,CLOSED WON,1.0,15300.0,USD,2023-09-16,2024-01-20,2023-11-25,2023-11-25 17:09:00
O000652,Blue Industries Inc. - Cloud Suite,A0468,S008,Cloud Suite,Outbound,Closed Lost,0.0,14500.0,USD,2023-07-29,2023-11-16,2024-01-03,2024-01-03 17:04:00
O001678,Prime Freight Inc. - Analytics Platform,A0455,S017,Analytics Platform,Partner,Closed Lost,0.0,-17700.0,USD,2024-08-18,2024-12-25,2024-09-16,2024-09-16 08:44:00
O001412,Granite Retail S.A. - Analytics Platform,A0201,S036,Analytics Platform,Partner,Closed Won,1.0,24000.0,usd,2024-10-25,2024-12-13,2024-12-28,2024-12-28 15:28:00
O000487,Summit Energy Co. - Security Bundle,A0354,S033,Security Bundle,Partner,Closed Lost,0.0,18000.0,USD,2024-03-16,2024-07-08,2024-06-28,2024-06-28 08:48:00
O002672,Sahara Labs LLC - Security Bundle,A0302,S023,Security Bundle,Partner,Closed Lost,0.0,19100.0,USD,2025-03-31,2025-07-22,2025-05-11,2025-05-11 18:51:00
O002509,Vertex Clinics Inc. - Collaboration Tools,A0431,S008,Collaboration Tools,Outbound,Closed Won,1.0,9200.0,USD,2023-03-25,2023-06-10,2023-05-10,2023-05-10 14:36:00
O000109,Orbit Consulting GmbH - Cloud Suite,A0262,S012,Cloud Suite,Inbound,Prospecting,0.1,22600.0,USD,2025-06-12,2025-10-10,,2025-06-28 08:02:00
O000991,Harbor Capital LLC - Collaboration Tools,A0164,S023,Collaboration Tools,Referral,Closed Won,1.0,9700.0,USD,2024-06-16,2024-10-19,2024-08-07,2024-08-07 18:21:00
O000808,Orbit Hotels Co. - Support Plan,A0180,S035,Support Plan,Partner,Closed Won,1.0,3900.0,USD,2023-03-27,2023-05-13,2023-06-08,2023-06-08 11:50:00
O002491,Granite Freight Inc. - Support Plan,A0364,S014,Support Plan,Inbound,Closed Won,1.0,13500.0,USD,2025-03-05,2025-07-10,2025-05-19,2025-05-19 14:19:00
O001579,Zenith Media S.A. - Cloud Suite,A0276,S028,Cloud Suite,Outbound,Proposal,0.5,,USD,2025-04-19,2025-08-15,,2025-06-25 15:15:00
O000319,Nova Media LLC - Analytics Platform,A0493,S026,Analytics Platform,Partner,Closed Lost,0.0,10200.0,USD,2025-03-13,2025-05-31,2025-04-30,2025-04-30 08:59:00
O001085,Falcon Logistics GmbH - Collaboration Tools,A0429,S025,Collaboration Tools,Partner,Closed Lost,0.0,10900.0,USD,2025-02-02,2025-04-28,2025-03-04,2025-03-04 18:25:00
O001473,Granite Retail GmbH - Analytics Platform,A0126,S035,Analytics Platform,Inbound,Closed Lost,0.0,18600.0,USD,2024-10-06,2024-12-03,2024-11-03,2024-11-03 10:11:00
O000742,Summit Labs S.A. - Cloud Suite,A0271,S023,Cloud Suite,Inbound,Closed Won,1.0,18100.0,USD,2023-09-27,2023-12-26,2023-11-28,2023-11-28 15:41:00
O002709,Prime Logistics LLC - Analytics Platform,A0189,S012,Analytics Platform,Referral, Closed Lost ,0.0,15700.0,USD,2024-03-27,2024-06-06,2024-06-23,2024-06-23 16:53:00
O001028,Harbor Retail S.A. - Collaboration Tools,A0066,S016,Collaboration Tools,Referral,Closed Won,1.0,14300.0,USD,2025-02-01,2025-04-07,2025-04-21,2025-04-21 12:18:00
O000403,Zenith Industries GmbH - Support Plan,A0498,S009,Support Plan,Partner,Qualification,0.25,7600.0,USD,2025-05-17,2025-08-31,,2025-06-28 12:26:00
O001468,Silver Health Inc. - Collaboration Tools,A0036,S016,Collaboration Tools,Outbound,Closed Lost,0.0,22100.0,USD,2025-03-29,2025-07-04,2025-06-03,2025-06-03 13:51:00
O002494,Blue Learning Inc. - Cloud Suite,A0054,S032,Cloud Suite,Inbound,Closed Lost,0.0,28600.0,USD,2023-03-07,2023-05-28,2023-03-26,2023-03-26 16:39:00
O001954,Nile Markets Ltd - Support Plan,A0160,S016,Support Plan,Outbound,Closed Lost,0.0,5200.0,USD,2024-01-21,2024-03-27,2024-02-15,2024-02-15 15:33:00
O000533,Nile Health Inc. - Security Bundle,A0281,S018,Security Bundle,Outbound,Closed Won,1.0,24600.0,USD,2023-05-10,2023-09-07,2023-09-22,2023-09-22 16:07:00
O001226,Granite Pharma Holdings - Security Bundle,A0326,S031,Security Bundle,Outbound,Closed Won,1.0,21900.0,USD,2024-05-22,2024-09-02,2024-07-16,2024-07-16 15:26:00
O001621,Pioneer Learning Ltd - Security Bundle,A0079,S023,Security Bundle,Partner,Closed Lost,0.0,12800.0,USD,2024-08-14,2024-10-27,2024-09-13,2024-09-13 11:29:00
O000512,Coral Textiles Ltd - Collaboration Tools,A0428,S033,Collaboration Tools,Partner,Closed Lost,0.0,8500.0,usd,2025-02-14,2025-06-01,2025-06-04,2025-06-04 17:10:00
O001175,Harbor Pharma LLC 416 - Analytics Platform,A0417,S039,Analytics Platform,Inbound,Closed Won,1.0,28900.0,USD,2023-11-17,2024-01-21,2023-12-29,2023-12-29 13:16:00
O002196,Harbor Learning LLC - Analytics Platform,A0469,S027,Analytics Platform,Inbound,Closed Won,1.0,26300.0,USD,2024-01-30,2024-05-08,2024-02-26,2024-02-26 13:50:00
O000820,Coral Energy Group - Security Bundle,A0400,S013,Security Bundle,Outbound,Negotiation,0.75,,USD,2025-03-08,2025-06-19,,2025-06-25 16:43:00
O000600,Nova Systems Inc. - Support Plan,A0043,S022,Support Plan,Inbound,Closed Won,1.0,12600.0,USD,2023-12-15,2024-03-23,2024-03-20,2024-03-20 16:59:00
O002590,Prime Pharma GmbH - Analytics Platform,A0057,S006,Analytics Platform,Event,Proposal,0.5,43400.0,USD,2025-05-27,2025-07-22,,2025-06-28 10:58:00
O001658,Falcon Pharma GmbH - Collaboration Tools,A0277,S015,Collaboration Tools,Outbound,Closed Won,1.0,45400.0,USD,2023-07-18,2023-09-06,2023-09-04,2023-09-04 08:56:00
O000762,Coral Energy Ltd - Security Bundle,A0060,S040,Security Bundle,Outbound,Closed Lost,0.0,28800.0,USD,2023-05-15,2023-08-22,2023-08-05,2023-08-05 10:57:00
O001090,Harbor Markets Ltd - Analytics Platform,A0046,S028,Analytics Platform,Partner,Closed Lost,0.0,15500.0,USD,2024-06-18,2024-08-06,2024-09-02,2024-09-02 13:55:00
O001847,North Systems Group - Support Plan,A0436,S012,Support Plan,Inbound,Closed Lost,0.0,8800.0,USD,2024-03-07,2024-06-30,2024-04-02,2024-04-02 15:26:00
O000071,Atlas Capital Inc. - Analytics Platform,A0218,S010,Analytics Platform,Event,Closed Won,1.0,30200.0,USD,2024-11-18,2025-02-05,2024-12-31,2024-12-31 17:10:00
O002636,Nova Retail GmbH - Cloud Suite,A0092,S025,Cloud Suite,Partner,Closed Lost,0.0,52400.0,USD,2023-11-25,2024-03-24,2023-12-26,2023-12-26 18:50:00
O001768,Blue Health LLC - Cloud Suite,A0260,S031,Cloud Suite,Partner,Prospecting,0.1,18700.0,USD,2025-06-13,2025-09-23,,2025-06-24 12:32:00
O000760,Vertex Freight Ltd - Cloud Suite,A0143,S021,Cloud Suite,Partner,Closed Lost,0.0,33600.0,USD,2025-03-21,2025-07-08,2025-03-28,2025-03-28 17:30:00
O000795,Blue Studios GmbH - Security Bundle,A0413,S034,Security Bundle,Outbound,Closed Won,1.0,8400.0,USD,2025-03-07,2025-05-08,2025-04-26,2025-04-26 16:58:00
O000057,Vertex Systems Inc. - Security Bundle,A0163,S036,Security Bundle,Partner,Closed Lost,0.0,29900.0,USD,2023-02-09,2023-04-09,2023-03-08,2023-03-08 11:53:00
O002311,Lumen Consulting Holdings - Support Plan,A0039,S012,Support Plan,Outbound,Closed Lost,0.0,4800.0,USD,2024-05-27,2024-07-11,2024-06-14,2024-06-14 17:45:00
O002649,Nile Capital Co. 67 - Security Bundle,A0068,S036,Security Bundle,Partner,Closed Lost,0.0,16700.0,USD,2025-02-02,2025-05-02,2025-02-25,2025-02-25 16:04:00
O001363,Blue Health S.A. - Analytics Platform,A0497,S034,Analytics Platform,Event,Closed Lost,0.0,23800.0,USD,2023-01-13,2023-02-28,2023-02-09,2023-02-09 08:59:00
O001689,Nile Labs Group - Cloud Suite,A0339,S036,Cloud Suite,Event,Closed Lost,0.0,13800.0,usd,2025-03-08,2025-06-18,2025-04-07,2025-04-07 18:14:00
O001264,Prime Systems S.A. - Collaboration Tools,A0320,S011,Collaboration Tools,Outbound,Closed Lost,0.0,6500.0,USD,2025-05-04,2025-06-25,2025-05-19,2025-05-19 17:47:00
O001973,Nile Industries Ltd - Analytics Platform,A0257,S010,Analytics Platform,Partner,Closed Lost,0.0,31900.0,USD,2023-12-15,2024-01-29,2023-12-26,2023-12-26 18:15:00
O001755,Atlas Systems Group - Cloud Suite,A0103,S030,Cloud Suite,Outbound,Qualification,0.25,22800.0,USD,2025-05-30,2025-09-23,,2025-06-25 13:38:00
O000310,Nile Systems LLC - Collaboration Tools,A0128,S036,Collaboration Tools,Partner,Prospecting,0.1,8800.0,USD,2025-06-15,2025-08-17,,2025-06-24 13:18:00
O002319,Sahara Systems Co. - Analytics Platform,A0026,S033,Analytics Platform,Inbound,Closed Won,1.0,39900.0,USD,2023-06-05,2023-07-20,2023-09-17,2023-09-17 13:36:00
O001663,Summit Motors Holdings - Collaboration Tools,A0237,S004,Collaboration Tools,Partner,Qualification,0.25,7500.0,USD,2025-05-23,2025-09-19,,2025-06-29 17:09:00
O001538,Atlas Foods Inc. - Analytics Platform,A0467,S010,Analytics Platform,Outbound,Closed Lost,0.0,10800.0,USD,2024-10-10,2025-02-02,2024-12-18,2024-12-18 09:05:00
O000686,Silver Motors Ltd - Cloud Suite,A0238,S025,Cloud Suite,Partner,Closed Lost,0.0,34000.0,USD,2024-01-29,2024-05-08,2024-04-21,2024-04-21 10:15:00
O002044,Atlas Systems Group - Collaboration Tools,A0103,S030,Collaboration Tools,Partner,Closed Lost,0.0,13000.0,USD,2025-03-27,2025-06-29,2025-05-10,2025-05-10 14:59:00
O000394,Nile Capital Co. - Collaboration Tools,A0067,S020,Collaboration Tools,Outbound,Closed Won,1.0,14700.0,USD,2023-05-29,2023-09-25,2023-07-14,2023-07-14 10:35:00
O002788,Granite Motors S.A. - Cloud Suite,A0119,S004,Cloud Suite,Outbound,Closed Won,1.0,7600.0,USD,2025-02-02,2025-04-03,2025-05-28,2025-05-28 17:17:00
O001804,North Markets Holdings - Support Plan,A0222,S012,Support Plan,Outbound,Closed Won,1.0,12200.0,USD,2025-01-29,2025-05-12,2025-03-29,2025-03-29 16:56:00
O001703,Sahara Foods Co. - Security Bundle,A0324,S017,Security Bundle,Inbound,Closed Won,1.0,9000.0,USD,2025-03-01,2025-06-12,2025-03-17,2025-03-17 09:12:00
O001537,Nile Freight GmbH - Security Bundle,A0458,S040,Security Bundle,Partner,Prospecting,0.1,,USD,2025-06-08,2025-09-09,,2025-06-26 18:42:00
O002128,Granite Capital GmbH - Security Bundle,A0409,S018,Security Bundle,Inbound,Qualification,0.25,16300.0,USD,2025-05-26,2025-08-13,,2025-06-24 11:00:00
O001240,Blue Energy Ltd - Cloud Suite,A0433,S007,Cloud Suite,Outbound,Closed Lost,0.0,19500.0,USD,2025-03-21,2025-07-10,2025-04-26,2025-04-26 11:12:00
O002288,Granite Retail Co. - Security Bundle,A0438,S033,Security Bundle,Outbound,Closed Lost,0.0,40900.0,USD,2023-12-10,2024-01-29,2024-02-15,2024-02-15 18:08:00
O001816,Nile Retail Group - Cloud Suite,A0445,S011,Cloud Suite,Outbound,Closed Won,1.0,25300.0,USD,2023-06-26,2023-10-20,2023-11-19,2023-11-19 09:36:00
O001026,Zenith Pharma S.A. - Analytics Platform,A0231,S020,Analytics Platform,Partner,Closed Won,1.0,33100.0,USD,2025-03-06,2025-05-17,2025-06-10,2025-06-10 11:51:00
O000912,Falcon Pharma Inc. - Cloud Suite,A0191,S040,Cloud Suite,Outbound,Closed Won,1.0,11900.0,USD,2025-02-19,2025-06-25,2025-04-13,2025-04-13 16:53:00
O001511,Harbor Textiles GmbH - Security Bundle,A0263,S040,Security Bundle,Inbound,Closed Lost,0.0,18400.0,USD,2024-10-25,2025-01-31,2025-04-03,2025-04-03 18:52:00
O002960,Coral Textiles GmbH - Security Bundle,A0317,S021,Security Bundle,Partner,Proposal,0.5,40000.0,USD,2025-05-24,2025-08-04,,2025-06-27 11:15:00
O000719,Cedar Studios S.A. - Analytics Platform,A0279,S012,Analytics Platform,Outbound,Closed Lost,0.0,19500.0,USD,2025-04-03,2025-06-03,2025-05-25,2025-05-25 15:48:00
O002390,Nova Motors LLC 433 - Collaboration Tools,A0434,S031,Collaboration Tools,Partner,Closed Won,1.0,1600.0,USD,2024-12-18,2025-03-08,2025-03-07,2025-03-07 12:21:00
O002668,Vertex Labs S.A. - Support Plan,A0073,S009,Support Plan,Outbound,Closed Lost,0.0,6800.0,USD,2023-10-07,2023-11-23,2023-10-25,2023-10-25 11:16:00
O002154,Orbit Learning Inc. - Cloud Suite,A0179,S012,Cloud Suite,Inbound,Closed Won,1.0,36300.0,USD,2025-01-29,2025-04-15,2025-05-09,2025-05-09 14:29:00
O000437,Pioneer Industries LLC - Cloud Suite,A0373,S032,Cloud Suite,Event,Closed Lost,0.0,13400.0,USD,2024-06-02,2024-07-26,2024-06-15,2024-06-15 17:15:00
O002991,Zenith Retail Group - Collaboration Tools,A0388,S002,Collaboration Tools,Referral,closed lost,0.0,19400.0,USD,2025-03-19,2025-05-07,2025-06-18,2025-06-18 18:55:00
O000121,Granite Motors GmbH - Cloud Suite,A0091,S005,Cloud Suite,Partner,Prospecting,0.1,,USD,2025-06-23,2025-09-12,,2025-06-27 13:07:00
O002923,Nile Industries Ltd - Cloud Suite,A0257,S010,Cloud Suite,Partner,Closed Lost,0.0,10500.0,USD,2024-02-11,2024-05-26,2024-02-27,2024-02-27 18:16:00
O000791,Vertex Systems Holdings - Security Bundle,A0252,S027,Security Bundle,Inbound,Closed Lost,0.0,13400.0,USD,2025-04-28,2025-08-24,2025-05-14,2025-05-14 13:41:00
O001799,Vertex Logistics GmbH - Analytics Platform,A0162,S010,Analytics Platform,Referral,Proposal,0.5,24900.0,USD,2025-05-16,2025-07-23,,2025-06-29 10:14:00
O000756,Cedar Clinics Co. - Cloud Suite,A0074,S029,Cloud Suite,Inbound,Closed Lost,0.0,19800.0,USD,2023-05-18,2023-09-06,2023-07-13,2023-07-13 13:07:00
O001565,Harbor Clinics Co. - Security Bundle,A0009,S031,Security Bundle,Inbound,Closed Lost,0.0,8400.0,USD,2023-03-14,2023-07-16,2023-05-15,2023-05-15 09:30:00
O000314,North Capital Group - Collaboration Tools,A0346,S011,Collaboration Tools,Outbound,Prospecting,0.1,13700.0,USD,2025-06-24,2025-10-21,,2025-06-25 12:23:00
O001407,Silver Learning S.A. - Cloud Suite,A0215,S016,Cloud Suite,Partner,Closed Won,1.0,44500.0,USD,2023-11-02,2024-01-16,2023-12-08,2023-12-08 12:52:00
O000234,Granite Freight Inc. - Analytics Platform,A0364,S014,Analytics Platform,Outbound,Closed Lost,0.0,42100.0,USD,2023-06-05,2023-08-21,2023-09-20,2023-09-20 14:50:00
O001794,Nile Media Group - Collaboration Tools,A0348,S009,Collaboration Tools,Outbound,Closed Lost,0.0,28400.0,USD,2023-12-22,2024-04-14,2024-07-08,2024-07-08 09:09:00
O001592,Nile Markets Ltd - Collaboration Tools,A0160,S011,Collaboration Tools,Outbound,Closed Lost,0.0,8300.0,USD,2023-08-16,2023-12-15,2023-09-06,2023-09-06 14:34:00
O002857,Atlas Studios S.A. - Cloud Suite,A0023,S009,Cloud Suite,Partner,Closed Lost,0.0,10500.0,USD,2023-01-03,2023-03-27,2023-02-09,2023-02-09 14:02:00
O000681,Sahara Foods Co. - Cloud Suite,A0324,S017,Cloud Suite,Event,Closed Won,1.0,16600.0,USD,2024-01-23,2024-03-17,2024-02-29,2024-02-29 14:34:00
O000112,Vertex Hotels GmbH - Analytics Platform,A0121,S028,Analytics Platform,Referral,Closed Lost,0.0,27200.0,USD,2023-12-24,2024-04-12,2024-01-27,2024-01-27 17:46:00
O000858,Silver Studios Ltd - Support Plan,A0256,S002,Support Plan,Referral,Closed Lost,0.0,8200.0,USD,2024-04-30,2024-07-01,2024-05-12,2024-05-12 15:31:00
O002406,Falcon Health LLC - Collaboration Tools,A0338,S012,Collaboration Tools,Inbound,Prospecting,0.1,9700.0,USD,2025-06-15,2025-10-06,,2025-06-26 17:35:00
O000411,Delta Motors GmbH 465 - Analytics Platform,A0466,S020,Analytics Platform,Partner,Closed Lost,0.0,30500.0,USD,2025-05-05,2025-07-26,2025-06-02,2025-06-02 10:24:00
O000219,Coral Capital GmbH - Cloud Suite,A0220,S002,Cloud Suite,Partner,Closed Won,1.0,46300.0,USD,2023-01-20,2023-03-29,2023-07-03,2023-07-03 18:24:00
O002289,Sahara Systems Inc. - Collaboration Tools,A0487,S016,Collaboration Tools,Inbound,Closed Won,1.0,10400.0,USD,2023-09-26,2024-01-03,2023-12-31,2023-12-31 16:19:00
O001049,Coral Energy Inc. - Support Plan,A0115,S040,Support Plan,Partner,Closed Lost,0.0,6500.0,USD,2023-07-01,2023-08-20,2023-08-07,2023-08-07 14:53:00
O001843,Silver Energy LLC - Analytics Platform,A0020,S033,Analytics Platform,Partner,Closed Won,1.0,20800.0,USD,2023-02-17,2023-05-27,2023-08-21,2023-08-21 12:01:00
O002678,Prime Capital S.A. - Security Bundle,A0172,S009,Security Bundle,Event,Proposal,0.5,18800.0,USD,2025-04-20,2025-08-24,,2025-06-30 18:41:00
O002794,Lumen Learning Inc. - Cloud Suite,A0096,S005,Cloud Suite,Inbound,Proposal,0.5,32700.0,USD,2025-05-26,2025-08-04,,2025-06-28 14:38:00
O000473,Nile Retail Group - Cloud Suite,A0445,S009,Cloud Suite,Referral,Closed Lost,0.0,17500.0,USD,2025-02-25,2025-05-26,2025-04-28,2025-04-28 15:14:00
O001585,Harbor Studios Holdings - Cloud Suite,A0110,S035,Cloud Suite,Outbound,Closed Lost,0.0,-14700.0,USD,2024-03-23,2024-05-10,2024-04-07,2024-04-07 11:34:00
O000882,Silver Retail Ltd - Support Plan,A0451,S012,Support Plan,Event,Negotiation,0.75,9200.0,USD,2025-04-14,2025-06-14,,2025-06-28 17:26:00
O001966,Cedar Pharma Ltd - Support Plan,A0437,S001,Support Plan,Outbound,Closed Lost,0.0,9700.0,USD,2024-09-30,2025-01-16,2025-01-21,2025-01-21 18:55:00
O000599,Silver Clinics S.A. - Security Bundle,A0099,S019,Security Bundle,Outbound,Closed Lost,0.0,10500.0,USD,2025-01-25,2025-04-14,2025-03-10,2025-03-10 15:07:00
O001507,Zenith Media S.A. - Cloud Suite,A0276,S028,Cloud Suite,Outbound,Proposal,0.5,,USD,2025-05-15,2025-07-28,,2025-06-24 16:03:00
O001054,Nile Labs LLC - Collaboration Tools,A0150,S001,Collaboration Tools,Partner,Closed Lost,0.0,9800.0,USD,2023-11-11,2024-01-28,2023-12-26,2023-12-26 13:42:00
O001555,Cedar Hotels S.A. - Cloud Suite,A0369,S008,Cloud Suite,Event,Closed Lost,0.0,13400.0,USD,2025-02-04,2025-04-08,2025-03-26,2025-03-26 13:06:00
O000388,Orbit Pharma Holdings - Support Plan,A0460,S009,Support Plan,Outbound,Closed Lost,0.0,7200.0,USD,2023-06-14,2023-09-02,2023-07-17,2023-07-17 10:16:00
O000963,Atlas Clinics Ltd - Cloud Suite,A0010,S020,Cloud Suite,Referral,Closed Lost,0.0,20200.0,USD,2025-05-03,2025-08-01,2025-05-14,2025-05-14 14:35:00
O000603,Harbor Pharma LLC - Analytics Platform,A0098,S028,Analytics Platform,Inbound,Closed Lost,0.0,24200.0,USD,2025-06-13,2025-08-24,2025-06-23,2025-06-23 12:16:00
O001802,Falcon Textiles Ltd - Support Plan,A0141,S032,Support Plan,Partner,Closed Lost,0.0,6400.0,USD,2023-05-14,2023-07-28,2023-07-16,2023-07-16 14:52:00
O002534,Granite Capital LLC - Support Plan,A0212,S038,Support Plan,Inbound,Closed Lost,0.0,12400.0,USD,2024-08-05,2024-10-22,2024-09-13,2024-09-13 14:38:00
O001012,Summit Pharma S.A. - Analytics Platform,A0240,S008,Analytics Platform,Partner,Closed Lost,0.0,33200.0,USD,2025-05-13,2025-09-08,2025-06-09,2025-06-09 13:49:00
O000136,Falcon Freight Inc. - Cloud Suite,A0198,S017,Cloud Suite,Partner,Closed Won,1.0,22400.0,USD,2023-07-28,2023-12-01,2023-09-10,2023-09-10 09:19:00
O001375,North Motors GmbH - Cloud Suite,A0352,S034,Cloud Suite,Referral,Closed Won,1.0,8900.0,USD,2024-06-14,2024-10-09,2024-07-13,2024-07-13 16:09:00
O002770,Lumen Motors S.A. - Cloud Suite,A0341,S035,Cloud Suite,Inbound,Closed Lost,0.0,18100.0,USD,2024-11-06,2025-02-11,2024-12-08,2024-12-08 17:50:00
O001217,Prime Logistics Co. - Cloud Suite,A0007,S004,Cloud Suite,Partner,Closed Won,1.0,30900.0,USD,2023-12-18,2024-04-02,2024-05-25,2024-05-25 10:24:00
O002290,Sahara Hotels Co. - Analytics Platform,A0251,S020,Analytics Platform,Event,Prospecting,0.1,23800.0,USD,2025-06-17,2025-08-16,,2025-06-25 13:00:00
O000367,Atlas Clinics Group - Collaboration Tools,A0358,S032,Collaboration Tools,Inbound,Closed Lost,0.0,6900.0,USD,2023-11-07,2024-03-05,2023-12-11,2023-12-11 08:14:00
O000966,Summit Motors Group - Security Bundle,A0021,S023,Security Bundle,Outbound,Closed Lost,0.0,17200.0,USD,2025-05-12,2025-07-09,2025-06-14,2025-06-14 16:22:00
O000030,Falcon Industries Holdings - Support Plan,A0093,S003,Support Plan,Partner,Closed Won,1.0,11300.0,USD,2024-10-24,2025-01-16,2024-12-22,2024-12-22 11:36:00
O002539,North Textiles LLC - Collaboration Tools,A0496,S005,Collaboration Tools,Partner,Closed Lost,0.0,8900.0,USD,2023-07-26,2023-10-28,2023-08-24,2023-08-24 15:19:00
O000023,Vertex Studios Inc. - Cloud Suite,A0473,S019,Cloud Suite,Partner,Closed Lost,0.0,27900.0,USD,2024-07-26,2024-09-19,2024-09-01,2024-09-01 13:57:00
O001098,Coral Textiles S.A. - Analytics Platform,A0184,S001,Analytics Platform,Partner,Closed Won,1.0,80300.0,USD,2025-04-17,2025-07-03,2025-06-27,2025-06-27 16:50:00
O000977,Granite Capital LLC - Support Plan,A0212,S038,Support Plan,Inbound,Closed Won,1.0,15500.0,USD,2023-03-21,2023-05-14,2023-04-15,2023-04-15 17:22:00
O001411,Delta Systems LLC - Analytics Platform,A0210,S034,Analytics Platform,Outbound,Closed Lost,0.0,18400.0,USD,2024-03-17,2024-06-22,2024-05-17,2024-05-17 16:21:00
O000421,Silver Health Inc. - Collaboration Tools,A0036,S016,Collaboration Tools,Partner,Prospecting,0.1,7400.0,USD,2025-06-25,2025-10-16,,2025-06-24 18:10:00
O002045,Granite Systems GmbH - Cloud Suite,A0484,S037,Cloud Suite,Partner,Closed Lost,0.0,27800.0,USD,2024-01-25,2024-05-10,2024-02-10,2024-02-10 10:38:00
O000461,Orbit Studios Group - Cloud Suite,A0154,S018,Cloud Suite,Outbound,Closed Lost,0.0,31600.0,USD,2023-09-11,2023-11-15,2023-11-26,2023-11-26 16:59:00
O000044,Delta Markets LLC - Security Bundle,A0465,S017,Security Bundle,Outbound,Closed Won,1.0,15600.0,USD,2024-07-12,2024-10-02,2024-08-17,2024-08-17 14:35:00
O000088,Summit Logistics Inc. - Analytics Platform,A0063,S004,Analytics Platform,Event,Closed Lost,0.0,15300.0,USD,2023-10-20,2024-02-23,2023-11-28,2023-11-28 16:15:00
O002651,Summit Labs S.A. - Collaboration Tools,A0271,S023,Collaboration Tools,Inbound,Closed Lost,0.0,13100.0,USD,2023-08-25,2023-12-23,2023-10-11,2023-10-11 14:11:00
O001327,Orbit Studios LLC - Analytics Platform,A0332,S017,Analytics Platform,Partner,Closed Won,1.0,15300.0,USD,2023-09-02,2023-12-23,2023-10-22,2023-10-22 16:52:00
O000283,Sahara Systems Co. - Security Bundle,A0026,S009,Security Bundle,Inbound,Closed Won,1.0,14300.0,USD,2023-06-13,2023-10-15,2023-10-05,2023-10-05 10:58:00
O002936,Lumen Learning Inc. - Security Bundle,A0096,S005,Security Bundle,Inbound,Closed Won,1.0,64600.0,USD,2025-03-11,2025-06-17,2025-05-12,2025-05-12 16:38:00
O001890,Delta Health S.A. - Analytics Platform,A0077,S040,Analytics Platform,Partner,Negotiation,0.75,26900.0,USD,2025-03-10,2025-04-24,,2025-06-24 14:33:00
O000677,Silver Foods S.A. - Cloud Suite,A0116,S017,Cloud Suite,Outbound,Closed Lost,0.0,20800.0,usd,2023-10-22,2023-12-24,2023-11-27,2023-11-27 15:25:00
O002890,Harbor Markets Ltd - Cloud Suite,A0046,S028,Cloud Suite,Event,Closed Lost,0.0,9500.0,USD,2023-11-22,2024-01-27,2023-12-21,2023-12-21 09:21:00
O002926,Zenith Energy LLC - Security Bundle,A0088,S013,Security Bundle,Partner,Closed Lost,0.0,15200.0,USD,2025-04-01,2025-07-26,2025-06-21,2025-06-21 12:30:00
O000534,Lumen Logistics LLC - Cloud Suite,A0233,S033,Cloud Suite,Partner,Prospecting,0.1,22600.0,USD,2025-06-16,2025-09-04,,2025-06-25 12:19:00
O002876,North Studios Co. - Analytics Platform,A0464,S029,Analytics Platform,Event,Closed Lost,0.0,47900.0,USD,2025-04-02,2025-05-25,2025-05-18,2025-05-18 18:39:00
O002488,Cedar Health S.A. - Security Bundle,A0357,S001,Security Bundle,Partner,Closed Lost,0.0,13300.0,USD,2025-05-23,2025-07-22,2025-06-07,2025-06-07 13:23:00
O001242,Zenith Hotels Ltd - Analytics Platform,A0152,S038,Analytics Platform,Inbound,Closed Lost,0.0,23600.0,USD,2024-12-30,2025-02-27,2025-02-06,2025-02-06 10:46:00
O002426,Falcon Energy Co. - Cloud Suite,A0230,S008,Cloud Suite,Partner,Closed Won,1.0,20700.0,USD,2025-04-22,29/07/2025,2025-06-11,2025-06-11 15:30:00
O002145,Harbor Motors Inc. 216 - Collaboration Tools,A0217,S025,Collaboration Tools,Event,Closed Lost,0.0,6900.0,USD,2023-12-30,2024-04-18,2024-01-23,2024-01-23 14:44:00
O001979,Blue Learning Inc. - Collaboration Tools,A0054,S032,Collaboration Tools,Inbound,Closed Won,1.0,5100.0,USD,2025-03-21,2025-07-17,2025-05-11,2025-05-11 12:19:00
O002064,Prime Consulting Ltd - Security Bundle,A0440,S009,Security Bundle,Outbound,Closed Lost,0.0,35900.0,USD,2024-10-20,2025-02-18,2024-12-04,2024-12-04 11:53:00
O000931,Lumen Motors S.A. - Security Bundle,A0341,S035,Security Bundle,Partner,Closed Won,1.0,10900.0,USD,2025-01-02,2025-04-02,2025-04-07,2025-04-07 12:13:00
O001629,Granite Systems GmbH - Cloud Suite,A0484,S037,Cloud Suite,Partner,Closed Won,1.0,23800.0,USD,2023-09-11,2023-12-30,2023-10-29,2023-10-29 13:06:00
O001672,Vertex Health S.A. - Security Bundle,A0090,S027,Security Bundle,Outbound,Closed Lost,0.0,10400.0,USD,2024-10-05,2025-01-01,2024-11-01,2024-11-01 16:48:00
O001214,Granite Motors GmbH - Analytics Platform,A0091,S005,Analytics Platform,Partner,Closed Lost,0.0,64100.0,USD,2025-01-08,2025-03-23,2025-04-15,2025-04-15 18:12:00
O002224,Coral Retail Inc. - Security Bundle,A0012,S008,Security Bundle,Referral,Closed Won,1.0,10400.0,USD,2023-09-27,2023-12-05,2024-02-23,2024-02-23 14:43:00
O000671,Vertex Logistics GmbH - Cloud Suite,A0162,S010,Cloud Suite,Event,Closed Lost,0.0,16400.0,USD,2024-03-12,2024-06-27,2024-04-10,2024-04-10 11:26:00
O001393,Falcon Textiles Ltd - Support Plan,A0141,S032,Support Plan,Partner,Closed Lost,0.0,8300.0,USD,2025-02-12,2025-04-08,2025-03-01,2025-03-01 10:22:00
O000222,North Freight LLC 329 - Cloud Suite,A0330,S037,Cloud Suite,Inbound,Proposal,0.5,12600.0,USD,2025-05-24,2025-07-30,,2025-06-30 09:22:00
O000544,Summit Freight Group - Analytics Platform,A0142,S035,Analytics Platform,Partner,Closed Lost,0.0,21400.0,USD,2023-02-25,2023-06-13,2023-04-13,2023-04-13 18:18:00
O002724,Granite Pharma LLC - Support Plan,A0329,S038,Support Plan,Referral,Negotiation,0.75,25100.0,USD,2025-03-09,2025-06-16,,2025-06-29 17:57:00
O002698,Coral Energy Holdings - Support Plan,A0139,S002,Support Plan,Partner,Proposal,0.5,7200.0,USD,2025-05-27,2025-07-27,,2025-06-27 17:19:00
O000622,Cedar Health S.A. - Cloud Suite,A0357,S001,Cloud Suite,Partner,Closed Lost,0.0,10100.0,USD,2023-08-11,2023-11-11,2023-10-25,2023-10-25 18:18:00
O001106,Zenith Hotels Co. - Security Bundle,A0247,S018,Security Bundle,Event,Closed Lost,0.0,25900.0,USD,2023-05-25,2023-08-14,2023-07-07,2023-07-07 17:21:00
O001428,Nile Capital Co. - Analytics Platform,A0067,S020,Analytics Platform,Outbound,Closed Lost,0.0,23000.0,USD,2025-03-16,2025-05-23,2025-04-06,2025-04-06 18:38:00
O001447,Coral Capital GmbH - Security Bundle,A0220,S002,Security Bundle,Event,Closed Won,1.0,20900.0,USD,2023-04-26,2023-08-05,2023-11-20,2023-11-20 18:51:00
O002536,Blue Industries Group - Collaboration Tools,A0214,S029,Collaboration Tools,Outbound,Closed Won,1.0,15800.0,USD,2025-05-19,2025-08-12,2025-06-03,2025-06-03 09:02:00
O001776,Delta Capital Ltd - Cloud Suite,A0194,S037,Cloud Suite,Partner,Closed Lost,0.0,40300.0,USD,2023-07-08,2023-10-12,2023-08-19,2023-08-19 13:56:00
O002410,Sahara Logistics Group - Analytics Platform,A0488,S027,Analytics Platform,Event,Closed Won,1.0,68500.0,USD,2025-04-02,2025-06-28,2025-05-15,2025-05-15 08:20:00
O001810,Atlas Hotels GmbH - Security Bundle,A0241,S018,Security Bundle,Inbound,Closed Lost,0.0,9500.0,USD,2024-08-22,2024-12-17,2024-09-29,2024-09-29 16:11:00
O000273,Delta Media Holdings - Analytics Platform,A0403,S011,Analytics Platform,Partner,Closed Won,1.0,33100.0,USD,2024-09-01,2024-12-28,2024-11-10,2024-11-10 17:47:00
O000522,Orbit Media Co. - Support Plan,A0075,S016,Support Plan,Inbound,Closed Lost,0.0,7400.0,USD,2024-10-09,2024-12-14,2024-11-30,2024-11-30 16:58:00
O002729,Silver Consulting LLC - Support Plan,A0148,S022,Support Plan,Inbound,Closed Won,1.0,7400.0,USD,2024-01-10,2024-05-01,2024-03-17,2024-03-17 08:56:00
O000965,Lumen Consulting Holdings - Collaboration Tools,A0039,S012,Collaboration Tools,Referral,Closed Won,1.0,12300.0,USD,2023-08-13,2023-10-28,2023-09-25,2023-09-25 18:10:00
O002274,North Labs LLC - Cloud Suite,A0107,S005,Cloud Suite,Inbound,Closed Lost,0.0,23800.0,USD,2025-05-13,2025-07-29,2025-05-27,2025-05-27 13:43:00
O001962,Silver Health Inc. - Analytics Platform,A0036,S016,Analytics Platform,Outbound,Closed Won,1.0,32100.0,USD,2023-06-24,2023-10-22,2023-08-16,2023-08-16 11:14:00
O000351,Cedar Health S.A. - Security Bundle,A0357,S001,Security Bundle,Partner,Closed Lost,0.0,11200.0,USD,2023-09-23,2023-12-01,2023-10-24,2023-10-24 13:18:00
O002163,Coral Energy Inc. - Cloud Suite,A0115,S002,Cloud Suite,Referral,Closed Lost,0.0,41200.0,USD,2025-01-30,2025-03-20,2025-03-05,2025-03-05 11:20:00
O000938,Blue Studios GmbH - Security Bundle,A0413,S034,Security Bundle,Inbound,Closed  Won,1.0,30900.0,USD,2023-03-23,2023-05-18,2023-05-09,2023-05-09 12:21:00
O002349,Atlas Energy Co. - Cloud Suite,A0155,S004,Cloud Suite,Referral,Closed Lost,0.0,12800.0,USD,2025-03-26,2025-07-21,2025-06-14,2025-06-14 12:19:00
O001004,Silver Energy Co. - Collaboration Tools,A0499,S008,Collaboration Tools,Inbound,Closed Won,1.0,12600.0,USD,2025-03-30,2025-05-24,2025-05-30,2025-05-30 17:37:00
O002633,Nova Learning Inc. - Security Bundle,A0293,S040,Security Bundle,Outbound,Closed Lost,0.0,25700.0,USD,2024-10-13,2025-02-17,2024-11-07,2024-11-07 17:45:00
O001992,Coral Textiles GmbH - Security Bundle,A0317,S021,Security Bundle,Outbound,Qualification,0.25,15700.0,USD,2025-05-16,2025-08-28,,2025-06-30 17:15:00
O002944,Blue Learning Inc. - Cloud Suite,A0054,S032,Cloud Suite,Referral,Closed Lost,0.0,18100.0,USD,2023-01-04,2023-05-05,2023-04-08,2023-04-08 11:46:00
O002966,Nile Consulting Co. - Cloud Suite,A0104,S020,Cloud Suite,Partner,Prospecting,0.1,24700.0,USD,2025-06-19,05/08/2025,,2025-06-24 17:33:00
O001860,North Pharma LLC - Analytics Platform,A0195,S022,Analytics Platform,Partner,Prospecting,0.1,32500.0,USD,2025-06-14,2025-09-17,,2025-06-28 14:03:00
O000169,Prime Retail Holdings - Cloud Suite,A0408,S031,Cloud Suite,Outbound,Closed Won,1.0,12000.0,USD,2025-05-20,2025-07-13,2025-06-23,2025-06-23 13:04:00
O001738,Nile Markets Co. - Cloud Suite,A0140,S040,Cloud Suite,Outbound,Closed Lost,0.0,32800.0,USD,2024-09-11,2024-11-24,2025-01-03,2025-01-03 15:18:00
O000799,Lumen Pharma Inc. - Security Bundle,A0269,S016,Security Bundle,Referral,Closed Won,1.0,16400.0,USD,2023-05-16,2023-07-11,2023-08-07,2023-08-07 18:04:00
O000730,North Capital Group - Security Bundle,A0346,S011,Security Bundle,Partner,Closed Lost,0.0,28000.0,USD,2025-04-19,2025-06-06,2025-05-07,2025-05-07 13:35:00
O001092,Pioneer Studios Group - Collaboration Tools,A0334,S019,Collaboration Tools,Event,Closed Lost,0.0,12000.0,USD,2024-01-03,2024-03-31,2024-03-11,2024-03-11 18:00:00
O001458,Orbit Media Co. - Cloud Suite,A0075,S005,Cloud Suite,Partner,Negotiation,0.75,17400.0,USD,2025-02-11,2025-04-02,,2025-06-26 15:28:00
O001191,Silver Health Inc. - Analytics Platform,A0036,S016,Analytics Platform,Partner,Closed Lost,0.0,36500.0,USD,2024-05-29,2024-08-07,2024-07-22,2024-07-22 16:37:00
O002267,Granite Textiles Group - Cloud Suite,A0399,S006,Cloud Suite,Event,Closed Lost,0.0,18100.0,USD,2025-02-15,2025-05-25,2025-05-01,2025-05-01 13:48:00
O002021,Prime Retail GmbH - Analytics Platform,A0261,S023,Analytics Platform,Partner,Closed Won,1.0,18300.0,USD,2023-01-11,2023-04-20,2023-03-15,2023-03-15 11:28:00
O000368,Silver Learning GmbH - Cloud Suite,A0395,S028,Cloud Suite,Partner,Closed Lost,0.0,17400.0,USD,2024-09-17,2024-12-21,2024-11-24,2024-11-24 13:43:00
O002149,Summit Freight Group - Cloud Suite,A0142,S035,Cloud Suite,Partner,Closed Lost,0.0,10300.0,USD,2023-01-03,2023-03-10,2023-02-04,2023-02-04 17:28:00
O002309,Vertex Logistics GmbH - Analytics Platform,A0162,S010,Analytics Platform,Event,Closed Lost,0.0,62700.0,USD,2025-05-31,2025-09-02,2025-06-19,2025-06-19 10:03:00
O000945,Falcon Foods Group - Cloud Suite,A0106,S019,Cloud Suite,Partner,Closed Lost,0.0,31200.0,USD,2023-08-21,2023-10-06,2023-09-13,2023-09-13 11:47:00
O001360,Pioneer Learning Ltd - Cloud Suite,A0079,S023,Cloud Suite,Referral,Closed Won,1.0,41700.0,USD,2025-03-24,2025-05-25,2025-05-07,2025-05-07 12:44:00
O000352,Atlas Clinics Ltd - Collaboration Tools,A0010,S020,Collaboration Tools,Outbound,Closed Lost,0.0,21300.0,USD,2024-05-10,2024-07-22,2024-07-12,2024-07-12 14:14:00
O001030,Vertex Studios S.A. - Collaboration Tools,A0199,S013,Collaboration Tools,Partner,Closed Lost,0.0,10800.0,USD,2023-03-28,2023-07-14,2023-05-29,2023-05-29 15:26:00
O002541,Granite Retail Inc. - Security Bundle,A0166,S037,Security Bundle,Referral,Closed Won,1.0,14800.0,USD,2024-03-09,2024-05-15,2024-04-28,2024-04-28 15:19:00
O000875,Cedar Studios Holdings - Collaboration Tools,A0072,S028,Collaboration Tools,Inbound,Closed Lost,0.0,6900.0,USD,2023-12-03,2024-04-03,2024-01-16,2024-01-16 17:37:00
O001919,Atlas Learning S.A. - Support Plan,A0291,S035,Support Plan,Referral,Closed Lost,0.0,5800.0,USD,2023-09-24,2024-01-19,2023-11-09,2023-11-09 10:03:00
O002883,Atlas Foods LLC - Support Plan,A0406,S026,Support Plan,Partner,Negotiation,0.75,6700.0,USD,2025-04-30,2025-07-17,,2025-06-30 17:58:00
O002404,North Freight LLC 61 - Analytics Platform,A0062,S020,Analytics Platform,Inbound,Closed Won,1.0,22800.0,USD,2024-05-06,2024-09-10,2024-08-22,2024-08-22 08:38:00
O000499,Nova Clinics GmbH 317 - Analytics Platform,A0318,S027,Analytics Platform,Referral,Closed Lost,0.0,31500.0,USD,2024-02-29,2024-05-24,2024-05-29,2024-05-29 13:39:00
O002828,Falcon Pharma GmbH - Analytics Platform,A0277,S015,Analytics Platform,Outbound,Closed Lost,0.0,43900.0,USD,2024-03-19,2024-05-06,2024-05-03,2024-05-03 10:07:00
O000211,Cedar Industries Group - Collaboration Tools,A0108,S038,Collaboration Tools,Partner,Closed Won,1.0,20900.0,usd,2023-09-22,2023-12-10,2023-11-28,2023-11-28 10:44:00
O002865,Nile Health GmbH - Security Bundle,A0015,S020,Security Bundle,Partner,Closed Won,1.0,12800.0,USD,2023-03-28,2023-05-21,2023-05-29,2023-05-29 08:35:00
O002808,Harbor Motors Inc. 216 - Cloud Suite,A0217,S031,Cloud Suite,Inbound,Closed Lost,0.0,22600.0,USD,2025-06-08,2025-08-10,2025-06-18,2025-06-18 16:14:00
O000228,Zenith Learning Co. - Analytics Platform,A0454,S024,Analytics Platform,Inbound,Closed Lost,0.0,16400.0,USD,2025-01-23,2025-05-27,2025-02-08,2025-02-08 18:11:00
O000366,Silver Consulting LLC - Security Bundle,A0148,S022,Security Bundle,Event,Prospecting,0.1,13500.0,USD,2025-06-21,2025-09-15,,2025-06-28 14:32:00
O002258,Lumen Markets S.A. - Cloud Suite,A0254,S027,Cloud Suite,Inbound,Closed Won,1.0,27000.0,USD,2024-12-12,2025-03-23,2025-04-05,2025-04-05 14:17:00
O001727,North Retail Group - Collaboration Tools,A0432,S032,Collaboration Tools,Outbound,Closed Lost,0.0,14400.0,USD,2025-02-23,2025-05-18,2025-03-26,2025-03-26 14:19:00
O002009,Nile Markets Ltd - Collaboration Tools,A0160,S029,Collaboration Tools,Outbound,Closed Lost,0.0,15700.0,USD,2023-09-07,2023-10-29,2023-09-30,2023-09-30 18:38:00
O000651,North Markets Holdings - Analytics Platform,A0222,S012,Analytics Platform,Partner,Closed Lost,0.0,28300.0,USD,2025-03-06,2025-05-31,2025-04-30,2025-04-30 10:46:00
O000701,Harbor Clinics Co. - Security Bundle,A0009,S031,Security Bundle,Inbound,Closed Lost,0.0,7500.0,USD,2024-04-03,2024-06-04,2024-05-13,2024-05-13 11:40:00
O000408,Nile Markets Co. - Cloud Suite,A0140,S040,Cloud Suite,Partner,Closed Lost,0.0,25000.0,USD,2025-05-09,2025-07-05,2025-05-24,2025-05-24 13:56:00
O002150,Nile Industries Ltd - Cloud Suite,A0257,S025,Cloud Suite,Inbound,Closed Won,1.0,6600.0,usd,2024-01-22,2024-03-23,2024-03-30,2024-03-30 08:05:00
O002769,Prime Retail GmbH - Cloud Suite,A0261,S023,Cloud Suite,Inbound,Proposal,0.5,20800.0,USD,2025-05-20,2025-08-02,,2025-06-25 16:47:00
O002384,North Labs Holdings - Analytics Platform,A0002,S016,Analytics Platform,Inbound,Closed Lost,0.0,80100.0,USD,2025-04-03,2025-06-15,2025-05-08,2025-05-08 14:05:00
O000745,Coral Media GmbH - Analytics Platform,A0446,S015,Analytics Platform,Partner,Closed Won,1.0,42700.0,USD,2025-02-04,2025-05-10,2025-03-07,2025-03-07 13:45:00
O001382,Prime Labs Holdings - Cloud Suite,A0024,S019,Cloud Suite,Outbound,Closed Lost,0.0,18900.0,USD,2024-03-26,2024-07-31,2024-05-01,2024-05-01 16:41:00
O002441,Harbor Labs Ltd - Support Plan,A0435,S011,Support Plan,Event,Closed Lost,0.0,4400.0,USD,2024-08-09,2024-11-01,2024-09-26,2024-09-26 09:41:00
O001570,Zenith Hotels LLC - Analytics Platform,A0038,S003,Analytics Platform,Inbound,Closed Lost,0.0,40200.0,USD,2025-01-14,2025-03-21,2025-02-24,2025-02-24 13:05:00
O000008,Granite Motors S.A. - Support Plan,A0119,S020,Support Plan,Outbound,Closed Won,1.0,9800.0,USD,2023-08-22,2023-12-06,2023-10-22,2023-10-22 09:56:00
O001310,Zenith Industries GmbH - Security Bundle,A0498,S009,Security Bundle,Inbound,Closed Lost,0.0,20800.0,USD,2025-02-09,2025-05-22,2025-04-17,2025-04-17 16:08:00
O001261,Sahara Foods Co. - Security Bundle,A0324,S017,Security Bundle,Inbound,Closed Lost,0.0,19200.0,USD,2024-06-11,2024-08-19,2024-08-07,2024-08-07 18:06:00
O000818,Nile Logistics Holdings - Cloud Suite,A0390,S023,Cloud Suite,Partner,Closed Won,1.0,15800.0,USD,2024-12-11,2025-03-02,2025-01-11,2025-01-11 14:14:00
O000416,Zenith Energy LLC - Analytics Platform,A0088,S013,Analytics Platform,Inbound,Closed Won,1.0,20600.0,USD,2023-07-30,2023-09-23,2023-10-27,2023-10-27 09:22:00
O001512,North Markets Holdings - Support Plan,A0222,S012,Support Plan,Outbound,Closed Lost,0.0,10700.0,USD,2023-06-15,2023-08-15,2023-08-19,2023-08-19 11:07:00
O000737,Pioneer Learning Holdings - Support Plan,A0314,S005,Support Plan,Outbound,Closed Won,1.0,6000.0,USD,2023-06-30,2023-09-20,2023-10-03,2023-10-03 18:45:00
O000999,Silver Energy Co. - Cloud Suite,A0499,S008,Cloud Suite,Referral,Closed Won,1.0,19300.0,USD,2023-08-27,2023-10-28,2023-11-06,2023-11-06 09:54:00
O001733,Pioneer Learning Inc. - Collaboration Tools,A0344,S014,Collaboration Tools,Outbound,Closed Lost,0.0,12500.0,USD,2025-02-24,2025-05-26,2025-03-08,2025-03-08 15:32:00
O000200,Harbor Logistics Co. - Security Bundle,A0051,S009,Security Bundle,Partner,Negotiation,0.75,34900.0,USD,2025-03-29,2025-05-19,,2025-06-24 17:00:00
O000284,Blue Industries Group - Cloud Suite,A0214,S029,Cloud Suite,Inbound,Closed Lost,0.0,15300.0,USD,2023-01-27,2023-04-22,2023-02-28,2023-02-28 18:40:00
O000232,Cedar Health S.A. - Analytics Platform,A0357,S004,Analytics Platform,Inbound,Closed Won,1.0,13500.0,USD,2023-03-27,2023-05-22,2023-04-24,2023-04-24 15:01:00
O000679,Atlas Motors Inc. 470 - Cloud Suite,A0471,S030,Cloud Suite,Event,Closed Won,1.0,11200.0,USD,2024-07-26,2024-11-11,2024-09-26,2024-09-26 11:34:00
O001926,Zenith Learning S.A. - Collaboration Tools,A0491,S022,Collaboration Tools,Partner,Closed Won,1.0,5200.0,USD,2025-04-09,2025-06-19,2025-06-06,2025-06-06 08:31:00
O000097,Summit Motors Group - Cloud Suite,A0021,S023,Cloud Suite,Partner,Closed Won,1.0,18100.0,USD,2024-01-14,2024-04-15,2024-02-18,2024-02-18 08:30:00
O001406,Coral Textiles Ltd - Security Bundle,A0428,S033,Security Bundle,Outbound,Closed Lost,0.0,24600.0,USD,2025-05-29,2025-09-12,2025-06-27,2025-06-27 17:27:00
O002609,Delta Textiles GmbH - Security Bundle,A0495,S030,Security Bundle,Partner,Closed Lost,0.0,17900.0,USD,2023-03-18,2023-05-26,2023-05-16,2023-05-16 16:46:00
O002760,Vertex Labs S.A. - Analytics Platform,A0073,S009,Analytics Platform,Inbound, Closed Lost ,0.0,36700.0,USD,2023-05-21,2023-09-14,2023-10-06,2023-10-06 11:13:00
O000890,Prime Clinics LLC - Security Bundle,A0284,S039,Security Bundle,Partner,Closed Won,1.0,14500.0,USD,2025-03-23,2025-05-09,2025-05-13,2025-05-13 18:52:00
O002747,Atlas Hotels GmbH - Security Bundle,A0241,S018,Security Bundle,Partner,Closed Won,1.0,25100.0,USD,2023-09-03,2023-12-02,2023-11-07,2023-11-07 17:39:00
O001212,Atlas Capital Inc. - Security Bundle,A0218,S010,Security Bundle,Outbound,Closed Lost,0.0,13300.0,USD,2024-10-23,2025-02-13,2025-02-21,2025-02-21 16:01:00
O002906,Granite Industries Holdings 369 - Collaboration Tools,A0370,S021,Collaboration Tools,Event,Closed Lost,0.0,14300.0,USD,2023-11-19,2024-03-18,2024-01-10,2024-01-10 17:02:00
O002627,Harbor Consulting Group - Security Bundle,A0082,S011,Security Bundle,Outbound,Closed Won,1.0,12600.0,USD,2023-06-03,2023-09-13,2023-08-15,2023-08-15 12:52:00
O001739,Blue Systems Ltd - Cloud Suite,A0404,S002,Cloud Suite,Outbound,Closed Lost,0.0,41500.0,USD,2025-04-10,2025-06-29,2025-06-16,2025-06-16 11:10:00
O002893,North Capital Co. - Cloud Suite,A0239,S031,Cloud Suite,Partner,Closed Won,1.0,37300.0,USD,2024-06-01,2024-07-27,2024-07-29,2024-07-29 11:42:00
O000105,Blue Media Group - Collaboration Tools,A0337,S027,Collaboration Tools,Outbound,Closed Lost,0.0,7300.0,USD,2025-06-14,2025-08-22,2025-06-26,2025-06-26 12:31:00
O002263,Blue Learning Inc. - Analytics Platform,A0054,S032,Analytics Platform,Inbound,Closed Won,1.0,23800.0,USD,2023-10-20,2024-02-20,2023-11-22,2023-11-22 10:48:00
O001498,Prime Systems S.A. - Cloud Suite,A0320,S028,Cloud Suite,Partner,Closed Won,1.0,9000.0,USD,2024-05-22,2024-07-20,2024-08-09,2024-08-09 15:36:00
O002438,Nile Energy Ltd - Cloud Suite,A0037,S004,Cloud Suite,Partner,Negotiation,0.75,17400.0,USD,2025-03-29,2025-06-29,,2025-06-30 09:00:00
O001056,Silver Foods Holdings - Cloud Suite,A0382,S024,Cloud Suite,Partner,Prospecting,0.1,21900.0,USD,2025-06-25,2025-10-05,,2025-06-24 17:57:00
O002393,Coral Logistics GmbH - Cloud Suite,A0365,S004,Cloud Suite,Partner,Closed Won,1.0,17700.0,USD,2024-05-07,2024-08-28,2024-06-15,2024-06-15 15:28:00
O001913,Silver Motors Ltd - Security Bundle,A0238,S025,Security Bundle,Inbound,Closed Lost,0.0,43700.0,USD,2025-02-18,2025-04-20,2025-05-12,2025-05-12 17:24:00
O002820,Lumen Motors S.A. - Cloud Suite,A0341,S035,Cloud Suite,Outbound,Closed Lost,0.0,36800.0,USD,2023-11-21,2024-02-13,2023-12-22,2023-12-22 09:19:00
O000227,Atlas Freight Group - Cloud Suite,A0157,S033,Cloud Suite,Inbound,Closed Lost,0.0,41000.0,USD,2023-01-04,2023-02-25,2023-02-15,2023-02-15 16:25:00
O001513,Vertex Media GmbH - Cloud Suite,A0292,S029,Cloud Suite,Inbound,Closed Lost,0.0,37500.0,USD,2024-05-31,2024-07-18,2024-06-19,2024-06-19 16:56:00
O002331,Lumen Consulting Inc. - Security Bundle,A0211,S032,Security Bundle,Partner,Closed Lost,0.0,14800.0,USD,2025-03-09,2025-07-01,2025-04-26,2025-04-26 10:17:00
O002377,Atlas Retail GmbH - Security Bundle,A0486,S029,Security Bundle,Outbound,Closed Won,1.0,16300.0,USD,2023-10-27,2024-02-19,2024-01-29,2024-01-29 09:29:00
O001748,Orbit Studios LLC - Security Bundle,A0332,S017,Security Bundle,Outbound,Closed Lost,0.0,7500.0,USD,2025-03-01,2025-06-05,2025-04-11,2025-04-11 15:39:00
O002093,Cedar Studios S.A. 383 - Collaboration Tools,A0384,S024,Collaboration Tools,Inbound,Closed Won,1.0,16900.0,USD,2023-10-04,2023-12-22,2023-11-07,2023-11-07 08:50:00
O002132,Nova Health S.A. - Analytics Platform,A0275,S016,Analytics Platform,Outbound,Closed Lost,0.0,36500.0,USD,2023-05-03,2023-07-09,2023-07-16,2023-07-16 13:49:00
O000692,Atlas Clinics Ltd - Security Bundle,A0010,S020,Security Bundle,Partner,Closed Lost,0.0,13800.0,USD,2024-11-04,2025-02-02,2024-12-02,2024-12-02 14:08:00
O002156,Coral Energy Holdings - Cloud Suite,A0139,S015,Cloud Suite,Outbound,Closed Won,1.0,58100.0,USD,2023-10-12,2024-01-15,2023-12-07,2023-12-07 08:18:00
O001361,Silver Industries Group - Analytics Platform,A0225,S001,Analytics Platform,Partner,Prospecting,0.1,57900.0,USD,2025-06-15,2025-10-06,,2025-06-25 12:59:00
O001657,Prime Textiles Ltd - Analytics Platform,A0452,S034,Analytics Platform,Outbound,Prospecting,0.1,17000.0,USD,2025-06-19,2025-08-27,,2025-06-24 18:37:00
O000465,Cedar Clinics Ltd - Security Bundle,A0250,S015,Security Bundle,Outbound,Closed Lost,0.0,33400.0,USD,2023-01-28,2023-05-02,2023-05-28,2023-05-28 16:19:00
O000773,Prime Motors Co. 365 - Analytics Platform,A0366,S019,Analytics Platform,Outbound,Closed Lost,0.0,21800.0,USD,2024-07-18,2024-09-13,2024-09-25,2024-09-25 13:33:00
O002417,Coral Capital Ltd - Cloud Suite,A0105,S020,Cloud Suite,Partner,Closed Lost,0.0,16000.0,USD,2024-11-17,2025-01-24,2024-12-19,2024-12-19 15:18:00
O000757,Atlas Clinics Group - Security Bundle,A0358,S032,Security Bundle,Outbound,Closed Lost,0.0,18000.0,USD,2025-02-08,2025-05-26,2025-03-24,2025-03-24 11:33:00
O002779,Sahara Capital Holdings - Collaboration Tools,A0101,S014,Collaboration Tools,Outbound,Closed Lost,0.0,17100.0,USD,2023-08-28,2023-11-13,2023-09-27,2023-09-27 15:17:00
O000680,Harbor Logistics Co. - Security Bundle,A0051,S009,Security Bundle,Outbound,closed lost,0.0,26300.0,USD,2023-02-13,2023-05-30,2023-05-26,2023-05-26 15:10:00
O001955,Atlas Learning S.A. - Cloud Suite,A0291,S035,Cloud Suite,Inbound,Closed Won,1.0,15600.0,USD,2025-05-04,2025-08-28,2025-06-11,2025-06-11 18:42:00
O001100,Blue Studios Holdings - Cloud Suite,A0025,S039,Cloud Suite,Referral,Closed Won,1.0,17300.0,USD,2025-03-14,2025-05-22,2025-05-19,2025-05-19 09:00:00
O000213,Orbit Media Co. - Collaboration Tools,A0075,S005,Collaboration Tools,Outbound,Closed Lost,0.0,16300.0,USD,2025-02-22,2025-06-12,2025-04-08,2025-04-08 15:50:00
O000013,Prime Systems Inc. - Security Bundle,A0424,S011,Security Bundle,Partner,Closed Won,1.0,10600.0,USD,2024-10-08,2025-02-08,2024-12-07,2024-12-07 17:36:00
O002947,Silver Consulting LLC - Analytics Platform,A0148,S022,Analytics Platform,Inbound,Closed Lost,0.0,28100.0,USD,2024-01-27,2024-03-15,2024-02-10,2024-02-10 17:15:00
O000423,Prime Systems Inc. - Security Bundle,A0424,S011,Security Bundle,Outbound,Closed Lost,0.0,18900.0,USD,2025-01-30,2025-03-24,2025-04-14,2025-04-14 08:13:00
O002350,Nile Energy LLC - Cloud Suite,A0367,S026,Cloud Suite,Outbound,Closed Lost,0.0,14400.0,USD,2025-05-15,2025-06-30,2025-05-26,2025-05-26 12:02:00
O000953,Pioneer Studios Inc. - Analytics Platform,A0181,S009,Analytics Platform,Event,Qualification,0.25,28100.0,USD,2025-05-29,2025-08-17,,2025-06-27 10:49:00
O001111,Cedar Industries S.A. - Collaboration Tools,A0353,S001,Collaboration Tools,Outbound,Closed Won,1.0,5900.0,USD,2023-02-27,2023-04-18,2023-05-09,2023-05-09 16:12:00
O002316,Zenith Studios LLC - Cloud Suite,A0448,S038,Cloud Suite,Referral,Closed Lost,0.0,45200.0,USD,2024-05-27,2024-09-27,2024-08-01,2024-08-01 15:10:00
O002680,Nova Energy Ltd - Cloud Suite,A0383,S040,Cloud Suite,Partner,Closed Won,1.0,37900.0,USD,2025-01-29,26/04/2025,2025-03-22,2025-03-22 11:24:00
O002033,Pioneer Learning Inc. - Analytics Platform,A0344,S014,Analytics Platform,Partner,Prospecting,0.1,17700.0,USD,2025-06-20,2025-09-27,,2025-06-26 08:03:00
O001072,Delta Labs LLC - Cloud Suite,A0363,S008,Cloud Suite,Partner,Closed Won,1.0,14000.0,USD,2024-04-14,2024-06-04,2024-05-29,2024-05-29 10:23:00
O001335,Blue Health S.A. - Cloud Suite,A0497,S034,Cloud Suite,Outbound,Closed Lost,0.0,28500.0,USD,2024-07-25,2024-09-21,2024-09-27,2024-09-27 14:16:00
O002833,Summit Consulting Holdings - Analytics Platform,A0080,S014,Analytics Platform,Inbound,Closed Lost,0.0,56400.0,USD,2024-01-04,2024-03-19,2024-03-02,2024-03-02 15:46:00
O000510,Falcon Foods GmbH - Security Bundle,A0132,S005,Security Bundle,Partner,CLOSED LOST,0.0,54000.0,USD,2024-07-11,2024-09-17,2024-09-11,2024-09-11 09:38:00
O000645,Lumen Retail Inc. - Analytics Platform,A0392,S026,Analytics Platform,Inbound,Closed Lost,0.0,24300.0,USD,2025-03-25,2025-07-18,2025-04-11,2025-04-11 09:46:00
O000598,Falcon Systems Co. - Collaboration Tools,A0303,S012,Collaboration Tools,Inbound,Closed Lost,0.0,7700.0,USD,2025-04-17,2025-06-28,2025-06-20,2025-06-20 13:40:00
O002591,Vertex Health S.A. - Cloud Suite,A0090,S027,Cloud Suite,Partner,Closed Lost,0.0,16200.0,USD,2024-06-17,2024-10-16,2024-07-05,2024-07-05 12:33:00
O001981,Falcon Foods LLC - Security Bundle,A0385,S010,Security Bundle,Partner,Closed Lost,0.0,25700.0,USD,2023-06-04,2023-07-27,2023-07-12,2023-07-12 11:43:00
O002469,Coral Energy Group - Security Bundle,A0400,S013,Security Bundle,Outbound,Closed Lost,0.0,69800.0,USD,2025-01-01,2025-03-13,2025-01-22,2025-01-22 14:36:00
O002684,Orbit Health S.A. - Cloud Suite,A0124,S038,Cloud Suite,Inbound,Closed Won,1.0,38200.0,USD,2024-08-20,2024-10-17,2024-10-01,2024-10-01 08:36:00
O000519,Sahara Textiles Ltd - Security Bundle,A0138,S005,Security Bundle,Inbound,Closed Lost,0.0,48100.0,USD,2024-11-06,2024-12-21,2025-02-23,2025-02-23 12:46:00
O000766,North Systems LLC - Security Bundle,A0083,S002,Security Bundle,Outbound,Proposal,0.5,22200.0,USD,2025-05-20,2025-08-03,,2025-06-27 11:25:00
O000574,Falcon Logistics GmbH - Analytics Platform,A0429,S025,Analytics Platform,Outbound,Closed Lost,0.0,87200.0,USD,2024-08-13,2024-11-12,2024-12-23,2024-12-23 14:19:00
O002767,Orbit Consulting Group - Collaboration Tools,A0035,S022,Collaboration Tools,Inbound,Closed Won,1.0,7000.0,USD,2025-03-16,2025-06-16,2025-06-29,2025-06-29 14:47:00
O001150,Harbor Retail Holdings - Cloud Suite,A0331,S023,Cloud Suite,Event,Qualification,0.25,25900.0,USD,2025-06-14,2025-08-17,,2025-06-25 18:36:00
O002188,Atlas Foods Inc. - Cloud Suite,A0467,S010,Cloud Suite,Inbound,Closed Won,1.0,11600.0,USD,2025-01-12,2025-04-27,2025-04-06,2025-04-06 09:47:00
O002489,Nova Freight Ltd - Security Bundle,A0298,S022,Security Bundle,Referral,Prospecting,0.1,17900.0,USD,2025-06-20,2025-09-25,,2025-06-25 17:58:00
O001193,Coral Foods Ltd - Support Plan,A0213,S005,Support Plan,Partner,Closed Lost,0.0,13100.0,USD,2024-06-26,2024-09-11,2024-09-25,2024-09-25 09:37:00
O001858,Vertex Textiles Co. - Analytics Platform,A0204,S005,Analytics Platform,Referral,Qualification,0.25,37000.0,USD,2024-11-12,2025-02-28,2024-12-29,2024-12-25 10:50:00
O000124,Summit Hotels Holdings - Cloud Suite,A0274,S039,Cloud Suite,Inbound,Closed Lost,0.0,22600.0,USD,2023-06-06,2023-08-12,2023-07-09,2023-07-09 18:53:00
O001714,Atlas Freight Ltd - Security Bundle,A0328,S033,Security Bundle,Partner,Closed Won,1.0,29100.0,USD,2025-02-05,2025-05-29,2025-06-16,2025-06-16 15:20:00
O000221,Coral Motors Co. - Security Bundle,A0295,S016,Security Bundle,Outbound,Closed Lost,0.0,12400.0,USD,2024-04-13,2024-07-07,2024-07-10,2024-07-10 10:43:00
O002951,Cedar Studios Holdings - Collaboration Tools,A0072,S028,Collaboration Tools,Outbound,Closed Lost,0.0,8500.0,USD,2025-03-11,2025-04-27,2025-04-25,2025-04-25 11:25:00
O000359,Summit Foods S.A. - Cloud Suite,A0443,S008,Cloud Suite,Inbound,Prospecting,0.1,18300.0,USD,2025-06-26,2025-09-20,,2025-06-24 11:48:00
O002090,Prime Freight Co. - Cloud Suite,A0100,S026,Cloud Suite,Partner,Closed Won,1.0,16500.0,USD,2024-05-18,2024-07-19,2024-06-06,2024-06-06 08:20:00
O002137,Blue Logistics S.A. - Cloud Suite,A0255,S010,Cloud Suite,Referral,Closed Lost,0.0,19700.0,USD,2025-03-02,2025-06-23,2025-03-14,2025-03-14 18:17:00
O001676,Silver Industries Ltd - Cloud Suite,A0394,S009,Cloud Suite,Outbound,Closed Lost,0.0,57900.0,USD,2025-06-01,2025-09-06,2025-06-18,2025-06-18 14:07:00
O000260,Lumen Textiles Holdings - Cloud Suite,A0476,S021,Cloud Suite,Outbound,Closed Lost,0.0,11300.0,USD,2023-05-03,2023-07-17,2023-05-29,2023-05-29 18:01:00
O002813,Nile Labs LLC - Collaboration Tools,A0150,S001,Collaboration Tools,Event,Closed Lost,0.0,13700.0,USD,2024-03-12,2024-07-11,2024-04-22,2024-04-22 08:19:00
O002660,Falcon Labs Ltd - Security Bundle,A0044,S001,Security Bundle,Outbound,Proposal,0.5,11100.0,USD,2025-05-10,2025-08-10,,2025-06-29 17:32:00
O002427,Sahara Clinics Holdings - Analytics Platform,A0186,S016,Analytics Platform,Event,Closed Won,1.0,30500.0,USD,2023-12-26,2024-04-07,2024-02-01,2024-02-01 08:36:00
O000943,Orbit Hotels Co. - Cloud Suite,A0180,S035,Cloud Suite,Event,Closed Lost,0.0,15100.0,USD,2025-04-09,2025-06-05,2025-06-08,2025-06-08 11:35:00
O002904,Lumen Retail Co. - Cloud Suite,A0410,S015,Cloud Suite,Outbound,Closed Lost,0.0,21400.0,USD,2023-07-04,2023-11-05,2023-09-14,2023-09-14 14:07:00
O002442,Nova Motors LLC - Analytics Platform,A0123,S011,Analytics Platform,Partner,Proposal,0.5,33800.0,USD,2025-05-06,2025-08-07,,2025-06-25 16:44:00
O002940,North Retail S.A. - Support Plan,A0343,S016,Support Plan,Inbound,Closed Lost,0.0,6900.0,USD,2023-09-09,2023-12-28,2023-10-13,2023-10-13 12:44:00
O001713,Coral Energy Ltd - Security Bundle,A0060,S040,Security Bundle,Outbound,Closed Lost,0.0,50700.0,USD,2024-10-07,2025-01-25,2025-01-03,2025-01-03 11:47:00
O001937,Blue Media Group - Security Bundle,A0337,S027,Security Bundle,Partner,Closed Lost,0.0,38700.0,USD,2023-11-06,2024-01-26,2023-12-25,2023-12-25 11:20:00
O002758,Pioneer Consulting LLC - Analytics Platform,A0158,S008,Analytics Platform,Event,Closed Won,1.0,21900.0,USD,2023-05-14,2023-08-30,2023-06-29,2023-06-29 14:32:00
O002359,Prime Learning GmbH - Security Bundle,A0321,S016,Security Bundle,Partner,Closed Won,1.0,26700.0,USD,2025-02-03,12/06/2025,2025-03-22,2025-03-22 10:15:00
O000457,Nile Systems LLC - Security Bundle,A0128,S036,Security Bundle,Partner,Closed Won,1.0,7900.0,USD,2025-01-16,2025-04-12,2025-04-18,2025-04-18 18:49:00
O000463,Nile Media Ltd - Analytics Platform,A0374,S029,Analytics Platform,Inbound,Closed Lost,0.0,27900.0,USD,2023-05-16,2023-07-19,2023-06-30,2023-06-30 18:56:00
O002257,Vertex Textiles Co. - Analytics Platform,A0204,S005,Analytics Platform,Partner,Closed Won,1.0,47200.0,USD,2025-01-15,2025-04-03,2025-06-06,2025-06-06 10:20:00
O001018,Granite Retail S.A. 385 - Collaboration Tools,A0386,S013,Collaboration Tools,Inbound,Closed Lost,0.0,12800.0,USD,2023-09-06,2023-11-10,2023-10-05,2023-10-05 09:33:00
O001884,Silver Industries Ltd - Security Bundle,A0394,S009,Security Bundle,Event,PROSPECTING,0.1,,USD,2025-06-26,2025-08-11,,2025-06-28 12:35:00
O000382,Cedar Markets GmbH - Collaboration Tools,A0064,S023,Collaboration Tools,Referral,CLOSED WON,1.0,4300.0,USD,2024-08-10,2024-09-26,2024-08-26,2024-08-26 16:29:00
O002178,Blue Pharma Co. - Security Bundle,A0359,S008,Security Bundle,Outbound,Closed Lost,0.0,20200.0,USD,2023-06-26,2023-10-21,2023-07-25,2023-07-25 14:56:00
O001115,Cedar Markets GmbH - Collaboration Tools,A0064,S023,Collaboration Tools,Inbound,Prospecting,0.1,11000.0,USD,2025-06-22,2025-10-26,,2025-06-29 13:10:00
O002401,Nile Consulting Co. - Collaboration Tools,A0104,S020,Collaboration Tools,Partner,Qualification,0.25,11200.0,USD,2025-06-04,2025-09-01,,2025-06-25 15:33:00
O000848,North Motors Co. - Analytics Platform,A0129,S006,Analytics Platform,Inbound,Closed Lost,0.0,45600.0,USD,2025-05-13,2025-07-17,2025-06-06,2025-06-06 17:38:00
O000870,Pioneer Pharma GmbH - Cloud Suite,A0190,S006,Cloud Suite,Outbound,Closed Lost,0.0,26000.0,USD,2025-02-12,2025-06-06,2025-05-16,2025-05-16 18:48:00
O002875,Sahara Foods Co. - Collaboration Tools,A0324,S017,Collaboration Tools,Partner,Closed Lost,0.0,7200.0,USD,2025-04-13,2025-08-04,2025-05-27,2025-05-27 11:50:00
O001477,Zenith Retail Group - Analytics Platform,A0388,S002,Analytics Platform,Inbound,Closed Lost,0.0,46700.0,USD,2024-03-19,2024-05-13,2024-04-10,2024-04-10 13:05:00
O000980,Falcon Energy Co. - Cloud Suite,A0230,S008,Cloud Suite,Partner,Closed Won,1.0,27100.0,USD,2025-01-03,02/03/2025,2025-02-02,2025-02-02 08:15:00
O002283,North Freight LLC 329 - Analytics Platform,A0330,S037,Analytics Platform,Outbound, Closed Lost ,0.0,12100.0,USD,2024-08-31,2024-12-31,2024-10-18,2024-10-18 11:22:00
O002121,Pioneer Labs Ltd - Security Bundle,A0447,S023,Security Bundle,Outbound,Closed Lost,0.0,10000.0,USD,2023-03-16,2023-06-30,2023-04-09,2023-04-09 18:41:00
O001388,Silver Energy Co. - Analytics Platform,A0499,S008,Analytics Platform,Partner,Qualification,0.25,20700.0,USD,2025-04-12,2025-06-04,2025-05-16,2025-04-12 17:39:00
O002604,North Retail Group - Collaboration Tools,A0432,S024,Collaboration Tools,Event,Closed Won,1.0,2800.0,USD,2024-09-26,2024-12-22,2024-12-25,2024-12-25 12:21:00
O002784,Lumen Retail Inc. - Security Bundle,A0392,S026,Security Bundle,Partner,Proposal,0.5,9700.0,USD,2025-05-28,2025-07-27,,2025-06-27 16:31:00
O002321,Vertex Labs S.A. - Support Plan,A0073,S009,Support Plan,Inbound,Closed Won,1.0,12100.0,USD,2025-03-04,2025-05-23,2025-04-07,2025-04-07 10:21:00
O000941,Prime Pharma Group - Cloud Suite,A0327,S011,Cloud Suite,Partner,Closed Lost,0.0,10400.0,USD,2025-03-27,2025-05-14,2025-06-12,2025-06-12 17:36:00
O001229,Pioneer Industries LLC - Cloud Suite,A0373,S032,Cloud Suite,Partner,Closed Lost,0.0,16700.0,USD,2024-02-07,2024-05-23,2024-03-17,2024-03-17 13:59:00
O000543,Atlas Capital Inc. - Analytics Platform,A0218,S040,Analytics Platform,Outbound,Proposal,0.5,21500.0,USD,2025-05-29,2025-07-22,,2025-06-29 13:41:00
O002084,Prime Labs Holdings - Collaboration Tools,A0024,S003,Collaboration Tools,Partner,Closed Won,1.0,9100.0,USD,2024-05-28,2024-09-24,2024-08-01,2024-08-01 14:30:00
O001704,Sahara Textiles Ltd - Support Plan,A0138,S005,Support Plan,Outbound,Closed Won,1.0,16300.0,USD,2023-11-26,2024-03-23,2024-03-04,2024-03-04 08:11:00
O002133,North Motors GmbH - Cloud Suite,A0352,S034,Cloud Suite,Inbound,Closed Lost,0.0,25500.0,USD,2024-03-04,2024-06-21,2024-05-24,2024-05-24 16:23:00
O001836,Silver Systems Co. - Cloud Suite,A0342,S018,Cloud Suite,Inbound,Closed Lost,0.0,12000.0,USD,2023-02-28,2023-05-29,2023-03-28,2023-03-28 10:02:00
O001546,Lumen Markets S.A. - Security Bundle,A0254,S027,Security Bundle,Inbound,Closed Won,1.0,13400.0,USD,2024-08-30,2024-12-05,2025-02-03,2025-02-03 17:37:00
O002673,Falcon Clinics Inc. - Cloud Suite,A0127,S002,Cloud Suite,Referral,Closed Lost,0.0,29300.0,USD,2024-03-07,2024-05-20,2024-05-30,2024-05-30 11:20:00
O002398,Pioneer Labs Inc. - Cloud Suite,A0287,S023,Cloud Suite,Partner,Negotiation,0.75,35300.0,USD,2025-04-12,2025-06-30,,2025-06-29 17:07:00
O001826,Prime Consulting Ltd - Security Bundle,A0440,S009,Security Bundle,Inbound,Closed Won,1.0,45700.0,USD,2025-04-14,2025-07-25,2025-06-29,2025-06-29 16:25:00
O001274,Granite Retail Inc. - Collaboration Tools,A0166,S037,Collaboration Tools,Inbound,Qualification,0.25,7500.0,USD,2025-06-13,2025-08-10,,2025-06-26 16:28:00
O002937,Nile Capital Co. - Collaboration Tools,A0067,S020,Collaboration Tools,Inbound,Closed Lost,0.0,12900.0,USD,2024-03-03,2024-05-29,2024-03-31,2024-03-31 18:23:00
O001761,Harbor Studios S.A. - Security Bundle,A0265,S002,Security Bundle,Outbound,Proposal,0.5,28800.0,USD,2025-05-02,2025-08-16,,2025-06-26 16:18:00
O001814,Lumen Markets S.A. - Cloud Suite,A0254,S027,Cloud Suite,Partner,Closed Lost,0.0,11500.0,USD,2023-03-23,2023-06-25,2023-05-23,2023-05-23 09:51:00
O002924,Nile Media Ltd - Support Plan,A0374,S036,Support Plan,Inbound,Qualification,0.25,5800.0,USD,2025-06-10,2025-08-29,,2025-06-25 14:53:00
O001746,Zenith Retail Group - Cloud Suite,A0388,S002,Cloud Suite,Partner,Closed Lost,0.0,47900.0,USD,2024-01-12,2024-04-30,2024-03-09,2024-03-09 17:39:00
O002014,Silver Capital LLC - Collaboration Tools,A0236,S027,Collaboration Tools,Inbound,Closed Won,1.0,29400.0,USD,2023-06-01,2023-08-08,2023-07-12,2023-07-12 09:47:00
O000436,Silver Industries Group - Analytics Platform,A0225,S001,Analytics Platform,Partner,Closed Won,1.0,14700.0,USD,2024-11-23,2025-02-21,2025-01-16,2025-01-16 13:02:00
O001645,Delta Capital Ltd - Cloud Suite,A0194,S037,Cloud Suite,Inbound,Closed Won,1.0,19700.0,USD,2023-06-23,2023-08-10,2023-08-18,2023-08-18 16:46:00
O000238,Blue Health LLC - Collaboration Tools,A0260,S031,Collaboration Tools,Partner,Qualification,0.25,6700.0,USD,2025-05-31,2025-08-18,,2025-06-26 18:08:00
O002878,Sahara Industries LLC - Support Plan,A0301,S015,Support Plan,Event,Negotiation,0.75,9200.0,USD,2025-02-03,2025-04-29,,2025-06-24 16:43:00
O000110,Atlas Capital Co. - Collaboration Tools,A0130,S002,Collaboration Tools,Outbound,Prospecting,0.1,14600.0,USD,2025-06-15,2025-10-08,,2025-06-24 12:36:00
O002087,Atlas Energy Co. - Cloud Suite,A0155,S010,Cloud Suite,Outbound,Closed Won,1.0,30300.0,USD,2023-02-23,2023-06-12,2023-04-25,2023-04-25 08:33:00
O000164,Delta Systems LLC - Security Bundle,A0210,S034,Security Bundle,Partner,Closed Lost,0.0,15800.0,USD,2023-01-26,2023-03-15,2023-03-08,2023-03-08 17:27:00
O000289,Prime Capital S.A. - Cloud Suite,A0172,S018,Cloud Suite,Outbound,Closed Won,1.0,23000.0,USD,2023-11-20,2024-01-07,2024-03-25,2024-03-25 09:54:00
O000253,Nile Textiles Co. - Cloud Suite,A0178,S005,Cloud Suite,Partner,Closed Won,1.0,26700.0,USD,2024-11-28,2025-01-14,2025-02-26,2025-02-26 17:58:00
O002780,Harbor Studios Holdings - Security Bundle,A0110,S035,Security Bundle,Referral,Closed Won,1.0,12900.0,USD,2024-07-30,2024-12-03,2024-09-08,2024-09-08 16:49:00
O001619,Prime Clinics LLC - Support Plan,A0284,S039,Support Plan,Outbound,Closed Won,1.0,6200.0,USD,2024-01-12,2024-05-13,2024-05-01,2024-05-01 09:52:00
O000768,Nile Studios Co. - Security Bundle,A0296,S010,Security Bundle,Referral,Closed Won,1.0,11900.0,USD,2025-02-04,2025-06-02,2025-05-04,2025-05-04 14:27:00
O001346,Lumen Capital Holdings - Cloud Suite,A0042,S026,Cloud Suite,Outbound,Closed Lost,0.0,13100.0,USD,2024-10-29,2024-12-21,2024-11-24,2024-11-24 17:30:00
O002105,Zenith Motors Ltd - Collaboration Tools,A0278,S039,Collaboration Tools,Partner,Closed Lost,0.0,9500.0,USD,2025-02-03,2025-04-11,2025-02-24,2025-02-24 09:28:00
O002809,Harbor Studios Group - Cloud Suite,A0309,S031,Cloud Suite,Event,Closed Lost,0.0,13400.0,USD,2023-02-12,2023-06-17,2023-03-04,2023-03-04 09:44:00
O001911,Blue Studios Holdings - Cloud Suite,A0025,S039,Cloud Suite,Outbound,Closed Won,1.0,14200.0,USD,2024-04-26,2024-07-15,2024-06-11,2024-06-11 11:58:00
O001451,Falcon Freight Holdings - Security Bundle,A0426,S012,Security Bundle,Referral,Closed Lost,0.0,16800.0,USD,2024-11-07,2025-01-09,2024-11-27,2024-11-27 13:36:00
O002367,Lumen Learning Holdings - Collaboration Tools,A0372,S003,Collaboration Tools,Inbound,Closed Lost,0.0,6200.0,USD,2025-02-09,2025-04-08,2025-03-31,2025-03-31 17:43:00
O001358,Prime Foods Group - Analytics Platform,A0137,S015,Analytics Platform,Partner,Closed Won,1.0,58900.0,USD,2024-09-06,2024-12-12,2024-12-24,2024-12-24 18:04:00
O001449,Summit Consulting Ltd - Cloud Suite,A0032,S005,Cloud Suite,Event,Closed Lost,0.0,38800.0,USD,2023-11-30,2024-03-11,2024-02-29,2024-02-29 16:57:00
O001205,Delta Logistics LLC - Collaboration Tools,A0018,S009,Collaboration Tools,Inbound,Closed Lost,0.0,18100.0,USD,2023-03-10,2023-05-07,2023-04-25,2023-04-25 14:30:00
O002098,Silver Foods Holdings - Cloud Suite,A0382,S023,Cloud Suite,Event,Closed Lost,0.0,20000.0,USD,2025-01-24,2025-05-27,2025-03-10,2025-03-10 11:47:00
O002568,Falcon Pharma Inc. - Cloud Suite,A0191,S008,Cloud Suite,Outbound,Closed Lost,0.0,24300.0,USD,2024-02-27,2024-05-22,2024-04-04,2024-04-04 12:07:00
O002604,North Retail Group - Collaboration Tools,A0432,S024,Collaboration Tools,Event,Closed Won,1.0,2800.0,USD,2024-09-26,2024-12-22,2024-12-25,2024-12-25 12:21:00
O000462,Falcon Capital Holdings - Security Bundle,A0008,S005,Security Bundle,Outbound,Closed Lost,0.0,21500.0,USD,2024-05-31,2024-07-31,2024-06-17,2024-06-17 16:51:00
O002901,Prime Logistics LLC - Cloud Suite,A0189,S012,Cloud Suite,Inbound,Closed Lost,0.0,10200.0,USD,2023-08-06,2023-12-05,2023-10-24,2023-10-24 08:48:00
O002759,Coral Industries Co. - Collaboration Tools,A0299,S023,Collaboration Tools,Partner,Closed Lost,0.0,11000.0,USD,2024-06-22,2024-10-02,2024-07-20,2024-07-20 14:35:00
O000158,Granite Motors GmbH - Collaboration Tools,A0091,S005,Collaboration Tools,Inbound,Closed Won,1.0,11300.0,USD,2025-05-04,2025-08-30,2025-06-13,2025-06-13 14:17:00
O001986,Coral Clinics Inc. - Collaboration Tools,A0081,S021,Collaboration Tools,Partner,Proposal,0.5,11600.0,USD,2025-05-04,2025-07-22,,2025-06-28 12:36:00
O001685,Cedar Health GmbH - Support Plan,A0304,S028,Support Plan,Inbound,Closed Lost,0.0,2800.0,USD,2023-04-13,2023-08-15,2023-07-06,2023-07-06 08:40:00
O000678,Pioneer Systems Group - Security Bundle,A0461,S016,Security Bundle,Outbound,Closed Lost,0.0,31800.0,USD,2024-07-05,2024-10-15,2024-08-07,2024-08-07 12:05:00
O001747,Granite Textiles Group 429 - Security Bundle,A0430,S033,Security Bundle,Referral,Closed Won,1.0,50600.0,USD,2025-01-31,2025-04-23,2025-03-15,2025-03-15 16:52:00
O000908,Lumen Capital S.A. - Support Plan,A0055,S019,Support Plan,Inbound,Closed Lost,0.0,10600.0,USD,2024-12-25,2025-04-19,2025-03-10,2025-03-10 17:58:00
O000239,Pioneer Consulting LLC - Cloud Suite,A0158,S008,Cloud Suite,Inbound,Closed Lost,0.0,13600.0,USD,2024-05-07,22/07/2024,2024-05-24,2024-05-24 13:53:00
O001071,Prime Labs Holdings - Analytics Platform,A0024,S019,Analytics Platform,Partner,Qualification,0.25,26800.0,usd,2023-12-30,2024-03-12,2024-01-18,2023-12-30 10:05:00
O001420,Atlas Learning LLC 488 - Analytics Platform,A0489,S007,Analytics Platform,Inbound,Closed Lost,0.0,12700.0,USD,2024-04-14,2024-07-05,2024-05-15,2024-05-15 12:59:00
O000244,Granite Retail S.A. 385 - Security Bundle,A0386,S013,Security Bundle,Inbound,Closed Won,1.0,36400.0,USD,2025-01-31,2025-04-16,2025-03-08,2025-03-08 18:16:00
O000101,Nova Textiles Inc. 258 - Collaboration Tools,A0259,S002,Collaboration Tools,Partner,Qualification,0.25,9300.0,USD,2025-06-01,2025-09-19,,2025-06-26 16:09:00
O000316,Atlas Capital Inc. - Cloud Suite,A0218,S010,Cloud Suite,Partner,Closed Won,1.0,17600.0,USD,2023-12-02,2024-03-02,2024-01-05,2024-01-05 12:25:00
O000913,Orbit Industries GmbH - Security Bundle,A0248,S008,Security Bundle,Outbound,Closed Lost,0.0,27100.0,USD,2023-06-04,2023-09-25,2023-07-19,2023-07-19 10:30:00
O001091,Vertex Studios Co. - Security Bundle,A0011,S019,Security Bundle,Event,Closed Lost,0.0,9000.0,USD,2024-07-15,2024-10-08,2024-07-22,2024-07-22 16:15:00
O000840,Sahara Clinics Holdings - Cloud Suite,A0186,S022,Cloud Suite,Partner,Closed Lost,0.0,32100.0,USD,2025-05-01,2025-08-03,2025-05-25,2025-05-25 08:12:00
O002986,Coral Textiles S.A. - Cloud Suite,A0184,S001,Cloud Suite,Outbound,Closed Lost,0.0,17400.0,USD,2025-01-14,2025-03-30,2025-01-25,2025-01-25 16:30:00
O000262,Coral Energy Group - Cloud Suite,A0400,S013,Cloud Suite,Inbound,Closed Won,1.0,29300.0,USD,2023-06-16,2023-09-19,2023-07-21,2023-07-21 18:20:00
O000868,Pioneer Media Co. - Security Bundle,A0297,S018,Security Bundle,Outbound,Closed Lost,0.0,9900.0,USD,2025-03-17,2025-05-31,2025-03-30,2025-03-30 08:57:00
O001712,Nile Health Group - Collaboration Tools,A0069,S026,Collaboration Tools,Inbound,Closed Won,1.0,14200.0,USD,2023-03-21,2023-05-31,2023-07-03,2023-07-03 18:57:00
O000196,Nile Energy Ltd - Support Plan,A0037,S013,Support Plan,Inbound,Closed Lost,0.0,8800.0,USD,2025-04-20,21/06/2025,2025-06-11,2025-06-11 17:20:00
O001846,Atlas Motors Inc. 470 - Support Plan,A0471,S030,Support Plan,Inbound,Closed Lost,0.0,4900.0,USD,2024-04-22,2024-07-21,2024-07-06,2024-07-06 11:23:00
O001475,Zenith Studios Inc. - Collaboration Tools,A0030,S033,Collaboration Tools,Outbound,Closed Lost,0.0,9500.0,USD,2025-06-11,2025-09-08,2025-06-18,2025-06-18 15:23:00
O001805,Orbit Consulting GmbH - Support Plan,A0262,S012,Support Plan,Outbound,Closed Lost,0.0,9500.0,USD,2024-12-21,2025-03-26,2025-01-17,2025-01-17 13:35:00
O000180,North Learning Ltd - Support Plan,A0185,S003,Support Plan,Inbound,Closed Won,1.0,12500.0,USD,2023-02-16,2023-04-24,2023-05-29,2023-05-29 13:20:00
O002351,Sahara Hotels Co. - Collaboration Tools,A0251,S020,Collaboration Tools,Referral,Prospecting,0.1,10900.0,USD,2025-06-18,2025-09-05,,2025-06-27 10:57:00
O001476,Falcon Systems Co. - Analytics Platform,A0303,S012,Analytics Platform,Partner,Closed Won,1.0,29900.0,USD,2023-08-26,15/12/2023,2023-11-11,2023-11-11 18:09:00
O001019,Zenith Labs Holdings - Cloud Suite,A0223,S037,Cloud Suite,Event,Closed Lost,0.0,14800.0,USD,2024-07-19,2024-11-02,2024-09-03,2024-09-03 17:57:00
O000341,Prime Systems S.A. - Analytics Platform,A0320,S011,Analytics Platform,Partner,Closed Won,1.0,16500.0,USD,2025-01-31,2025-03-27,2025-06-06,2025-06-06 16:57:00
O002518,Vertex Consulting Co. - Cloud Suite,A0411,S012,Cloud Suite,Inbound,Closed Lost,0.0,9500.0,USD,2025-04-03,2025-07-04,2025-05-16,2025-05-16 17:19:00
O001221,Summit Media Group - Cloud Suite,A0170,S031,Cloud Suite,Inbound,Closed Lost,0.0,13600.0,USD,2024-05-28,2024-09-21,2024-06-30,2024-06-30 17:55:00
O000749,Coral Industries Co. - Analytics Platform,A0299,S032,Analytics Platform,Referral,Closed Won,1.0,27300.0,USD,2023-01-08,2023-04-24,2023-02-17,2023-02-17 18:43:00
O002611,Falcon Textiles Ltd - Collaboration Tools,A0141,S032,Collaboration Tools,Partner,Closed Lost,0.0,10200.0,USD,2023-12-19,2024-02-09,2024-03-03,2024-03-03 11:43:00
O000663,Summit Motors Group - Cloud Suite,A0021,S023,Cloud Suite,Outbound,Closed Lost,0.0,10400.0,USD,2023-11-15,2024-02-28,2023-12-06,2023-12-06 11:27:00
O000481,North Capital Group - Analytics Platform,A0346,S028,Analytics Platform,Partner,Closed Lost,0.0,14600.0,USD,2025-04-16,2025-07-28,2025-05-29,2025-05-29 08:56:00
O000804,Blue Health LLC - Collaboration Tools,A0260,S031,Collaboration Tools,Partner,Closed Lost,0.0,8600.0,USD,2024-04-11,2024-07-30,2024-06-22,2024-06-22 17:03:00
O000939,Prime Motors Co. 365 - Analytics Platform,A0366,S019,Analytics Platform,Event,Qualification,0.25,25500.0,USD,2023-12-25,2024-04-16,2024-03-24,2024-02-15 11:48:00
O000950,Pioneer Media Ltd - Collaboration Tools,A0076,S026,Collaboration Tools,Inbound,Closed Lost,0.0,9100.0,USD,2023-09-05,2023-11-30,2023-10-27,2023-10-27 12:06:00
O001398,Coral Logistics GmbH - Collaboration Tools,A0365,S004,Collaboration Tools,Event,Qualification,0.25,9000.0,USD,2025-06-02,2025-08-02,,2025-06-28 18:23:00
O002470,North Markets Holdings - Security Bundle,A0222,S012,Security Bundle,Partner,Closed Lost,0.0,12600.0,USD,2024-05-06,2024-06-27,2024-06-15,2024-06-15 14:06:00
O000550,Silver Studios Ltd - Support Plan,A0256,S002,Support Plan,Outbound,Negotiation,0.75,11300.0,USD,2025-05-17,2025-07-04,,2025-06-29 12:29:00
O002776,Summit Freight Ltd - Cloud Suite,A0109,S011,Cloud Suite,Partner,Closed Lost,0.0,21400.0,USD,2024-05-30,2024-09-09,2024-07-25,2024-07-25 08:50:00
O000784,Pioneer Industries GmbH - Collaboration Tools,A0113,S025,Collaboration Tools,Inbound,Closed Lost,0.0,13500.0,USD,2025-03-02,2025-04-21,2025-05-21,2025-05-21 16:01:00
O002750,Lumen Textiles Holdings - Security Bundle,A0476,S007,Security Bundle,Partner,Closed Lost,0.0,18000.0,USD,2024-07-09,2024-10-19,2024-09-13,2024-09-13 10:37:00
O001958,Falcon Foods Inc. - Collaboration Tools,A0311,S037,Collaboration Tools,Event,Closed Lost,0.0,14300.0,USD,2025-03-08,2025-07-09,2025-03-23,2025-03-23 16:18:00
O000743,Delta Motors GmbH 465 - Support Plan,A0466,S010,Support Plan,Referral,Closed Lost,0.0,11200.0,USD,2024-02-11,2024-06-07,2024-02-24,2024-02-24 14:20:00
O002972,Coral Capital Ltd - Cloud Suite,A0105,S020,Cloud Suite,Partner,Closed Won,1.0,29700.0,USD,2023-10-17,2024-01-09,2023-12-29,2023-12-29 11:45:00
O002243,Pioneer Pharma Inc. - Cloud Suite,A0376,S035,Cloud Suite,Outbound,Closed Won,1.0,36400.0,USD,2023-07-06,2023-10-05,2023-08-23,2023-08-23 09:44:00
O002898,Lumen Clinics LLC - Cloud Suite,A0078,S018,Cloud Suite,Outbound,Closed Won,1.0,20300.0,USD,2023-07-23,2023-10-10,2023-09-26,2023-09-26 15:40:00
O000901,Sahara Textiles Ltd - Support Plan,A0138,S005,Support Plan,Event,Prospecting,0.1,9500.0,USD,2025-06-23,2025-09-18,,2025-06-30 15:30:00
O001984,Cedar Hotels LLC - Security Bundle,A0156,S003,Security Bundle,Event,Closed Lost,0.0,10300.0,USD,2023-09-17,2023-11-27,2023-10-11,2023-10-11 08:40:00
O000863,Atlas Health S.A. - Cloud Suite,A0258,S009,Cloud Suite,Referral,Negotiation,0.75,21300.0,USD,2025-03-14,2025-07-15,,2025-06-28 14:16:00
O002370,Blue Studios Holdings - Support Plan,A0025,S039,Support Plan,Outbound,Closed Lost,0.0,6600.0,USD,2025-04-30,2025-07-28,2025-06-17,2025-06-17 14:24:00
O002999,Sahara Hotels Co. - Cloud Suite,A0251,S020,Cloud Suite,Partner,Closed Lost,0.0,14700.0,USD,2025-03-06,2025-06-05,2025-05-05,2025-05-05 13:14:00
O000248,Cedar Studios S.A. 383 - Support Plan,A0384,S024,Support Plan,Outbound,Closed Lost,0.0,6900.0,USD,2025-03-07,2025-05-22,2025-04-17,2025-04-17 14:05:00
O001002,Falcon Freight Holdings - Cloud Suite,A0426,S012,Cloud Suite,Outbound,Closed Lost,0.0,15600.0,USD,2024-08-29,2024-11-20,2024-12-06,2024-12-06 10:31:00
O001179,Lumen Motors S.A. - Security Bundle,A0341,S035,Security Bundle,Outbound,Closed Lost,0.0,31900.0,USD,2023-12-10,2024-02-03,2024-03-08,2024-03-08 11:36:00
O002762,Silver Energy Co. - Security Bundle,A0499,S008,Security Bundle,Partner,Prospecting,0.1,19200.0,USD,2025-06-07,2025-10-13,,2025-06-29 13:58:00
O000627,Granite Freight Inc. - Support Plan,A0364,S014,Support Plan,Outbound,Negotiation,0.75,15400.0,USD,2025-03-07,2025-05-28,,2025-06-28 12:56:00
O000348,Prime Systems S.A. - Security Bundle,A0320,S011,Security Bundle,Outbound,Prospecting,0.1,15500.0,USD,2025-06-18,2025-09-30,,2025-06-28 10:19:00
O000279,Prime Motors Holdings - Security Bundle,A0319,S038,Security Bundle,Referral,Closed Won,1.0,16800.0,usd,2023-01-03,2023-04-26,2023-03-27,2023-03-27 12:21:00
O002059,Nova Freight Ltd - Cloud Suite,A0298,S018,Cloud Suite,Outbound,Closed Lost,0.0,25900.0,USD,2023-07-13,2023-10-30,2023-08-20,2023-08-20 17:51:00
O002314,Sahara Hotels GmbH - Collaboration Tools,A0242,S008,Collaboration Tools,Outbound,Prospecting,0.1,8400.0,USD,2025-06-15,2025-10-04,,2025-06-29 18:53:00
O000656,Delta Hotels LLC - Cloud Suite,A0427,S012,Cloud Suite,Referral,Closed Won,1.0,17800.0,USD,2024-11-20,2025-01-23,2025-02-04,2025-02-04 08:00:00
O001270,Blue Consulting LLC - Security Bundle,A0312,S018,Security Bundle,Outbound,Closed Lost,0.0,22200.0,USD,2024-06-27,2024-10-09,2024-08-14,2024-08-14 13:39:00
O002125,Granite Retail S.A. 385 - Support Plan,A0386,S013,Support Plan,Inbound,Closed Lost,0.0,12700.0,USD,2024-11-12,2025-01-01,2025-01-08,2025-01-08 11:03:00
O002665,North Motors Holdings - Collaboration Tools,A0176,S016,Collaboration Tools,Inbound,Negotiation,0.75,22900.0,USD,2025-04-20,2025-06-22,,2025-06-24 14:49:00
O002628,Prime Logistics Co. - Collaboration Tools,A0007,S004,Collaboration Tools,Outbound,Closed Won,1.0,5700.0,USD,2023-06-05,2023-08-01,2023-08-03,2023-08-03 10:57:00
O001732,Atlas Textiles GmbH - Cloud Suite,A0232,S016,Cloud Suite,Inbound,Proposal,0.5,19400.0,USD,2025-04-29,2025-07-23,,2025-06-27 08:08:00
O001779,Blue Foods Holdings - Cloud Suite,A0300,S012,Cloud Suite,Partner,Closed Won,1.0,11800.0,USD,2024-01-23,2024-04-03,2024-02-26,2024-02-26 08:47:00
O001671,Atlas Learning LLC - Collaboration Tools,A0420,S016,Collaboration Tools,Partner,Closed Lost,0.0,7500.0,USD,2024-10-17,2024-12-08,2025-01-14,2025-01-14 08:44:00
O001035,Orbit Health S.A. 192 - Support Plan,A0193,S023,Support Plan,Partner,Closed Lost,0.0,10500.0,USD,2024-10-02,2025-01-22,2024-11-29,2024-11-29 12:17:00
O000446,Prime Pharma GmbH - Analytics Platform,A0057,S006,Analytics Platform,Referral,Closed Lost,0.0,36300.0,USD,2025-03-17,2025-06-11,2025-06-03,2025-06-03 16:46:00
O000618,Orbit Health GmbH 344 - Analytics Platform,A0345,S021,Analytics Platform,Event,Closed Lost,0.0,45200.0,USD,2023-08-21,2023-12-24,2024-03-07,2024-03-07 12:26:00
O002474,Coral Markets Co. - Analytics Platform,A0003,S027,Analytics Platform,Event,Closed Lost,0.0,18900.0,USD,2025-04-15,2025-06-10,2025-05-20,2025-05-20 11:28:00
O001965,Orbit Health GmbH 344 - Cloud Suite,A0345,S021,Cloud Suite,Event,Closed Lost,0.0,33500.0,USD,2024-06-23,2024-08-17,2024-07-22,2024-07-22 18:46:00
O002710,Orbit Consulting Group - Cloud Suite,A0035,S029,Cloud Suite,Partner,Closed Lost,0.0,15500.0,USD,2023-12-11,2024-02-09,2024-01-27,2024-01-27 15:01:00
O002949,Nile Markets Ltd - Analytics Platform,A0160,S011,Analytics Platform,Outbound,Closed Won,1.0,21600.0,USD,2023-01-15,2023-03-01,2023-02-12,2023-02-12 10:39:00
O001930,Granite Motors S.A. - Cloud Suite,A0119,S004,Cloud Suite,Partner,Closed Lost,0.0,16700.0,USD,2025-05-06,2025-07-22,2025-06-29,2025-06-29 16:52:00
O000845,Sahara Learning S.A. 113 - Analytics Platform,A0114,S017,Analytics Platform,Event,Closed Lost,0.0,10600.0,USD,2025-02-01,2025-04-26,2025-02-25,2025-02-25 11:48:00
O002592,Pioneer Systems LLC - Cloud Suite,A0393,S022,Cloud Suite,Outbound,Closed Lost,0.0,22000.0,USD,2025-03-15,2025-06-04,2025-05-23,2025-05-23 11:40:00
O000548,North Retail S.A. - Cloud Suite,A0343,S016,Cloud Suite,Partner,Qualification,0.25,27700.0,USD,2025-06-08,2025-08-01,,2025-06-29 10:05:00
O001845,Prime Freight Inc. - Cloud Suite,A0455,S017,Cloud Suite,Partner,Closed Lost,0.0,24600.0,USD,2025-05-21,2025-07-12,2025-06-20,2025-06-20 17:04:00
O001271,Coral Energy Holdings - Security Bundle,A0139,S002,Security Bundle,Referral,Closed Lost,0.0,18100.0,USD,2023-01-01,2023-02-21,2023-01-31,2023-01-31 15:39:00
O002916,Lumen Pharma Inc. - Security Bundle,A0269,S016,Security Bundle,Partner,Qualification,0.25,36300.0,USD,2025-05-29,03/09/2025,,2025-06-30 08:41:00
O000264,Nova Logistics Ltd - Analytics Platform,A0444,S015,Analytics Platform,Event,Closed Lost,0.0,10400.0,USD,2024-03-30,2024-06-26,2024-06-21,2024-06-21 12:49:00
O001303,Harbor Clinics Co. - Analytics Platform,A0009,S031,Analytics Platform,Partner,Qualification,0.25,22300.0,USD,2025-05-29,2025-09-30,,2025-06-28 12:25:00
O002475,Orbit Learning Inc. - Analytics Platform,A0179,S012,Analytics Platform,Outbound,Closed Won,1.0,47900.0,USD,2024-07-21,2024-10-27,2024-10-08,2024-10-08 15:01:00
O001887,Sahara Hotels GmbH - Support Plan,A0242,S008,Support Plan,Partner,Closed Lost,0.0,4400.0,USD,2023-10-07,2023-12-30,2023-11-03,2023-11-03 18:08:00
O000354,Sahara Clinics Ltd - Support Plan,A0203,S009,Support Plan,Partner,Closed Lost,0.0,12200.0,USD,2025-05-06,2025-09-02,2025-05-24,2025-05-24 11:41:00
O001510,Coral Textiles Holdings - Cloud Suite,A0019,S004,Cloud Suite,Outbound,Closed Won,1.0,11700.0,USD,2025-05-03,2025-08-03,2025-06-17,2025-06-17 17:36:00
O000209,Sahara Capital Holdings - Cloud Suite,A9914,S003,Cloud Suite,Partner,Proposal,0.5,28500.0,USD,2025-04-24,2025-07-26,,2025-06-25 13:23:00
O000614,Coral Motors Co. - Analytics Platform,A0295,S016,Analytics Platform,Outbound,Closed Lost,0.0,19400.0,USD,2024-08-05,2024-12-03,2024-09-28,2024-09-28 12:58:00
O000946,Lumen Logistics Group - Cloud Suite,A0485,S039,Cloud Suite,Inbound,Qualification,0.25,21300.0,USD,2025-06-03,2025-09-06,,2025-06-25 16:28:00
O001053,Blue Energy Ltd - Collaboration Tools,A0433,S007,Collaboration Tools,Inbound,Closed Lost,0.0,8800.0,USD,2023-02-16,2023-05-28,2023-02-23,2023-02-23 12:32:00
O001563,Falcon Freight LLC - Cloud Suite,A0325,S021,Cloud Suite,Partner,Closed Lost,0.0,55400.0,USD,2023-07-10,2023-09-21,2023-09-16,2023-09-16 11:13:00
O001191,Silver Health Inc. - Analytics Platform,A0036,S016,Analytics Platform,Partner,Closed Lost,0.0,36500.0,USD,2024-05-29,2024-08-07,2024-07-22,2024-07-22 16:37:00
O001299,Summit Hotels Holdings - Analytics Platform,A0274,S039,Analytics Platform,Event,Closed Won,1.0,21100.0,USD,2023-03-15,2023-05-18,2023-04-10,2023-04-10 09:41:00
O002589,Lumen Retail Inc. - Cloud Suite,A0392,S026,Cloud Suite,Inbound,Closed Won,1.0,24100.0,USD,2024-10-29,2025-02-14,2024-12-18,2024-12-18 08:39:00
O001567,Sahara Studios Co. - Security Bundle,A0475,S005,Security Bundle,Partner,Closed Won,1.0,26600.0,USD,2024-12-17,2025-03-30,2025-02-22,2025-02-22 12:03:00
O000058,Summit Retail GmbH - Analytics Platform,A0361,S021,Analytics Platform,Inbound,Prospecting,0.1,23500.0,USD,2025-05-31,2025-09-29,,2025-06-25 09:19:00
O001196,Delta Systems Holdings - Security Bundle,A0322,S032,Security Bundle,Inbound,Closed Lost,0.0,22000.0,USD,2023-04-29,2023-09-02,2023-07-22,2023-07-22 11:21:00
O000812,Granite Motors GmbH - Analytics Platform,A0091,S005,Analytics Platform,Inbound,Closed Won,1.0,25000.0,USD,2024-08-31,2024-12-20,2025-06-17,2025-06-17 08:03:00
O002378,Harbor Studios S.A. - Collaboration Tools,A9902,S002,Collaboration Tools,Inbound,Closed Lost,0.0,15300.0,USD,2023-05-14,2023-08-31,2023-10-09,2023-10-09 18:14:00
O000562,Summit Pharma S.A. - Cloud Suite,A0240,S008,Cloud Suite,Partner,Closed Lost,0.0,15900.0,USD,2024-06-26,2024-11-02,2024-07-16,2024-07-16 18:10:00
O002080,Orbit Labs Inc. - Cloud Suite,A0004,S040,Cloud Suite,Outbound,Closed Lost,0.0,48900.0,USD,2024-08-02,2024-10-11,2024-08-17,2024-08-17 18:24:00
O000230,Falcon Health Co. - Security Bundle,A0048,S008,Security Bundle,Partner,Closed Lost,0.0,9100.0,USD,2025-02-10,07/04/2025,2025-03-27,2025-03-27 17:54:00
O002551,Prime Motors Co. 365 - Cloud Suite,A0366,S019,Cloud Suite,Event,Closed Lost,0.0,11800.0,USD,2025-03-28,2025-06-22,2025-06-04,2025-06-04 15:46:00
O001939,Vertex Textiles Ltd - Analytics Platform,A0112,S038,Analytics Platform,Referral,Closed Won,1.0,27200.0,USD,2023-10-17,2023-12-24,2024-03-19,2024-03-19 15:31:00
O002714,Sahara Pharma Ltd - Cloud Suite,A0375,S027,Cloud Suite,Outbound,Closed Lost,0.0,8800.0,USD,2024-04-14,2024-06-23,2024-05-31,2024-05-31 13:55:00
O000539,North Foods Inc. - Cloud Suite,A0290,S027,Cloud Suite,Outbound,Closed Lost,0.0,17200.0,USD,2023-02-12,2023-05-20,2023-03-21,2023-03-21 17:42:00
O002216,Nova Learning GmbH - Security Bundle,A0414,S032,Security Bundle,Inbound,Qualification,0.25,27800.0,USD,2025-05-26,2025-09-26,,2025-06-25 16:30:00
O001124,Prime Hotels LLC - Security Bundle,A0001,S040,Security Bundle,Partner,Closed Lost,0.0,26200.0,USD,2023-07-22,2023-09-19,2023-08-11,2023-08-11 18:25:00
O002839,North Freight Ltd - Cloud Suite,A0449,S002,Cloud Suite,Partner,Closed Lost,0.0,16700.0,USD,2023-04-17,2023-07-15,2023-07-26,2023-07-26 11:40:00
O002005,Zenith Hotels LLC 244 - Security Bundle,A9901,S031,Security Bundle,Referral,Closed Won,1.0,10300.0,USD,2023-02-03,2023-03-31,2023-02-27,2023-02-27 16:54:00
O002270,Summit Motors Group - Analytics Platform,A0021,S023,Analytics Platform,Outbound,Closed Lost,0.0,57200.0,USD,2024-07-31,2024-10-05,2024-09-20,2024-09-20 14:35:00
O001104,Delta Textiles GmbH - Cloud Suite,A0495,S030,Cloud Suite,Referral,Closed Won,1.0,24400.0,USD,2023-10-18,2024-02-14,2023-12-14,2023-12-14 18:46:00
O000708,Prime Motors Co. 365 - Cloud Suite,A0366,S019,Cloud Suite,Event,Proposal,0.5,22100.0,USD,2025-05-29,2025-07-24,,2025-06-27 14:36:00
O000425,Sahara Pharma Inc. - Cloud Suite,A0047,S037,Cloud Suite,Outbound,Closed Lost,0.0,13800.0,USD,2023-01-16,2023-03-09,2023-04-18,2023-04-18 13:42:00
O000070,Pioneer Consulting Holdings - Analytics Platform,A0474,S040,Analytics Platform,Inbound,Closed Lost,0.0,75800.0,USD,2024-12-20,2025-03-22,2025-03-26,2025-03-26 08:57:00
O002219,Silver Foods S.A. - Security Bundle,A0116,S017,Security Bundle,Inbound,Closed Lost,0.0,6400.0,USD,2023-11-13,2024-02-18,2023-12-21,2023-12-21 09:01:00
O001135,Vertex Studios S.A. - Security Bundle,A0199,S013,Security Bundle,Referral,Closed Won,1.0,40500.0,USD,2024-07-30,2024-10-19,2025-03-11,2025-03-11 16:29:00
O000648,North Labs Holdings - Support Plan,A0002,S016,Support Plan,Partner,Closed Lost,0.0,3300.0,USD,2024-10-07,2025-01-19,2024-12-28,2024-12-28 10:25:00
O002195,Sahara Pharma Ltd - Security Bundle,A0375,S027,Security Bundle,Inbound,closed lost,0.0,11600.0,USD,2023-07-09,2023-09-03,2023-08-23,2023-08-23 15:42:00
O001351,Prime Learning GmbH - Security Bundle,A0321,S016,Security Bundle,Inbound,Closed Lost,0.0,18000.0,USD,2024-01-06,2024-05-04,2024-03-09,2024-03-09 18:01:00
O001079,Falcon Health LLC - Collaboration Tools,A0338,S012,Collaboration Tools,Event,Closed Lost,0.0,4900.0,USD,2025-05-14,2025-08-19,2025-06-04,2025-06-04 12:56:00
O002577,Prime Clinics LLC - Security Bundle,A0284,S039,Security Bundle,Partner,Closed Won,1.0,8900.0,USD,2023-08-27,30/10/2023,2023-10-12,2023-10-12 09:34:00
O002621,Nile Energy Ltd - Analytics Platform,A0037,S007,Analytics Platform,Partner,Closed Lost,0.0,21500.0,USD,2024-07-04,2024-10-14,2024-09-11,2024-09-11 18:21:00
O001118,Summit Freight Group - Support Plan,A0142,S035,Support Plan,Partner,Closed Lost,0.0,6900.0,USD,2023-10-01,2024-01-17,2023-10-20,2023-10-20 17:53:00
O002977,North Freight LLC 329 - Cloud Suite,A0330,S037,Cloud Suite,Outbound,Prospecting,0.1,16900.0,USD,2025-06-16,2025-09-16,,2025-06-24 16:47:00
O000621,Granite Retail GmbH - Collaboration Tools,A0126,S035,Collaboration Tools,Inbound,Proposal,0.5,10300.0,USD,2025-06-01,2025-07-16,,2025-06-29 10:39:00
O002416,Nile Media S.A. - Cloud Suite,A0377,S028,Cloud Suite,Outbound,Closed Lost,0.0,12600.0,USD,2023-02-25,2023-06-21,2023-03-20,2023-03-20 15:24:00
O001742,Nova Logistics Ltd - Collaboration Tools,A0444,S001,Collaboration Tools,Partner,Closed Lost,0.0,6000.0,USD,2024-05-27,2024-07-31,2024-06-26,2024-06-26 16:30:00
O001594,Sahara Pharma Ltd - Cloud Suite,A0375,S027,Cloud Suite,Event,Closed Won,1.0,24600.0,USD,2025-03-01,2025-05-24,2025-04-06,2025-04-06 18:15:00
O002452,Pioneer Industries Holdings - Support Plan,A0188,S026,Support Plan,Partner,Closed Lost,0.0,6900.0,USD,2023-03-26,2023-05-24,2023-04-28,2023-04-28 12:59:00
O002139,Vertex Pharma Co. - Analytics Platform,A0280,S006,Analytics Platform,Outbound,Closed Lost,0.0,40600.0,USD,2023-11-19,2024-02-09,2024-02-21,2024-02-21 10:32:00
O001362,Orbit Studios Group - Analytics Platform,A0154,S018,Analytics Platform,Inbound,Closed Lost,0.0,23600.0,USD,2023-08-04,2023-11-30,2023-09-15,2023-09-15 17:21:00
O002008,Nova Freight Ltd - Collaboration Tools,A0298,S022,Collaboration Tools,Event,Prospecting,0.1,11500.0,USD,2025-06-19,2025-09-29,,2025-06-26 15:04:00
O002705,Vertex Media Ltd - Security Bundle,A0355,S016,Security Bundle,Event,Closed Lost,0.0,68700.0,USD,2024-10-15,2025-01-29,2024-11-19,2024-11-19 16:34:00
O001455,Orbit Logistics Ltd - Cloud Suite,A0029,S022,Cloud Suite,Event,Closed Won,1.0,8900.0,USD,2023-07-22,2023-09-11,2023-10-11,2023-10-11 16:38:00
O000280,Prime Motors Co. 365 - Analytics Platform,A0366,S019,Analytics Platform,Inbound,Closed Lost,0.0,29900.0,USD,2025-02-06,2025-04-22,2025-04-26,2025-04-26 13:25:00
O002261,Vertex Pharma Co. - Security Bundle,A0280,S006,Security Bundle,Inbound,Closed Lost,0.0,12600.0,USD,2024-03-31,2024-05-16,2024-06-26,2024-06-26 14:10:00
O002562,Granite Retail Co. - Security Bundle,A0438,S033,Security Bundle,Outbound,Closed Lost,0.0,20400.0,USD,2025-05-22,2025-09-10,2025-06-14,2025-06-14 11:28:00
O000979,Silver Industries Group - Security Bundle,A0225,S001,Security Bundle,Outbound,Closed Lost,0.0,6300.0,USD,2023-02-27,2023-05-29,2023-03-21,2023-03-21 09:07:00
O002588,Prime Freight Co. - Security Bundle,A0100,S026,Security Bundle,Partner,Closed Lost,0.0,11000.0,USD,2025-04-25,2025-07-02,2025-05-12,2025-05-12 18:57:00
O001717,Nile Media Ltd - Cloud Suite,A0374,S039,Cloud Suite,Referral,Closed Lost,0.0,20200.0,USD,2024-10-26,2025-02-01,2024-12-05,2024-12-05 08:07:00
O000554,Prime Retail Holdings - Security Bundle,A0408,S031,Security Bundle,Event,Qualification,0.25,15100.0,USD,2025-05-28,2025-08-27,,2025-06-28 13:35:00
O000835,Sahara Clinics Holdings - Security Bundle,A0186,S022,Security Bundle,Referral,Closed Won,1.0,15000.0,USD,2025-04-19,2025-08-12,2025-05-10,2025-05-10 09:12:00
O000658,Vertex Studios S.A. - Collaboration Tools,A0199,S013,Collaboration Tools,Partner,Closed Won,1.0,26200.0,USD,2025-02-01,2025-05-07,2025-04-07,2025-04-07 08:56:00
O000597,Prime Textiles Ltd - Cloud Suite,A0452,S034,Cloud Suite,Referral,Closed Lost,0.0,32400.0,USD,2023-05-20,2023-09-07,2023-07-22,2023-07-22 12:50:00
O002787,Zenith Media Group - Collaboration Tools,A0136,S023,Collaboration Tools,Inbound,Closed Lost,0.0,6200.0,USD,2023-11-17,2024-01-29,2024-02-02,2024-02-02 16:42:00
O000803,Harbor Textiles LLC - Cloud Suite,A0133,S022,Cloud Suite,Partner,Closed Lost,0.0,12600.0,USD,2023-04-22,2023-08-09,2023-04-29,2023-04-29 09:11:00
O002169,Coral Foods Ltd 306 - Security Bundle,A0307,S022,Security Bundle,Outbound,Closed Lost,0.0,11900.0,USD,2024-06-17,2024-10-04,2024-08-11,2024-08-11 14:26:00
O001324,Cedar Markets GmbH - Cloud Suite,A0064,S023,Cloud Suite,Partner,Qualification,0.25,12400.0,USD,2024-04-17,2024-07-10,2024-05-12,2024-05-02 08:41:00
O002786,Sahara Markets Inc. - Support Plan,A0095,S002,Support Plan,Event,Closed Won,1.0,2500.0,USD,2025-03-12,2025-06-19,2025-05-18,2025-05-18 09:12:00
O002761,Granite Logistics S.A. - Collaboration Tools,A0246,S020,Collaboration Tools,Partner,Proposal,0.5,,USD,2025-04-13,2025-07-30,,2025-06-27 09:14:00
O000441,Harbor Consulting Inc. - Collaboration Tools,A0120,S032,Collaboration Tools,Partner,CLOSED WON,1.0,9900.0,USD,2023-11-20,2024-03-09,2024-01-23,2024-01-23 14:56:00
O000509,Lumen Consulting Inc. - Cloud Suite,A0211,S032,Cloud Suite,Partner,Closed Won,1.0,26700.0,USD,2025-02-17,2025-06-18,2025-05-13,2025-05-13 18:32:00
O000077,Sahara Foods Co. - Collaboration Tools,A0324,S017,Collaboration Tools,Inbound,Closed Lost,0.0,5800.0,USD,2024-08-18,2024-11-02,2024-09-06,2024-09-06 12:46:00
O001978,Nile Freight GmbH - Cloud Suite,A0458,S040,Cloud Suite,Partner,Prospecting,0.1,16600.0,USD,2025-06-26,2025-08-30,,2025-06-25 12:04:00
O000650,Orbit Foods GmbH - Cloud Suite,A0310,S035,Cloud Suite,Outbound,Closed Lost,0.0,17000.0,USD,2023-07-14,2023-10-04,2023-07-29,2023-07-29 17:34:00
O000523,Delta Health S.A. - Analytics Platform,A0077,S040,Analytics Platform,Partner,Closed Lost,0.0,44600.0,USD,2024-08-09,2024-12-13,2024-11-17,2024-11-17 08:55:00
O002223,Falcon Health LLC - Security Bundle,A0338,S012,Security Bundle,Inbound,Closed Won,1.0,10600.0,USD,2024-05-11,2024-09-02,2024-07-12,2024-07-12 11:09:00
O001499,Coral Motors Co. - Analytics Platform,A0295,S022,Analytics Platform,Outbound,Closed Lost,0.0,105600.0,USD,2025-04-25,2025-08-04,2025-05-28,2025-05-28 14:28:00
O001557,Nova Health S.A. - Support Plan,A0275,S016,Support Plan,Partner,Closed Won,1.0,6800.0,USD,2023-08-31,2023-12-23,2024-01-02,2024-01-02 10:09:00
O000655,Vertex Studios Co. - Analytics Platform,A0011,S019,Analytics Platform,Partner,closed lost,0.0,26700.0,USD,2025-02-06,2025-06-15,2025-03-29,2025-03-29 08:26:00
O001232,Falcon Logistics GmbH - Analytics Platform,A0429,S025,Analytics Platform,Partner,Closed Lost,0.0,29900.0,USD,2024-08-30,2024-11-06,2024-09-23,2024-09-23 10:24:00
O002323,Prime Systems Co. - Support Plan,A0492,S034,Support Plan,Inbound,Qualification,0.25,9300.0,USD,2025-05-20,2025-08-13,,2025-06-27 12:09:00
O001526,Sahara Hotels GmbH - Collaboration Tools,A0242,S008,Collaboration Tools,Outbound,Closed Lost,0.0,8000.0,USD,2023-03-18,2023-06-01,2023-05-09,2023-05-09 08:55:00
O002291,Harbor Textiles GmbH - Analytics Platform,A0263,S040,Analytics Platform,Outbound,Closed Lost,0.0,27100.0,USD,2023-01-22,2023-03-15,2023-04-15,2023-04-15 09:49:00
O000631,Summit Consulting LLC - Cloud Suite,A0196,S022,Cloud Suite,Inbound,Closed Won,1.0,17000.0,USD,2023-07-30,2023-10-20,2023-09-13,2023-09-13 08:57:00
O002506,Summit Industries Co. - Cloud Suite,A0131,S039,Cloud Suite,Inbound,Closed Won,1.0,19400.0,USD,2023-08-22,2023-12-18,2023-09-21,2023-09-21 11:33:00
O001573,Orbit Hotels Group - Security Bundle,A0235,S036,Security Bundle,Inbound,Closed Lost,0.0,40000.0,USD,2024-11-18,2025-02-27,2025-06-08,2025-06-08 09:10:00
O001741,North Freight LLC 61 - Collaboration Tools,A0062,S020,Collaboration Tools,Outbound,Closed Won,1.0,9800.0,USD,2024-11-19,2025-02-01,2024-12-25,2024-12-25 10:14:00
O000483,Orbit Hotels Group - Cloud Suite,A0235,S016,Cloud Suite,Outbound,Closed Lost,0.0,36600.0,USD,2024-06-26,2024-10-21,2024-08-27,2024-08-27 13:22:00
O002002,Coral Textiles Ltd - Cloud Suite,A0428,S033,Cloud Suite,Referral,Closed Lost,0.0,33800.0,USD,2025-04-30,05/09/2025,2025-06-01,2025-06-01 16:40:00
O001610,Granite Motors GmbH - Analytics Platform,A0091,S005,Analytics Platform,Partner,Closed Lost,0.0,73800.0,USD,2025-02-26,2025-05-19,2025-05-27,2025-05-27 17:23:00
O002603,Summit Labs S.A. - Analytics Platform,A0271,S023,Analytics Platform,Outbound,Closed Lost,0.0,17500.0,USD,2025-03-01,2025-07-07,2025-03-31,2025-03-31 18:21:00
O001223,Delta Systems Holdings - Security Bundle,A0322,S032,Security Bundle,Inbound,Closed Won,1.0,21200.0,USD,2023-05-10,2023-08-14,2023-07-01,2023-07-01 18:30:00
O000439,Silver Foods Holdings - Security Bundle,A0382,S019,Security Bundle,Event,Closed Won,1.0,16800.0,USD,2023-06-28,2023-11-02,2023-10-08,2023-10-08 15:24:00
O000970,Atlas Freight Ltd - Analytics Platform,A0328,S033,Analytics Platform,Outbound,Closed Lost,0.0,23500.0,USD,2023-02-20,2023-06-13,2023-04-04,2023-04-04 08:48:00
O001787,Pioneer Studios LLC - Cloud Suite,A0351,S021,Cloud Suite,Partner,Closed Lost,0.0,23300.0,USD,2023-01-12,2023-04-19,2023-03-27,2023-03-27 15:07:00
O002506,Summit Industries Co. - Cloud Suite,A0131,S039,Cloud Suite,Inbound,Closed Won,1.0,19400.0,USD,2023-08-22,2023-12-18,2023-09-21,2023-09-21 11:33:00
O001607,Vertex Systems Holdings - Analytics Platform,A0252,S027,Analytics Platform,Inbound,Closed Lost,0.0,23600.0,USD,2025-04-25,2025-07-13,2025-05-21,2025-05-21 15:21:00
O000857,Nile Labs Group - Analytics Platform,A0339,S036,Analytics Platform,Inbound,Closed Won,1.0,25400.0,USD,2024-08-31,2025-01-05,2024-10-31,2024-10-31 11:31:00
O002054,Coral Media Co. - Collaboration Tools,A0244,S029,Collaboration Tools,Referral,CLOSED LOST,0.0,7200.0,usd,2023-12-24,2024-03-22,2024-03-19,2024-03-19 09:33:00
O000167,Silver Textiles Co. - Cloud Suite,A0049,S011,Cloud Suite,Partner,Closed Lost,0.0,32800.0,USD,2024-10-24,2025-01-22,2024-11-13,2024-11-13 15:30:00
O000060,Silver Energy S.A. - Cloud Suite,A0111,S026,Cloud Suite,Partner,Closed Lost,0.0,22400.0,USD,2023-04-20,2023-07-20,2023-05-12,2023-05-12 16:09:00
O000612,Zenith Labs Holdings - Security Bundle,A0223,S037,Security Bundle,Partner,Closed Lost,0.0,21100.0,USD,2023-05-30,2023-09-02,2023-07-22,2023-07-22 12:21:00
O000531,Nova Capital S.A. - Analytics Platform,A0422,S016,Analytics Platform,Inbound,Closed Lost,0.0,34500.0,USD,2025-04-13,2025-08-06,2025-06-28,2025-06-28 18:16:00
O001777,Nile Retail Group - Security Bundle,A0445,S009,Security Bundle,Outbound,Closed Won,1.0,37200.0,USD,2024-12-08,2025-04-06,2025-03-26,2025-03-26 10:10:00
O000050,Nova Health S.A. - Collaboration Tools,A0275,S016,Collaboration Tools,Outbound,Closed Lost,0.0,25400.0,USD,2024-05-11,2024-09-04,2024-09-04,2024-09-04 16:39:00
O001544,Pioneer Systems Group - Collaboration Tools,A0461,S016,Collaboration Tools,Inbound,Closed Lost,0.0,10700.0,USD,2025-02-05,2025-03-26,2025-06-18,2025-06-18 09:57:00
O001201,North Systems Group - Collaboration Tools,A0436,S012,Collaboration Tools,Inbound,Closed Lost,0.0,4700.0,USD,2023-10-05,2024-02-02,2023-10-31,2023-10-31 17:14:00
O000859,Harbor Textiles Holdings - Support Plan,A0144,S016,Support Plan,Partner,Closed Lost,0.0,10200.0,USD,2023-11-06,2024-02-25,2024-01-16,2024-01-16 14:17:00
O002913,Granite Industries Holdings - Security Bundle,A0202,S038,Security Bundle,Referral,Closed Won,1.0,14200.0,USD,2024-10-23,11/02/2025,2025-02-07,2025-02-07 16:46:00
O000049,Falcon Clinics Inc. - Collaboration Tools,A0127,S038,Collaboration Tools,Outbound,Closed Lost,0.0,9700.0,USD,2024-01-23,2024-03-22,2024-03-04,2024-03-04 15:27:00
O000720,Nova Retail GmbH - Collaboration Tools,A0092,S025,Collaboration Tools,Referral,Closed Won,1.0,14600.0,usd,2024-06-04,2024-09-14,2024-11-18,2024-11-18 09:30:00
O001227,Blue Retail Inc. - Cloud Suite,A0183,S016,Cloud Suite,Inbound,Closed Lost,0.0,61600.0,USD,2025-04-13,2025-08-05,2025-05-21,2025-05-21 08:19:00
O002970,Silver Foods LLC - Support Plan,A0065,S025,Support Plan,Inbound,Proposal,0.5,8200.0,USD,2025-05-25,2025-07-13,,2025-06-26 13:00:00
O002280,Nile Labs LLC - Security Bundle,A0150,S013,Security Bundle,Partner,Closed Won,1.0,10500.0,USD,2023-06-05,05/09/2023,2023-09-05,2023-09-05 13:46:00
O002440,Sahara Textiles Co. - Analytics Platform,A0226,S008,Analytics Platform,Event,Closed Lost,0.0,21300.0,USD,2024-10-16,2025-01-08,2024-11-22,2024-11-22 18:44:00
O000633,Vertex Health S.A. - Analytics Platform,A0090,S027,Analytics Platform,Partner,Closed Lost,0.0,15800.0,USD,2025-03-01,2025-05-29,2025-03-31,2025-03-31 08:44:00
O001352,Atlas Foods LLC - Support Plan,A0406,S026,Support Plan,Outbound,Closed Lost,0.0,10000.0,USD,2024-11-12,2025-02-21,2024-12-10,2024-12-10 10:05:00
O001757,Orbit Pharma Holdings - Security Bundle,A0460,S009,Security Bundle,Event,Qualification,0.25,8000.0,USD,2025-06-07,2025-08-11,,2025-06-27 17:06:00
O002160,Silver Consulting LLC - Support Plan,A0148,S022,Support Plan,Partner,Closed Lost,0.0,2100.0,USD,2023-06-19,2023-10-11,2023-10-07,2023-10-07 10:33:00
O001065,North Studios Co. - Cloud Suite,A0464,S029,Cloud Suite,Event,Closed Lost,0.0,12200.0,USD,2025-06-20,2025-09-17,2025-06-30,2025-06-30 11:17:00
O001724,Delta Media Holdings - Security Bundle,A0403,S011,Security Bundle,Inbound,Closed Won,1.0,19600.0,USD,2023-09-01,2023-10-19,2023-11-15,2023-11-15 14:01:00
O000026,Vertex Hotels GmbH - Analytics Platform,A0121,S028,Analytics Platform,Partner,Closed Won,1.0,12900.0,USD,2023-08-02,2023-11-11,2023-08-30,2023-08-30 09:05:00
O001878,Harbor Textiles Holdings - Collaboration Tools,A0144,S016,Collaboration Tools,Event,Closed Lost,0.0,16300.0,USD,2023-01-15,2023-03-15,2023-04-05,2023-04-05 18:12:00
O000220,Silver Consulting LLC - Security Bundle,A0148,S022,Security Bundle,Partner, Closed Lost ,0.0,20000.0,USD,2025-03-03,2025-05-01,2025-03-14,2025-03-14 18:20:00
O001339,Nova Industries GmbH - Support Plan,A0145,S032,Support Plan,Outbound,Closed Won,1.0,4100.0,USD,2025-02-20,2025-04-14,2025-03-15,2025-03-15 13:10:00
O000277,Nova Textiles Inc. 258 - Analytics Platform,A0259,S002,Analytics Platform,Referral,Closed Lost,0.0,29800.0,USD,2024-09-10,2024-12-01,2024-10-20,2024-10-20 13:18:00
O002190,Nova Labs Ltd - Analytics Platform,A0207,S025,Analytics Platform,Outbound,Closed Lost,0.0,35600.0,USD,2023-11-13,2024-02-05,2023-12-09,2023-12-09 10:11:00
O001850,Prime Retail Holdings - Security Bundle,A0408,S031,Security Bundle,Event,Closed Lost,0.0,24000.0,USD,2023-09-20,2024-01-08,2023-10-18,2023-10-18 11:02:00
O001710,Nova Textiles Inc. - Support Plan,A0151,S005,Support Plan,Outbound,Closed Lost,0.0,20300.0,USD,2025-05-17,2025-09-02,2025-06-11,2025-06-11 10:08:00
O001045,Sahara Logistics Group - Analytics Platform,A0488,S027,Analytics Platform,Inbound,Closed Lost,0.0,40900.0,USD,2025-02-03,2025-05-04,2025-03-17,2025-03-17 16:05:00
O001152,Lumen Foods LLC - Security Bundle,A0378,S037,Security Bundle,Partner,Closed Lost,0.0,19100.0,USD,2023-12-14,2024-02-19,2024-01-03,2024-01-03 17:11:00
O002173,Silver Motors Ltd - Analytics Platform,A9909,S025,Analytics Platform,Inbound,Closed Lost,0.0,35700.0,USD,2024-02-14,2024-05-12,2024-03-10,2024-03-10 16:57:00
O000362,Summit Energy Co. - Support Plan,A0354,S016,Support Plan,Outbound,Closed Lost,0.0,10400.0,USD,2025-04-04,2025-07-06,2025-06-28,2025-06-28 11:09:00
O001256,Granite Retail S.A. 223 - Support Plan,A0224,S001,Support Plan,Inbound,Closed Won,1.0,4200.0,USD,2025-01-31,2025-06-09,2025-05-23,2025-05-23 15:31:00
O001609,Vertex Clinics S.A. - Cloud Suite,A0117,S013,Cloud Suite,Referral,Closed Lost,0.0,9000.0,USD,2023-12-25,2024-02-22,2024-02-20,2024-02-20 11:45:00
O001740,Silver Logistics Group - Cloud Suite,A0253,S026,Cloud Suite,Referral,Closed Lost,0.0,37400.0,USD,2024-04-17,2024-07-02,2024-06-25,2024-06-25 16:56:00
O002368,Zenith Energy LLC - Cloud Suite,A0088,S013,Cloud Suite,Partner,Closed Lost,0.0,56900.0,USD,2024-04-14,2024-08-09,2024-08-26,2024-08-26 18:21:00
O001094,Blue Energy Ltd - Cloud Suite,A0433,S007,Cloud Suite,Partner,Closed Won,1.0,12000.0,USD,2024-09-04,2024-12-02,2024-11-17,2024-11-17 14:43:00
O002241,Granite Capital LLC - Support Plan,A0212,S038,Support Plan,Partner,Closed Lost,0.0,16500.0,USD,2023-04-18,2023-08-11,2023-06-08,2023-06-08 17:44:00
O001189,Silver Markets Inc. - Security Bundle,A0272,S011,Security Bundle,Outbound,Closed Lost,0.0,21700.0,USD,2024-08-15,2024-10-27,2024-09-18,2024-09-18 14:00:00
O002340,North Textiles LLC - Analytics Platform,A0496,S005,Analytics Platform,Outbound,Closed Won,1.0,111400.0,USD,2023-06-13,2023-09-20,2023-10-16,2023-10-16 12:52:00
O001376,Lumen Consulting Holdings - Analytics Platform,A0039,S012,Analytics Platform,Referral,Closed Won,1.0,42800.0,USD,2023-09-30,2024-01-08,2023-12-13,2023-12-13 16:03:00
O002670,Cedar Clinics Co. - Collaboration Tools,A0074,S029,Collaboration Tools,Partner,Closed Lost,0.0,4100.0,USD,2025-03-19,2025-07-09,2025-05-05,2025-05-05 14:39:00
O001566,Granite Retail S.A. 223 - Collaboration Tools,A0224,S001,Collaboration Tools,Outbound,Closed Won,1.0,6800.0,USD,2023-11-29,2024-02-22,2024-01-22,2024-01-22 13:40:00
O000298,Silver Media S.A. - Analytics Platform,A0398,S025,Analytics Platform,Inbound,Closed Lost,0.0,109400.0,USD,2024-09-26,2024-11-13,2025-02-13,2025-02-13 14:11:00
O001242,Zenith Hotels Ltd - Analytics Platform,A0152,S038,Analytics Platform,Inbound,Closed Lost,0.0,23600.0,USD,2024-12-30,2025-02-27,2025-02-06,2025-02-06 10:46:00
O002764,North Freight LLC - Collaboration Tools,A0016,S024,Collaboration Tools,Partner,Closed Won,1.0,12900.0,USD,2023-12-03,2024-02-23,2024-02-05,2024-02-05 09:54:00
O000959,Sahara Pharma Inc. - Support Plan,A0047,S037,Support Plan,Partner,Closed  Lost,0.0,7700.0,USD,2024-03-05,2024-06-28,2024-04-16,2024-04-16 15:31:00
O001236,Blue Learning Inc. - Support Plan,A0054,S023,Support Plan,Outbound,Closed Lost,0.0,3100.0,USD,2025-03-26,2025-05-26,2025-05-11,2025-05-11 12:49:00
O001589,Lumen Textiles Holdings - Security Bundle,A0476,S035,Security Bundle,Partner,Closed Won,1.0,10500.0,USD,2024-02-18,2024-05-16,2024-05-15,2024-05-15 15:53:00
O000350,Pioneer Clinics Co. - Collaboration Tools,A0125,S031,Collaboration Tools,Outbound,Closed Lost,0.0,7100.0,USD,2024-04-29,2024-06-13,2024-07-17,2024-07-17 12:30:00
O001344,Harbor Textiles S.A. - Collaboration Tools,A0228,S009,Collaboration Tools,Inbound,Closed Lost,0.0,11900.0,USD,2025-02-28,2025-04-15,2025-06-08,2025-06-08 10:19:00
O000644,Atlas Capital Co. - Cloud Suite,A0130,S002,Cloud Suite,Partner,Closed Won,1.0,54400.0,USD,2023-06-19,2023-10-25,2023-08-06,2023-08-06 13:22:00
O001923,Orbit Foods GmbH - Analytics Platform,A0310,S035,Analytics Platform,Inbound,Closed Lost,0.0,28300.0,USD,2023-10-14,2024-02-11,2023-10-24,2023-10-24 10:55:00
O002034,Granite Pharma Holdings - Cloud Suite,A0326,S031,Cloud Suite,Referral,Closed Won,1.0,11500.0,USD,2025-04-28,2025-07-01,2025-06-24,2025-06-24 14:58:00
O001989,Prime Freight Co. - Support Plan,A9906,S026,Support Plan,Outbound,Prospecting,0.1,3100.0,USD,2025-06-24,2025-10-01,,2025-06-29 17:03:00
O001293,Orbit Logistics S.A. - Security Bundle,A0034,S027,Security Bundle,Outbound,Closed Won,1.0,17600.0,USD,2024-09-26,2024-11-13,2025-01-10,2025-01-10 09:04:00
O002653,Atlas Motors Inc. - Support Plan,A0040,S011,Support Plan,Outbound,Closed Lost,0.0,4900.0,USD,2025-01-31,2025-03-26,2025-04-24,2025-04-24 08:22:00
O001770,Zenith Motors Ltd - Security Bundle,A0278,S039,Security Bundle,Inbound,Prospecting,0.1,12700.0,USD,2025-06-13,2025-09-15,,2025-06-30 13:06:00
O002785,Sahara Hotels Ltd - Collaboration Tools,A0477,S022,Collaboration Tools,Inbound,Closed Lost,0.0,10200.0,USD,2025-02-19,2025-06-08,2025-03-18,2025-03-18 16:40:00
O002409,Lumen Capital S.A. - Collaboration Tools,A0055,S019,Collaboration Tools,Inbound,Closed Lost,0.0,6800.0,USD,2025-05-05,2025-07-17,2025-05-20,2025-05-20 11:44:00
O002108,Nova Motors LLC - Collaboration Tools,A0123,S009,Collaboration Tools,Inbound,Closed Lost,0.0,19100.0,USD,2023-11-22,2024-03-02,2023-12-28,2023-12-28 08:08:00
O002881,Sahara Learning S.A. - Cloud Suite,A0006,S015,Cloud Suite,Referral,Closed  Lost,0.0,20300.0,USD,2023-09-07,2023-12-10,2024-01-15,2024-01-15 17:00:00
O000787,North Labs S.A. - Cloud Suite,A0053,S033,Cloud Suite,Inbound,Closed Lost,0.0,30600.0,USD,2024-04-06,2024-08-09,2024-05-30,2024-05-30 08:34:00
O002114,Falcon Logistics S.A. - Collaboration Tools,A0416,S006,Collaboration Tools,Partner,Closed Lost,0.0,12400.0,USD,2025-02-01,2025-05-07,2025-04-05,2025-04-05 17:34:00
O000141,Prime Media GmbH - Security Bundle,A0371,S027,Security Bundle,Outbound,Closed Lost,0.0,34400.0,USD,2023-02-12,2023-04-26,2023-03-20,2023-03-20 16:01:00
O000789,Silver Studios Ltd - Security Bundle,A0256,S008,Security Bundle,Partner,Closed Lost,0.0,11700.0,usd,2024-07-04,2024-10-12,2024-07-11,2024-07-11 18:04:00
O001608,Pioneer Consulting LLC - Cloud Suite,A0158,S008,Cloud Suite,Partner,Closed Lost,0.0,6400.0,USD,2023-12-31,2024-04-25,2024-01-23,2024-01-23 09:40:00
O002065,Pioneer Energy S.A. - Collaboration Tools,A0234,S028,Collaboration Tools,Partner,Closed Won,1.0,3300.0,USD,2024-05-27,2024-09-01,2024-07-17,2024-07-17 16:26:00
O000715,Granite Freight Inc. - Security Bundle,A0364,S014,Security Bundle,Outbound,Closed Lost,0.0,22900.0,USD,2024-08-17,2024-11-04,2024-09-16,2024-09-16 18:44:00
O002914,Cedar Capital Holdings - Analytics Platform,A0177,S020,Analytics Platform,Outbound,Closed Won,1.0,16800.0,USD,2024-01-04,2024-03-18,2024-03-29,2024-03-29 09:44:00
O001601,Prime Retail Holdings - Collaboration Tools,A0408,S031,Collaboration Tools,Outbound,Closed Won,1.0,13200.0,USD,2024-02-01,2024-05-18,2024-03-05,2024-03-05 17:46:00
O001495,Silver Logistics Co. - Cloud Suite,A0174,S037,Cloud Suite,Partner,Closed Lost,0.0,12800.0,USD,2025-02-05,2025-05-28,2025-03-01,2025-03-01 09:14:00
O001126,Falcon Health LLC - Cloud Suite,A0338,S012,Cloud Suite,Inbound,Closed Won,1.0,13300.0,USD,2024-12-08,2025-03-16,2025-02-03,2025-02-03 17:13:00
O000619,Vertex Consulting Co. - Collaboration Tools,A0411,S012,Collaboration Tools,Inbound, Closed Won ,1.0,7500.0,USD,2023-07-09,2023-08-28,2023-08-16,2023-08-16 13:38:00
O000407,Silver Retail Ltd - Cloud Suite,A0451,S012,Cloud Suite,Inbound,Closed Won,1.0,13700.0,USD,2023-05-31,25/08/2023,2023-08-17,2023-08-17 09:20:00
O002606,Delta Consulting Holdings - Cloud Suite,A0335,S007,Cloud Suite,Event,Closed Lost,0.0,66600.0,USD,2023-03-24,2023-05-08,2023-05-08,2023-05-08 14:12:00
O002213,Silver Retail Ltd - Collaboration Tools,A0451,S012,Collaboration Tools,Inbound,Closed Lost,0.0,7000.0,USD,2023-12-20,2024-02-14,2024-01-27,2024-01-27 15:40:00
O002100,Vertex Hotels GmbH - Support Plan,A0121,S028,Support Plan,Outbound,Closed Won,1.0,8200.0,USD,2024-11-24,2025-01-20,2025-03-30,2025-03-30 11:47:00
O001188,Blue Media Group - Support Plan,A0337,S021,Support Plan,Inbound,Closed Lost,0.0,15000.0,USD,2023-08-01,2023-11-08,2023-09-06,2023-09-06 13:16:00
O001660,Atlas Clinics Group - Analytics Platform,A0358,S032,Analytics Platform,Partner,Closed Won,1.0,14200.0,USD,2024-12-29,2025-04-17,2025-02-13,2025-02-13 10:46:00
O000498,Atlas Freight Ltd - Collaboration Tools,A0328,S033,Collaboration Tools,Inbound,Closed Lost,0.0,-24200.0,USD,2024-01-11,2024-04-08,2024-04-08,2024-04-08 14:02:00
O000343,Silver Hotels Ltd - Cloud Suite,A0264,S031,Cloud Suite,Outbound,Closed Lost,0.0,23200.0,USD,2025-02-04,2025-05-23,2025-04-01,2025-04-01 16:04:00
O001910,Prime Studios LLC - Collaboration Tools,A0401,S024,Collaboration Tools,Event,Closed Lost,0.0,14200.0,USD,2025-03-03,2025-04-19,2025-03-29,2025-03-29 13:12:00
O002300,Falcon Foods Inc. - Security Bundle,A0311,S037,Security Bundle,Event,Closed Lost,0.0,17900.0,USD,2025-02-15,2025-04-04,2025-04-07,2025-04-07 13:24:00
O000783,Nile Labs LLC - Analytics Platform,A0150,S030,Analytics Platform,Partner,Proposal,0.5,26000.0,USD,2025-05-25,2025-07-22,,2025-06-27 13:47:00
O002939,Prime Learning GmbH - Analytics Platform,A0321,S016,Analytics Platform,Partner,Closed Lost,0.0,19500.0,USD,2023-08-01,2023-10-13,2023-10-01,2023-10-01 18:25:00
O000304,Nova Clinics GmbH - Cloud Suite,A0017,S026,Cloud Suite,Inbound,Closed Lost,0.0,15700.0,USD,2023-04-24,22/06/2023,2023-05-22,2023-05-22 11:15:00
O002004,North Motors GmbH - Support Plan,A0352,S034,Support Plan,Outbound,Closed Won,1.0,2300.0,USD,2025-04-17,2025-08-07,2025-05-21,2025-05-21 09:11:00
O000665,Lumen Motors S.A. - Security Bundle,A0341,S027,Security Bundle,Event,Closed Won,1.0,22500.0,USD,2024-07-06,2024-09-01,2024-09-13,2024-09-13 09:35:00
O002630,Coral Textiles GmbH - Analytics Platform,A0317,S021,Analytics Platform,Referral,Closed Won,1.0,54300.0,USD,2024-02-10,2024-06-06,2024-06-07,2024-06-07 16:07:00
O001577,Granite Retail S.A. 385 - Cloud Suite,A0386,S013,Cloud Suite,Partner,Closed Won,1.0,31200.0,USD,2024-01-16,2024-04-25,2024-03-26,2024-03-26 11:42:00
O002282,Zenith Energy LLC - Support Plan,A0088,S017,Support Plan,Outbound,Closed Lost,0.0,17800.0,USD,2023-02-22,2023-06-04,2023-06-11,2023-06-11 13:47:00
O001726,Summit Logistics Inc. - Collaboration Tools,A0063,S004,Collaboration Tools,Outbound,Closed Lost,0.0,22300.0,USD,2024-04-27,2024-07-11,2024-06-18,2024-06-18 11:03:00
O000085,Falcon Foods Group - Security Bundle,A0106,S019,Security Bundle,Inbound,Closed Lost,0.0,38200.0,USD,2023-09-04,2023-12-22,2023-09-29,2023-09-29 12:02:00
O002246,Harbor Learning LLC - Collaboration Tools,A0469,S027,Collaboration Tools,Inbound,Closed Won,1.0,3000.0,USD,2023-01-16,2023-03-18,2023-02-14,2023-02-14 18:41:00
O000942,Harbor Pharma Ltd - Security Bundle,A0208,S029,Security Bundle,Outbound,Closed Lost,0.0,16300.0,usd,2024-11-07,2025-03-10,2024-11-20,2024-11-20 12:42:00
O000962,Nile Markets Co. - Analytics Platform,A0140,S040,Analytics Platform,Inbound,Closed  Lost,0.0,102900.0,USD,2025-04-15,2025-07-05,2025-05-31,2025-05-31 13:06:00
O000842,Orbit Pharma Inc. - Support Plan,A0027,S016,Support Plan,Outbound,Closed Lost,0.0,10000.0,USD,2025-02-05,2025-06-07,2025-03-11,2025-03-11 14:06:00
O002011,Falcon Logistics Ltd - Security Bundle,A0459,S037,Security Bundle,Outbound,Closed Lost,0.0,21500.0,USD,2024-03-14,22/05/2024,2024-04-10,2024-04-10 12:05:00
O002412,North Markets Holdings - Collaboration Tools,A0222,S012,Collaboration Tools,Outbound,Closed Won,1.0,12000.0,USD,2023-03-24,2023-06-29,2023-06-03,2023-06-03 14:23:00
O001211,Harbor Labs Ltd - Cloud Suite,A0435,S011,Cloud Suite,Outbound,Closed Won,1.0,36600.0,USD,2024-03-20,2024-05-14,2024-05-08,2024-05-08 10:05:00
O001322,Nile Energy Holdings - Analytics Platform,A0402,S018,Analytics Platform,Outbound,Closed Lost,0.0,21900.0,USD,2023-06-09,2023-08-15,2023-07-08,2023-07-08 13:42:00
O000291,Summit Logistics Inc. - Analytics Platform,A0063,S004,Analytics Platform,Partner,Closed Lost,0.0,24500.0,USD,2024-10-05,2024-12-05,2024-10-30,2024-10-30 16:48:00
O001862,Coral Clinics Inc. - Collaboration Tools,A0081,S021,Collaboration Tools,Outbound,Closed Lost,0.0,25500.0,USD,2024-12-16,2025-04-21,2025-01-30,2025-01-30 17:43:00
O001597,Nile Health Group - Security Bundle,A0069,S016,Security Bundle,Partner,Closed Lost,0.0,31000.0,USD,2024-10-02,2025-01-11,2024-12-29,2024-12-29 10:47:00
O000605,Silver Foods Holdings - Collaboration Tools,A0382,S023,Collaboration Tools,Referral,Closed Lost,0.0,10000.0,USD,2024-07-26,2024-12-01,2024-09-05,2024-09-05 14:22:00
O002227,Lumen Learning Holdings - Analytics Platform,A0372,S003,Analytics Platform,Event,Closed Won,1.0,30300.0,USD,2024-03-07,2024-06-30,2024-08-03,2024-08-03 14:28:00
O000917,Nile Energy LLC - Support Plan,A0367,S026,Support Plan,Outbound,Closed Won,1.0,6200.0,USD,2025-05-06,2025-08-04,2025-06-15,2025-06-15 12:15:00
O001367,Coral Textiles Holdings - Collaboration Tools,A0019,S004,Collaboration Tools,Inbound,Prospecting,0.1,4600.0,USD,2025-06-12,2025-09-26,,2025-06-27 13:43:00
O002167,Coral Industries Co. - Cloud Suite,A0299,S032,Cloud Suite,Referral,Closed Won,1.0,17300.0,USD,2023-06-14,2023-09-17,2023-08-16,2023-08-16 17:42:00
O001089,Falcon Clinics Group - Analytics Platform,A0058,S002,Analytics Platform,Partner,Closed Won,1.0,28400.0,USD,2023-03-16,2023-06-06,2023-05-14,2023-05-14 09:47:00
O002131,Orbit Logistics Ltd - Security Bundle,A0029,S022,Security Bundle,Inbound,Closed Won,1.0,19000.0,USD,2024-06-15,2024-10-02,2024-10-01,2024-10-01 11:11:00
O001345,Harbor Consulting Group - Cloud Suite,A0082,S011,Cloud Suite,Referral,Closed Lost,0.0,10300.0,USD,2025-02-04,2025-05-24,2025-02-28,2025-02-28 11:18:00
O000822,Nile Media Ltd - Cloud Suite,A0374,S037,Cloud Suite,Partner,Closed Won,1.0,11400.0,USD,2024-08-09,2024-11-05,2024-10-17,2024-10-17 13:26:00
O002504,Cedar Motors Inc. - Support Plan,A0153,S025,Support Plan,Referral,Closed Lost,0.0,9100.0,USD,2024-07-24,2024-11-04,2024-08-25,2024-08-25 08:43:00
O001001,Nova Motors LLC 433 - Security Bundle,A0434,S031,Security Bundle,Referral,Closed Lost,0.0,8400.0,USD,2023-10-05,2024-01-11,2023-11-07,2023-11-07 16:08:00
O001394,Delta Industries Group - Cloud Suite,A0227,S012,Cloud Suite,Partner,Closed Won,1.0,18400.0,USD,2025-04-27,2025-07-09,2025-06-08,2025-06-08 13:47:00
O000019,Coral Textiles S.A. 322 - Support Plan,A0323,S010,Support Plan,Inbound,Closed Lost,0.0,3200.0,USD,2025-02-08,2025-04-06,2025-02-24,2025-02-24 17:20:00
O001848,Vertex Logistics GmbH - Cloud Suite,A0162,S010,Cloud Suite,Referral,Closed Lost,0.0,19800.0,USD,2024-08-22,2024-11-17,2025-01-07,2025-01-07 13:55:00
O001265,Pioneer Systems Group - Security Bundle,A0461,S011,Security Bundle,Partner,Closed Lost,0.0,35400.0,USD,2023-11-23,2024-03-25,2023-12-06,2023-12-06 17:20:00
O001707,Prime Foods Group - Collaboration Tools,A0137,S015,Collaboration Tools,Inbound,Closed Lost,0.0,12300.0,USD,2024-10-20,25/01/2025,2025-01-05,2025-01-05 17:19:00
O001870,Prime Industries Group - Security Bundle,A0171,S040,Security Bundle,Inbound,Closed Won,1.0,18900.0,USD,2025-03-16,2025-06-30,2025-06-20,2025-06-20 13:57:00
O001602,Harbor Clinics Co. - Cloud Suite,A0009,S031,Cloud Suite,Inbound,Prospecting,0.1,23000.0,USD,2025-06-17,2025-08-15,,2025-06-27 14:35:00
O001489,Falcon Pharma Inc. - Cloud Suite,A0191,S008,Cloud Suite,Referral, Qualification ,0.25,21600.0,USD,2025-06-01,2025-08-04,,2025-06-24 13:37:00
O001690,Nova Learning GmbH - Security Bundle,A0414,S032,Security Bundle,Partner,Closed Lost,0.0,11300.0,USD,2024-07-12,2024-10-06,2024-07-29,2024-07-29 12:18:00
O002051,Falcon Logistics GmbH - Security Bundle,A0429,S025,Security Bundle,Referral,Closed Lost,0.0,16800.0,USD,2023-05-09,2023-06-23,2023-08-18,2023-08-18 10:10:00
O002929,Pioneer Foods LLC - Analytics Platform,A0308,S035,Analytics Platform,Partner,Negotiation,0.75,46000.0,USD,2025-02-08,2025-03-29,,2025-06-25 12:48:00
O002623,Nile Media S.A. - Cloud Suite,A0377,S028,Cloud Suite,Inbound,Closed Lost,0.0,11300.0,USD,2025-02-17,2025-05-25,2025-05-03,2025-05-03 17:41:00
O000361,Sahara Capital Holdings - Analytics Platform,A0101,S014,Analytics Platform,Inbound,Closed Lost,0.0,37500.0,USD,2023-11-07,2024-03-02,2024-01-16,2024-01-16 14:37:00
O002597,Vertex Systems Holdings - Cloud Suite,A0252,S027,Cloud Suite,Outbound,Closed Lost,0.0,40900.0,USD,2024-09-02,2024-11-16,2024-11-12,2024-11-12 09:33:00
O002579,Sahara Hotels LLC - Analytics Platform,A0381,S013,Analytics Platform,Outbound,Closed Lost,0.0,24100.0,USD,2024-03-04,2024-06-04,2024-04-20,2024-04-20 09:55:00
O001386,Cedar Hotels S.A. - Collaboration Tools,A0369,S038,Collaboration Tools,Inbound,Closed Lost,0.0,12400.0,USD,2024-09-13,2024-10-31,2024-11-01,2024-11-01 15:43:00
O002619,Granite Industries Holdings 369 - Cloud Suite,A0370,S021,Cloud Suite,Inbound,Closed Lost,0.0,94000.0,USD,2025-02-03,2025-04-20,2025-04-08,2025-04-08 18:34:00
O002205,Sahara Textiles Co. - Cloud Suite,A0226,S008,Cloud Suite,Partner,Closed Lost,0.0,19500.0,USD,2023-06-20,2023-10-24,2023-08-23,2023-08-23 14:59:00
O000345,Prime Energy Inc. - Collaboration Tools,A0159,S008,Collaboration Tools,Outbound,Prospecting,0.1,15600.0,USD,2025-06-27,2025-10-25,,2025-06-26 10:33:00
O000987,Summit Textiles Group - Cloud Suite,A0200,S019,Cloud Suite,Partner,Closed Lost,0.0,10200.0,USD,2023-03-12,2023-06-26,2023-04-25,2023-04-25 12:38:00
O001317,Atlas Health Inc. - Cloud Suite,A0425,S002,Cloud Suite,Partner,Closed Lost,0.0,39100.0,USD,2024-02-09,2024-05-03,2024-05-18,2024-05-18 12:48:00
O002571,Falcon Logistics Ltd - Cloud Suite,A0459,S037,Cloud Suite,Outbound,Closed Lost,0.0,26900.0,USD,2023-09-02,2023-12-13,2023-12-14,2023-12-14 12:09:00
O001378,Granite Retail Co. - Security Bundle,A0438,S033,Security Bundle,Referral,Closed Lost,0.0,18000.0,USD,2024-07-15,2024-10-29,2024-11-17,2024-11-17 12:37:00
O002529,Vertex Motors LLC - Cloud Suite,A0294,S033,Cloud Suite,Outbound,Closed Lost,0.0,57400.0,USD,2025-02-24,2025-04-19,2025-03-22,2025-03-22 17:54:00
O001136,Pioneer Pharma Holdings - Cloud Suite,A0013,S022,Cloud Suite,Referral,Closed Lost,0.0,18500.0,USD,2024-05-05,2024-09-03,2024-05-31,2024-05-31 09:30:00
O001643,Blue Energy Ltd - Collaboration Tools,A0433,S007,Collaboration Tools,Partner,Closed Lost,0.0,12400.0,USD,2025-01-23,2025-03-13,2025-03-02,2025-03-02 10:38:00
O000086,Summit Hotels Holdings - Cloud Suite,A0274,S039,Cloud Suite,Partner,Closed Lost,0.0,12200.0,USD,2023-12-01,2024-03-03,2024-01-12,2024-01-12 14:02:00
O002096,Summit Foods S.A. - Support Plan,A0443,S008,Support Plan,Inbound,Closed Won,1.0,9800.0,USD,2025-03-21,2025-07-02,2025-04-21,2025-04-21 18:13:00
O000669,Coral Media GmbH - Cloud Suite,A0446,S008,Cloud Suite,Outbound,Closed Won,1.0,7000.0,USD,2024-06-04,2024-09-04,2024-07-16,2024-07-16 12:54:00
O001015,Harbor Studios Holdings - Cloud Suite,A0110,S021,Cloud Suite,Partner,Closed Won,1.0,16400.0,USD,2024-04-19,2024-06-19,2024-07-27,2024-07-27 10:07:00
O000129,Prime Energy Inc. - Cloud Suite,A0159,S025,Cloud Suite,Partner,Closed Won,1.0,46700.0,USD,2024-12-01,2025-04-09,2025-02-01,2025-02-01 17:04:00
O002587,Sahara Studios Co. - Analytics Platform,A0475,S005,Analytics Platform,Outbound,Closed Lost,0.0,53100.0,USD,2024-07-02,2024-09-19,2024-09-30,2024-09-30 16:12:00
O001948,Nile Pharma Ltd - Analytics Platform,A0118,S002,Analytics Platform,Partner,Closed Lost,0.0,41700.0,USD,2023-03-25,2023-05-11,2023-05-23,2023-05-23 11:02:00
O000892,Summit Freight Inc. - Security Bundle,A0415,S022,Security Bundle,Outbound,Closed Lost,0.0,17600.0,USD,2023-01-27,2023-04-23,2023-03-03,2023-03-03 12:25:00
O002271,Coral Textiles S.A. 322 - Cloud Suite,A0323,S010,Cloud Suite,Inbound,Closed Won,1.0,24300.0,USD,2025-05-19,2025-08-25,2025-06-11,2025-06-11 11:56:00
O000308,Silver Motors Ltd - Cloud Suite,A0238,S025,Cloud Suite,Outbound,Closed Lost,0.0,61000.0,USD,2024-06-08,2024-08-11,2024-07-11,2024-07-11 13:07:00
O000384,Atlas Markets Co. - Analytics Platform,A0350,S012,Analytics Platform,Partner,Closed Won,1.0,14500.0,USD,2023-07-22,2023-10-05,2023-08-30,2023-08-30 09:27:00
O001905,Coral Health Co. - Security Bundle,A0315,S005,Security Bundle,Partner,Closed Lost,0.0,-30500.0,USD,2024-07-28,2024-09-14,2024-08-25,2024-08-25 15:01:00
O001867,Harbor Retail Holdings - Analytics Platform,A0331,S019,Analytics Platform,Partner,Closed Lost,0.0,35200.0,USD,2023-07-25,2023-10-01,2023-09-01,2023-09-01 14:40:00
O000427,Nile Health GmbH - Collaboration Tools,A0015,S020,Collaboration Tools,Partner,Closed Won,1.0,7800.0,USD,2023-04-07,2023-07-02,2023-08-16,2023-08-16 13:25:00
O000495,Zenith Pharma S.A. - Analytics Platform,A0231,S020,Analytics Platform,Partner,Proposal,0.5,11200.0,USD,2025-05-08,2025-07-21,,2025-06-28 09:58:00
O002816,Pioneer Learning Inc. - Security Bundle,A0344,S014,Security Bundle,Referral,Closed Lost,0.0,16700.0,USD,2023-12-09,2024-01-25,2024-03-01,2024-03-01 08:17:00
O002467,Silver Learning S.A. - Collaboration Tools,A0215,S037,Collaboration Tools,Referral,Closed Lost,0.0,20500.0,USD,2023-11-23,2024-03-24,2024-01-01,2024-01-01 09:31:00
O002230,Sahara Textiles Co. - Cloud Suite,A0226,S008,Cloud Suite,Inbound,Prospecting,0.1,18900.0,USD,2025-06-23,2025-09-10,,2025-06-25 10:05:00
O001308,Prime Foods Group - Cloud Suite,A0137,S015,Cloud Suite,Partner,Prospecting,0.1,39900.0,USD,2025-06-21,2025-08-16,,2025-06-25 10:24:00
O001353,Lumen Capital S.A. 469 - Collaboration Tools,A0470,S006,Collaboration Tools,Referral,Closed Lost,0.0,25400.0,USD,2025-02-09,2025-06-13,2025-05-21,2025-05-21 15:00:00
O000276,Coral Energy Group - Cloud Suite,A0400,S013,Cloud Suite,Inbound,Closed Lost,0.0,77400.0,USD,2025-05-16,2025-08-17,2025-06-17,2025-06-17 13:45:00
O000490,Sahara Studios Holdings - Analytics Platform,A0086,S012,Analytics Platform,Inbound,Closed Won,1.0,24100.0,USD,2024-09-08,2025-01-07,2024-12-10,2024-12-10 13:44:00
O001262,Lumen Capital S.A. 469 - Collaboration Tools,A0470,S006,Collaboration Tools,Partner,Closed Won,1.0,29500.0,USD,2025-03-22,2025-06-13,2025-06-02,2025-06-02 15:41:00
O000691,Atlas Capital Co. - Analytics Platform,A0130,S002,Analytics Platform,Outbound,Closed Lost,0.0,65700.0,USD,2024-10-02,2024-11-20,2024-11-07,2024-11-07 15:34:00
O002622,Coral Foods Ltd 306 - Cloud Suite,A0307,S022,Cloud Suite,Referral,Closed Won,1.0,11300.0,USD,2025-04-15,2025-06-12,2025-05-14,2025-05-14 13:21:00
O001519,Pioneer Systems Group - Cloud Suite,A0461,S016,Cloud Suite,Inbound,Closed Lost,0.0,39900.0,USD,2023-08-20,2023-10-27,2023-12-23,2023-12-23 09:09:00
O002789,Lumen Textiles Co. - Security Bundle,A0028,S011,Security Bundle,Partner,Closed Won,1.0,13400.0,USD,2025-04-15,2025-08-18,2025-06-28,2025-06-28 08:14:00
O002869,Nile Capital Co. - Analytics Platform,A0067,S020,Analytics Platform,Event,Prospecting,0.1,16600.0,USD,2025-06-27,2025-08-22,,2025-06-26 10:47:00
O002112,Coral Energy Inc. - Security Bundle,A0115,S040,Security Bundle,Partner,Negotiation,0.75,19100.0,USD,2025-04-26,2025-06-15,,2025-06-24 11:33:00
O001059,Nile Energy LLC - Collaboration Tools,A0367,S026,Collaboration Tools,Outbound,Closed Won,1.0,9800.0,USD,2025-01-02,2025-03-20,2025-01-27,2025-01-27 11:53:00
O000119,Falcon Learning Inc. - Collaboration Tools,A0221,S016,Collaboration Tools,Partner,Prospecting,0.1,19800.0,USD,2025-06-21,2025-09-29,,2025-06-27 13:27:00
O001025,Silver Industries Ltd - Support Plan,A0394,S009,Support Plan,Event,Closed Lost,0.0,4700.0,USD,2025-03-02,2025-04-18,2025-03-24,2025-03-24 16:32:00
O001576,Sahara Textiles Ltd - Analytics Platform,A0138,S005,Analytics Platform,Referral,Closed Won,1.0,38300.0,USD,2023-02-24,2023-06-13,2023-04-24,2023-04-24 09:34:00
O000282,Pioneer Learning Holdings - Cloud Suite,A0314,S005,Cloud Suite,Partner,Closed Won,1.0,18700.0,USD,2024-02-26,2024-06-06,2024-04-06,2024-04-06 09:45:00
O001559,Atlas Studios S.A. - Analytics Platform,A0023,S009,Analytics Platform,Inbound,Negotiation,0.75,33200.0,USD,2025-04-18,2025-06-23,,2025-06-26 14:35:00
O002667,Silver Logistics Co. - Security Bundle,A0174,S037,Security Bundle,Outbound,Proposal,0.5,7700.0,USD,2025-05-16,2025-08-03,,2025-06-30 12:33:00
O000969,Prime Pharma GmbH - Security Bundle,A0057,S006,Security Bundle,Outbound,Closed Lost,0.0,38100.0,USD,2023-06-13,13/08/2023,2023-07-09,2023-07-09 12:29:00
O002029,Prime Pharma Group - Support Plan,A0327,S028,Support Plan,Event,Prospecting,0.1,6100.0,USD,2025-06-02,2025-10-01,,2025-06-26 14:46:00
O001235,Blue Pharma Co. - Cloud Suite,A0359,S008,Cloud Suite,Outbound,Closed Lost,0.0,39000.0,USD,2023-02-07,2023-04-18,2023-03-18,2023-03-18 08:37:00
O002111,Blue Foods Holdings - Collaboration Tools,A0300,S012,Collaboration Tools,Outbound,Closed Lost,0.0,7700.0,USD,2025-05-12,2025-09-17,2025-06-04,2025-06-04 18:46:00
O002320,North Freight LLC 329 - Collaboration Tools,A0330,S037,Collaboration Tools,Partner,Closed Lost,0.0,9200.0,USD,2024-09-07,2024-11-29,2024-10-02,2024-10-02 12:17:00
O000305,Orbit Pharma Inc. - Analytics Platform,A0027,S016,Analytics Platform,Inbound,Closed Lost,0.0,38900.0,USD,2023-04-04,2023-07-12,2023-04-19,2023-04-19 17:59:00
O001916,Atlas Freight Ltd - Security Bundle,A0328,S033,Security Bundle,Partner,Closed Won,1.0,14200.0,USD,2025-05-02,2025-06-22,2025-06-04,2025-06-04 17:45:00
O002400,Orbit Capital Ltd - Security Bundle,A0305,S027,Security Bundle,Partner,Prospecting,0.1,19100.0,USD,2025-06-07,2025-09-18,,2025-06-24 14:41:00
O002168,Nova Media LLC - Cloud Suite,A0493,S026,Cloud Suite,Partner,Closed Lost,0.0,58700.0,USD,2025-04-07,2025-06-08,2025-06-20,2025-06-20 13:46:00
O002272,Coral Capital GmbH - Cloud Suite,A0220,S002,Cloud Suite,Outbound,Closed Lost,0.0,51900.0,USD,2024-12-19,2025-04-09,2025-01-06,2025-01-06 14:00:00
O001424,Prime Capital S.A. - Analytics Platform,A0172,S009,Analytics Platform,Inbound,Closed Won,1.0,33800.0,USD,2024-10-29,2025-03-04,2025-01-26,2025-01-26 08:46:00
O000576,Nova Industries GmbH - Collaboration Tools,A0145,S032,Collaboration Tools,Outbound,Negotiation,0.75,11400.0,USD,2025-05-09,2025-07-03,,2025-06-26 15:07:00
O002158,Vertex Systems Holdings - Collaboration Tools,A0252,S027,Collaboration Tools,Inbound,Closed Won,1.0,18500.0,USD,2023-06-09,2023-10-16,2023-08-12,2023-08-12 15:14:00
O002612,North Textiles LLC - Analytics Platform,A0496,S005,Analytics Platform,Outbound,Closed Won,1.0,76800.0,USD,2024-12-24,2025-04-30,2025-04-25,2025-04-25 10:04:00
O002664,North Retail Group - Collaboration Tools,A0432,S032,Collaboration Tools,Event,Closed Won,1.0,9800.0,USD,2025-02-05,2025-03-26,2025-04-14,2025-04-14 18:12:00
O002984,North Motors Holdings - Cloud Suite,A0176,S016,Cloud Suite,Partner,Closed Lost,0.0,28100.0,USD,2025-03-06,2025-06-12,2025-05-09,2025-05-09 12:13:00
O001237,North Labs S.A. - Cloud Suite,A0053,S033,Cloud Suite,Partner,Closed Lost,0.0,41600.0,USD,2023-02-11,2023-05-02,2023-05-26,2023-05-26 15:22:00
O000844,Lumen Learning Holdings - Collaboration Tools,A0372,S003,Collaboration Tools,Partner,Closed Won,1.0,10600.0,USD,2025-03-18,2025-06-17,2025-05-29,2025-05-29 14:39:00
O001314,Cedar Industries Group - Cloud Suite,A0108,S021,Cloud Suite,Event,CLOSED LOST,0.0,29000.0,USD,2025-05-12,2025-08-09,2025-06-21,2025-06-21 13:42:00
O000270,Delta Health S.A. - Analytics Platform,A0077,S013,Analytics Platform,Partner,Closed Lost,0.0,63100.0,USD,2024-03-05,2024-06-22,2024-05-15,2024-05-15 11:03:00
O000630,Summit Logistics Inc. - Collaboration Tools,A0063,S035,Collaboration Tools,Inbound,Closed Won,1.0,10200.0,USD,2023-04-01,2023-05-18,2023-07-15,2023-07-15 14:08:00
O001034,North Motors S.A. - Support Plan,A0094,S009,Support Plan,Referral,Closed Lost,0.0,11200.0,USD,2023-03-28,2023-06-23,2023-07-02,2023-07-02 14:01:00
O000287,Cedar Studios Holdings - Analytics Platform,A0072,S028,Analytics Platform,Partner,Closed Lost,0.0,19900.0,USD,2024-08-16,2024-11-09,2024-09-30,2024-09-30 11:06:00
O002244,Nile Media S.A. - Analytics Platform,A0377,S028,Analytics Platform,Event,Closed Lost,0.0,26200.0,USD,2024-04-16,2024-06-08,2024-05-14,2024-05-14 10:46:00
O000301,Prime Hotels LLC - Collaboration Tools,A0001,S040,Collaboration Tools,Event,Closed Lost,0.0,16900.0,USD,2025-02-26,2025-04-13,2025-05-25,2025-05-25 16:44:00
O001408,Summit Textiles Group - Analytics Platform,A0200,S019,Analytics Platform,Partner,Closed Won,1.0,46500.0,USD,2023-08-18,2023-10-27,2023-09-16,2023-09-16 12:14:00
O001883,Harbor Retail Holdings - Cloud Suite,A0331,S019,Cloud Suite,Partner,Closed Lost,0.0,16900.0,USD,2024-06-29,2024-10-11,2024-07-19,2024-07-19 14:56:00
O000066,Prime Textiles Ltd - Cloud Suite,A0452,S034,Cloud Suite,Partner,Closed Won,1.0,20900.0,USD,2025-04-23,2025-08-05,2025-06-25,2025-06-25 18:02:00
O002253,Coral Labs LLC - Security Bundle,A0407,S002,Security Bundle,Partner,Closed Won,1.0,21900.0,USD,2024-06-17,2024-08-03,2024-08-02,2024-08-02 15:18:00
O000891,Delta Media Holdings - Cloud Suite,A0403,S011,Cloud Suite,Partner,Closed Won,1.0,14100.0,USD,2024-06-13,2024-09-20,2024-07-25,2024-07-25 12:38:00
O002841,Lumen Capital S.A. - Cloud Suite,A0055,S019,Cloud Suite,Partner,Closed Won,1.0,21000.0,USD,2023-12-09,2024-02-08,2024-01-24,2024-01-24 15:02:00
O001838,Summit Freight Ltd - Security Bundle,A0109,S011,Security Bundle,Outbound,Closed Lost,0.0,12800.0,USD,2024-03-15,2024-05-19,2024-08-03,2024-08-03 16:57:00
O001801,North Textiles LLC - Analytics Platform,A0496,S005,Analytics Platform,Outbound,Closed Won,1.0,38400.0,USD,2023-12-31,2024-03-20,2024-01-20,2024-01-20 08:08:00
O002962,Summit Consulting Ltd - Cloud Suite,A0032,S005,Cloud Suite,Referral,Closed Lost,0.0,23600.0,USD,2025-02-27,2025-05-10,2025-06-04,2025-06-04 14:56:00
O000231,Pioneer Labs Inc. 481 - Cloud Suite,A0482,S036,Cloud Suite,Outbound,Closed Lost,0.0,10400.0,USD,2024-09-03,26/12/2024,2024-11-23,2024-11-23 18:18:00
O000504,North Capital Co. - Security Bundle,A0239,S031,Security Bundle,Inbound,Closed Won,1.0,13000.0,USD,2023-11-21,2024-01-15,2024-05-31,2024-05-31 12:00:00
O001432,Falcon Labs Ltd - Support Plan,A0044,S001,Support Plan,Partner,Prospecting,0.1,3100.0,USD,2025-06-17,2025-10-18,,2025-06-24 11:59:00
O002868,Atlas Foods Inc. - Security Bundle,A0467,S010,Security Bundle,Event,Prospecting,0.1,12400.0,USD,2025-06-25,2025-08-22,,2025-06-30 17:17:00
O001506,Vertex Freight Ltd - Cloud Suite,A0143,S021,Cloud Suite,Referral,Proposal,0.5,75900.0,USD,2025-05-01,2025-08-01,,2025-06-26 17:13:00
O001284,Vertex Systems Inc. - Analytics Platform,A0163,S036,Analytics Platform,Partner,Closed Lost,0.0,25400.0,USD,2023-08-03,2023-12-03,2023-09-25,2023-09-25 11:56:00
O001005,Pioneer Industries LLC - Security Bundle,A0373,S006,Security Bundle,Outbound,Closed  Lost,0.0,8000.0,USD,2023-02-04,2023-04-26,2023-02-11,2023-02-11 11:28:00
O000837,Sahara Industries Inc. - Security Bundle,A0379,S036,Security Bundle,Referral,Closed Won,1.0,33700.0,USD,2023-04-22,2023-07-05,2023-05-12,2023-05-12 17:47:00
O002207,Coral Health LLC - Collaboration Tools,A0059,S035,Collaboration Tools,Partner,Closed Lost,0.0,3800.0,USD,2024-11-14,2025-01-28,2024-11-27,2024-11-27 09:35:00
O000375,Atlas Foods Inc. - Security Bundle,A0467,S010,Security Bundle,Inbound,Closed Lost,0.0,30400.0,USD,2025-03-10,2025-07-05,2025-04-28,2025-04-28 17:43:00
O002866,Orbit Labs Inc. - Analytics Platform,A0004,S040,Analytics Platform,Referral,Closed Lost,0.0,29600.0,USD,2023-02-21,2023-05-11,2023-03-25,2023-03-25 09:19:00
O002296,Sahara Learning S.A. 113 - Analytics Platform,A0114,S017,Analytics Platform,Partner,Closed Won,1.0,39600.0,USD,2023-11-01,2023-12-26,2024-01-22,2024-01-22 10:56:00
O002097,Lumen Textiles Holdings - Security Bundle,A0476,S035,Security Bundle,Referral,Closed Lost,0.0,30600.0,USD,2023-08-01,2023-10-26,2023-08-13,2023-08-13 11:10:00
O001875,Granite Systems LLC - Cloud Suite,A0161,S012,Cloud Suite,Outbound,Closed Lost,0.0,27700.0,USD,2024-11-14,2025-02-20,2024-12-21,2024-12-21 13:56:00
O002104,Prime Energy Inc. - Analytics Platform,A0159,S015,Analytics Platform,Inbound,Closed Lost,0.0,22400.0,USD,2023-06-21,2023-09-12,2023-08-08,2023-08-08 17:24:00
O000752,Silver Motors Ltd - Security Bundle,A0238,S001,Security Bundle,Referral,Closed Lost,0.0,23100.0,USD,2025-02-15,2025-04-03,2025-05-11,2025-05-11 12:21:00
O000100,North Markets Holdings - Analytics Platform,A0222,S012,Analytics Platform,Outbound,Closed Lost,0.0,14500.0,USD,2023-06-29,2023-11-04,2023-08-21,2023-08-21 17:04:00
O002000,Orbit Labs Inc. - Security Bundle,A0004,S040,Security Bundle,Outbound,Closed Lost,0.0,28200.0,USD,2023-07-09,2023-08-27,2023-11-20,2023-11-20 09:07:00
O000867,Nile Textiles Co. - Security Bundle,A0178,S005,Security Bundle,Inbound,Closed Lost,0.0,44100.0,USD,2025-03-09,2025-06-30,2025-04-16,2025-04-16 14:53:00
O000911,North Retail S.A. - Security Bundle,A0343,S016,Security Bundle,Referral,Negotiation,0.75,20700.0,USD,2025-05-01,2025-07-07,,2025-06-24 08:53:00
O001379,Blue Pharma Co. - Cloud Suite,A0359,S008,Cloud Suite,Inbound,Closed Won,1.0,15500.0,USD,2025-02-16,2025-04-21,2025-05-10,2025-05-10 18:45:00
O000530,Silver Health Inc. - Security Bundle,A0036,S016,Security Bundle,Inbound,Closed Lost,0.0,24000.0,USD,2025-04-14,2025-06-04,2025-06-02,2025-06-02 12:04:00
O000637,Falcon Capital Holdings - Cloud Suite,A0008,S036,Cloud Suite,Outbound,Closed Lost,0.0,18500.0,USD,2024-07-18,2024-11-08,2024-10-03,2024-10-03 10:06:00
O000186,Atlas Energy Co. - Support Plan,A0155,S004,Support Plan,Event,Closed Won,1.0,5500.0,USD,2025-03-15,2025-07-09,2025-05-10,2025-05-10 13:47:00
O002453,Orbit Capital Ltd - Collaboration Tools,A0305,S027,Collaboration Tools,Inbound,Closed Lost,0.0,10800.0,USD,2025-02-11,2025-05-23,2025-05-17,2025-05-17 18:44:00
O002837,Vertex Systems Holdings - Analytics Platform,A0252,S027,Analytics Platform,Referral,Closed Won,1.0,21100.0,USD,2023-11-28,18/01/2024,2024-02-19,2024-02-19 17:13:00
O000932,Orbit Media Co. - Security Bundle,A0075,S005,Security Bundle,Event,Closed Lost,0.0,40600.0,USD,2023-04-24,2023-08-25,2023-09-11,2023-09-11 15:24:00
O002371,Orbit Health S.A. - Collaboration Tools,A0124,S040,Collaboration Tools,Inbound,Prospecting,0.1,9200.0,USD,2025-06-13,2025-08-23,,2025-06-29 08:10:00
O002329,Nile Textiles Co. - Support Plan,A0178,S005,Support Plan,Inbound,Closed Won,1.0,24800.0,USD,2023-07-22,2023-10-19,2023-10-06,2023-10-06 08:20:00
O001456,Lumen Markets S.A. - Analytics Platform,A0254,S027,Analytics Platform,Event,Closed Won,1.0,22800.0,USD,2023-10-05,2023-12-05,2023-11-11,2023-11-11 10:59:00
O002554,Harbor Labs Ltd - Security Bundle,A0435,S011,Security Bundle,Outbound,prospecting,0.1,11700.0,USD,2025-06-22,2025-09-01,,2025-06-30 18:52:00
O002304,Nile Markets Ltd - Security Bundle,A0160,S011,Security Bundle,Partner,Qualification,0.25,9400.0,USD,2025-06-03,2025-09-02,,2025-06-25 12:12:00
O000608,Nova Energy Inc. - Analytics Platform,A0405,S032,Analytics Platform,Partner,Closed Lost,0.0,39300.0,USD,2023-05-20,2023-08-06,2023-06-21,2023-06-21 09:15:00
O002867,Harbor Clinics LLC - Security Bundle,A0462,S009,Security Bundle,Referral,Proposal,0.5,38500.0,USD,2025-05-14,09/08/2025,,2025-06-24 15:21:00
O000152,Falcon Textiles Ltd - Cloud Suite,A0141,S032,Cloud Suite,Inbound,Closed Lost,0.0,23300.0,USD,2025-05-10,2025-08-21,2025-05-31,2025-05-31 12:04:00
O001765,Summit Media S.A. - Support Plan,A0122,S033,Support Plan,Event,Closed Lost,0.0,11100.0,USD,2024-11-02,2025-02-28,2024-11-12,2024-11-12 18:27:00
O002175,North Labs S.A. - Cloud Suite,A0053,S033,Cloud Suite,Referral,Closed Lost,0.0,34600.0,USD,2024-04-29,2024-08-17,2024-10-09,2024-10-09 11:39:00
O000732,Sahara Hotels Ltd - Cloud Suite,A0477,S022,Cloud Suite,Outbound,Closed Lost,0.0,18700.0,USD,2023-10-09,2024-01-17,2023-11-10,2023-11-10 16:51:00
O001396,Falcon Logistics GmbH - Security Bundle,A0429,S025,Security Bundle,Event,Closed Lost,0.0,19400.0,USD,2024-08-14,2024-10-06,2024-09-30,2024-09-30 08:51:00
O001666,Cedar Industries S.A. - Support Plan,A0353,S001,Support Plan,Event,Closed Won,1.0,5000.0,USD,2024-07-28,2024-10-17,2024-09-19,2024-09-19 18:42:00
O002771,Sahara Health Ltd - Security Bundle,A0149,S023,Security Bundle,Inbound,Closed Lost,0.0,17700.0,USD,2024-11-01,2025-01-24,2025-02-15,2025-02-15 12:18:00
O000024,Falcon Freight Holdings - Analytics Platform,A0426,S012,Analytics Platform,Partner,Closed Lost,0.0,19800.0,USD,2023-07-18,2023-10-07,2023-09-04,2023-09-04 14:23:00
O001730,Sahara Studios Co. - Security Bundle,A0475,S005,Security Bundle,Inbound,Closed Won,1.0,34400.0,USD,2025-03-06,2025-06-11,2025-06-03,2025-06-03 17:38:00
O000159,Falcon Foods LLC - Analytics Platform,A0385,S010,Analytics Platform,Inbound,Closed Won,1.0,39100.0,USD,2024-09-19,2024-11-07,2024-11-28,2024-11-28 11:03:00
O000862,Granite Motors GmbH - Cloud Suite,A0091,S005,Cloud Suite,Partner,Closed Won,1.0,27100.0,USD,2023-04-26,2023-07-28,2023-08-17,2023-08-17 17:36:00
O000903,Delta Health S.A. - Collaboration Tools,A0077,S040,Collaboration Tools,Outbound,Closed Lost,0.0,25600.0,USD,2025-01-25,2025-04-25,2025-04-13,2025-04-13 10:37:00
O001492,Lumen Motors S.A. - Analytics Platform,A0341,S035,Analytics Platform,Partner,Closed Lost,0.0,19700.0,USD,2023-06-30,2023-08-23,2023-07-20,2023-07-20 17:06:00
O001231,Harbor Learning LLC - Cloud Suite,A0469,S027,Cloud Suite,Partner,Closed Won,1.0,16600.0,USD,2023-11-11,2024-01-05,2024-01-04,2024-01-04 09:47:00
O002287,Orbit Hotels Co. - Security Bundle,A0180,S035,Security Bundle,Outbound,Closed Lost,0.0,11800.0,USD,2025-04-13,2025-06-16,2025-06-09,2025-06-09 10:27:00
O000445,Summit Industries Co. - Cloud Suite,A0131,S039,Cloud Suite,Inbound,Closed Won,1.0,56800.0,USD,2025-03-03,2025-07-05,2025-04-21,2025-04-21 18:59:00
O002981,Silver Systems GmbH - Collaboration Tools,A0045,S002,Collaboration Tools,Outbound,Closed Lost,0.0,9800.0,USD,2024-12-30,2025-04-15,2025-02-24,2025-02-24 12:29:00
O000755,Coral Capital GmbH - Cloud Suite,A0220,S038,Cloud Suite,Partner,Closed Lost,0.0,38800.0,USD,2025-03-20,2025-06-30,2025-06-23,2025-06-23 17:26:00
O000924,Prime Pharma Group - Security Bundle,A0327,S011,Security Bundle,Inbound,Closed Lost,0.0,34500.0,USD,2023-12-11,2024-04-16,2024-04-03,2024-04-03 14:03:00
O000901,Sahara Textiles Ltd - Support Plan,A0138,S005,Support Plan,Event,Prospecting,0.1,9500.0,USD,2025-06-23,2025-09-18,,2025-06-30 15:30:00
O002135,Delta Capital Group - Collaboration Tools,A0490,S033,Collaboration Tools,Referral,CLOSED WON,1.0,7700.0,USD,2025-03-17,2025-05-02,2025-05-19,2025-05-19 18:35:00
O000312,North Freight LLC - Security Bundle,A0016,S024,Security Bundle,Partner,Closed Won,1.0,28800.0,USD,2023-09-09,2023-10-26,2024-01-24,2024-01-24 18:38:00
O000549,Summit Energy Co. - Analytics Platform,A0354,S033,Analytics Platform,Inbound,Closed Lost,0.0,48200.0,USD,2024-02-25,2024-05-16,2024-04-07,2024-04-07 10:58:00
O002020,Harbor Studios Holdings - Cloud Suite,A0110,S035,Cloud Suite,Referral,Closed Lost,0.0,23000.0,USD,2024-09-15,2025-01-07,2024-11-26,2024-11-26 10:38:00
O001518,Sahara Energy Inc. - Support Plan,A0056,S012,Support Plan,Outbound,Closed Lost,0.0,6100.0,USD,2025-02-10,2025-04-24,2025-04-27,2025-04-27 09:27:00
O000307,Silver Studios Ltd - Cloud Suite,A0256,S002,Cloud Suite,Inbound,Closed Lost,0.0,73200.0,USD,2024-06-02,2024-08-14,2024-09-10,2024-09-10 14:49:00
O000288,Blue Logistics S.A. - Collaboration Tools,A0255,S010,Collaboration Tools,Partner,Proposal,0.5,6800.0,USD,2025-05-24,2025-08-02,,2025-06-27 09:05:00
O000695,Silver Media S.A. - Cloud Suite,A0398,S025,Cloud Suite,Outbound,Closed Lost,0.0,41500.0,USD,2023-09-28,2024-01-05,2024-02-25,2024-02-25 17:27:00
O000309,Blue Industries Group - Cloud Suite,A0214,S029,Cloud Suite,Inbound,Qualification,0.25,16900.0,USD,2025-05-27,2025-09-15,,2025-06-25 16:52:00
O002354,Nile Media Ltd - Support Plan,A0374,S037,Support Plan,Inbound,Closed Lost,0.0,4100.0,USD,2025-04-17,2025-08-05,2025-05-26,2025-05-26 16:17:00
O000750,Coral Energy Ltd - Support Plan,A0060,S040,Support Plan,Referral,Closed Lost,0.0,7600.0,USD,2024-01-28,2024-03-22,2024-04-13,2024-04-13 09:48:00
O002850,Orbit Hotels Group - Security Bundle,A0235,S016,Security Bundle,Inbound,Closed Lost,0.0,24300.0,USD,2025-03-12,2025-06-09,2025-05-03,2025-05-03 14:18:00
O001296,Zenith Energy LLC - Security Bundle,A0088,S013,Security Bundle,Outbound,Closed Won,1.0,29100.0,USD,2023-03-14,2023-04-30,2023-06-03,2023-06-03 14:48:00
O000909,Sahara Pharma GmbH - Analytics Platform,A0453,S026,Analytics Platform,Inbound,Closed Won,1.0,16200.0,USD,2024-07-31,2024-10-05,2024-08-28,2024-08-28 16:21:00
O001952,Sahara Clinics Holdings - Security Bundle,A0186,S022,Security Bundle,Partner,Closed Won,1.0,14400.0,USD,2023-05-06,2023-07-13,2023-08-07,2023-08-07 10:08:00
O002414,Zenith Logistics Holdings - Analytics Platform,A0173,S012,Analytics Platform,Inbound,Closed Lost,0.0,56000.0,USD,2025-04-30,2025-07-24,2025-06-29,2025-06-29 13:51:00
O001338,Lumen Clinics LLC - Cloud Suite,A0078,S018,Cloud Suite,Partner,Closed Lost,0.0,20100.0,USD,2025-04-19,2025-07-21,2025-06-12,2025-06-12 18:12:00
O002531,Silver Energy Co. - Collaboration Tools,A0499,S008,Collaboration Tools,Outbound,Qualification,0.25,8800.0,USD,2025-05-04,2025-08-29,,2025-06-25 16:32:00
O000971,North Learning Ltd - Cloud Suite,A0185,S003,Cloud Suite,Outbound,Closed Won,1.0,36200.0,USD,2023-06-17,2023-08-28,2023-11-11,2023-11-11 11:53:00
O000014,Delta Industries Group - Cloud Suite,A0227,S012,Cloud Suite,Outbound,Closed Lost,0.0,35300.0,USD,2023-07-12,2023-10-14,2023-07-28,2023-07-28 13:11:00
O000874,Atlas Freight Holdings - Cloud Suite,A0070,S038,Cloud Suite,Outbound,Closed Lost,0.0,41200.0,USD,2024-10-16,2024-12-02,2024-12-12,2024-12-12 15:24:00
O000809,Summit Hotels Holdings - Collaboration Tools,A9903,S039,Collaboration Tools,Partner,Closed Won,1.0,5600.0,USD,2023-03-06,2023-06-26,2023-05-14,2023-05-14 09:22:00
O002650,Vertex Studios S.A. - Cloud Suite,A0199,S013,Cloud Suite,Inbound,Closed Won,1.0,49900.0,USD,2024-09-21,2025-01-22,2025-01-25,2025-01-25 11:09:00
O000515,Atlas Learning LLC 488 - Analytics Platform,A0489,S007,Analytics Platform,Outbound,Closed Lost,0.0,22000.0,USD,2023-09-12,2024-01-16,2023-10-31,2023-10-31 11:14:00
O002448,Sahara Clinics Ltd - Security Bundle,A0203,S009,Security Bundle,Inbound,Closed Lost,0.0,24700.0,USD,2025-03-30,2025-05-14,2025-05-14,2025-05-14 18:12:00
O000410,Blue Health LLC - Security Bundle,A0260,S031,Security Bundle,Partner,Closed Lost,0.0,9000.0,USD,2024-09-08,2024-10-26,2024-09-15,2024-09-15 18:31:00
O001422,Zenith Labs Holdings - Cloud Suite,A0223,S037,Cloud Suite,Partner,Closed Lost,0.0,17400.0,USD,2025-04-13,2025-06-07,2025-05-02,2025-05-02 16:56:00
O002293,Nile Pharma Ltd - Security Bundle,A0118,S002,Security Bundle,Partner,Closed Lost,0.0,25200.0,USD,2024-03-25,14/06/2024,2024-09-15,2024-09-15 13:03:00
O001365,Falcon Logistics GmbH - Analytics Platform,A0429,S025,Analytics Platform,Referral,Negotiation,0.75,38000.0,USD,2025-01-31,2025-05-01,,2025-06-30 15:57:00
O001466,Coral Foods Ltd 306 - Cloud Suite,A0307,S022,Cloud Suite,Partner,Closed Lost,0.0,24200.0,USD,2025-02-04,2025-04-16,2025-02-17,2025-02-17 18:35:00
O001400,Silver Capital LLC - Cloud Suite,A0236,S027,Cloud Suite,Event,Closed Won,1.0,20900.0,USD,2024-12-10,2025-02-14,2025-01-24,2025-01-24 12:31:00
O002859,Prime Systems Co. - Cloud Suite,A0492,S016,Cloud Suite,Outbound,Qualification,0.25,7200.0,usd,2025-06-02,2025-08-14,,2025-06-26 08:22:00
O000383,Prime Motors GmbH - Security Bundle,A0441,S009,Security Bundle,Partner,Closed Lost,0.0,29400.0,USD,2024-10-29,2025-01-21,2024-11-19,2024-11-19 08:51:00
O001638,North Foods Inc. - Collaboration Tools,A0290,S027,Collaboration Tools,Outbound,Closed Lost,0.0,7000.0,USD,2024-05-24,2024-09-25,2024-05-31,2024-05-31 17:21:00
O002220,Orbit Foods Co. - Collaboration Tools,A0282,S037,Collaboration Tools,Referral,Closed Won,1.0,4600.0,USD,2023-05-10,2023-07-23,2023-09-19,2023-09-19 14:43:00
O002003,Coral Energy S.A. - Support Plan,A0134,S011,Support Plan,Partner,Closed Won,1.0,11200.0,USD,2025-04-26,2025-06-13,2025-06-17,2025-06-17 10:41:00
O001413,Summit Markets Inc. - Security Bundle,A0085,S004,Security Bundle,Outbound,Closed Lost,0.0,20300.0,USD,2023-05-15,2023-09-14,2023-05-29,2023-05-29 16:55:00
O000553,Orbit Health S.A. 248 - Collaboration Tools,A0249,S027,Collaboration Tools,Partner,Closed Won,1.0,6300.0,USD,2023-02-19,2023-04-05,2023-03-21,2023-03-21 13:53:00
O000223,Coral Capital GmbH - Support Plan,A0220,S002,Support Plan,Partner,NEGOTIATION,0.75,20200.0,USD,2025-03-23,2025-07-08,,2025-06-27 13:03:00
O001097,Harbor Logistics Co. - Analytics Platform,A0051,S009,Analytics Platform,Inbound,Negotiation,0.75,49400.0,USD,2025-05-13,2025-07-15,,2025-06-28 09:04:00
O002638,Falcon Textiles Ltd - Analytics Platform,A0141,S032,Analytics Platform,Outbound,Closed Won,1.0,26000.0,USD,2024-04-20,2024-08-03,2024-06-15,2024-06-15 12:52:00
O000009,Summit Media S.A. - Cloud Suite,A0122,S009,Cloud Suite,Partner,Qualification,0.25,27600.0,USD,2025-05-29,2025-08-14,,2025-06-30 10:51:00
O001539,Vertex Logistics GmbH - Support Plan,A0162,S010,Support Plan,Inbound,Closed Won,1.0,12200.0,USD,2023-07-01,2023-09-10,2023-10-09,2023-10-09 15:31:00
O000317,Lumen Consulting Holdings - Analytics Platform,A0039,S012,Analytics Platform,Partner,Closed Won,1.0,13500.0,USD,2025-04-25,2025-08-26,2025-06-12,2025-06-12 15:16:00
O000428,Nile Media Ltd - Support Plan,A0374,S037,Support Plan,Referral,Closed Won,1.0,4800.0,USD,2024-08-22,2024-12-02,2024-11-16,2024-11-16 10:15:00
O002507,Cedar Industries Ltd - Analytics Platform,A0494,S016,Analytics Platform,Inbound,Closed Lost,0.0,31400.0,USD,2024-10-08,2025-01-02,2024-11-20,2024-11-20 10:33:00
O000106,Blue Retail Holdings - Security Bundle,A0463,S024,Security Bundle,Inbound,Closed Won,1.0,57800.0,USD,2024-12-20,2025-02-12,2025-05-23,2025-05-23 13:33:00
O001443,Falcon Foods GmbH - Security Bundle,A0132,S005,Security Bundle,Inbound,Closed Won,1.0,39400.0,USD,2025-04-01,2025-06-23,2025-05-21,2025-05-21 10:57:00
O000143,Nile Media S.A. - Analytics Platform,A9913,S011,Analytics Platform,Referral,Closed Lost,0.0,18400.0,USD,2023-01-07,2023-03-25,2023-03-13,2023-03-13 09:15:00
O000122,Delta Consulting Holdings - Cloud Suite,A0335,S040,Cloud Suite,Partner,Closed Lost,0.0,37800.0,USD,2023-02-12,2023-05-10,2023-03-22,2023-03-22 13:26:00
O002405,North Systems LLC - Security Bundle,A0083,S002,Security Bundle,Partner,Proposal,0.5,42200.0,USD,2025-05-13,2025-07-30,,2025-06-30 08:17:00
O002908,Prime Freight Holdings - Cloud Suite,A0481,S008,Cloud Suite,Inbound,Closed Won,1.0,6200.0,USD,2024-01-24,2024-05-21,2024-02-27,2024-02-27 08:57:00
O001190,Falcon Foods LLC - Analytics Platform,A0385,S010,Analytics Platform,Outbound, Closed Lost ,0.0,39800.0,USD,2025-02-25,2025-06-04,2025-04-02,2025-04-02 12:46:00
O001974,Coral Capital Ltd - Support Plan,A0105,S020,Support Plan,Event,Closed Won,1.0,4400.0,USD,2023-07-17,2023-09-13,2023-07-27,2023-07-27 15:11:00
O002640,Coral Foods Ltd - Cloud Suite,A0213,S005,Cloud Suite,Referral,Closed Won,1.0,36400.0,USD,2023-02-14,2023-05-01,2023-04-13,2023-04-13 08:23:00
O001426,Atlas Foods GmbH - Support Plan,A0187,S019,Support Plan,Event,Closed Won,1.0,4200.0,USD,2023-11-21,2024-01-14,2024-01-02,2024-01-02 13:15:00
O000116,Coral Textiles S.A. - Security Bundle,A0184,S038,Security Bundle,Partner,Closed Won,1.0,9200.0,USD,2024-05-14,2024-09-11,2024-08-14,2024-08-14 16:13:00
O002186,Sahara Systems Co. - Analytics Platform,A0026,S009,Analytics Platform,Referral,Closed Lost,0.0,115200.0,USD,2023-10-03,2023-12-03,2023-10-30,2023-10-30 13:12:00
O001323,Delta Industries Group - Collaboration Tools,A0227,S012,Collaboration Tools,Inbound,Closed Won,1.0,13600.0,USD,2024-09-03,2024-11-11,2024-10-24,2024-10-24 18:18:00
O002176,Orbit Clinics Ltd - Support Plan,A0175,S033,Support Plan,Outbound,Closed Lost,0.0,12600.0,USD,2025-02-18,2025-04-16,2025-03-24,2025-03-24 08:08:00
O002840,Coral Energy S.A. - Cloud Suite,A0134,S011,Cloud Suite,Event,Closed Lost,0.0,24400.0,USD,2025-03-26,2025-07-10,2025-04-07,2025-04-07 15:51:00
O002992,Prime Motors GmbH - Analytics Platform,A0441,S009,Analytics Platform,Outbound,Closed Won,1.0,68000.0,USD,2024-04-07,2024-06-22,2024-07-22,2024-07-22 12:14:00
O002892,Summit Freight Inc. - Collaboration Tools,A0415,S022,Collaboration Tools,Partner,Closed Lost,0.0,7300.0,USD,2023-10-27,2024-01-07,2023-11-13,2023-11-13 11:57:00
O001868,Silver Motors Ltd - Cloud Suite,A0238,S025,Cloud Suite,Partner,Negotiation,0.75,42100.0,USD,2025-04-28,2025-06-25,,2025-06-27 18:06:00
O000673,Harbor Clinics Co. - Collaboration Tools,A0009,S031,Collaboration Tools,Outbound,Closed Lost,0.0,3600.0,usd,2024-12-07,2025-03-28,2025-03-20,2025-03-20 14:51:00
O002016,Cedar Capital Holdings - Cloud Suite,A9900,S020,Cloud Suite,Partner,Closed Lost,0.0,6700.0,USD,2025-05-16,2025-09-20,2025-06-13,2025-06-13 16:09:00
O001698,Pioneer Learning Ltd - Collaboration Tools,A0079,S023,Collaboration Tools,Inbound,Prospecting,0.1,7200.0,USD,2025-06-21,2025-09-12,,2025-06-27 12:25:00
O000592,Prime Freight Inc. - Collaboration Tools,A0455,S017,Collaboration Tools,Inbound,Closed Lost,0.0,7300.0,USD,2023-10-06,2023-12-24,2023-11-16,2023-11-16 17:02:00
O001462,Silver Markets Inc. - Security Bundle,A0272,S011,Security Bundle,Outbound,Closed Lost,0.0,13300.0,USD,2023-02-17,2023-04-30,2023-03-14,2023-03-14 14:45:00
O000889,Coral Markets Co. - Cloud Suite,A0003,S027,Cloud Suite,Partner,Closed Lost,0.0,12100.0,USD,2023-12-29,2024-04-06,2024-02-08,2024-02-08 14:14:00
O002383,Coral Motors Co. - Security Bundle,A0295,S033,Security Bundle,Partner,Closed Lost,0.0,26800.0,USD,2023-03-27,2023-06-08,2023-06-10,2023-06-10 13:06:00
O001809,Sahara Capital Holdings - Support Plan,A0101,S014,Support Plan,Partner,Closed Lost,0.0,26300.0,USD,2024-03-11,2024-05-05,2024-04-09,2024-04-09 13:02:00
O002896,North Motors LLC - Security Bundle,A0472,S032,Security Bundle,Outbound,Closed Won,1.0,26500.0,USD,2025-03-02,2025-05-13,2025-06-04,2025-06-04 18:16:00
O000214,Falcon Foods Inc. - Security Bundle,A0311,S037,Security Bundle,Referral, Closed Lost ,0.0,15000.0,USD,2025-02-16,2025-05-29,2025-03-15,2025-03-15 17:29:00
O000779,North Pharma GmbH - Cloud Suite,A0480,S001,Cloud Suite,Partner,Closed Won,1.0,17300.0,USD,2023-01-06,2023-05-01,2023-03-26,2023-03-26 10:05:00
O001737,Zenith Media S.A. - Cloud Suite,A0276,S028,Cloud Suite,Event,Prospecting,0.1,,USD,2025-06-15,2025-09-14,,2025-06-27 08:04:00
O000801,North Freight LLC 61 - Collaboration Tools,A0062,S020,Collaboration Tools,Inbound,Closed Lost,0.0,9000.0,USD,2023-08-15,2023-12-09,2023-10-07,2023-10-07 16:56:00
O002517,Atlas Markets Co. - Cloud Suite,A0350,S012,Cloud Suite,Inbound,Closed Lost,0.0,15700.0,usd,2025-05-12,2025-09-15,2025-06-30,2025-06-30 11:47:00
O002978,Nova Learning Holdings - Security Bundle,A0500,S029,Security Bundle,Outbound,Closed Won,1.0,18000.0,USD,2024-12-14,2025-03-30,2025-04-05,2025-04-05 09:16:00
O002317,Falcon Foods LLC - Analytics Platform,A0385,S010,Analytics Platform,Inbound,Closed Won,1.0,11200.0,USD,2025-04-04,2025-06-09,2025-05-29,2025-05-29 09:38:00
O002703,Pioneer Foods LLC - Cloud Suite,A0308,S038,Cloud Suite,Inbound,Closed Lost,0.0,15000.0,USD,2023-01-01,2023-03-27,2023-02-26,2023-02-26 18:31:00
O002753,North Pharma LLC - Cloud Suite,A0195,S033,Cloud Suite,Inbound,Prospecting,0.1,24900.0,USD,2025-06-13,2025-09-23,,2025-06-30 08:28:00
O000274,Summit Pharma S.A. - Collaboration Tools,A0240,S008,Collaboration Tools,Outbound,Closed Lost,0.0,9600.0,USD,2023-02-27,2023-05-05,2023-05-08,2023-05-08 16:58:00
O000072,Granite Pharma Holdings - Analytics Platform,A0326,S031,Analytics Platform,Outbound,Closed Lost,0.0,22700.0,USD,2023-08-24,2023-10-23,2023-10-23,2023-10-23 13:27:00
O001861,North Freight LLC 329 - Support Plan,A0330,S037,Support Plan,Outbound,Closed Won,1.0,2600.0,USD,2025-03-22,2025-07-06,2025-05-15,2025-05-15 14:30:00
O001088,Vertex Systems Holdings - Support Plan,A0252,S027,Support Plan,Partner,Closed Won,1.0,14700.0,USD,2023-03-18,2023-06-16,2023-06-08,2023-06-08 14:12:00
O000395,Harbor Systems LLC - Cloud Suite,A0084,S024,Cloud Suite,Partner,Closed Lost,0.0,50100.0,USD,2023-06-04,2023-09-08,2023-07-15,2023-07-15 16:01:00
O000584,Pioneer Foods LLC - Support Plan,A0308,S038,Support Plan,Inbound,Closed Won,1.0,14100.0,usd,2025-02-04,2025-04-21,2025-02-24,2025-02-24 18:29:00
O002046,Granite Freight Inc. - Analytics Platform,A0364,S014,Analytics Platform,Outbound,Closed Won,1.0,38600.0,USD,2023-11-21,2024-01-31,2024-01-08,2024-01-08 13:38:00
O002130,Sahara Textiles Ltd - Collaboration Tools,A0138,S005,Collaboration Tools,Referral,Closed Lost,0.0,6500.0,USD,2023-05-22,2023-07-15,2023-07-11,2023-07-11 18:09:00
O000501,Zenith Learning S.A. - Cloud Suite,A0491,S022,Cloud Suite,Inbound,Closed Won,1.0,28600.0,USD,2024-12-30,2025-03-03,2025-04-12,2025-04-12 13:48:00
O002693,Summit Retail GmbH - Security Bundle,A0361,S007,Security Bundle,Partner,Closed Lost,0.0,25700.0,USD,2025-01-31,2025-05-10,2025-03-14,2025-03-14 14:44:00
O002773,Coral Learning Group - Security Bundle,A0368,S013,Security Bundle,Referral,Closed Lost,0.0,20500.0,USD,2024-10-29,2025-01-19,2025-02-13,2025-02-13 18:59:00
O001361,Silver Industries Group - Analytics Platform,A0225,S001,Analytics Platform,Partner,Prospecting,0.1,57900.0,USD,2025-06-15,2025-10-06,,2025-06-25 12:59:00
O002782,Cedar Learning Inc. - Collaboration Tools,A0349,S034,Collaboration Tools,Partner,Closed Won,1.0,4000.0,USD,2024-10-10,2025-01-19,2024-12-03,2024-12-03 12:39:00
O002242,Coral Foods Ltd 306 - Security Bundle,A0307,S022,Security Bundle,Referral,Closed Lost,0.0,23000.0,USD,2024-11-03,2025-03-11,2025-01-11,2025-01-11 18:43:00
O001260,Cedar Industries Group - Support Plan,A0108,S031,Support Plan,Outbound,Closed Won,1.0,11200.0,USD,2024-06-12,2024-09-11,2024-08-20,2024-08-20 11:24:00
O001675,Coral Consulting Group - Collaboration Tools,A0421,S024,Collaboration Tools,Partner,Proposal,0.5,36400.0,USD,2025-05-16,2025-08-09,,2025-06-30 17:44:00
O001812,Silver Energy S.A. - Cloud Suite,A0111,S026,Cloud Suite,Partner,Closed Lost,0.0,21200.0,USD,2023-08-27,2023-10-17,2023-10-07,2023-10-07 16:10:00
O000206,North Motors S.A. - Security Bundle,A0094,S009,Security Bundle,Partner,Closed Lost,0.0,-33100.0,USD,2025-03-08,2025-05-13,2025-05-20,2025-05-20 12:37:00
O000734,Atlas Freight Group - Collaboration Tools,A0157,S033,Collaboration Tools,Outbound,Closed Won,1.0,11400.0,USD,2024-12-21,2025-03-01,2025-04-23,2025-04-23 09:01:00
O001583,Harbor Clinics LLC - Security Bundle,A0462,S009,Security Bundle,Outbound,Closed Won,1.0,13800.0,USD,2024-03-31,2024-06-06,2024-10-29,2024-10-29 11:23:00
O000527,Falcon Capital Holdings - Analytics Platform,A0008,S005,Analytics Platform,Event,Closed Lost,0.0,71100.0,USD,2025-01-07,2025-03-27,2025-02-25,2025-02-25 10:33:00
O002180,Zenith Energy LLC - Collaboration Tools,A0088,S013,Collaboration Tools,Event,Qualification,0.25,,USD,2025-05-20,2025-08-13,,2025-06-26 18:14:00
O000899,Silver Clinics Group - Support Plan,A0229,S008,Support Plan,Event,Closed Won,1.0,4100.0,USD,2024-08-12,2024-09-30,2024-10-04,2024-10-04 12:45:00
O000378,Lumen Retail Co. 449 - Security Bundle,A0450,S036,Security Bundle,Inbound,Closed Lost,0.0,17600.0,USD,2024-02-26,2024-04-14,2024-03-18,2024-03-18 10:14:00
O001796,Pioneer Learning LLC - Security Bundle,A0197,S040,Security Bundle,Partner,Closed Lost,0.0,34900.0,USD,2023-08-26,2023-11-21,2023-09-22,2023-09-22 15:00:00
O002723,Delta Freight LLC - Security Bundle,A0266,S005,Security Bundle,Outbound,Closed Lost,0.0,46400.0,USD,2024-07-21,2024-09-10,2024-09-06,2024-09-06 11:36:00
O002722,Nile Media S.A. - Cloud Suite,A0377,S028,Cloud Suite,Inbound,Qualification,0.25,14900.0,USD,2025-06-15,2025-08-05,,2025-06-28 11:37:00
O000387,Zenith Hotels LLC 244 - Analytics Platform,A0245,S031,Analytics Platform,Outbound,Closed Lost,0.0,26100.0,USD,2023-09-07,2023-12-31,2023-09-22,2023-09-22 17:15:00
O000199,North Capital Co. - Cloud Suite,A0239,S031,Cloud Suite,Inbound,Closed Won,1.0,15400.0,USD,2023-07-19,2023-10-24,2023-08-17,2023-08-17 18:23:00
O001051,Sahara Foods Co. - Cloud Suite,A0324,S017,Cloud Suite,Partner,Closed Lost,0.0,15400.0,USD,2024-04-21,2024-06-15,2024-07-07,2024-07-07 18:31:00
O000591,Sahara Pharma GmbH - Cloud Suite,A0453,S034,Cloud Suite,Inbound,Prospecting,0.1,19400.0,USD,2025-06-22,2025-10-24,,2025-06-29 12:40:00
O000520,Prime Industries Group - Support Plan,A0171,S040,Support Plan,Partner,Closed Lost,0.0,17600.0,USD,2024-06-08,2024-08-16,2024-12-18,2024-12-18 09:28:00
O002055,Granite Logistics S.A. - Analytics Platform,A0246,S020,Analytics Platform,Partner,Closed Lost,0.0,24000.0,USD,2023-07-03,2023-10-07,2023-09-01,2023-09-01 09:30:00
O002727,Nile Logistics Holdings - Collaboration Tools,A0390,S023,Collaboration Tools,Inbound,Closed Lost,0.0,7400.0,USD,2024-09-23,2024-11-09,2024-10-22,2024-10-22 10:35:00
O000430,Pioneer Pharma Inc. - Collaboration Tools,A0376,S035,Collaboration Tools,Outbound,Closed Lost,0.0,12800.0,USD,2023-06-22,2023-08-27,2023-08-03,2023-08-03 17:09:00
O001084,Prime Pharma Group - Cloud Suite,A0327,S011,Cloud Suite,Outbound,Prospecting,0.1,10200.0,USD,2025-06-21,2025-08-14,,2025-06-25 08:43:00
O000208,Harbor Studios Holdings - Cloud Suite,A0110,S035,Cloud Suite,Referral,Closed Won,1.0,56800.0,USD,2025-02-16,2025-06-12,2025-04-27,2025-04-27 14:15:00
O000492,Orbit Health S.A. 192 - Support Plan,A9908,S023,Support Plan,Outbound,Qualification,0.25,6300.0,USD,2025-05-30,2025-08-09,,2025-06-25 08:54:00
O001392,Vertex Freight Ltd - Cloud Suite,A0143,S021,Cloud Suite,Referral,Closed Won,1.0,19400.0,USD,2023-04-07,2023-05-23,2023-08-11,2023-08-11 15:33:00
O002955,Atlas Foods Inc. - Cloud Suite,A0467,S010,Cloud Suite,Outbound,Closed Won,1.0,15200.0,USD,2025-04-25,2025-07-27,2025-05-08,2025-05-08 09:38:00
O000793,Atlas Health S.A. - Cloud Suite,A0258,S036,Cloud Suite,Partner,closed lost,0.0,19500.0,USD,2025-01-15,2025-03-31,2025-03-29,2025-03-29 17:13:00
O002530,Granite Retail Co. - Support Plan,A0438,S033,Support Plan,Referral,Closed Lost,0.0,6100.0,USD,2025-04-30,2025-07-15,2025-06-28,2025-06-28 14:52:00
O001187,Falcon Health LLC - Collaboration Tools,A0338,S012,Collaboration Tools,Referral,Closed Lost,0.0,11400.0,USD,2023-03-14,2023-07-02,2023-05-16,2023-05-16 18:30:00
O001186,Zenith Learning S.A. - Support Plan,A0491,S022,Support Plan,Outbound,Closed Lost,0.0,4400.0,USD,2024-03-04,2024-06-09,2024-05-04,2024-05-04 14:06:00
O001832,Prime Consulting Ltd - Collaboration Tools,A0440,S009,Collaboration Tools,Referral,Closed Won,1.0,11500.0,USD,2025-04-18,2025-08-07,2025-06-17,2025-06-17 12:34:00
O001399,Coral Markets Co. - Collaboration Tools,A0003,S027,Collaboration Tools,Inbound,Closed Won,1.0,7100.0,USD,2023-11-13,2024-01-23,2024-01-24,2024-01-24 16:15:00
O002524,Atlas Capital Co. - Collaboration Tools,A0130,S040,Collaboration Tools,Partner,Closed Lost,0.0,24600.0,USD,2024-12-12,2025-03-19,2025-06-17,2025-06-17 12:33:00
O000084,Prime Learning GmbH - Cloud Suite,A0321,S016,Cloud Suite,Outbound,Closed Lost,0.0,25100.0,USD,2023-11-02,2024-01-10,2023-12-12,2023-12-12 10:19:00
O002403,Lumen Learning Holdings - Security Bundle,A0372,S003,Security Bundle,Referral,Closed Lost,0.0,42800.0,USD,2023-12-18,2024-04-09,2024-02-11,2024-02-11 11:33:00
O002259,Cedar Learning Inc. - Collaboration Tools,A0349,S034,Collaboration Tools,Outbound,Closed Lost,0.0,13200.0,USD,2024-03-27,2024-05-27,2024-06-19,2024-06-19 16:45:00
O000021,Coral Energy S.A. - Analytics Platform,A0134,S011,Analytics Platform,Partner,Closed Lost,0.0,40600.0,USD,2024-04-05,2024-07-22,2024-06-20,2024-06-20 17:48:00
O001437,Nile Energy Ltd - Security Bundle,A0037,S007,Security Bundle,Partner,Closed Lost,0.0,11100.0,USD,2025-03-07,2025-07-07,2025-04-23,2025-04-23 10:45:00
O001625,Prime Energy Inc. - Analytics Platform,A0159,S015,Analytics Platform,Outbound,Closed Lost,0.0,50000.0,USD,2024-07-03,2024-08-22,2024-08-12,2024-08-12 09:30:00
O002013,North Pharma GmbH - Analytics Platform,A0480,S021,Analytics Platform,Outbound,Closed Won,1.0,32100.0,USD,2025-03-13,2025-05-31,2025-05-24,2025-05-24 14:40:00
O002734,Harbor Motors Inc. - Collaboration Tools,A0209,S021,Collaboration Tools,Partner,Closed Lost,0.0,8300.0,USD,2024-06-15,12/10/2024,2024-07-12,2024-07-12 14:22:00
O002012,Summit Markets Inc. - Analytics Platform,A0085,S004,Analytics Platform,Inbound,Closed Lost,0.0,38700.0,USD,2023-11-26,2024-03-07,2024-01-20,2024-01-20 15:08:00
O000974,Granite Motors S.A. - Security Bundle,A0119,S004,Security Bundle,Partner,Qualification,0.25,26900.0,USD,2025-05-10,2025-09-02,,2025-06-25 15:59:00
O002832,Nile Textiles Co. - Collaboration Tools,A0178,S018,Collaboration Tools,Outbound,Closed Won,1.0,19400.0,USD,2023-07-03,2023-11-06,2023-09-11,2023-09-11 17:11:00
O000884,Falcon Logistics S.A. - Analytics Platform,A0416,S006,Analytics Platform,Partner,Closed Lost,0.0,30600.0,USD,2023-01-25,2023-03-30,2023-02-14,2023-02-14 12:47:00
O001099,Pioneer Systems Group - Support Plan,A0461,S016,Support Plan,Outbound,Closed Lost,0.0,13800.0,USD,2023-07-24,2023-10-20,2023-08-22,2023-08-22 17:51:00
O000157,Summit Clinics Ltd - Support Plan,A0442,S037,Support Plan,Outbound,Closed Lost,0.0,8600.0,USD,2024-01-29,2024-03-30,2024-02-24,2024-02-24 18:39:00
O002310,Prime Capital Co. - Analytics Platform,A0418,S038,Analytics Platform,Outbound,Closed Lost,0.0,86200.0,USD,2024-03-18,2024-06-01,2024-09-05,2024-09-05 14:48:00
O000887,Nile Media Ltd - Support Plan,A0374,S037,Support Plan,Partner,Closed Lost,0.0,8700.0,USD,2024-04-08,2024-05-24,2024-06-08,2024-06-08 09:00:00
O001791,Falcon Logistics S.A. - Security Bundle,A0416,S019,Security Bundle,Inbound,Qualification,0.25,44300.0,USD,2025-05-08,2025-09-04,,2025-06-08 10:33:00
O002273,North Freight LLC 61 - Security Bundle,A0062,S020,Security Bundle,Inbound,Closed Lost,0.0,9400.0,USD,2025-05-14,2025-08-02,2025-05-31,2025-05-31 11:58:00
O002515,Nova Health S.A. - Cloud Suite,A0275,S016,Cloud Suite,Outbound,Closed Lost,0.0,60800.0,USD,2023-02-14,2023-05-12,2023-04-06,2023-04-06 10:43:00
O001560,Coral Textiles S.A. 322 - Analytics Platform,A0323,S010,Analytics Platform,Inbound,Closed Lost,0.0,19500.0,USD,2025-03-23,2025-06-04,2025-05-03,2025-05-03 18:55:00
O002888,Prime Motors Co. 365 - Cloud Suite,A0366,S019,Cloud Suite,Partner,Closed Lost,0.0,10900.0,USD,2024-02-07,2024-03-28,2024-02-22,2024-02-22 10:05:00
O001898,North Motors S.A. - Cloud Suite,A0094,S005,Cloud Suite,Partner,Closed Won,1.0,34800.0,USD,2023-12-28,2024-04-14,2024-02-18,2024-02-18 14:32:00
O002803,Blue Studios GmbH - Analytics Platform,A0413,S018,Analytics Platform,Partner,Closed Lost,0.0,41800.0,USD,2023-05-25,2023-08-31,2023-07-02,2023-07-02 17:36:00
O002689,Falcon Textiles Ltd - Security Bundle,A0141,S032,Security Bundle,Partner,Negotiation,0.75,18600.0,USD,2025-01-31,2025-05-31,,2025-06-26 10:06:00
O000459,Orbit Hotels Group - Cloud Suite,A0235,S016,Cloud Suite,Partner,Closed Won,1.0,28600.0,USD,2023-07-02,2023-10-17,2023-08-27,2023-08-27 13:46:00
O001967,Orbit Pharma Holdings - Collaboration Tools,A0460,S009,Collaboration Tools,Event,Closed Lost,0.0,24600.0,USD,2024-04-11,2024-07-24,2024-04-22,2024-04-22 13:02:00
O000079,North Pharma LLC - Collaboration Tools,A0195,S033,Collaboration Tools,Outbound,Closed Lost,0.0,9200.0,USD,2023-03-09,2023-05-01,2023-07-27,2023-07-27 14:49:00
O002957,Orbit Markets Inc. - Analytics Platform,A0336,S023,Analytics Platform,Outbound,Closed Lost,0.0,35400.0,USD,2023-07-22,2023-11-01,2023-09-22,2023-09-22 14:38:00
O001057,Zenith Learning S.A. - Analytics Platform,A0491,S022,Analytics Platform,Inbound,Closed Lost,0.0,25000.0,USD,2025-03-20,2025-07-25,2025-04-02,2025-04-02 15:14:00
O000907,Nile Health Inc. - Support Plan,A0281,S018,Support Plan,Outbound,Prospecting,0.1,2600.0,USD,2025-06-07,2025-10-11,,2025-06-27 09:46:00
O002189,Silver Media Ltd - Cloud Suite,A0041,S005,Cloud Suite,Inbound,Qualification,0.25,81000.0,USD,2025-06-02,2025-09-19,,2025-06-27 16:58:00
O002247,Lumen Capital Holdings - Cloud Suite,A0042,S034,Cloud Suite,Outbound,Closed Won,1.0,8700.0,USD,2023-09-26,2023-12-20,2023-11-13,2023-11-13 18:32:00
O002737,Harbor Textiles Holdings - Cloud Suite,A0144,S016,Cloud Suite,Inbound,Closed Lost,0.0,22400.0,USD,2024-06-08,2024-10-12,2024-08-24,2024-08-24 14:28:00
O000381,Nova Logistics Inc. - Support Plan,A0387,S016,Support Plan,Event,Closed Lost,0.0,5400.0,USD,2024-07-26,2024-09-19,2024-09-28,2024-09-28 15:27:00
O000948,Zenith Energy LLC - Cloud Suite,A0088,S013,Cloud Suite,Partner,Closed Lost,0.0,24000.0,USD,2023-04-30,2023-08-30,2023-07-30,2023-07-30 10:31:00
O001851,Atlas Foods GmbH - Cloud Suite,A0187,S019,Cloud Suite,Outbound,Closed Won,1.0,29000.0,USD,2025-03-17,2025-07-14,2025-04-30,2025-04-30 13:12:00
O002035,Coral Consulting Group - Cloud Suite,A0421,S024,Cloud Suite,Partner,Closed Won,1.0,14600.0,USD,2023-06-19,2023-10-12,2023-07-11,2023-07-11 10:47:00
O000716,Blue Health LLC - Cloud Suite,A0260,S031,Cloud Suite,Partner,Closed Won,1.0,13400.0,USD,2023-08-21,2023-12-24,2024-01-16,2024-01-16 18:28:00
O001988,Orbit Studios Group - Analytics Platform,A0154,S018,Analytics Platform,Partner,Proposal,0.5,11100.0,USD,2025-04-27,2025-09-02,,2025-06-26 18:23:00
O000687,Harbor Learning S.A. - Collaboration Tools,A0014,S033,Collaboration Tools,Outbound,Closed Lost,0.0,52500.0,USD,2025-03-25,2025-06-06,2025-04-24,2025-04-24 10:06:00
O002882,North Markets Holdings - Analytics Platform,A0222,S012,Analytics Platform,Inbound,Closed Lost,0.0,29100.0,USD,2023-07-13,2023-09-28,2023-10-23,2023-10-23 09:50:00
O001294,Orbit Health GmbH 344 - Cloud Suite,A0345,S021,Cloud Suite,Outbound,Closed Lost,0.0,28900.0,USD,2024-01-27,2024-06-01,2024-04-16,2024-04-16 15:13:00
O000306,Orbit Health GmbH - Support Plan,A0192,S017,Support Plan,Partner,Closed Won,1.0,8700.0,USD,2025-03-28,2025-07-11,2025-04-28,2025-04-28 13:06:00
O000210,Vertex Logistics GmbH - Security Bundle,A0162,S010,Security Bundle,Outbound,Closed Lost,0.0,16400.0,USD,2023-05-19,2023-07-14,2023-06-24,2023-06-24 09:29:00
O001548,Coral Capital GmbH - Security Bundle,A0220,S002,Security Bundle,Partner,Closed Lost,0.0,20800.0,USD,2024-09-15,2024-12-19,2024-10-17,2024-10-17 08:35:00
O002980,Pioneer Pharma Holdings - Collaboration Tools,A0013,S022,Collaboration Tools,Partner,Closed Won,1.0,17900.0,USD,2024-05-11,2024-09-01,2024-07-05,2024-07-05 09:46:00
O000045,Zenith Media S.A. - Collaboration Tools,A0276,S028,Collaboration Tools,Inbound,Closed Won,1.0,4200.0,USD,2023-11-24,2024-01-22,2024-01-17,2024-01-17 13:23:00
O002226,Pioneer Foods LLC - Analytics Platform,A0308,S038,Analytics Platform,Partner,Closed Lost,0.0,43900.0,USD,2024-01-29,2024-03-30,2024-05-02,2024-05-02 14:44:00
O000886,Atlas Foods GmbH - Cloud Suite,A0187,S019,Cloud Suite,Outbound,Closed Lost,0.0,12100.0,USD,2024-08-24,2024-12-23,2024-09-08,2024-09-08 12:05:00
O002424,Sahara Studios Holdings - Cloud Suite,A0086,S012,Cloud Suite,Outbound,Closed Won,1.0,11500.0,USD,2024-05-25,2024-07-31,2024-06-27,2024-06-27 08:40:00
O000918,Vertex Studios Co. - Cloud Suite,A0011,S019,Cloud Suite,Partner,Closed Lost,0.0,39200.0,USD,2023-02-20,2023-06-12,2023-04-20,2023-04-20 18:31:00
O002801,Atlas Hotels Ltd - Security Bundle,A0219,S031,Security Bundle,Inbound,Closed Lost,0.0,22700.0,USD,2025-05-18,2025-09-01,2025-06-30,2025-06-30 13:37:00
O001798,Nova Learning Holdings - Security Bundle,A0500,S029,Security Bundle,Outbound,Closed Won,1.0,16500.0,USD,2025-03-02,2025-04-22,2025-04-07,2025-04-07 11:18:00
O000192,Zenith Freight Ltd - Collaboration Tools,A0270,S028,Collaboration Tools,Inbound,Closed Lost,0.0,7300.0,USD,2024-11-04,2025-02-01,2024-12-26,2024-12-26 15:45:00
O001818,Orbit Consulting Holdings - Support Plan,A0397,S020,Support Plan,Outbound,Closed Lost,0.0,10900.0,USD,2024-08-10,2024-12-14,2024-09-18,2024-09-18 14:38:00
O002079,Sahara Energy Inc. - Analytics Platform,A0056,S032,Analytics Platform,Inbound,CLOSED LOST,0.0,65800.0,USD,2024-08-30,2024-12-17,2024-12-12,2024-12-12 08:06:00
O001266,Lumen Retail Co. 449 - Support Plan,A0450,S036,Support Plan,Inbound,Closed Lost,0.0,13900.0,USD,2024-01-12,2024-04-25,2024-03-19,2024-03-19 18:45:00
O000484,Nile Energy LLC - Security Bundle,A0367,S026,Security Bundle,Event,Closed Lost,0.0,10800.0,USD,2024-04-03,2024-05-19,2024-05-03,2024-05-03 17:54:00
O000916,Zenith Motors Ltd - Cloud Suite,A0278,S039,Cloud Suite,Inbound,Closed Won,1.0,20900.0,USD,2024-08-07,2024-10-06,2024-09-29,2024-09-29 16:02:00
O002639,Pioneer Pharma GmbH - Support Plan,A0190,S006,Support Plan,Partner,Prospecting,0.1,,USD,2025-06-09,2025-09-16,,2025-06-26 10:42:00
O000278,Prime Freight Inc. - Security Bundle,A0455,S017,Security Bundle,Inbound,Closed Won,1.0,4100.0,USD,2024-06-04,2024-08-10,2024-08-06,2024-08-06 13:46:00
O000989,Harbor Studios Group - Support Plan,A0309,S031,Support Plan,Event,Closed Won,1.0,4900.0,USD,2024-10-04,2024-12-08,2024-12-09,2024-12-09 12:16:00
O000297,Summit Markets Holdings - Security Bundle,A0087,S004,Security Bundle,Inbound,Closed Won,1.0,12600.0,USD,2024-04-09,2024-07-01,2024-07-04,2024-07-04 17:37:00
O002277,Lumen Markets S.A. - Collaboration Tools,A0254,S027,Collaboration Tools,Partner,Closed Lost,0.0,8300.0,USD,2024-06-18,2024-08-23,2024-07-24,2024-07-24 14:04:00
O001695,Lumen Retail Co. - Analytics Platform,A0410,S008,Analytics Platform,Partner,Closed Won,1.0,16200.0,USD,2025-03-07,2025-06-27,2025-04-26,2025-04-26 10:34:00
O000572,Sahara Clinics Ltd - Collaboration Tools,A0203,S009,Collaboration Tools,Outbound,Closed Lost,0.0,24000.0,USD,2025-03-04,2025-07-03,2025-05-01,2025-05-01 18:02:00
O001436,Harbor Systems LLC - Cloud Suite,A0084,S006,Cloud Suite,Referral,Closed Lost,0.0,59200.0,USD,2024-01-01,2024-02-25,2024-04-21,2024-04-21 09:23:00
O000994,Prime Pharma GmbH - Analytics Platform,A0057,S006,Analytics Platform,Partner,Closed Won,1.0,37000.0,USD,2023-01-28,2023-05-02,2023-03-29,2023-03-29 11:17:00
O001463,Nile Media Ltd - Cloud Suite,A0374,S037,Cloud Suite,Referral,Closed Won,1.0,37800.0,USD,2025-02-21,2025-04-18,2025-05-02,2025-05-02 10:53:00
O001460,Granite Retail S.A. 223 - Security Bundle,A0224,S001,Security Bundle,Outbound,Closed Lost,0.0,21400.0,USD,2025-02-14,2025-04-02,2025-03-01,2025-03-01 18:35:00
O000586,Silver Foods LLC - Cloud Suite,A0065,S025,Cloud Suite,Outbound,Closed Won,1.0,41200.0,USD,2025-04-18,2025-07-29,2025-06-11,2025-06-11 10:50:00
O000789,Silver Studios Ltd - Security Bundle,A0256,S008,Security Bundle,Partner,Qualification,0.25,11700.0,usd,2024-07-04,2024-10-12,2024-07-11,2024-06-27 18:04:00
O000920,Nova Capital S.A. - Cloud Suite,A0422,S034,Cloud Suite,Outbound,Qualification,0.25,38400.0,USD,2023-02-11,2023-05-03,2023-04-19,2023-04-07 13:19:00
O001350,Nile Energy Inc. - Security Bundle,A0205,S007,Security Bundle,Partner,Closed Won,1.0,10200.0,USD,2025-04-07,2025-08-04,2025-05-28,2025-05-28 08:18:00
O001008,Zenith Media Group - Cloud Suite,A0136,S023,Cloud Suite,Partner,Closed Lost,0.0,13600.0,USD,2025-04-30,2025-08-21,2025-05-10,2025-05-10 08:57:00
O000675,Prime Logistics LLC - Analytics Platform,A0189,S012,Analytics Platform,Referral,Closed Won,1.0,18600.0,USD,2023-04-30,2023-06-27,2023-07-17,2023-07-17 09:06:00
O002214,Delta Systems Holdings - Cloud Suite,A0322,S032,Cloud Suite,Outbound,Closed Lost,0.0,11900.0,USD,2025-04-01,2025-07-03,2025-05-14,2025-05-14 16:33:00
O000856,North Labs Holdings - Support Plan,A0002,S016,Support Plan,Outbound,Negotiation,0.75,17500.0,USD,2025-01-30,2025-05-11,,2025-06-29 15:16:00
O000448,Prime Clinics LLC - Analytics Platform,A0284,S039,Analytics Platform,Outbound,Closed Won,1.0,85700.0,USD,2024-03-04,2024-06-10,2024-04-11,2024-04-11 18:37:00
O001481,Granite Industries Holdings - Cloud Suite,A0202,S038,Cloud Suite,Partner,Closed Won,1.0,34800.0,USD,2024-03-07,2024-05-26,2024-06-04,2024-06-04 18:57:00
O001736,Coral Retail Inc. - Support Plan,A0012,S020,Support Plan,Referral,Closed Won,1.0,2300.0,USD,2025-01-05,2025-02-24,2025-03-29,2025-03-29 17:27:00
O002549,North Motors Co. - Security Bundle,A0129,S006,Security Bundle,Inbound,Closed Lost,0.0,17700.0,USD,2023-04-21,2023-07-19,2023-05-28,2023-05-28 12:56:00
O002292,Lumen Textiles Co. - Cloud Suite,A0028,S011,Cloud Suite,Partner,Qualification,0.25,7800.0,USD,2025-05-15,2025-09-02,,2025-06-25 10:38:00
O002716,Pioneer Studios Group - Support Plan,A0334,S019,Support Plan,Outbound,Closed Won,1.0,3800.0,USD,2023-02-17,2023-06-08,2023-03-16,2023-03-16 14:22:00
O002419,Blue Health S.A. - Collaboration Tools,A0497,S034,Collaboration Tools,Inbound,Closed Lost,0.0,7800.0,USD,2023-07-31,2023-10-09,2023-10-04,2023-10-04 12:31:00
O002580,Silver Health Holdings - Cloud Suite,A0479,S019,Cloud Suite,Inbound,Closed Lost,0.0,17100.0,USD,2025-05-01,2025-07-04,2025-06-28,2025-06-28 12:44:00
O002712,Atlas Energy LLC - Security Bundle,A0362,S019,Security Bundle,Partner,Closed Won,1.0,7900.0,USD,2025-03-08,2025-05-03,2025-05-24,2025-05-24 15:59:00
O001248,Vertex Logistics GmbH - Cloud Suite,A0162,S010,Cloud Suite,Partner,Closed Won,1.0,17300.0,USD,2023-12-03,2024-01-24,2024-01-02,2024-01-02 15:53:00
O000295,Atlas Industries Inc. - Analytics Platform,A0380,S020,Analytics Platform,Partner,Closed Won,1.0,15100.0,USD,2024-11-14,2025-01-13,2025-01-02,2025-01-02 09:07:00
O000589,Atlas Foods Inc. - Analytics Platform,A0467,S010,Analytics Platform,Inbound,Closed Won,1.0,31000.0,USD,2023-10-31,2024-01-12,2023-12-16,2023-12-16 10:15:00
O001282,Granite Retail S.A. 223 - Analytics Platform,A0224,S001,Analytics Platform,Partner,Closed Won,1.0,24800.0,USD,2023-07-07,2023-09-09,2023-09-02,2023-09-02 14:18:00
O001484,Prime Capital S.A. - Security Bundle,A0172,S009,Security Bundle,Event,closed lost,0.0,45600.0,USD,2023-09-09,2023-12-31,2024-04-11,2024-04-11 08:23:00
O002687,Sahara Clinics Ltd - Analytics Platform,A0203,S009,Analytics Platform,Partner,Closed Lost,0.0,27100.0,USD,2025-04-10,2025-07-05,2025-05-03,2025-05-03 11:55:00
O002209,Coral Retail Inc. - Cloud Suite,A0012,S008,Cloud Suite,Outbound,Closed Won,1.0,14600.0,USD,2024-03-19,2024-06-13,2024-07-06,2024-07-06 15:53:00
O001488,Prime Freight Inc. - Cloud Suite,A0455,S017,Cloud Suite,Outbound,Closed Lost,0.0,22600.0,USD,2023-05-13,2023-09-10,2023-07-10,2023-07-10 12:02:00
O002286,North Capital Co. - Cloud Suite,A0239,S031,Cloud Suite,Partner,Closed Won,1.0,16600.0,USD,2025-03-16,2025-06-23,2025-05-31,2025-05-31 15:41:00
O001418,Zenith Retail Group - Cloud Suite,A0388,S002,Cloud Suite,Inbound,Closed Lost,0.0,27500.0,USD,2024-12-19,2025-03-05,2025-03-11,2025-03-11 11:47:00
O000426,Pioneer Foods LLC - Collaboration Tools,A0308,S038,Collaboration Tools,Outbound,Closed Lost,0.0,7500.0,USD,2024-04-02,2024-06-11,2024-05-21,2024-05-21 08:07:00
O000535,Vertex Systems Holdings - Cloud Suite,A0252,S027,Cloud Suite,Referral,Closed Won,1.0,29400.0,USD,2024-11-29,2025-01-21,2025-01-21,2025-01-21 15:03:00
O001055,Harbor Studios Group - Cloud Suite,A0309,S031,Cloud Suite,Referral,Qualification,0.25,,USD,2025-06-14,2025-07-30,,2025-06-26 16:34:00
O002294,Silver Energy LLC - Support Plan,A0020,S033,Support Plan,Partner,Closed Won,1.0,6100.0,USD,2024-11-30,2025-03-27,2025-04-24,2025-04-24 15:09:00
O002542,Nova Learning Inc. - Security Bundle,A0293,S040,Security Bundle,Outbound,Closed Lost,0.0,21600.0,USD,2025-02-25,2025-04-26,2025-05-20,2025-05-20 18:46:00
O001767,Vertex Media Ltd - Support Plan,A0355,S016,Support Plan,Outbound,Closed Lost,0.0,14800.0,USD,2025-01-31,2025-05-15,2025-04-05,2025-04-05 09:35:00
O000133,Cedar Hotels LLC - Collaboration Tools,A0156,S003,Collaboration Tools,Inbound,Closed Won,1.0,33200.0,usd,2024-08-25,2024-12-02,2024-12-29,2024-12-29 09:49:00
O002595,Falcon Logistics GmbH - Security Bundle,A0429,S025,Security Bundle,Inbound,Closed Lost,0.0,38800.0,USD,2025-05-29,2025-08-24,2025-06-16,2025-06-16 16:58:00
O001897,Silver Hotels Ltd - Security Bundle,A0264,S031,Security Bundle,Partner,Closed Lost,0.0,11700.0,USD,2024-07-27,2024-09-29,2024-11-18,2024-11-18 16:08:00
O000422,Blue Systems Ltd - Support Plan,A0404,S002,Support Plan,Outbound,Prospecting,0.1,20900.0,USD,2025-06-24,2025-10-14,,2025-06-29 14:53:00
O002699,Granite Retail Co. - Analytics Platform,A0438,S033,Analytics Platform,Inbound,Closed Lost,0.0,43700.0,USD,2024-08-18,2024-11-14,2024-10-15,2024-10-15 08:07:00
O002072,Atlas Capital Inc. - Security Bundle,A0218,S010,Security Bundle,Inbound,Closed Won,1.0,16500.0,USD,2024-01-03,2024-03-10,2024-02-28,2024-02-28 12:09:00
O001641,Atlas Systems Group - Cloud Suite,A0103,S030,Cloud Suite,Outbound,Closed Lost,0.0,24400.0,USD,2023-05-22,2023-09-07,2023-07-14,2023-07-14 16:56:00
O001369,North Pharma Group - Cloud Suite,A0340,S025,Cloud Suite,Outbound,Closed Lost,0.0,52800.0,USD,2025-02-08,2025-06-04,2025-04-11,2025-04-11 10:17:00
O000557,Harbor Learning S.A. - Analytics Platform,A0014,S005,Analytics Platform,Inbound,Closed Won,1.0,48700.0,usd,2023-10-07,2023-12-31,2024-01-13,2024-01-13 08:06:00
O002237,Pioneer Learning Inc. - Analytics Platform,A0344,S014,Analytics Platform,Outbound,Closed Lost,0.0,55300.0,USD,2023-09-12,2023-10-28,2023-10-26,2023-10-26 09:00:00
O002526,Delta Media Holdings - Cloud Suite,A0403,S011,Cloud Suite,Partner,Closed Won,1.0,28100.0,USD,2024-08-14,2024-10-05,2024-09-10,2024-09-10 12:50:00
O002720,Nova Logistics LLC - Cloud Suite,A0457,S030,Cloud Suite,Outbound,Closed Won,1.0,15700.0,USD,2025-04-08,2025-07-15,2025-05-05,2025-05-05 10:17:00
O000571,Blue Logistics S.A. - Cloud Suite,A0255,S010,Cloud Suite,Partner,Closed Lost,0.0,14600.0,USD,2025-04-12,2025-07-08,2025-05-17,2025-05-17 12:28:00
O000353,Delta Textiles GmbH - Analytics Platform,A0495,S030,Analytics Platform,Outbound,Closed Lost,0.0,10100.0,USD,2023-12-18,2024-03-21,2024-01-15,2024-01-15 18:40:00
O000092,Atlas Freight Group - Support Plan,A0157,S033,Support Plan,Inbound,Negotiation,0.75,20400.0,USD,2025-05-21,2025-07-07,,2025-06-24 10:19:00
O002155,Delta Capital Ltd - Cloud Suite,A0194,S037,Cloud Suite,Outbound,Qualification,0.25,,USD,2025-05-31,2025-08-07,,2025-06-25 08:23:00
O002572,Delta Learning Inc. - Cloud Suite,A0289,S029,Cloud Suite,Partner,Closed Lost,0.0,33600.0,USD,2024-03-20,2024-07-09,2024-04-07,2024-04-07 16:25:00
O001171,Orbit Studios Group - Cloud Suite,A0154,S018,Cloud Suite,Event,Closed Lost,0.0,14100.0,USD,2025-02-20,2025-05-03,2025-05-10,2025-05-10 17:28:00
O001552,North Freight LLC 329 - Cloud Suite,A0330,S033,Cloud Suite,Outbound,Closed Lost,0.0,30400.0,USD,2025-02-07,2025-05-17,2025-02-26,2025-02-26 17:26:00
O001286,Zenith Media Group - Support Plan,A0136,S023,Support Plan,Partner,Prospecting,0.1,3600.0,USD,2025-06-19,2025-10-18,,2025-06-25 15:46:00
O001772,Silver Energy S.A. - Cloud Suite,A0111,S026,Cloud Suite,Event,Closed Lost,0.0,22300.0,USD,2024-04-19,2024-07-22,2024-06-02,2024-06-02 14:35:00
O001873,Granite Pharma LLC - Security Bundle,A0329,S038,Security Bundle,Partner,Closed Lost,0.0,54500.0,USD,2025-04-11,2025-07-21,2025-04-22,2025-04-22 08:52:00
O001718,Zenith Retail Group - Analytics Platform,A0388,S002,Analytics Platform,Partner,Closed Lost,0.0,101800.0,USD,2023-08-19,2023-10-13,2023-10-28,2023-10-28 10:06:00
O001656,Summit Labs S.A. - Cloud Suite,A0271,S023,Cloud Suite,Referral,Closed Lost,0.0,23200.0,USD,2025-03-25,2025-05-29,2025-04-28,2025-04-28 16:39:00
O000698,Atlas Foods LLC - Cloud Suite,A0406,S026,Cloud Suite,Outbound,Closed Lost,0.0,17600.0,USD,2025-03-13,2025-06-16,2025-04-14,2025-04-14 17:55:00
O002544,Lumen Clinics LLC - Collaboration Tools,A0078,S029,Collaboration Tools,Outbound,Prospecting,0.1,9400.0,USD,2025-06-11,2025-08-27,,2025-06-29 14:39:00
O000349,Nova Clinics GmbH - Security Bundle,A0017,S026,Security Bundle,Referral,Closed Lost,0.0,18800.0,USD,2025-03-26,2025-07-14,2025-06-04,2025-06-04 13:25:00
O001627,Summit Motors Holdings - Collaboration Tools,A0237,S004,Collaboration Tools,Partner,Closed Lost,0.0,9600.0,USD,2023-02-07,2023-06-15,2023-02-28,2023-02-28 17:57:00
O002380,Granite Pharma LLC - Analytics Platform,A0329,S001,Analytics Platform,Outbound,Closed Won,1.0,35200.0,USD,2023-07-26,2023-10-02,2023-11-23,2023-11-23 12:04:00
O002466,North Media Co. - Analytics Platform,A0052,S003,Analytics Platform,Event,Closed Lost,0.0,39200.0,USD,2023-11-09,2024-01-28,2024-01-17,2024-01-17 13:25:00
O002757,Coral Retail Inc. - Analytics Platform,A0012,S025,Analytics Platform,Referral,Closed Lost,0.0,27600.0,USD,2023-07-14,2023-10-24,2023-08-14,2023-08-14 14:47:00
O001138,North Motors GmbH - Collaboration Tools,A0352,S034,Collaboration Tools,Partner,Closed Won,1.0,11700.0,USD,2025-04-01,2025-07-25,2025-05-05,2025-05-05 18:23:00
O001869,Lumen Learning Inc. - Cloud Suite,A0096,S005,Cloud Suite,Outbound,Closed Won,1.0,41500.0,USD,2024-03-07,2024-05-28,2024-05-24,2024-05-24 12:40:00
O001558,Vertex Media Ltd - Cloud Suite,A0355,S016,Cloud Suite,Event,Qualification,0.25,52100.0,USD,2025-05-30,2025-10-01,,2025-06-28 11:12:00
O002879,Pioneer Pharma Holdings - Security Bundle,A0013,S022,Security Bundle,Inbound,Closed Lost,0.0,13900.0,USD,2025-01-25,2025-04-26,2025-02-23,2025-02-23 13:54:00
O002863,Silver Foods Holdings - Cloud Suite,A0382,S023,Cloud Suite,Inbound,Closed Won,1.0,29300.0,USD,2024-03-13,2024-05-06,2024-06-12,2024-06-12 15:07:00
O001340,Pioneer Learning Inc. - Analytics Platform,A0344,S014,Analytics Platform,Partner,Closed Lost,0.0,89700.0,USD,2025-04-08,2025-07-13,2025-06-09,2025-06-09 13:53:00
O002527,Zenith Labs Holdings - Cloud Suite,A0223,S037,Cloud Suite,Event,Closed Lost,0.0,23900.0,USD,2024-05-11,2024-08-27,2024-06-04,2024-06-04 16:41:00
O000454,Silver Health Inc. - Collaboration Tools,A0036,S018,Collaboration Tools,Referral,Closed Lost,0.0,19600.0,USD,2023-07-24,2023-09-29,2023-08-23,2023-08-23 15:34:00
O000914,Zenith Hotels LLC 244 - Security Bundle,A0245,S031,Security Bundle,Partner,Closed Lost,0.0,34600.0,USD,2025-04-17,2025-07-27,2025-05-02,2025-05-02 10:42:00
O001200,Nile Pharma Ltd - Collaboration Tools,A0118,S002,Collaboration Tools,Referral,Closed Lost,0.0,14200.0,USD,2024-05-25,2024-08-16,2024-08-10,2024-08-10 11:54:00
O001275,North Capital Co. - Analytics Platform,A0239,S031,Analytics Platform,Event,Closed Lost,0.0,21300.0,USD,2023-03-20,2023-06-26,2023-04-18,2023-04-18 11:15:00
O001938,Atlas Clinics Group - Security Bundle,A0358,S032,Security Bundle,Inbound,Closed Lost,0.0,21000.0,USD,2024-12-24,2025-03-04,2024-12-31,2024-12-31 17:27:00
O000038,Coral Foods Ltd 306 - Analytics Platform,A0307,S022,Analytics Platform,Outbound,Closed Lost,0.0,20700.0,USD,2024-09-20,2024-11-05,2024-11-11,2024-11-11 10:56:00
O000975,Sahara Foods Co. - Support Plan,A0324,S017,Support Plan,Partner,Closed Lost,0.0,4300.0,USD,2023-09-22,2023-11-21,2023-10-01,2023-10-01 18:50:00
O002812,Atlas Freight Group - Cloud Suite,A0157,S033,Cloud Suite,Inbound,Negotiation,0.75,30500.0,USD,2025-05-04,2025-07-03,,2025-06-30 09:15:00
O000984,Pioneer Clinics Group - Cloud Suite,A0396,S002,Cloud Suite,Event,Closed Lost,0.0,17400.0,USD,2024-02-20,2024-05-28,2024-05-06,2024-05-06 15:35:00
O001877,Delta Motors GmbH - Security Bundle,A0182,S022,Security Bundle,Partner,Prospecting,0.1,10800.0,USD,2025-06-19,2025-09-06,,2025-06-27 08:48:00
O002397,Atlas Freight Group - Analytics Platform,A0157,S033,Analytics Platform,Partner,Closed Lost,0.0,38300.0,USD,2023-10-22,2023-12-10,2024-02-28,2024-02-28 11:08:00
O001419,Summit Pharma S.A. - Security Bundle,A0240,S008,Security Bundle,Partner,Closed Won,1.0,7300.0,USD,2024-07-25,2024-09-14,2024-08-31,2024-08-31 12:39:00
O001285,Prime Health Holdings - Cloud Suite,A0267,S006,Cloud Suite,Outbound,Closed Won,1.0,31700.0,USD,2024-03-21,2024-07-11,2024-05-24,2024-05-24 08:07:00
O000040,Falcon Foods GmbH - Cloud Suite,A0132,S005,Cloud Suite,Outbound,Closed Won,1.0,31300.0,USD,2024-08-31,2024-11-30,2024-11-11,2024-11-11 15:30:00
O001487,Summit Foods S.A. - Cloud Suite,A0443,S008,Cloud Suite,Referral,Closed Won,1.0,19000.0,USD,2023-08-16,2023-12-05,2023-11-07,2023-11-07 15:58:00
O002472,Nile Health Group - Cloud Suite,A0069,S016,Cloud Suite,Outbound,Closed Lost,0.0,15600.0,USD,2023-01-26,2023-03-31,2023-03-22,2023-03-22 13:17:00
O000170,Vertex Textiles Co. - Cloud Suite,A0204,S005,Cloud Suite,Outbound,Closed Lost,0.0,75600.0,USD,2024-01-09,2024-05-17,2024-02-22,2024-02-22 13:08:00
O001356,Granite Retail Co. - Analytics Platform,A0438,S033,Analytics Platform,Partner,Closed Won,1.0,26000.0,USD,2023-07-29,05/10/2023,2023-09-07,2023-09-07 10:34:00
O000738,Prime Media GmbH - Cloud Suite,A0371,S027,Cloud Suite,Inbound,Closed Lost,0.0,19400.0,USD,2025-02-21,2025-04-15,2025-04-04,2025-04-04 16:07:00
O001617,Cedar Studios S.A. - Collaboration Tools,A0279,S012,Collaboration Tools,Partner,Closed Lost,0.0,18100.0,USD,2025-04-08,2025-06-10,2025-05-23,2025-05-23 15:37:00
O002741,North Freight LLC - Cloud Suite,A0016,S024,Cloud Suite,Outbound,Closed Lost,0.0,61500.0,USD,2023-02-14,2023-06-15,2023-04-17,2023-04-17 15:02:00
O001972,Lumen Logistics LLC - Cloud Suite,A0233,S026,Cloud Suite,Inbound,Prospecting,0.1,14400.0,USD,2025-06-26,2025-09-10,,2025-06-28 18:33:00
O000635,Nova Logistics Inc. - Support Plan,A0387,S016,Support Plan,Inbound,qualification,0.25,9400.0,USD,2025-05-14,2025-09-01,,2025-06-26 15:11:00
O002688,Orbit Learning Inc. - Analytics Platform,A0179,S012,Analytics Platform,Inbound,Closed Lost,0.0,24100.0,USD,2025-03-03,2025-05-07,2025-04-28,2025-04-28 17:47:00
O001993,Falcon Pharma GmbH - Cloud Suite,A0277,S015,Cloud Suite,Event,Closed Lost,0.0,35200.0,USD,2023-10-14,2024-01-11,2023-12-18,2023-12-18 14:14:00
O001291,Delta Hotels LLC - Cloud Suite,A0427,S012,Cloud Suite,Partner,Closed Won,1.0,24400.0,USD,2025-04-30,2025-08-15,2025-05-29,2025-05-29 15:01:00
O001381,Lumen Capital S.A. 469 - Support Plan,A0470,S006,Support Plan,Outbound,Closed Lost,0.0,10200.0,USD,2023-03-15,2023-04-29,2023-05-22,2023-05-22 11:37:00
O000580,Orbit Labs Inc. - Cloud Suite,A0004,S040,Cloud Suite,Outbound,Closed Lost,0.0,32200.0,USD,2024-06-13,2024-08-17,2024-08-02,2024-08-02 15:57:00
O000329,Orbit Pharma Inc. - Collaboration Tools,A0027,S016,Collaboration Tools,Referral,Closed Lost,0.0,11700.0,USD,2024-05-04,2024-06-27,2024-06-14,2024-06-14 11:38:00
O001711,Nile Studios Co. - Analytics Platform,A0296,S010,Analytics Platform,Event,Closed Lost,0.0,15000.0,USD,2023-07-04,2023-09-09,2023-07-31,2023-07-31 16:52:00
O000893,Orbit Health GmbH - Security Bundle,A0192,S017,Security Bundle,Outbound,Closed Lost,0.0,35100.0,USD,2024-07-06,2024-09-27,2024-10-20,2024-10-20 13:22:00
O001964,Prime Energy Inc. - Analytics Platform,A0159,S015,Analytics Platform,Partner,Closed Lost,0.0,26900.0,USD,2024-10-03,2025-01-03,2024-11-20,2024-11-20 16:10:00
O000781,Orbit Freight Ltd - Collaboration Tools,A0389,S012,Collaboration Tools,Inbound,Closed Won,1.0,8800.0,USD,2025-04-14,2025-08-15,2025-06-17,2025-06-17 10:54:00
O000160,Pioneer Learning LLC - Collaboration Tools,A0197,S040,Collaboration Tools,Inbound,Negotiation,0.75,26400.0,USD,2025-03-06,2025-04-28,,2025-06-27 08:46:00
O001612,North Motors S.A. - Collaboration Tools,A0094,S009,Collaboration Tools,Partner,Negotiation,0.75,13800.0,USD,2025-03-11,2025-06-22,,2025-06-26 17:53:00
O001722,Prime Motors Co. 365 - Security Bundle,A0366,S019,Security Bundle,Outbound,Closed Won,1.0,21600.0,USD,2023-02-25,2023-04-16,2023-05-13,2023-05-13 11:26:00
O002358,Granite Retail Inc. - Collaboration Tools,A0166,S037,Collaboration Tools,Inbound,Closed Won,1.0,8100.0,USD,2024-02-13,2024-05-11,2024-02-26,2024-02-26 13:36:00
O000062,Prime Hotels LLC 96 - Analytics Platform,A0097,S002,Analytics Platform,Outbound,Closed Lost,0.0,59100.0,USD,2023-09-27,2024-01-30,2024-01-22,2024-01-22 12:06:00
O000850,Zenith Retail Group - Security Bundle,A0388,S002,Security Bundle,Inbound,Closed Lost,0.0,21800.0,USD,2024-01-18,2024-05-11,2024-02-24,2024-02-24 10:07:00
O002162,Prime Capital S.A. - Security Bundle,A0172,S009,Security Bundle,Outbound,Closed Lost,0.0,58200.0,USD,2023-02-03,2023-03-22,2023-04-18,2023-04-18 15:34:00
O002935,Harbor Motors Inc. 216 - Analytics Platform,A0217,S008,Analytics Platform,Outbound,Closed Won,1.0,16000.0,USD,2025-03-19,2025-06-16,2025-05-29,2025-05-29 10:40:00
O002483,Atlas Systems Group - Cloud Suite,A0103,S035,Cloud Suite,Partner,Closed Won,1.0,14100.0,USD,2023-01-07,2023-03-16,2023-01-30,2023-01-30 08:51:00
O001044,Delta Markets GmbH - Collaboration Tools,A0439,S022,Collaboration Tools,Inbound,Closed Lost,0.0,8300.0,USD,2023-01-12,2023-03-10,2023-02-23,2023-02-23 17:45:00
O002894,Atlas Systems Group - Collaboration Tools,A0103,S030,Collaboration Tools,Partner,Closed Lost,0.0,6200.0,USD,2024-05-07,2024-07-15,2024-06-01,2024-06-01 14:47:00
O001545,Summit Freight Inc. - Cloud Suite,A0415,S022,Cloud Suite,Event,Proposal,0.5,11300.0,USD,2025-04-28,2025-07-26,,2025-06-30 15:42:00
O002010,Vertex Textiles Ltd - Support Plan,A0112,S038,Support Plan,Referral,Closed Lost,0.0,4600.0,USD,2024-07-19,2024-09-11,2024-09-14,2024-09-14 10:49:00
O002685,Granite Retail S.A. 223 - Security Bundle,A0224,S001,Security Bundle,Referral,Closed Lost,0.0,15500.0,USD,2024-11-10,2025-01-18,2024-11-20,2024-11-20 09:59:00
O001071,Prime Labs Holdings - Analytics Platform,A0024,S019,Analytics Platform,Partner,Closed  Lost,0.0,26800.0,usd,2023-12-30,2024-03-12,2024-01-18,2024-01-18 10:05:00
O000054,Delta Industries Group - Cloud Suite,A0227,S012,Cloud Suite,Inbound,Closed Won,1.0,36600.0,USD,2024-08-31,28/11/2024,2024-09-22,2024-09-22 18:13:00
O002478,Nile Pharma Ltd - Security Bundle,A9905,S027,Security Bundle,Event,Closed Won,1.0,15000.0,USD,2023-04-06,2023-05-25,2023-06-12,2023-06-12 10:32:00
O000259,Pioneer Studios LLC - Collaboration Tools,A0351,S021,Collaboration Tools,Outbound,Closed Lost,0.0,26200.0,USD,2024-05-18,2024-07-31,2024-06-07,2024-06-07 18:56:00
O000506,Blue Logistics S.A. - Cloud Suite,A0255,S010,Cloud Suite,Partner,Closed Lost,0.0,15200.0,USD,2025-04-04,2025-06-24,2025-04-26,2025-04-26 11:26:00
O000753,Falcon Consulting Ltd - Support Plan,A0391,S032,Support Plan,Inbound,Closed Lost,0.0,8300.0,USD,2025-03-09,2025-06-08,2025-05-12,2025-05-12 13:09:00
O002052,Lumen Markets S.A. - Security Bundle,A0254,S027,Security Bundle,Referral,Closed Lost,0.0,15500.0,USD,2024-05-10,2024-08-22,2024-07-28,2024-07-28 13:05:00
O000218,Sahara Pharma GmbH - Cloud Suite,A0453,S036,Cloud Suite,Referral,Prospecting,0.1,39600.0,usd,2025-06-13,2025-10-15,,2025-06-25 12:41:00
O000825,Coral Industries Co. - Security Bundle,A0299,S032,Security Bundle,Event,Closed Lost,0.0,27000.0,USD,2024-05-14,2024-08-29,2024-08-21,2024-08-21 18:41:00
O001584,Falcon Logistics Ltd - Cloud Suite,A0459,S037,Cloud Suite,Partner,Closed Lost,0.0,22300.0,USD,2023-12-24,2024-04-16,2024-01-14,2024-01-14 14:10:00
O002240,Sahara Studios Holdings - Cloud Suite,A0086,S012,Cloud Suite,Outbound,Qualification,0.25,16500.0,USD,2024-03-18,2024-06-10,2024-05-08,2024-04-06 09:44:00
O002307,Atlas Capital Co. - Security Bundle,A0130,S002,Security Bundle,Referral,Closed Lost,0.0,17400.0,USD,2023-09-23,2023-12-28,2024-01-14,2024-01-14 15:46:00
O001390,Silver Logistics Co. - Support Plan,A0174,S018,Support Plan,Outbound,Closed Lost,0.0,4600.0,USD,2024-12-27,2025-03-10,2025-03-16,2025-03-16 09:48:00
O002540,Granite Pharma Holdings - Support Plan,A0326,S031,Support Plan,Partner,Closed Lost,0.0,6500.0,USD,2025-02-28,2025-04-20,2025-06-17,2025-06-17 14:09:00
O001267,Lumen Markets S.A. - Cloud Suite,A0254,S027,Cloud Suite,Referral,Closed Won,1.0,12100.0,USD,2024-05-19,2024-07-12,2024-07-24,2024-07-24 10:28:00
O002501,Sahara Systems Inc. - Collaboration Tools,A0487,S016,Collaboration Tools,Inbound,Closed Won,1.0,23400.0,USD,2023-07-19,2023-10-27,2023-12-03,2023-12-03 08:37:00
O001781,Blue Retail Holdings - Analytics Platform,A0463,S024,Analytics Platform,Inbound,Prospecting,0.1,26300.0,USD,2025-06-19,2025-09-29,,2025-06-27 12:56:00
O000772,Atlas Energy LLC - Security Bundle,A0362,S006,Security Bundle,Inbound,Closed Lost,0.0,19500.0,USD,2024-01-11,2024-03-26,2024-02-01,2024-02-01 16:38:00
O002845,Pioneer Media Co. - Collaboration Tools,A0297,S018,Collaboration Tools,Event,Closed Lost,0.0,9800.0,USD,2024-02-07,2024-05-31,2024-04-02,2024-04-02 12:49:00
O002464,Lumen Consulting S.A. - Security Bundle,A0050,S012,Security Bundle,Outbound,Closed Won,1.0,14500.0,USD,2024-02-03,2024-04-12,2024-02-20,2024-02-20 12:37:00
O002726,Granite Pharma Holdings - Cloud Suite,A0326,S031,Cloud Suite,Inbound,Closed Won,1.0,6800.0,USD,2024-05-28,2024-09-20,2024-06-18,2024-06-18 10:47:00
O001086,Atlas Hotels GmbH - Cloud Suite,A0241,S018,Cloud Suite,Outbound,Closed Won,1.0,12500.0,USD,2024-02-22,2024-06-23,2024-03-12,2024-03-12 16:59:00
O001789,Cedar Markets GmbH - Analytics Platform,A0064,S023,Analytics Platform,Partner,Closed Lost,0.0,34500.0,USD,2023-07-03,2023-09-29,2023-09-11,2023-09-11 11:30:00
O001599,Harbor Textiles S.A. - Analytics Platform,A0228,S009,Analytics Platform,Outbound,PROSPECTING,0.1,47700.0,USD,2025-06-25,2025-10-24,,2025-06-27 16:19:00
O001326,Summit Logistics Inc. - Analytics Platform,A0063,S004,Analytics Platform,Referral,Closed Lost,0.0,22900.0,USD,2023-08-18,2023-12-25,2023-11-04,2023-11-04 11:21:00
O002152,Blue Consulting LLC - Collaboration Tools,A0312,S005,Collaboration Tools,Event,Closed Lost,0.0,6300.0,USD,2023-07-31,2023-10-23,2023-10-17,2023-10-17 09:24:00
O001622,Coral Capital Ltd - Analytics Platform,A0105,S020,Analytics Platform,Inbound,Closed Won,1.0,26000.0,USD,2025-05-11,2025-08-19,2025-06-14,2025-06-14 17:08:00
O001784,Sahara Labs LLC - Cloud Suite,A0302,S023,Cloud Suite,Inbound,Closed Lost,0.0,39000.0,USD,2023-06-13,2023-08-10,2023-08-01,2023-08-01 13:38:00
O001715,Silver Learning S.A. - Analytics Platform,A0215,S037,Analytics Platform,Outbound,Closed Lost,0.0,66700.0,USD,2025-04-17,2025-06-07,2025-05-17,2025-05-17 08:39:00
O001953,Atlas Clinics Ltd - Security Bundle,A0010,S020,Security Bundle,Referral,Closed Won,1.0,8400.0,USD,2023-05-05,2023-08-13,2023-08-16,2023-08-16 16:15:00
O001749,Zenith Media Co. - Cloud Suite,A0456,S015,Cloud Suite,Inbound,Closed Lost,0.0,41600.0,USD,2024-05-18,2024-07-12,2024-07-28,2024-07-28 13:04:00
O001750,Falcon Clinics Group - Collaboration Tools,A0058,S002,Collaboration Tools,Referral,Closed Lost,0.0,29000.0,usd,2023-03-13,2023-05-14,2023-05-09,2023-05-09 15:19:00
O001785,Nile Textiles Co. - Cloud Suite,A0178,S005,Cloud Suite,Referral,Closed Lost,0.0,29800.0,USD,2024-09-20,2024-12-31,2025-01-21,2025-01-21 10:03:00
O001164,Harbor Consulting Group - Analytics Platform,A0082,S011,Analytics Platform,Outbound,Closed Lost,0.0,38600.0,USD,2024-01-02,2024-03-12,2024-02-14,2024-02-14 17:57:00
O000964,Sahara Foods Co. - Analytics Platform,A0324,S017,Analytics Platform,Inbound,Closed Lost,0.0,36000.0,USD,2025-05-12,2025-07-09,2025-06-19,2025-06-19 13:22:00
O002945,Pioneer Pharma Inc. - Security Bundle,A0376,S035,Security Bundle,Outbound,Closed Lost,0.0,13700.0,USD,2023-01-21,2023-05-04,2023-02-11,2023-02-11 15:11:00
O001731,Blue Health LLC - Cloud Suite,A0260,S031,Cloud Suite,Partner,Closed Lost,0.0,14600.0,usd,2024-10-30,2025-01-10,2024-12-02,2024-12-02 14:27:00
O000399,Nile Pharma Ltd - Analytics Platform,A0118,S010,Analytics Platform,Partner,Closed Won,1.0,32200.0,USD,2023-12-14,2024-02-13,2024-03-06,2024-03-06 16:51:00
O000585,Falcon Consulting Ltd - Collaboration Tools,A0391,S032,Collaboration Tools,Partner,Closed Won,1.0,6200.0,USD,2025-03-30,2025-06-23,2025-04-14,2025-04-14 16:44:00
O000949,Blue Energy Ltd - Cloud Suite,A0433,S007,Cloud Suite,Outbound,Closed Lost,0.0,12400.0,USD,2025-03-15,2025-06-19,2025-04-28,2025-04-28 15:58:00
O000705,Lumen Capital Holdings - Security Bundle,A0042,S034,Security Bundle,Outbound,Closed Lost,0.0,11000.0,USD,2025-05-26,2025-07-25,2025-06-30,2025-06-30 17:36:00
O000432,Lumen Learning Inc. - Security Bundle,A0096,S005,Security Bundle,Referral,Closed Lost,0.0,26700.0,USD,2023-07-25,2023-09-27,2023-08-31,2023-08-31 08:45:00
O000293,Atlas Motors Inc. - Collaboration Tools,A0040,S011,Collaboration Tools,Partner,Closed Won,1.0,9800.0,USD,2025-02-02,2025-05-03,2025-04-13,2025-04-13 18:58:00
O000146,Vertex Motors LLC - Cloud Suite,A0294,S033,Cloud Suite,Inbound,Closed Lost,0.0,58400.0,USD,2024-12-14,2025-02-27,2025-01-17,2025-01-17 12:36:00
O000324,Coral Capital GmbH - Security Bundle,A0220,S002,Security Bundle,Inbound,Closed Lost,0.0,34900.0,USD,2024-03-05,2024-06-29,2024-05-17,2024-05-17 13:52:00
O002141,Delta Labs LLC - Cloud Suite,A0363,S008,Cloud Suite,Partner,Closed Lost,0.0,13100.0,USD,2024-06-08,2024-09-19,2024-06-18,2024-06-18 08:50:00
O001166,Blue Retail Inc. - Analytics Platform,A0183,S016,Analytics Platform,Inbound,Closed Won,1.0,50200.0,USD,2025-05-10,2025-07-08,2025-06-06,2025-06-06 10:01:00
O001453,Lumen Consulting Inc. - Security Bundle,A0211,S032,Security Bundle,Referral,Closed Lost,0.0,11700.0,USD,2024-10-25,2024-12-09,2024-11-19,2024-11-19 09:12:00
O000003,Summit Media Group 359 - Cloud Suite,A0360,S040,Cloud Suite,Inbound,Closed Lost,0.0,25900.0,USD,2025-05-07,2025-09-01,2025-06-13,2025-06-13 09:16:00
O000577,Vertex Motors LLC - Support Plan,A0294,S033,Support Plan,Inbound,Closed Lost,0.0,25200.0,USD,2024-09-08,2024-12-17,2024-11-07,2024-11-07 17:33:00
O002334,Coral Motors Co. - Support Plan,A0295,S016,Support Plan,Partner,Closed Won,1.0,7000.0,USD,2024-11-06,2025-03-11,2025-01-06,2025-01-06 18:21:00
O000340,Orbit Consulting GmbH - Cloud Suite,A0262,S012,Cloud Suite,Event,Closed Won,1.0,8800.0,USD,2024-06-02,2024-08-17,2024-07-08,2024-07-08 17:06:00
O002430,Atlas Clinics Ltd - Analytics Platform,A0010,S020,Analytics Platform,Inbound,Closed Won,1.0,48700.0,USD,2024-10-13,2025-02-07,2024-11-22,2024-11-22 11:00:00
O001823,Coral Media GmbH - Security Bundle,A0446,S008,Security Bundle,Inbound,Closed Lost,0.0,12800.0,USD,2025-01-16,2025-05-12,2025-02-13,2025-02-13 09:10:00
O000926,Harbor Retail Holdings - Security Bundle,A0331,S019,Security Bundle,Inbound,Closed Lost,0.0,21400.0,USD,2025-05-20,2025-07-10,2025-06-18,2025-06-18 16:15:00
O000266,Orbit Health S.A. 192 - Cloud Suite,A0193,S023,Cloud Suite,Event,Closed Won,1.0,15300.0,USD,2023-04-17,2023-06-05,2023-06-21,2023-06-21 13:32:00
O000377,North Pharma Group - Analytics Platform,A0340,S025,Analytics Platform,Partner,Closed Lost,0.0,46100.0,USD,2024-08-14,2024-10-11,2024-10-18,2024-10-18 08:00:00
O002264,Blue Hotels Ltd - Collaboration Tools,A0216,S024,Collaboration Tools,Outbound,Closed Won,1.0,18400.0,USD,2025-03-23,2025-06-15,2025-05-21,2025-05-21 10:55:00
O001464,Coral Energy S.A. - Support Plan,A0134,S011,Support Plan,Referral,Proposal,0.5,7700.0,USD,2025-05-11,2025-07-20,,2025-06-24 11:53:00
O000272,Blue Health LLC - Cloud Suite,A0260,S031,Cloud Suite,Inbound,Closed Lost,0.0,7900.0,USD,2024-02-11,2024-04-01,2024-05-05,2024-05-05 08:36:00
O000697,Vertex Media GmbH - Security Bundle,A9910,S029,Security Bundle,Partner,Closed Won,1.0,25600.0,USD,2024-03-19,2024-06-15,2024-05-17,2024-05-17 16:07:00
O002739,Harbor Pharma Ltd - Cloud Suite,A0208,S029,Cloud Suite,Inbound,Closed Lost,0.0,11600.0,USD,2024-01-06,2024-03-15,2024-02-15,2024-02-15 13:24:00
O000245,Orbit Capital Ltd - Cloud Suite,A0305,S027,Cloud Suite,Inbound,Closed Won,1.0,10100.0,USD,2024-05-20,2024-09-15,2024-06-10,2024-06-10 14:04:00
O002856,Cedar Clinics Co. - Collaboration Tools,A0074,S029,Collaboration Tools,Outbound,Closed Lost,0.0,13400.0,USD,2023-03-07,2023-06-16,2023-03-25,2023-03-25 12:08:00
O000477,Nile Energy Inc. - Support Plan,A0205,S007,Support Plan,Outbound,Negotiation,0.75,4100.0,USD,2025-04-25,2025-06-25,,2025-06-26 12:17:00
O001764,Nile Media Group - Analytics Platform,A0348,S009,Analytics Platform,Partner,Closed Won,1.0,42900.0,USD,2023-11-17,2024-03-13,2024-03-01,2024-03-01 14:48:00
O001792,Lumen Capital S.A. - Analytics Platform,A0055,S019,Analytics Platform,Partner,CLOSED LOST,0.0,19300.0,USD,2023-03-07,2023-05-14,2023-07-15,2023-07-15 10:25:00
O002744,Cedar Studios Holdings - Analytics Platform,A0072,S028,Analytics Platform,Outbound,Closed Won,1.0,19000.0,USD,2024-10-13,2024-12-01,2024-12-06,2024-12-06 15:50:00
O001745,Harbor Learning LLC - Security Bundle,A0469,S027,Security Bundle,Outbound,Closed Lost,0.0,10100.0,USD,2024-07-29,2024-10-01,2024-09-20,2024-09-20 13:26:00
O002576,Vertex Studios Holdings - Cloud Suite,A0089,S037,Cloud Suite,Event,Closed Lost,0.0,25500.0,USD,2024-12-27,2025-03-07,2025-01-28,2025-01-28 11:39:00
O002826,Cedar Clinics Co. - Cloud Suite,A0074,S029,Cloud Suite,Partner,Closed Lost,0.0,31700.0,USD,2025-05-07,2025-07-27,2025-05-27,2025-05-27 12:05:00
O002997,Coral Health Co. - Security Bundle,A0315,S029,Security Bundle,Referral,Proposal,0.5,33400.0,USD,2025-05-22,2025-08-05,,2025-06-29 11:21:00
O002115,Granite Systems GmbH - Analytics Platform,A0484,S037,Analytics Platform,Inbound,Closed Lost,0.0,22000.0,USD,2023-01-25,2023-03-25,2023-03-07,2023-03-07 18:29:00
O001942,Summit Consulting Holdings - Security Bundle,A0080,S014,Security Bundle,Outbound, Closed Lost ,0.0,24400.0,USD,2023-08-04,2023-11-30,2023-10-03,2023-10-03 10:17:00
O000251,Nova Motors LLC 433 - Analytics Platform,A0434,S031,Analytics Platform,Partner,Closed Won,1.0,39200.0,USD,2024-05-27,2024-08-13,2024-08-22,2024-08-22 16:25:00
O000414,Summit Foods S.A. - Analytics Platform,A0443,S008,Analytics Platform,Inbound,Closed Won,1.0,42600.0,USD,2023-01-12,2023-05-06,2023-04-04,2023-04-04 13:42:00
O000546,Granite Capital GmbH - Cloud Suite,A0409,S018,Cloud Suite,Outbound,Closed Lost,0.0,17400.0,USD,2024-11-01,2025-02-04,2024-12-28,2024-12-28 10:10:00
O001194,Nova Logistics LLC - Analytics Platform,A0457,S030,Analytics Platform,Inbound,Closed Won,1.0,17800.0,USD,2024-12-09,2025-03-05,2024-12-23,2024-12-23 10:19:00
O000739,Vertex Foods GmbH - Security Bundle,A0356,S001,Security Bundle,Outbound,Closed Won,1.0,15200.0,USD,2025-04-28,2025-07-23,2025-05-19,2025-05-19 18:30:00
O000311,Zenith Studios Inc. - Collaboration Tools,A0030,S033,Collaboration Tools,Partner,Negotiation,0.75,16500.0,USD,2025-05-09,2025-07-05,,2025-06-29 09:49:00
O001879,Harbor Studios S.A. - Cloud Suite,A0265,S002,Cloud Suite,Event,Closed Lost,0.0,25500.0,USD,2025-02-16,2025-06-05,2025-03-25,2025-03-25 08:45:00
O000894,Granite Motors S.A. - Cloud Suite,A0119,S004,Cloud Suite,Event,Closed Lost,0.0,15200.0,usd,2023-05-13,2023-08-17,2023-08-04,2023-08-04 12:10:00
O001132,Falcon Foods LLC - Security Bundle,A0385,S038,Security Bundle,Outbound,Closed Lost,0.0,12800.0,USD,2025-03-31,2025-05-26,2025-06-21,2025-06-21 15:37:00
O001450,Prime Hotels LLC 96 - Support Plan,A0097,S002,Support Plan,Partner,Prospecting,0.1,12900.0,USD,2025-06-13,2025-08-26,,2025-06-29 11:14:00
O002950,Nova Energy Inc. - Analytics Platform,A0405,S032,Analytics Platform,Outbound,Closed Lost,0.0,49700.0,USD,2023-01-19,2023-04-14,2023-02-24,2023-02-24 12:52:00
O000016,Summit Media Group - Security Bundle,A0170,S031,Security Bundle,Inbound,Closed Lost,0.0,18800.0,USD,2025-03-12,2025-07-14,2025-03-19,2025-03-19 14:07:00
O002025,Prime Systems S.A. - Analytics Platform,A0320,S011,Analytics Platform,Outbound,Closed Won,1.0,22400.0,USD,2023-11-05,2024-01-24,2024-01-28,2024-01-28 18:31:00
O000722,Orbit Consulting Group - Analytics Platform,A0035,S022,Analytics Platform,Outbound,Closed Lost,0.0,20200.0,USD,2024-09-10,2024-11-11,2024-11-10,2024-11-10 10:42:00
O001421,Zenith Learning S.A. - Collaboration Tools,A0491,S022,Collaboration Tools,Outbound,Qualification,0.25,17500.0,USD,2025-05-20,2025-09-10,,2025-06-30 14:21:00
O002674,Pioneer Systems Group - Collaboration Tools,A0461,S016,Collaboration Tools,Inbound, Closed Lost ,0.0,11800.0,USD,2025-03-23,2025-07-24,2025-06-09,2025-06-09 10:42:00
O000982,Nova Clinics GmbH 317 - Analytics Platform,A0318,S027,Analytics Platform,Referral,Closed Lost,0.0,29700.0,USD,2024-05-24,2024-08-22,2024-08-05,2024-08-05 18:26:00
O001946,Summit Media S.A. - Cloud Suite,A0122,S009,Cloud Suite,Inbound,Closed Lost,0.0,32200.0,USD,2023-05-09,2023-09-04,2023-06-14,2023-06-14 08:06:00
O001540,Sahara Hotels Co. - Cloud Suite,A0251,S031,Cloud Suite,Outbound,Closed Won,1.0,19100.0,USD,2024-10-10,2024-11-25,2024-11-22,2024-11-22 17:32:00
O002988,Summit Clinics Ltd - Analytics Platform,A0442,S036,Analytics Platform,Referral,Closed Won,1.0,19200.0,USD,2023-06-16,2023-08-07,2023-08-31,2023-08-31 18:53:00
O001551,Lumen Pharma Inc. - Cloud Suite,A0269,S016,Cloud Suite,Inbound,Closed Won,1.0,27200.0,USD,2023-04-02,2023-07-08,2023-08-01,2023-08-01 13:54:00
O002457,Silver Health Inc. - Security Bundle,A0036,S016,Security Bundle,Inbound,Closed Lost,0.0,20400.0,USD,2025-05-07,2025-08-23,2025-06-28,2025-06-28 17:08:00
O000364,Zenith Industries GmbH - Analytics Platform,A0498,S039,Analytics Platform,Event,Closed Lost,0.0,85400.0,USD,2024-02-20,2024-06-13,2024-05-10,2024-05-10 09:22:00
O000983,Harbor Labs Ltd - Cloud Suite,A0435,S011,Cloud Suite,Referral,Closed Lost,0.0,14800.0,usd,2023-01-26,01/05/2023,2023-04-24,2023-04-24 13:15:00
O000183,Sahara Labs Ltd - Collaboration Tools,A0147,S019,Collaboration Tools,Partner,Closed Won,1.0,6400.0,usd,2023-02-28,2023-04-24,2023-06-04,2023-06-04 09:37:00
O000986,Vertex Hotels GmbH - Collaboration Tools,A0121,S028,Collaboration Tools,Outbound,Closed Won,1.0,8000.0,USD,2023-06-21,2023-09-06,2023-08-10,2023-08-10 15:42:00
O002775,Coral Clinics Inc. - Security Bundle,A0081,S021,Security Bundle,Outbound,Negotiation,0.75,,USD,2025-04-14,2025-06-26,,2025-06-27 08:39:00
O001195,Nile Energy Ltd - Analytics Platform,A0037,S007,Analytics Platform,Event,Closed Lost,0.0,19800.0,USD,2025-05-22,2025-07-21,2025-06-10,2025-06-10 16:07:00
O001840,Atlas Clinics GmbH - Collaboration Tools,A0061,S026,Collaboration Tools,Partner,Closed Won,1.0,14300.0,USD,2023-05-19,2023-08-07,2023-08-26,2023-08-26 14:43:00
O001744,Zenith Media Group - Cloud Suite,A0136,S023,Cloud Suite,Referral,Closed Lost,0.0,24500.0,USD,2024-02-27,2024-06-11,2024-03-07,2024-03-07 16:09:00
O001122,Silver Systems Co. - Analytics Platform,A0342,S018,Analytics Platform,Inbound,Closed Lost,0.0,13600.0,USD,2025-03-03,2025-06-20,2025-05-17,2025-05-17 10:26:00
O000188,Summit Labs S.A. - Analytics Platform,A0271,S023,Analytics Platform,Event,Prospecting,0.1,29700.0,USD,2025-06-14,2025-09-13,,2025-06-24 13:48:00
O000620,Silver Capital LLC - Collaboration Tools,A0236,S004,Collaboration Tools,Outbound,Closed Lost,0.0,8000.0,USD,2025-05-06,27/08/2025,2025-06-05,2025-06-05 17:31:00
O002600,Zenith Retail GmbH - Collaboration Tools,A0167,S023,Collaboration Tools,Partner,Closed Lost,0.0,7800.0,USD,2024-11-02,2025-03-07,2025-01-06,2025-01-06 09:15:00
O001176,Zenith Hotels LLC 244 - Collaboration Tools,A0245,S031,Collaboration Tools,Partner,Closed Lost,0.0,13300.0,USD,2024-09-09,2025-01-06,2024-10-28,2024-10-28 12:34:00
O001183,Pioneer Consulting Holdings - Cloud Suite,A0474,S040,Cloud Suite,Partner,Closed Lost,0.0,27800.0,USD,2024-07-17,2024-11-08,2024-08-29,2024-08-29 08:17:00
O002418,Silver Markets Inc. - Analytics Platform,A0272,S011,Analytics Platform,Outbound,Closed Lost,0.0,17400.0,USD,2025-05-19,2025-08-23,2025-06-19,2025-06-19 11:49:00
O002233,Lumen Hotels LLC - Cloud Suite,A0412,S025,Cloud Suite,Outbound,Closed Lost,0.0,56500.0,USD,2024-11-10,2025-03-15,2024-12-15,2024-12-15 18:19:00
O000615,Silver Energy Co. - Security Bundle,A0499,S008,Security Bundle,Partner,Closed Lost,0.0,22700.0,USD,2024-06-17,2024-08-18,2024-08-06,2024-08-06 18:36:00
O001514,Harbor Studios Group - Cloud Suite,A0309,S031,Cloud Suite,Partner,Closed Lost,0.0,19700.0,USD,2024-07-04,2024-09-15,2024-07-19,2024-07-19 11:33:00
O001467,Nova Logistics Inc. - Support Plan,A0387,S016,Support Plan,Partner,Negotiation,0.75,7700.0,USD,2025-02-24,2025-06-18,,2025-06-29 09:30:00
O000402,Atlas Energy LLC - Analytics Platform,A0362,S019,Analytics Platform,Partner,Closed Lost,0.0,31900.0,USD,2024-12-19,2025-03-15,2025-03-03,2025-03-03 08:36:00
O000995,Nova Energy Ltd - Support Plan,A0383,S040,Support Plan,Event,Closed Lost,0.0,11700.0,USD,2025-04-05,2025-05-21,2025-05-08,2025-05-08 11:22:00
O000935,Atlas Energy Co. - Cloud Suite,A0155,S004,Cloud Suite,Referral,Closed Lost,0.0,19100.0,USD,2024-05-29,02/08/2024,2024-08-02,2024-08-02 18:59:00
O000372,Zenith Pharma Holdings - Collaboration Tools,A0306,S011,Collaboration Tools,Partner,Prospecting,0.1,14700.0,USD,2025-05-30,2025-10-05,,2025-06-26 16:48:00
O002444,Pioneer Labs Inc. 481 - Security Bundle,A0482,S036,Security Bundle,Partner,Closed Lost,0.0,21900.0,USD,2025-01-18,2025-03-25,2025-02-23,2025-02-23 08:49:00
O002652,Summit Motors Group - Analytics Platform,A0021,S023,Analytics Platform,Partner,Closed Lost,0.0,22800.0,USD,2023-11-12,2024-03-19,2023-12-01,2023-12-01 08:19:00
O000594,Summit Freight Ltd - Collaboration Tools,A0109,S026,Collaboration Tools,Inbound,Closed Lost,0.0,9700.0,USD,2024-12-03,2025-02-03,2024-12-10,2024-12-10 16:03:00
O002934,Coral Textiles S.A. 322 - Collaboration Tools,A0323,S010,Collaboration Tools,Outbound,Negotiation,0.75,,USD,2025-03-04,2025-06-02,,2025-06-27 13:22:00
O000727,Zenith Hotels Co. - Cloud Suite,A0247,S018,Cloud Suite,Event,Closed Lost,0.0,14000.0,USD,2024-02-26,2024-05-19,2024-04-28,2024-04-28 10:23:00
O000827,Nova Logistics Inc. - Collaboration Tools,A0387,S016,Collaboration Tools,Partner,Closed Lost,0.0,11200.0,USD,2024-01-21,2024-05-06,2024-06-05,2024-06-05 17:01:00
O001743,Vertex Freight Ltd - Security Bundle,A0143,S021,Security Bundle,Outbound,Closed Lost,0.0,11900.0,USD,2024-05-30,2024-08-11,2024-10-07,2024-10-07 16:44:00
O000688,Coral Consulting Group - Analytics Platform,A0421,S024,Analytics Platform,Referral,Closed Lost,0.0,90600.0,USD,2024-03-04,2024-05-13,2024-05-12,2024-05-12 18:50:00
O002248,Coral Health LLC - Collaboration Tools,A0059,S001,Collaboration Tools,Outbound,Closed Lost,0.0,7500.0,USD,2024-04-07,2024-06-10,2024-07-05,2024-07-05 18:05:00
O000137,Coral Foods Ltd - Cloud Suite,A0213,S005,Cloud Suite,Outbound,Closed Lost,0.0,31000.0,USD,2025-03-01,2025-05-23,2025-04-30,2025-04-30 18:24:00
O002485,Harbor Capital LLC - Analytics Platform,A0164,S023,Analytics Platform,Referral,Closed Won,1.0,14400.0,USD,2023-09-09,2023-10-30,2023-11-03,2023-11-03 16:09:00
O000629,Vertex Systems Group - Collaboration Tools,A0102,S003,Collaboration Tools,Inbound,Closed Lost,0.0,7400.0,USD,2024-03-07,2024-06-04,2024-04-09,2024-04-09 15:21:00
O000335,North Pharma Group - Support Plan,A0340,S025,Support Plan,Partner,Closed Lost,0.0,8300.0,USD,2023-11-28,2024-03-03,2024-01-28,2024-01-28 08:35:00
O000391,Prime Pharma Group - Collaboration Tools,A0327,S011,Collaboration Tools,Referral,Closed Lost,0.0,11000.0,USD,2023-10-15,2024-02-19,2024-02-22,2024-02-22 08:49:00
O002343,Sahara Hotels Co. - Analytics Platform,A0251,S020,Analytics Platform,Partner,Closed Won,1.0,38700.0,USD,2023-06-11,2023-09-02,2023-09-08,2023-09-08 11:55:00
O001110,Sahara Textiles Ltd - Security Bundle,A0138,S037,Security Bundle,Outbound,Closed Lost,0.0,24900.0,USD,2023-08-23,2023-11-08,2023-12-10,2023-12-10 18:01:00
O002255,Sahara Studios Co. - Analytics Platform,A0475,S005,Analytics Platform,Inbound,Closed Lost,0.0,32900.0,USD,2025-04-07,2025-07-15,2025-04-26,2025-04-26 08:37:00
O002740,Coral Textiles S.A. 322 - Support Plan,A0323,S010,Support Plan,Partner,Closed Won,1.0,2700.0,USD,2023-02-15,2023-05-29,2023-04-06,2023-04-06 08:51:00
O000711,Blue Health S.A. - Security Bundle,A0497,S034,Security Bundle,Partner,Closed Lost,0.0,28300.0,USD,2024-08-17,2024-11-17,2024-09-26,2024-09-26 18:45:00
O001040,Coral Motors Co. - Security Bundle,A0295,S016,Security Bundle,Outbound,Prospecting,0.1,,USD,2025-06-21,2025-10-21,,2025-06-26 11:41:00
O001957,Harbor Studios Group - Cloud Suite,A0309,S031,Cloud Suite,Partner,Closed Lost,0.0,19900.0,USD,2025-03-16,2025-06-06,2025-05-17,2025-05-17 09:46:00
O001922,Prime Media GmbH - Support Plan,A0371,S021,Support Plan,Inbound,Closed Lost,0.0,9300.0,USD,2023-05-24,2023-09-23,2023-07-18,2023-07-18 15:35:00
O002635,Pioneer Labs Inc. 481 - Cloud Suite,A0482,S036,Cloud Suite,Inbound,Closed Lost,0.0,16600.0,USD,2025-02-20,2025-04-08,2025-04-12,2025-04-12 15:52:00
O001562,Vertex Studios S.A. - Support Plan,A0199,S013,Support Plan,Outbound,Closed Won,1.0,5200.0,USD,2025-04-29,2025-09-03,2025-06-07,2025-06-07 15:08:00
O002799,North Labs LLC - Collaboration Tools,A0107,S005,Collaboration Tools,Inbound,Closed Lost,0.0,15200.0,USD,2025-02-10,2025-05-04,2025-03-01,2025-03-01 12:52:00
O001595,North Motors Holdings - Cloud Suite,A0176,S016,Cloud Suite,Partner,Closed Won,1.0,24000.0,USD,2025-03-19,2025-07-07,2025-06-22,2025-06-22 13:34:00
O002891,Lumen Markets S.A. - Support Plan,A0254,S027,Support Plan,Outbound,Closed Lost,0.0,11100.0,USD,2023-01-30,2023-04-15,2023-04-23,2023-04-23 16:01:00
O002777,Vertex Motors LLC - Cloud Suite,A0294,S033,Cloud Suite,Inbound,Closed Lost,0.0,10500.0,USD,2023-04-28,2023-07-17,2023-05-20,2023-05-20 12:40:00
O001113,Atlas Systems Group - Security Bundle,A0103,S030,Security Bundle,Partner,Prospecting,0.1,21900.0,USD,2025-06-09,2025-10-10,,2025-06-24 16:11:00
O000466,Delta Health S.A. - Support Plan,A0077,S040,Support Plan,Outbound,Closed Lost,0.0,4000.0,USD,2024-12-14,2025-04-11,2025-01-04,2025-01-04 13:13:00
O001561,Atlas Capital Co. - Cloud Suite,A0130,S002,Cloud Suite,Partner,Closed Lost,0.0,11300.0,USD,2025-01-31,2025-03-25,2025-06-21,2025-06-21 11:59:00
O001224,Cedar Industries Ltd - Security Bundle,A0494,S016,Security Bundle,Outbound,Closed Lost,0.0,49400.0,USD,2023-03-31,2023-07-08,2023-05-12,2023-05-12 12:39:00
O002943,Summit Motors Group - Analytics Platform,A0021,S023,Analytics Platform,Inbound,Closed Lost,0.0,49800.0,USD,2025-01-07,2025-02-26,2025-02-20,2025-02-20 08:51:00
O000053,Coral Labs LLC - Collaboration Tools,A0407,S002,Collaboration Tools,Inbound,Closed Won,1.0,17100.0,USD,2025-03-05,2025-07-06,2025-06-27,2025-06-27 15:40:00
O002382,Orbit Health S.A. 192 - Security Bundle,A0193,S023,Security Bundle,Partner,Closed Lost,0.0,17800.0,USD,2025-02-07,2025-05-01,2025-04-05,2025-04-05 11:13:00
O001509,Pioneer Industries GmbH - Analytics Platform,A0113,S040,Analytics Platform,Inbound,Closed Lost,0.0,25800.0,USD,2024-03-10,2024-05-19,2024-05-20,2024-05-20 10:46:00
O001105,Silver Systems Co. - Security Bundle,A0342,S018,Security Bundle,Outbound,Closed Lost,0.0,12200.0,USD,2024-12-29,20/04/2025,2025-06-05,2025-06-05 14:30:00
O000661,Zenith Learning Co. - Cloud Suite,A0454,S019,Cloud Suite,Partner,Closed Lost,0.0,15400.0,USD,2023-05-11,2023-09-03,2023-06-05,2023-06-05 15:56:00
O000339,Silver Pharma Inc. - Collaboration Tools,A0333,S015,Collaboration Tools,Inbound,Negotiation,0.75,20500.0,USD,2025-03-29,2025-05-26,,2025-06-28 16:50:00
O000216,Pioneer Learning Inc. - Support Plan,A0344,S014,Support Plan,Partner,Closed Won,1.0,13200.0,USD,2023-05-01,2023-08-26,2023-10-13,2023-10-13 12:06:00
O001616,Nova Capital S.A. - Support Plan,A0422,S016,Support Plan,Outbound,Closed Lost,0.0,9300.0,USD,2024-09-23,2025-01-19,2024-12-09,2024-12-09 15:24:00
O002030,Coral Capital GmbH - Collaboration Tools,A0220,S021,Collaboration Tools,Event,Closed Won,1.0,10000.0,USD,2023-08-20,2023-11-12,2023-09-29,2023-09-29 18:04:00
O002553,Pioneer Labs Ltd - Support Plan,A0447,S023,Support Plan,Partner,Closed Lost,0.0,8600.0,USD,2024-11-08,2025-03-11,2025-01-01,2025-01-01 08:06:00
O002847,Pioneer Studios LLC - Security Bundle,A0351,S021,Security Bundle,Partner,Closed Lost,0.0,14700.0,USD,2024-10-24,2025-01-04,2024-12-07,2024-12-07 08:36:00
O001593,Vertex Foods GmbH - Collaboration Tools,A0356,S001,Collaboration Tools,Referral,Closed Lost,0.0,8400.0,USD,2023-05-12,2023-08-29,2023-05-21,2023-05-21 08:05:00
O001908,Delta Freight LLC - Analytics Platform,A0266,S005,Analytics Platform,Outbound, Negotiation ,0.75,135400.0,USD,2025-03-21,2025-07-02,,2025-06-28 10:18:00
O001753,Summit Textiles Group - Security Bundle,A0200,S019,Security Bundle,Referral,Qualification,0.25,10200.0,USD,2025-06-11,2025-07-31,,2025-06-29 18:53:00
O002561,Granite Pharma LLC - Security Bundle,A0329,S038,Security Bundle,Outbound,Closed Lost,0.0,30900.0,USD,2023-01-23,2023-04-15,2023-05-08,2023-05-08 08:24:00
O000817,Prime Systems Inc. - Support Plan,A0424,S011,Support Plan,Partner,Closed Won,1.0,7800.0,USD,2024-05-10,2024-07-10,2024-09-26,2024-09-26 16:39:00
O001068,Nile Energy LLC - Cloud Suite,A0367,S026,Cloud Suite,Referral,Closed Won,1.0,10400.0,USD,2023-02-05,2023-04-16,2023-05-04,2023-05-04 12:36:00
O002993,Lumen Retail Co. - Cloud Suite,A0410,S008,Cloud Suite,Partner,Closed Lost,0.0,25300.0,USD,2023-03-24,2023-06-11,2023-04-21,2023-04-21 17:49:00
O000275,Nile Health Inc. - Analytics Platform,A0281,S018,Analytics Platform,Partner,Closed Won,1.0,29000.0,USD,2024-07-25,2024-10-08,2024-09-06,2024-09-06 14:05:00
O002731,Pioneer Learning Holdings - Security Bundle,A0314,S005,Security Bundle,Event,Closed Lost,0.0,12300.0,USD,2024-09-28,2025-01-13,2025-01-16,2025-01-16 10:29:00
O000866,Coral Energy Inc. - Cloud Suite,A0115,S040,Cloud Suite,Outbound,Prospecting,0.1,50600.0,USD,2025-06-27,2025-11-02,,2025-06-24 15:38:00
O000102,Nile Media S.A. - Cloud Suite,A0377,S028,Cloud Suite,Event,Closed Won,1.0,7200.0,USD,2023-05-23,2023-08-10,2023-07-10,2023-07-10 10:30:00
O001502,Pioneer Industries GmbH - Cloud Suite,A0113,S040,Cloud Suite,Outbound,Closed Lost,0.0,38800.0,USD,2025-02-12,2025-04-12,2025-06-12,2025-06-12 08:51:00
O002182,Atlas Learning S.A. - Cloud Suite,A0291,S035,Cloud Suite,Inbound,Closed Lost,0.0,15000.0,USD,2024-10-15,2025-01-09,2024-11-22,2024-11-22 15:29:00
O000172,Falcon Freight LLC - Security Bundle,A0325,S021,Security Bundle,Outbound,Closed Lost,0.0,16500.0,USD,2023-01-17,2023-03-23,2023-02-22,2023-02-22 08:27:00
O000108,Atlas Hotels GmbH - Security Bundle,A0241,S018,Security Bundle,Outbound,Closed Lost,0.0,13900.0,USD,2024-08-28,2024-10-14,2024-10-31,2024-10-31 09:43:00
O001934,Summit Media S.A. - Collaboration Tools,A0122,S009,Collaboration Tools,Partner,Closed Won,1.0,12600.0,USD,2025-02-13,2025-05-11,2025-06-05,2025-06-05 16:30:00
O001522,Harbor Studios S.A. - Analytics Platform,A0265,S038,Analytics Platform,Outbound,Closed Lost,0.0,31300.0,USD,2023-09-21,2024-01-19,2024-02-16,2024-02-16 10:28:00
O002337,Atlas Motors Inc. - Security Bundle,A0040,S011,Security Bundle,Outbound,Qualification,0.25,27300.0,USD,2023-10-25,2024-01-24,2023-12-11,2023-11-15 15:40:00
O002235,Blue Markets LLC - Security Bundle,A0288,S013,Security Bundle,Referral,Closed Lost,0.0,19200.0,USD,2025-03-16,2025-07-08,2025-05-20,2025-05-20 08:38:00
O002031,Prime Pharma Group - Cloud Suite,A0327,S011,Cloud Suite,Outbound,Closed Lost,0.0,6600.0,USD,2024-05-17,2024-08-03,2024-07-17,2024-07-17 17:49:00
O002084,Prime Labs Holdings - Collaboration Tools,A0024,S003,Collaboration Tools,Partner,Closed Won,1.0,9100.0,USD,2024-05-28,2024-09-24,2024-08-01,2024-08-01 14:30:00
O002074,Vertex Logistics GmbH - Security Bundle,A0162,S010,Security Bundle,Partner,Closed Lost,0.0,19400.0,USD,2025-02-24,2025-06-06,2025-03-06,2025-03-06 12:25:00
O002038,Granite Industries Holdings - Collaboration Tools,A0202,S038,Collaboration Tools,Outbound,Closed Lost,0.0,14700.0,USD,2025-02-12,2025-06-03,2025-06-06,2025-06-06 18:53:00
O002284,Harbor Studios Holdings - Security Bundle,A0110,S035,Security Bundle,Inbound,Proposal,0.5,17500.0,USD,2025-05-02,2025-08-16,,2025-06-25 17:49:00
O002374,Coral Markets Co. - Security Bundle,A0003,S027,Security Bundle,Inbound,Proposal,0.5,32800.0,USD,2025-05-09,2025-08-19,,2025-06-30 15:41:00
O002615,Prime Energy Inc. - Cloud Suite,A0159,S035,Cloud Suite,Outbound,Closed Lost,0.0,26900.0,USD,2024-07-05,2024-08-20,2024-08-07,2024-08-07 16:28:00
O002047,Lumen Foods LLC - Analytics Platform,A0378,S037,Analytics Platform,Partner,Closed Won,1.0,10400.0,USD,2023-11-10,2024-02-28,2024-03-14,2024-03-14 09:29:00
O000296,Vertex Media Ltd - Analytics Platform,A0355,S016,Analytics Platform,Outbound,closed lost,0.0,31100.0,USD,2024-06-18,2024-09-10,2024-07-13,2024-07-13 16:51:00
O000713,Harbor Textiles S.A. - Analytics Platform,A0228,S009,Analytics Platform,Partner,Closed Lost,0.0,28900.0,USD,2025-04-29,2025-06-27,2025-05-06,2025-05-06 11:32:00
O000073,Cedar Learning Inc. - Cloud Suite,A0349,S034,Cloud Suite,Partner,Closed Lost,0.0,25700.0,USD,2024-02-09,2024-05-22,2024-03-20,2024-03-20 08:23:00
O002164,Delta Industries Group - Analytics Platform,A0227,S012,Analytics Platform,Inbound,Closed Lost,0.0,19000.0,USD,2023-12-30,2024-04-26,2024-03-09,2024-03-09 17:53:00
O002303,Nile Health Inc. - Collaboration Tools,A0281,S018,Collaboration Tools,Event,Closed Lost,0.0,18700.0,USD,2023-06-22,2023-09-12,2023-09-11,2023-09-11 08:29:00
O002601,Coral Textiles GmbH - Collaboration Tools,A0317,S027,Collaboration Tools,Partner,Closed Won,1.0,10200.0,usd,2023-05-11,2023-09-02,2023-11-01,2023-11-01 11:54:00
O002928,Delta Motors GmbH 465 - Security Bundle,A0466,S010,Security Bundle,Inbound,Closed Lost,0.0,25800.0,USD,2024-03-30,2024-07-15,2024-05-17,2024-05-17 15:53:00
O000482,Nova Clinics GmbH - Collaboration Tools,A0017,S026,Collaboration Tools,Inbound,Closed Lost,0.0,4700.0,USD,2024-08-04,2024-11-16,2024-09-30,2024-09-30 11:34:00
O002251,Granite Motors GmbH - Support Plan,A0091,S005,Support Plan,Outbound,Closed Lost,0.0,6000.0,USD,2024-07-11,2024-10-06,2024-12-05,2024-12-05 12:37:00
O001531,Silver Motors Ltd - Cloud Suite,A0238,S025,Cloud Suite,Event,Negotiation,0.75,39000.0,USD,2025-04-01,2025-06-19,,2025-06-30 14:07:00
O002593,Cedar Health GmbH - Analytics Platform,A0304,S039,Analytics Platform,Partner,Closed Lost,0.0,19500.0,USD,2025-05-20,2025-09-11,2025-06-07,2025-06-07 10:21:00
O001515,Falcon Freight Inc. - Analytics Platform,A0198,S017,Analytics Platform,Inbound,Closed Lost,0.0,20900.0,USD,2024-12-18,2025-02-04,2025-01-17,2025-01-17 13:20:00
O000252,Coral Motors Co. - Cloud Suite,A0295,S016,Cloud Suite,Partner,Closed Lost,0.0,37000.0,USD,2024-05-24,2024-09-26,2024-08-21,2024-08-21 14:26:00
O001763,Prime Retail GmbH - Cloud Suite,A0261,S023,Cloud Suite,Inbound,Closed Won,1.0,11200.0,USD,2023-10-03,2024-02-03,2024-03-05,2024-03-05 15:30:00
O001491,Lumen Foods LLC - Cloud Suite,A0378,S037,Cloud Suite,Partner,Closed Lost,0.0,24900.0,USD,2024-03-10,2024-07-04,2024-04-22,2024-04-22 09:33:00
O001172,Vertex Consulting Co. - Collaboration Tools,A0411,S012,Collaboration Tools,Inbound,Closed Lost,0.0,9800.0,USD,2024-08-23,2024-11-08,2024-10-11,2024-10-11 17:14:00
O002487,Sahara Hotels LLC - Support Plan,A0381,S013,Support Plan,Partner,Closed Won,1.0,12800.0,USD,2024-05-23,2024-07-29,2024-06-28,2024-06-28 18:19:00
O001899,Summit Textiles Group - Analytics Platform,A0200,S019,Analytics Platform,Event,Closed Lost,0.0,21900.0,USD,2025-03-12,2025-06-28,2025-04-27,2025-04-27 16:10:00
O002834,Harbor Consulting Group - Analytics Platform,A0082,S011,Analytics Platform,Partner,Closed Lost,0.0,29900.0,USD,2023-04-22,2023-06-11,2023-05-30,2023-05-30 13:17:00
O002249,Pioneer Pharma Holdings - Collaboration Tools,A0013,S022,Collaboration Tools,Partner, Closed Lost ,0.0,5500.0,USD,2023-09-24,2023-11-14,2023-11-27,2023-11-27 12:45:00
O002305,Pioneer Industries LLC - Analytics Platform,A0373,S032,Analytics Platform,Partner,Closed Won,1.0,44700.0,USD,2025-02-17,2025-04-03,2025-04-02,2025-04-02 18:19:00
O000406,Prime Capital Co. - Cloud Suite,A0418,S038,Cloud Suite,Outbound,Closed Lost,0.0,52100.0,USD,2024-02-04,2024-04-20,2024-04-21,2024-04-21 16:47:00
O000758,Blue Hotels Ltd - Collaboration Tools,A0216,S024,Collaboration Tools,Inbound,Closed Lost,0.0,20600.0,USD,2024-07-01,2024-09-03,2024-07-23,2024-07-23 12:59:00
O002032,Zenith Retail Group - Security Bundle,A0388,S002,Security Bundle,Partner,Closed Lost,0.0,30100.0,USD,2023-07-25,2023-11-11,2023-12-23,2023-12-23 17:16:00
O002217,Sahara Logistics Group - Analytics Platform,A0488,S027,Analytics Platform,Outbound,Closed Won,1.0,14600.0,USD,2024-08-17,2024-12-06,2024-10-04,2024-10-04 14:15:00
O001951,Sahara Learning S.A. - Analytics Platform,A0006,S015,Analytics Platform,Referral, Closed Lost ,0.0,46600.0,USD,2025-02-15,2025-06-14,2025-03-25,2025-03-25 17:25:00
O000098,Vertex Consulting Co. - Security Bundle,A0411,S012,Security Bundle,Outbound,Closed Won,1.0,7500.0,USD,2024-05-01,2024-07-31,2024-05-22,2024-05-22 16:09:00
O001334,Blue Learning Inc. - Security Bundle,A0054,S032,Security Bundle,Inbound,Closed Won,1.0,12700.0,USD,2023-08-21,2023-10-08,2023-09-19,2023-09-19 17:41:00
O002423,Prime Capital Co. - Cloud Suite,A0418,S038,Cloud Suite,Outbound,Closed Won,1.0,38600.0,USD,2023-12-25,2024-03-15,2024-05-08,2024-05-08 11:55:00
O000744,North Freight LLC 329 - Cloud Suite,A0330,S037,Cloud Suite,Outbound,Closed Lost,0.0,45800.0,USD,2024-03-10,2024-05-14,2024-06-28,2024-06-28 18:37:00
O000807,Blue Studios Holdings - Security Bundle,A0025,S039,Security Bundle,Partner,Qualification,0.25,15000.0,USD,2025-06-08,2025-09-03,,2025-06-30 10:36:00
O002811,Atlas Energy Co. - Analytics Platform,A0155,S004,Analytics Platform,Partner,Closed Lost,0.0,19300.0,USD,2025-02-04,2025-05-06,2025-03-22,2025-03-22 16:23:00
O002113,Nova Energy Inc. - Analytics Platform,A0405,S032,Analytics Platform,Inbound,Closed Lost,0.0,16500.0,USD,2023-09-28,2024-01-05,2023-10-23,2023-10-23 13:46:00
O002537,Blue Health LLC - Cloud Suite,A0260,S031,Cloud Suite,Outbound,Qualification,0.25,24900.0,USD,2025-05-13,2025-09-17,,2025-06-25 17:21:00
O001536,Sahara Textiles GmbH - Cloud Suite,A0033,S030,Cloud Suite,Partner,Closed Lost,0.0,14800.0,USD,2025-04-23,2025-06-30,2025-05-31,2025-05-31 18:53:00
O002481,Atlas Clinics Ltd - Security Bundle,A0010,S020,Security Bundle,Outbound,Prospecting,0.1,21500.0,USD,2025-06-23,2025-09-23,,2025-06-28 13:59:00
O002171,Summit Textiles Group - Security Bundle,A0200,S019,Security Bundle,Partner,Closed Lost,0.0,21100.0,USD,2023-06-10,2023-09-14,2023-06-26,2023-06-26 13:05:00
O000149,Nile Capital Co. 67 - Support Plan,A0068,S036,Support Plan,Inbound,Closed Won,1.0,5700.0,USD,2024-02-18,2024-06-03,2024-05-28,2024-05-28 16:22:00
O002910,Zenith Media Group - Collaboration Tools,A0136,S023,Collaboration Tools,Referral,Closed Lost,0.0,11400.0,USD,2025-04-23,2025-06-27,2025-06-09,2025-06-09 17:58:00
O002085,Falcon Consulting Ltd - Cloud Suite,A0391,S032,Cloud Suite,Inbound,Prospecting,0.1,47700.0,USD,2025-06-19,2025-10-04,,2025-06-24 18:07:00
O002234,Nova Industries GmbH - Cloud Suite,A0145,S032,Cloud Suite,Referral,Closed Lost,0.0,38100.0,USD,2025-05-05,2025-08-16,2025-05-14,2025-05-14 09:44:00
O001316,Cedar Hotels LLC - Security Bundle,A0156,S003,Security Bundle,Partner,Prospecting,0.1,22800.0,USD,2025-06-24,2025-10-31,,2025-06-24 09:27:00
O000693,Blue Industries Ltd - Security Bundle,A0478,S021,Security Bundle,Inbound,Closed Won,1.0,22000.0,usd,2024-10-04,2025-01-23,2024-12-29,2024-12-29 14:26:00
O000819,Lumen Motors S.A. - Collaboration Tools,A0341,S035,Collaboration Tools,Event,Closed Lost,0.0,17700.0,USD,2023-12-18,2024-04-17,2024-02-10,2024-02-10 18:03:00
O001729,Silver Foods LLC - Cloud Suite,A0065,S025,Cloud Suite,Outbound,Closed Lost,0.0,59700.0,USD,2025-04-07,2025-07-18,2025-05-14,2025-05-14 09:46:00
O001387,Zenith Retail Group - Cloud Suite,A0388,S002,Cloud Suite,Event,Closed Lost,0.0,29500.0,USD,2023-07-11,2023-10-21,2023-08-08,2023-08-08 18:57:00
O002315,Vertex Media GmbH - Analytics Platform,A0292,S029,Analytics Platform,Outbound,Qualification,0.25,41200.0,USD,2025-06-13,2025-07-29,,2025-06-25 17:20:00
O002088,Pioneer Foods LLC - Cloud Suite,A0308,S030,Cloud Suite,Partner,Prospecting,0.1,30600.0,USD,2025-06-26,2025-10-20,,2025-06-27 13:01:00
O001600,Granite Logistics S.A. - Cloud Suite,A0246,S020,Cloud Suite,Inbound,Closed Lost,0.0,12800.0,USD,2023-05-15,2023-09-19,2023-09-15,2023-09-15 15:56:00
O002395,Sahara Textiles Co. - Analytics Platform,A0226,S008,Analytics Platform,Outbound,Closed Lost,0.0,27000.0,USD,2025-06-01,2025-08-21,2025-06-30,2025-06-30 10:15:00
O002644,Silver Logistics Co. - Cloud Suite,A0174,S037,Cloud Suite,Partner,Closed Lost,0.0,14900.0,USD,2024-11-03,2025-01-01,2024-12-05,2024-12-05 17:43:00
O000702,Summit Logistics Inc. - Collaboration Tools,A0063,S004,Collaboration Tools,Event,Closed Won,1.0,7000.0,USD,2024-05-24,2024-08-06,2024-07-25,2024-07-25 09:49:00
O001950,Lumen Industries Co. - Analytics Platform,A0005,S032,Analytics Platform,Event,Closed Won,1.0,10300.0,USD,2024-11-13,2025-03-16,2025-03-06,2025-03-06 17:09:00
O002697,Granite Motors S.A. - Security Bundle,A0119,S004,Security Bundle,Partner,Closed Won,1.0,26900.0,USD,2024-01-17,2024-05-19,2024-02-07,2024-02-07 18:05:00
O000922,Sahara Systems Inc. - Cloud Suite,A0487,S016,Cloud Suite,Inbound,Closed Lost,0.0,11200.0,USD,2024-07-12,2024-09-10,2024-11-17,2024-11-17 14:34:00
O001425,Prime Consulting Ltd - Collaboration Tools,A0440,S009,Collaboration Tools,Outbound,Closed Lost,0.0,13200.0,USD,2025-06-04,2025-08-03,2025-06-24,2025-06-24 14:58:00
O001709,Orbit Labs Inc. - Cloud Suite,A0004,S040,Cloud Suite,Referral,Closed Lost,0.0,24800.0,USD,2024-04-20,2024-08-12,2024-06-21,2024-06-21 18:58:00
O000906,Zenith Media Co. - Cloud Suite,A0456,S015,Cloud Suite,Outbound,Closed Won,1.0,59200.0,USD,2024-02-16,2024-04-01,2024-10-12,2024-10-12 17:33:00
O000455,Lumen Learning Inc. - Security Bundle,A0096,S005,Security Bundle,Partner,Closed Lost,0.0,21800.0,USD,2024-12-04,01/04/2025,2024-12-18,2024-12-18 16:34:00
O002114,Falcon Logistics S.A. - Collaboration Tools,A0416,S006,Collaboration Tools,Partner,Closed Lost,0.0,12400.0,USD,2025-02-01,2025-05-07,2025-04-05,2025-04-05 17:34:00
O002252,Sahara Industries LLC - Cloud Suite,A0301,S015,Cloud Suite,Referral,Closed Won,1.0,25900.0,USD,2024-12-20,2025-02-15,2025-02-28,2025-02-28 08:06:00
O002338,Nova Textiles Inc. - Support Plan,A0151,S005,Support Plan,Partner,Closed Lost,0.0,6900.0,USD,2024-07-04,2024-11-08,2024-08-14,2024-08-14 11:26:00
O002675,Falcon Foods LLC - Cloud Suite,A0385,S010,Cloud Suite,Referral,Closed Won,1.0,14400.0,USD,2023-08-11,2023-12-12,2023-09-01,2023-09-01 11:16:00
O000168,Nile Health GmbH - Analytics Platform,A0015,S020,Analytics Platform,Event,Prospecting,0.1,31200.0,USD,2025-06-13,2025-09-10,,2025-06-30 12:57:00
O000731,Granite Textiles Group 429 - Collaboration Tools,A0430,S033,Collaboration Tools,Outbound,Prospecting,0.1,11400.0,USD,2025-06-25,2025-10-27,,2025-06-27 08:29:00
O002191,Nova Textiles Inc. 258 - Analytics Platform,A0259,S002,Analytics Platform,Inbound,Negotiation,0.75,43800.0,usd,2025-04-25,2025-07-20,,2025-06-29 08:01:00
O001311,North Capital Group - Analytics Platform,A0346,S011,Analytics Platform,Partner,Proposal,0.5,38100.0,USD,2025-04-22,2025-08-20,,2025-06-25 18:39:00
O000027,Nova Textiles Inc. - Cloud Suite,A0151,S005,Cloud Suite,Referral,Closed Won,1.0,24600.0,USD,2024-11-12,2025-01-03,2025-02-27,2025-02-27 09:33:00
O002942,Sahara Energy Inc. - Cloud Suite,A0056,S032,Cloud Suite,Inbound,Closed Won,1.0,26900.0,USD,2025-02-03,2025-04-29,2025-03-16,2025-03-16 17:01:00
O001653,Summit Retail GmbH - Support Plan,A0361,S040,Support Plan,Partner,Closed Lost,0.0,11200.0,USD,2024-09-18,2024-11-18,2024-12-10,2024-12-10 08:14:00
O001623,Harbor Motors Inc. 216 - Support Plan,A0217,S008,Support Plan,Inbound,Closed Lost,0.0,5100.0,usd,2025-03-30,2025-07-23,2025-04-13,2025-04-13 13:58:00
O000588,North Freight Ltd - Analytics Platform,A0449,S013,Analytics Platform,Partner,Closed  Won,1.0,39700.0,USD,2023-11-25,2024-01-23,2023-12-21,2023-12-21 15:52:00
O001402,Nova Motors LLC - Support Plan,A0123,S026,Support Plan,Referral,Closed Won,1.0,28700.0,USD,2023-01-05,2023-02-24,2023-04-11,2023-04-11 16:06:00
O000998,Prime Health Holdings - Support Plan,A0267,S003,Support Plan,Partner,Closed Lost,0.0,14400.0,USD,2023-02-15,2023-04-05,2023-07-31,2023-07-31 13:13:00
O001177,Nile Studios Co. - Analytics Platform,A0296,S010,Analytics Platform,Partner,Closed Won,1.0,-23700.0,USD,2024-03-27,2024-07-28,2024-04-27,2024-04-27 08:33:00
O001701,Coral Capital GmbH - Cloud Suite,A0220,S002,Cloud Suite,Partner,Closed Won,1.0,75200.0,USD,2025-03-19,2025-07-12,2025-06-05,2025-06-05 14:55:00
O001041,Nile Logistics Holdings - Analytics Platform,A0390,S023,Analytics Platform,Outbound,Closed Lost,0.0,23800.0,USD,2023-05-16,2023-07-02,2023-08-15,2023-08-15 17:02:00
O000034,Delta Health S.A. - Security Bundle,A0077,S040,Security Bundle,Inbound,Closed Won,1.0,29300.0,USD,2023-07-04,2023-10-24,2023-10-17,2023-10-17 09:26:00
O001881,Blue Energy Ltd - Support Plan,A0433,S007,Support Plan,Referral,Closed Lost,0.0,6600.0,USD,2024-03-29,2024-07-17,2024-05-11,2024-05-11 14:34:00
O002402,Lumen Motors S.A. - Support Plan,A0341,S035,Support Plan,Partner,Closed Lost,0.0,10100.0,USD,2025-04-13,2025-06-15,2025-06-18,2025-06-18 12:51:00
O001380,Vertex Studios Inc. - Cloud Suite,A0473,S019,Cloud Suite,Event,Qualification,0.25,12000.0,USD,2025-06-01,2025-08-07,,2025-06-27 08:59:00
O000042,Summit Markets Holdings - Collaboration Tools,A0087,S004,Collaboration Tools,Inbound,Closed Lost,0.0,5600.0,USD,2024-02-01,2024-03-30,2024-03-17,2024-03-17 13:48:00
O001863,Coral Logistics GmbH - Analytics Platform,A0365,S004,Analytics Platform,Event,Closed Lost,0.0,13500.0,USD,2025-04-23,2025-08-14,2025-05-06,2025-05-06 18:55:00
O002222,Silver Consulting LLC - Cloud Suite,A0148,S022,Cloud Suite,Outbound,Closed Lost,0.0,30000.0,USD,2024-09-03,2024-11-26,2024-11-14,2024-11-14 09:38:00
O002646,Prime Systems S.A. - Analytics Platform,A0320,S011,Analytics Platform,Inbound,Closed Lost,0.0,24200.0,USD,2023-12-15,2024-03-26,2024-01-09,2024-01-09 08:22:00
O001764,Nile Media Group - Analytics Platform,A0348,S009,Analytics Platform,Partner,Closed Won,1.0,42900.0,USD,2023-11-17,2024-03-13,2024-03-01,2024-03-01 14:48:00
O002458,North Freight LLC 61 - Cloud Suite,A0062,S020,Cloud Suite,Outbound,Closed Won,1.0,35200.0,USD,2025-03-18,2025-06-18,2025-05-19,2025-05-19 15:52:00
O002070,Orbit Capital Ltd - Security Bundle,A0305,S027,Security Bundle,Inbound,Closed Won,1.0,6900.0,USD,2024-05-07,2024-08-28,2024-07-24,2024-07-24 13:09:00
O000610,Granite Industries Holdings - Cloud Suite,A0202,S038,Cloud Suite,Inbound,Closed Won,1.0,22400.0,USD,2023-05-20,2023-08-12,2023-08-27,2023-08-27 18:46:00
O001133,Blue Health LLC - Cloud Suite,A0260,S031,Cloud Suite,Inbound,Closed Lost,0.0,8500.0,USD,2023-05-10,2023-09-05,2023-09-11,2023-09-11 15:09:00
O000029,Prime Clinics LLC - Support Plan,A0284,S039,Support Plan,Outbound,Closed Lost,0.0,6600.0,USD,2023-01-30,2023-05-13,2023-02-06,2023-02-06 11:01:00
O000442,Orbit Learning Inc. - Cloud Suite,A0179,S012,Cloud Suite,Partner,Closed Lost,0.0,9100.0,USD,2024-07-14,2024-09-03,2024-08-11,2024-08-11 08:09:00
O002019,Summit Media Group - Collaboration Tools,A0170,S031,Collaboration Tools,Referral,Closed Lost,0.0,15200.0,usd,2025-01-31,2025-04-28,2025-06-20,2025-06-20 16:44:00
O002228,Blue Studios GmbH - Collaboration Tools,A0413,S034,Collaboration Tools,Outbound,Closed Lost,0.0,22000.0,USD,2025-02-05,2025-04-16,2025-04-14,2025-04-14 11:38:00
O000494,Harbor Labs Ltd - Security Bundle,A0435,S011,Security Bundle,Partner,Closed Won,1.0,16500.0,USD,2024-08-18,2024-11-25,2024-10-07,2024-10-07 18:06:00
O001259,Summit Freight Group - Cloud Suite,A0142,S035,Cloud Suite,Outbound,Closed Won,1.0,39000.0,USD,2025-03-14,2025-06-15,2025-06-29,2025-06-29 11:52:00
O001302,Prime Hotels LLC - Analytics Platform,A0001,S040,Analytics Platform,Outbound,Closed Lost,0.0,27400.0,USD,2024-04-10,2024-07-16,2024-06-06,2024-06-06 10:26:00
O002578,Prime Motors Co. 365 - Collaboration Tools,A0366,S019,Collaboration Tools,Outbound,Qualification,0.25,5400.0,USD,2025-06-10,2025-08-16,,2025-06-27 13:21:00
O002399,Pioneer Industries LLC - Support Plan,A0373,S032,Support Plan,Partner,Closed Lost,0.0,8500.0,USD,2024-11-05,2025-03-03,2024-12-26,2024-12-26 18:49:00
O001383,Prime Industries Group - Security Bundle,A0171,S040,Security Bundle,Outbound,Negotiation,0.75,23100.0,USD,2025-04-10,2025-06-14,,2025-06-30 10:59:00
O001305,Atlas Capital Inc. - Collaboration Tools,A0218,S010,Collaboration Tools,Partner,Prospecting,0.1,6300.0,USD,2025-06-05,2025-09-28,,2025-06-28 12:13:00
O000237,Zenith Hotels LLC 244 - Security Bundle,A0245,S031,Security Bundle,Partner,Closed Won,1.0,9000.0,USD,2024-10-08,2024-11-29,2025-01-11,2025-01-11 13:04:00
O000552,Granite Capital LLC - Support Plan,A0212,S038,Support Plan,Partner,Closed Lost,0.0,10400.0,USD,2023-07-19,2023-11-19,2023-10-10,2023-10-10 17:46:00
O000521,Falcon Textiles Ltd - Analytics Platform,A0141,S032,Analytics Platform,Inbound,Closed Lost,0.0,26600.0,USD,2024-09-18,2025-01-13,2024-11-08,2024-11-08 13:19:00
O002250,North Studios Co. - Collaboration Tools,A0464,S029,Collaboration Tools,Inbound,Closed Lost,0.0,13000.0,USD,2024-10-09,2024-12-07,2025-01-07,2025-01-07 18:52:00
O001233,Zenith Studios LLC - Cloud Suite,A0448,S038,Cloud Suite,Outbound,Closed Lost,0.0,29400.0,USD,2023-05-06,2023-08-29,2023-07-20,2023-07-20 11:32:00
O001139,Sahara Foods Co. - Collaboration Tools,A0324,S017,Collaboration Tools,Outbound,Closed Lost,0.0,8800.0,USD,2025-05-02,2025-07-27,2025-06-26,2025-06-26 18:52:00
O000721,Nova Learning Holdings - Security Bundle,A0500,S029,Security Bundle,Outbound,Closed Won,1.0,20800.0,USD,2025-01-07,2025-02-26,2025-02-16,2025-02-16 13:18:00
O000736,Coral Media Co. - Collaboration Tools,A0244,S029,Collaboration Tools,Inbound,Closed Won,1.0,8800.0,USD,2023-04-22,2023-08-12,2023-05-17,2023-05-17 08:34:00
O001818,Orbit Consulting Holdings - Support Plan,A0397,S020,Support Plan,Outbound,Closed Lost,0.0,10900.0,USD,2024-08-10,2024-12-14,2024-09-18,2024-09-18 14:38:00
O001751,Blue Foods Holdings - Collaboration Tools,A0300,S012,Collaboration Tools,Outbound,Closed Lost,0.0,14200.0,USD,2023-06-15,2023-10-14,2023-07-29,2023-07-29 09:21:00
O000059,Zenith Studios LLC - Cloud Suite,A0448,S038,Cloud Suite,Inbound,Closed Lost,0.0,36500.0,USD,2024-09-07,2024-11-11,2024-11-28,2024-11-28 17:44:00
O000632,Falcon Pharma GmbH - Collaboration Tools,A0277,S015,Collaboration Tools,Partner,Qualification,0.25,23600.0,USD,2025-05-29,2025-09-06,,2025-06-30 12:11:00
O001182,Pioneer Clinics Group - Cloud Suite,A0396,S002,Cloud Suite,Inbound,Closed Lost,0.0,19500.0,USD,2023-10-22,2024-02-22,2024-03-08,2024-03-08 11:46:00
O002952,Granite Textiles Group - Support Plan,A0399,S019,Support Plan,Inbound,Closed Won,1.0,10900.0,USD,2025-03-22,2025-07-03,2025-04-21,2025-04-21 15:40:00
O000593,Silver Energy Co. - Support Plan,A0499,S040,Support Plan,Inbound,Negotiation,0.75,21800.0,USD,2025-04-26,2025-07-01,,2025-06-29 17:31:00
O001304,Summit Motors Holdings - Cloud Suite,A0237,S004,Cloud Suite,Partner,Closed Won,1.0,16100.0,USD,2025-03-29,2025-07-26,2025-06-01,2025-06-01 08:25:00
O001388,Silver Energy Co. - Analytics Platform,A0499,S008,Analytics Platform,Partner,Closed Lost,0.0,20700.0,USD,2025-04-12,2025-06-04,2025-05-16,2025-05-16 17:39:00
O002656,Vertex Textiles Co. - Cloud Suite,A0204,S005,Cloud Suite,Inbound,Closed Lost,0.0,40300.0,USD,2024-10-22,2025-02-02,2024-12-21,2024-12-21 09:08:00
O002671,Pioneer Systems Group - Collaboration Tools,A0461,S016,Collaboration Tools,Referral,Closed Lost,0.0,8400.0,USD,2024-03-27,2024-07-08,2024-04-28,2024-04-28 17:13:00
O001917,Granite Pharma LLC - Support Plan,A0329,S038,Support Plan,Event,Closed Won,1.0,6400.0,USD,2023-09-22,2024-01-11,2024-02-02,2024-02-02 12:16:00
O000940,Lumen Consulting Inc. - Collaboration Tools,A0211,S032,Collaboration Tools,Event,Closed Lost,0.0,19300.0,USD,2023-08-22,2023-11-23,2023-09-04,2023-09-04 13:06:00
O002831,Lumen Markets S.A. - Collaboration Tools,A0254,S027,Collaboration Tools,Partner,Closed Lost,0.0,9200.0,USD,2023-08-11,2023-12-14,2023-10-30,2023-10-30 09:46:00
O001250,Harbor Textiles Holdings - Analytics Platform,A0144,S016,Analytics Platform,Event,Closed Won,1.0,41700.0,USD,2024-09-03,2024-10-18,2024-11-13,2024-11-13 17:11:00
O000905,Falcon Health LLC - Collaboration Tools,A0338,S012,Collaboration Tools,Referral,Closed Lost,0.0,8100.0,USD,2023-10-22,2023-12-28,2023-11-03,2023-11-03 15:36:00
O002583,Lumen Logistics Group - Support Plan,A0485,S039,Support Plan,Partner,Closed Won,1.0,6400.0,USD,2024-05-10,2024-09-06,2024-05-20,2024-05-20 08:52:00
O001280,Prime Foods Group - Cloud Suite,A0137,S015,Cloud Suite,Outbound,Closed Lost,0.0,28000.0,USD,2025-03-30,2025-08-02,2025-06-28,2025-06-28 18:51:00
O002996,Nova Labs Ltd - Security Bundle,A0207,S025,Security Bundle,Inbound,Qualification,0.25,19500.0,usd,2025-05-17,31/08/2025,,2025-06-30 08:04:00
O002922,Blue Markets LLC - Analytics Platform,A0288,S013,Analytics Platform,Event,Closed Lost,0.0,39700.0,USD,2025-03-18,2025-06-05,2025-05-25,2025-05-25 18:43:00
O002431,Prime Systems Co. - Cloud Suite,A0492,S034,Cloud Suite,Outbound,Closed Won,1.0,28200.0,USD,2025-05-07,2025-07-27,2025-05-28,2025-05-28 18:33:00
O002421,Atlas Systems GmbH - Analytics Platform,A0347,S028,Analytics Platform,Inbound,Closed Lost,0.0,17100.0,USD,2023-07-18,2023-10-01,2023-09-19,2023-09-19 15:31:00
O002500,Atlas Freight Holdings - Support Plan,A0070,S038,Support Plan,Outbound,Closed Won,1.0,6400.0,USD,2023-06-03,2023-09-22,2023-07-29,2023-07-29 17:31:00
O001143,Lumen Industries Co. - Cloud Suite,A0005,S032,Cloud Suite,Partner,Qualification,0.25,16000.0,USD,2025-05-08,2025-09-05,,2025-06-27 14:31:00
O002415,Sahara Pharma Ltd - Analytics Platform,A0375,S027,Analytics Platform,Inbound,Closed Won,1.0,26900.0,USD,2023-06-11,2023-09-27,2023-07-29,2023-07-29 16:32:00
O000707,Lumen Pharma Inc. - Cloud Suite,A0269,S016,Cloud Suite,Inbound,Closed Lost,0.0,24900.0,USD,2023-07-02,2023-11-08,2023-09-10,2023-09-10 14:05:00
O002682,Lumen Learning Holdings - Cloud Suite,A0372,S003,Cloud Suite,Outbound,Closed Lost,0.0,23600.0,USD,2023-11-08,2024-01-14,2023-12-22,2023-12-22 10:32:00
O001023,Granite Retail S.A. 385 - Analytics Platform,A0386,S013,Analytics Platform,Referral,Negotiation,0.75,96900.0,USD,2025-05-14,05/07/2025,,2025-06-29 17:54:00
O000746,Delta Capital Group - Cloud Suite,A0490,S036,Cloud Suite,Referral,Closed Won,1.0,10600.0,USD,2024-12-11,2025-04-10,2025-02-23,2025-02-23 10:57:00
O001547,Coral Clinics Inc. - Collaboration Tools,A0081,S021,Collaboration Tools,Inbound,Closed Lost,0.0,22200.0,USD,2025-03-15,2025-05-08,2025-05-27,2025-05-27 08:02:00
O002391,North Textiles GmbH - Cloud Suite,A0165,S012,Cloud Suite,Partner,Closed Won,1.0,21900.0,USD,2024-10-30,2025-01-29,2024-12-09,2024-12-09 14:09:00
O002078,Pioneer Pharma Holdings - Analytics Platform,A0013,S022,Analytics Platform,Partner,Closed Won,1.0,40200.0,USD,2024-12-18,2025-03-21,2025-03-14,2025-03-14 10:10:00
O000514,Vertex Studios Co. - Analytics Platform,A0011,S032,Analytics Platform,Inbound,Closed Lost,0.0,24400.0,USD,2023-09-22,2023-12-31,2023-10-11,2023-10-11 16:35:00
O000082,Nile Textiles Co. - Cloud Suite,A0178,S005,Cloud Suite,Inbound,Closed Lost,0.0,23400.0,USD,2023-11-07,2024-02-21,2023-11-24,2023-11-24 08:01:00
O002702,Summit Capital Co. - Cloud Suite,A0022,S029,Cloud Suite,Outbound,Closed Lost,0.0,15200.0,USD,2024-06-23,2024-10-26,2024-07-27,2024-07-27 12:20:00
O001309,Blue Systems Co. - Collaboration Tools,A0286,S023,Collaboration Tools,Partner,Closed Lost,0.0,7300.0,USD,2023-10-28,2024-01-30,2023-11-20,2023-11-20 10:56:00
O002532,Sahara Labs LLC - Security Bundle,A0302,S023,Security Bundle,Event,Prospecting,0.1,14000.0,USD,2025-06-27,2025-09-01,,2025-06-27 15:53:00
O000915,Vertex Freight Ltd - Security Bundle,A0143,S021,Security Bundle,Event,Closed Lost,0.0,24400.0,USD,2024-11-03,2025-03-06,2025-03-12,2025-03-12 14:41:00
O001405,Silver Media S.A. - Security Bundle,A0398,S025,Security Bundle,Outbound,Prospecting,0.1,45600.0,USD,2025-06-08,2025-10-15,,2025-06-27 09:40:00
O001648,Silver Learning S.A. - Collaboration Tools,A0215,S037,Collaboration Tools,Outbound,Closed Won,1.0,11100.0,USD,2025-03-10,2025-05-21,2025-05-05,2025-05-05 13:10:00
O002802,Delta Capital Ltd - Security Bundle,A0194,S037,Security Bundle,Referral,Closed Won,1.0,12900.0,USD,2023-02-09,2023-05-07,2023-05-30,2023-05-30 13:42:00
O001109,Harbor Textiles GmbH - Security Bundle,A0263,S040,Security Bundle,Partner,Proposal,0.5,30800.0,USD,2025-05-30,2025-07-16,,2025-06-28 13:53:00
O000151,Granite Pharma LLC - Collaboration Tools,A0329,S038,Collaboration Tools,Outbound,Closed Won,1.0,10900.0,USD,2024-07-18,2024-09-27,2024-12-08,2024-12-08 16:50:00
O002959,Sahara Clinics Holdings - Support Plan,A0186,S022,Support Plan,Outbound,Closed Lost,0.0,8700.0,USD,2025-02-16,2025-05-07,2025-04-04,2025-04-04 13:48:00
O000775,Delta Labs LLC - Collaboration Tools,A0363,S008,Collaboration Tools,Event,Closed Lost,0.0,11700.0,USD,2024-01-06,2024-03-27,2024-01-20,2024-01-20 16:54:00
O000330,Orbit Labs Inc. - Security Bundle,A0004,S040,Security Bundle,Partner,Closed Lost,0.0,18900.0,USD,2025-04-22,2025-07-21,2025-06-23,2025-06-23 11:52:00
O000007,Orbit Labs Inc. - Analytics Platform,A0004,S040,Analytics Platform,Inbound,Prospecting,0.1,23900.0,USD,2025-06-20,2025-08-12,,2025-06-24 17:59:00
O000944,Harbor Capital LLC - Security Bundle,A0164,S023,Security Bundle,Event,Closed Won,1.0,16000.0,USD,2025-02-13,2025-05-23,2025-05-21,2025-05-21 08:16:00
O000823,Blue Logistics S.A. - Cloud Suite,A0255,S010,Cloud Suite,Partner,Closed Lost,0.0,22500.0,USD,2023-04-11,2023-06-07,2023-05-18,2023-05-18 17:44:00
O000735,Atlas Markets Co. - Collaboration Tools,A0350,S012,Collaboration Tools,Inbound,Closed Won,1.0,8900.0,USD,2025-04-30,2025-07-06,2025-05-30,2025-05-30 08:07:00
O000910,Falcon Energy Co. - Security Bundle,A0230,S008,Security Bundle,Inbound,Closed Won,1.0,16500.0,usd,2023-09-10,2023-10-28,2023-09-26,2023-09-26 15:19:00
O000469,Prime Clinics LLC - Analytics Platform,A0284,S039,Analytics Platform,Outbound,Closed Lost,0.0,20700.0,USD,2024-08-22,2024-10-19,2024-10-30,2024-10-30 18:33:00
O000182,Sahara Textiles Ltd - Analytics Platform,A0138,S005,Analytics Platform,Partner,Closed Lost,0.0,60200.0,USD,2024-08-28,2024-10-20,2024-11-14,2024-11-14 08:45:00
O000165,Nova Learning Holdings - Cloud Suite,A0500,S029,Cloud Suite,Outbound,Closed Lost,0.0,21400.0,USD,2025-02-14,2025-05-03,2025-03-15,2025-03-15 18:03:00
O001524,Blue Retail Inc. - Collaboration Tools,A0183,S016,Collaboration Tools,Inbound,Closed Lost,0.0,38300.0,USD,2023-04-18,2023-07-09,2023-07-15,2023-07-15 17:25:00
O000452,North Pharma Group - Cloud Suite,A0340,S025,Cloud Suite,Partner,Closed Lost,0.0,64400.0,USD,2023-02-16,2023-04-17,2023-06-05,2023-06-05 09:32:00
O000491,Coral Media Co. - Collaboration Tools,A0244,S029,Collaboration Tools,Partner,Closed Won,1.0,14000.0,USD,2025-01-03,2025-04-27,2025-02-17,2025-02-17 16:00:00
O000814,Sahara Industries Inc. - Security Bundle,A0379,S036,Security Bundle,Inbound,Closed Won,1.0,22700.0,USD,2024-11-18,2025-01-08,2025-01-01,2025-01-01 08:03:00
O001144,Sahara Textiles Ltd - Security Bundle,A0138,S005,Security Bundle,Partner,Closed Lost,0.0,28800.0,USD,2023-09-25,2023-12-18,2023-10-17,2023-10-17 18:07:00
O001312,Orbit Pharma Holdings - Cloud Suite,A0460,S009,Cloud Suite,Partner,Closed Won,1.0,15200.0,USD,2023-01-28,2023-03-17,2023-05-04,2023-05-04 18:11:00
O002276,Falcon Logistics Ltd - Support Plan,A0459,S037,Support Plan,Partner,Closed Lost,0.0,6500.0,USD,2025-03-27,2025-06-28,2025-04-14,2025-04-14 10:31:00
O001112,Zenith Learning S.A. - Collaboration Tools,A0491,S022,Collaboration Tools,Partner,Closed Won,1.0,8400.0,USD,2025-04-25,2025-06-20,2025-06-03,2025-06-03 12:51:00
O002897,Sahara Hotels LLC - Security Bundle,A0381,S013,Security Bundle,Outbound,Closed Lost,0.0,23300.0,USD,2025-04-07,2025-07-23,2025-05-05,2025-05-05 11:35:00
O001827,Cedar Studios Holdings - Support Plan,A0072,S028,Support Plan,Partner,Closed Lost,0.0,6000.0,USD,2024-03-27,2024-07-02,2024-05-09,2024-05-09 12:02:00
O001442,Nova Motors LLC - Collaboration Tools,A0123,S009,Collaboration Tools,Referral,Closed Lost,0.0,29400.0,USD,2023-04-30,2023-06-27,2023-06-12,2023-06-12 11:22:00
O001963,Summit Markets Inc. - Cloud Suite,A0085,S004,Cloud Suite,Partner,Closed Lost,0.0,15500.0,USD,2023-03-23,2023-07-18,2023-04-17,2023-04-17 13:50:00
O001007,Orbit Labs Inc. - Collaboration Tools,A0004,S040,Collaboration Tools,Partner,Closed Lost,0.0,20600.0,USD,2024-11-09,2025-01-08,2024-12-02,2024-12-02 08:27:00
O001628,Prime Retail Holdings - Support Plan,A0408,S031,Support Plan,Partner,Closed Lost,0.0,10000.0,USD,2023-01-08,2023-03-01,2023-02-10,2023-02-10 12:17:00
O001633,Coral Logistics GmbH - Analytics Platform,A0365,S004,Analytics Platform,Inbound,Closed Lost,0.0,21900.0,USD,2025-05-03,2025-07-31,2025-05-15,2025-05-15 11:43:00
O001075,Atlas Learning LLC - Collaboration Tools,A0420,S016,Collaboration Tools,Outbound,Closed Lost,0.0,8600.0,USD,2024-03-12,2024-04-28,2024-05-14,2024-05-14 17:19:00
O000579,Granite Systems GmbH - Cloud Suite,A0484,S037,Cloud Suite,Event,Closed Lost,0.0,18500.0,USD,2023-04-23,2023-08-23,2023-05-07,2023-05-07 13:54:00
O002231,Granite Textiles Group 429 - Security Bundle,A0430,S033,Security Bundle,Inbound,Prospecting,0.1,22500.0,USD,2025-06-19,2025-10-15,,2025-06-30 14:24:00
O002379,Zenith Labs Holdings - Security Bundle,A0223,S037,Security Bundle,Outbound,Prospecting,0.1,34500.0,USD,2025-06-20,2025-10-06,,2025-06-24 10:36:00
O002297,Prime Industries Group - Cloud Suite,A0171,S040,Cloud Suite,Referral,Qualification,0.25,74600.0,USD,2025-05-09,2025-08-27,,2025-06-27 15:17:00
O002336,Harbor Textiles S.A. - Analytics Platform,A0228,S009,Analytics Platform,Referral,Closed Lost,0.0,23200.0,USD,2023-06-09,2023-08-01,2023-07-13,2023-07-13 17:53:00
O000328,Atlas Learning S.A. - Analytics Platform,A0291,S035,Analytics Platform,Partner,Closed Won,1.0,55400.0,USD,2024-05-05,2024-08-13,2024-06-02,2024-06-02 08:31:00
O001791,Falcon Logistics S.A. - Security Bundle,A0416,S019,Security Bundle,Inbound,Qualification,0.25,44300.0,USD,2025-05-08,2025-09-04,,2025-06-30 10:33:00
O000443,Orbit Logistics S.A. - Collaboration Tools,A0034,S015,Collaboration Tools,Inbound,Closed Lost,0.0,21900.0,USD,2023-02-15,2023-06-02,2023-03-07,2023-03-07 11:47:00
O001859,Delta Textiles GmbH - Support Plan,A0495,S030,Support Plan,Event,Closed Lost,0.0,10800.0,USD,2024-04-07,2024-06-04,2024-06-15,2024-06-15 16:52:00
O002203,Prime Capital Co. - Analytics Platform,A0418,S038,Analytics Platform,Inbound,Prospecting,0.1,,USD,2025-06-27,2025-08-31,,2025-06-28 11:41:00
O000313,Lumen Consulting S.A. - Cloud Suite,A0050,S012,Cloud Suite,Inbound,Closed Lost,0.0,12300.0,USD,2024-01-30,2024-03-22,2024-02-21,2024-02-21 18:18:00
O000833,Silver Motors Ltd - Cloud Suite,A0238,S025,Cloud Suite,Event,Closed Lost,0.0,33700.0,USD,2024-05-29,2024-09-13,2024-07-20,2024-07-20 08:53:00
O002408,Prime Motors GmbH - Analytics Platform,A0441,S009,Analytics Platform,Outbound,Closed Lost,0.0,70800.0,USD,2024-04-16,2024-07-03,2024-05-28,2024-05-28 09:04:00
O002508,Zenith Pharma S.A. - Analytics Platform,A0231,S020,Analytics Platform,Referral,Qualification,0.25,30200.0,USD,2025-01-16,2025-03-29,2025-02-07,2025-01-02 15:52:00
O001415,Granite Motors S.A. - Support Plan,A0119,S004,Support Plan,Inbound,Closed Lost,0.0,9000.0,USD,2024-02-12,2024-03-30,2024-03-09,2024-03-09 18:51:00
O001202,Orbit Health S.A. 248 - Cloud Suite,A9904,S027,Cloud Suite,Outbound,Closed Won,1.0,18600.0,USD,2024-11-01,2025-02-18,2025-01-21,2025-01-21 12:54:00
O002348,Falcon Freight LLC - Cloud Suite,A0325,S021,Cloud Suite,Outbound,Closed Won,1.0,77200.0,USD,2024-01-23,2024-03-27,2024-04-18,2024-04-18 11:08:00
O001500,Coral Capital Ltd - Collaboration Tools,A0105,S020,Collaboration Tools,Outbound,Closed Lost,0.0,6700.0,USD,2025-01-31,2025-06-01,2025-04-01,2025-04-01 14:16:00
O001961,Nova Energy Inc. - Collaboration Tools,A0405,S032,Collaboration Tools,Event,Closed Won,1.0,12200.0,USD,2025-01-13,2025-03-23,2025-03-24,2025-03-24 08:51:00
O000087,Atlas Foods LLC - Collaboration Tools,A0406,S026,Collaboration Tools,Outbound,Closed Won,1.0,6300.0,USD,2023-08-19,2023-12-16,2023-11-08,2023-11-08 15:03:00
O001404,Granite Freight Inc. - Security Bundle,A0364,S014,Security Bundle,Inbound,Closed Won,1.0,11400.0,USD,2024-12-22,2025-02-25,2025-04-28,2025-04-28 09:33:00
O002969,Orbit Logistics Ltd - Cloud Suite,A0029,S022,Cloud Suite,Event,Closed Won,1.0,7200.0,USD,2024-05-23,2024-09-14,2024-07-15,2024-07-15 12:46:00
O002357,Prime Motors GmbH - Security Bundle,A0441,S009,Security Bundle,Outbound,Closed Lost,0.0,47600.0,USD,2025-01-29,2025-04-26,2025-03-15,2025-03-15 15:33:00
O001482,Falcon Logistics Ltd - Analytics Platform,A0459,S037,Analytics Platform,Inbound,Closed Lost,0.0,33900.0,USD,2023-07-30,2023-10-01,2023-09-13,2023-09-13 12:59:00
O000778,Harbor Learning S.A. - Analytics Platform,A0014,S039,Analytics Platform,Outbound,Closed Lost,0.0,61200.0,USD,2023-09-11,2023-11-08,2023-11-10,2023-11-10 14:39:00
O000800,Sahara Capital Holdings - Analytics Platform,A0101,S014,Analytics Platform,Referral,Closed Lost,0.0,32700.0,USD,2025-05-01,2025-07-09,2025-06-12,2025-06-12 17:57:00
O001667,Zenith Learning S.A. - Cloud Suite,A0491,S022,Cloud Suite,Partner,Closed Won,1.0,24200.0,USD,2023-12-12,2024-02-23,2024-01-17,2024-01-17 11:18:00
O001895,Prime Systems Co. - Cloud Suite,A0492,S034,Cloud Suite,Inbound,Closed Lost,0.0,10800.0,USD,2025-05-07,2025-09-02,2025-06-09,2025-06-09 10:38:00
O000055,Pioneer Labs Inc. 481 - Cloud Suite,A0482,S036,Cloud Suite,Partner,Closed Won,1.0,23100.0,USD,2023-08-08,2023-12-08,2023-12-12,2023-12-12 09:57:00
O002443,Harbor Retail GmbH - Cloud Suite,A0071,S013,Cloud Suite,Outbound,Closed Lost,0.0,29600.0,USD,2024-03-28,2024-07-30,2024-06-29,2024-06-29 15:26:00
O001288,Falcon Freight LLC - Security Bundle,A0325,S021,Security Bundle,Inbound,Closed Lost,0.0,35000.0,USD,2025-03-10,2025-05-30,2025-04-26,2025-04-26 11:51:00
O001921,Vertex Freight Ltd - Collaboration Tools,A0143,S021,Collaboration Tools,Partner,Closed Lost,0.0,16800.0,USD,2024-02-04,2024-05-22,2024-04-24,2024-04-24 17:21:00
O001668,Falcon Capital Group - Security Bundle,A0206,S012,Security Bundle,Outbound,Closed Won,1.0,22900.0,USD,2025-02-10,2025-05-24,2025-03-09,2025-03-09 14:26:00
O002884,North Freight LLC 329 - Analytics Platform,A0330,S037,Analytics Platform,Partner,Closed Lost,0.0,10700.0,USD,2024-04-30,2024-08-06,2024-07-30,2024-07-30 10:52:00
O002187,Falcon Logistics GmbH - Support Plan,A0429,S025,Support Plan,Outbound,Closed Lost,0.0,16300.0,USD,2024-09-24,2025-01-29,2024-11-29,2024-11-29 09:14:00
O001702,Coral Foods Ltd - Support Plan,A0213,S005,Support Plan,Outbound,Closed Lost,0.0,10500.0,USD,2023-07-29,2023-09-18,2023-08-29,2023-08-29 10:14:00
O001246,Pioneer Energy S.A. - Analytics Platform,A0234,S036,Analytics Platform,Outbound,Closed Won,1.0,17400.0,USD,2025-02-26,2025-04-30,2025-04-21,2025-04-21 08:37:00
O000114,Harbor Textiles LLC - Collaboration Tools,A0133,S022,Collaboration Tools,Partner,Closed Won,1.0,31300.0,USD,2023-01-21,2023-05-14,2023-02-13,2023-02-13 12:17:00
O002849,Nile Labs LLC - Cloud Suite,A0150,S001,Cloud Suite,Outbound,Closed Lost,0.0,9000.0,USD,2025-05-04,2025-08-06,2025-05-12,2025-05-12 17:50:00
O000988,Blue Energy Ltd - Collaboration Tools,A0433,S007,Collaboration Tools,Outbound,Closed Lost,0.0,10300.0,USD,2023-03-24,2023-07-24,2023-06-16,2023-06-16 11:59:00
O000502,Summit Freight Inc. - Security Bundle,A0415,S022,Security Bundle,Inbound,Closed Won,1.0,13100.0,USD,2025-04-14,2025-06-16,2025-06-21,2025-06-21 18:52:00
O002185,Orbit Hotels Co. - Cloud Suite,A0180,S035,Cloud Suite,Inbound,Closed Lost,0.0,14600.0,USD,2023-11-13,2024-01-30,2024-01-09,2024-01-09 15:11:00
O001010,Orbit Learning Inc. - Cloud Suite,A0179,S012,Cloud Suite,Outbound,Closed Lost,0.0,27100.0,USD,2025-02-10,2025-03-31,2025-04-06,2025-04-06 16:37:00
O001199,Falcon Freight Holdings - Collaboration Tools,A0426,S012,Collaboration Tools,Inbound, Closed Lost ,0.0,5300.0,USD,2024-04-26,2024-07-20,2024-05-11,2024-05-11 10:47:00
O001395,Lumen Consulting Inc. - Collaboration Tools,A0211,S032,Collaboration Tools,Inbound,Closed Lost,0.0,10000.0,USD,2023-12-15,2024-03-28,2024-03-10,2024-03-10 08:45:00
O000590,Pioneer Learning Ltd - Security Bundle,A0079,S023,Security Bundle,Outbound,Closed Lost,0.0,7700.0,USD,2024-12-22,2025-02-15,2025-01-28,2025-01-28 16:58:00
O000769,Falcon Foods Group - Security Bundle,A0106,S019,Security Bundle,Partner,Closed Won,1.0,14000.0,USD,2023-03-25,24/07/2023,2023-05-15,2023-05-15 16:46:00
O000018,Granite Motors GmbH - Support Plan,A0091,S005,Support Plan,Outbound,Closed Lost,0.0,13200.0,USD,2025-02-14,2025-04-25,2025-04-04,2025-04-04 16:54:00
O001043,Granite Textiles Group 429 - Security Bundle,A0430,S039,Security Bundle,Outbound,Closed Won,1.0,19800.0,USD,2024-03-06,2024-05-01,2024-05-28,2024-05-28 18:30:00
O001448,Prime Clinics LLC - Cloud Suite,A0284,S039,Cloud Suite,Partner,Closed Lost,0.0,18700.0,USD,2024-10-06,2024-12-22,2024-11-25,2024-11-25 09:37:00
O002498,Delta Media GmbH - Analytics Platform,A0283,S017,Analytics Platform,Outbound,Closed Lost,0.0,35800.0,USD,2025-04-25,2025-07-29,2025-06-27,2025-06-27 15:20:00
O000286,Silver Studios Ltd - Collaboration Tools,A0256,S002,Collaboration Tools,Referral,Prospecting,0.1,20500.0,USD,2025-06-06,2025-10-06,,2025-06-25 11:50:00
O002679,Nova Learning Inc. - Security Bundle,A0293,S040,Security Bundle,Partner,Closed Lost,0.0,21200.0,USD,2024-12-18,2025-03-02,2025-02-17,2025-02-17 11:33:00
O000429,Nile Freight GmbH - Analytics Platform,A0458,S040,Analytics Platform,Inbound,Closed Won,1.0,23800.0,USD,2024-08-29,2024-11-05,2024-12-14,2024-12-14 15:00:00
O001329,Pioneer Clinics Group - Cloud Suite,A0396,S002,Cloud Suite,Partner,Closed Lost,0.0,25000.0,USD,2025-01-20,2025-05-22,2025-02-08,2025-02-08 14:16:00
O002023,Summit Industries Co. - Security Bundle,A0131,S039,Security Bundle,Outbound,Closed Lost,0.0,22900.0,USD,2024-06-21,2024-09-14,2024-09-03,2024-09-03 11:23:00
O000670,Zenith Media S.A. - Security Bundle,A0276,S028,Security Bundle,Event,Closed Lost,0.0,30700.0,USD,2023-05-10,2023-08-27,2023-08-03,2023-08-03 12:46:00
O000032,Orbit Industries GmbH - Security Bundle,A0248,S008,Security Bundle,Referral,Closed Lost,0.0,12000.0,USD,2024-11-28,2025-03-08,2024-12-31,2024-12-31 14:28:00
O001342,Falcon Logistics Ltd - Cloud Suite,A0459,S037,Cloud Suite,Partner,Closed Lost,0.0,19400.0,USD,2023-02-02,2023-04-26,2023-02-25,2023-02-25 13:27:00
O000723,Nile Media Group - Support Plan,A0348,S009,Support Plan,Outbound,Closed Won,1.0,6100.0,USD,2023-09-28,2023-11-12,2023-12-19,2023-12-19 10:01:00
O000952,North Systems LLC - Collaboration Tools,A0083,S002,Collaboration Tools,Inbound,Closed Lost,0.0,14900.0,USD,2023-06-10,2023-09-16,2024-01-14,2024-01-14 12:24:00
O001915,Prime Studios LLC - Security Bundle,A0401,S024,Security Bundle,Outbound,Closed Won,1.0,21100.0,USD,2023-04-28,2023-07-26,2023-10-09,2023-10-09 14:12:00
O002713,Pioneer Pharma Inc. - Collaboration Tools,A0376,S035,Collaboration Tools,Event,Proposal,0.5,3500.0,USD,2025-05-09,2025-07-31,,2025-06-28 11:55:00
O000215,Sahara Textiles LLC - Collaboration Tools,A0168,S034,Collaboration Tools,Outbound,Closed Lost,0.0,6000.0,USD,2023-05-04,2023-07-10,2023-07-11,2023-07-11 11:13:00
O000990,Falcon Textiles Ltd - Collaboration Tools,A0141,S032,Collaboration Tools,Inbound,Closed Won,1.0,9800.0,USD,2023-11-09,2024-02-10,2023-12-14,2023-12-14 13:56:00
O001165,North Motors GmbH - Cloud Suite,A0352,S034,Cloud Suite,Referral,Closed Lost,0.0,33900.0,USD,2023-02-02,2023-05-21,2023-02-19,2023-02-19 13:48:00
O002835,Lumen Foods LLC - Collaboration Tools,A0378,S037,Collaboration Tools,Inbound,Closed Lost,0.0,6300.0,USD,2024-10-03,2024-12-07,2024-12-03,2024-12-03 18:18:00
O002930,Delta Freight LLC - Cloud Suite,A0266,S005,Cloud Suite,Partner,Closed Won,1.0,22600.0,USD,2024-04-28,2024-08-29,2024-12-06,2024-12-06 11:48:00
O000327,Blue Pharma Co. - Cloud Suite,A0359,S008,Cloud Suite,Referral,Closed Won,1.0,29900.0,USD,2024-07-25,2024-09-17,2024-09-26,2024-09-26 18:12:00
O000561,Silver Capital LLC - Analytics Platform,A0236,S027,Analytics Platform,Partner,Prospecting,0.1,22500.0,USD,2025-06-22,2025-09-19,,2025-06-30 18:32:00
O001384,Sahara Hotels LLC - Collaboration Tools,A0381,S013,Collaboration Tools,Outbound,Closed Won,1.0,7100.0,USD,2023-06-27,2023-10-13,2023-08-21,2023-08-21 16:37:00
O001725,Nile Markets Ltd - Security Bundle,A0160,S011,Security Bundle,Outbound,Closed Won,1.0,19000.0,USD,2023-08-31,2023-12-11,2023-11-09,2023-11-09 10:37:00
O001087,Sahara Hotels Co. - Collaboration Tools,A0251,S020,Collaboration Tools,Partner,Closed Lost,0.0,8300.0,USD,2023-10-15,2024-02-11,2023-12-08,2023-12-08 16:30:00
O002365,North Motors LLC - Security Bundle,A0472,S032,Security Bundle,Partner,Closed Lost,0.0,15600.0,USD,2025-04-20,2025-06-23,2025-05-10,2025-05-10 15:32:00
O000342,Falcon Textiles Ltd - Cloud Suite,A0141,S032,Cloud Suite,Event,Closed Lost,0.0,13400.0,USD,2023-12-11,2024-04-09,2024-01-29,2024-01-29 16:22:00
O001654,Sahara Hotels Co. - Support Plan,A0251,S020,Support Plan,Event,CLOSED WON,1.0,6200.0,USD,2025-01-28,2025-05-10,2025-05-10,2025-05-10 15:30:00
O000148,Coral Energy Ltd - Cloud Suite,A0060,S004,Cloud Suite,Outbound,Negotiation,0.75,35300.0,USD,2025-02-22,2025-04-23,,2025-06-25 15:11:00
O002373,Sahara Labs LLC - Collaboration Tools,A0302,S023,Collaboration Tools,Referral,Closed Lost,0.0,14500.0,usd,2025-02-03,16/05/2025,2025-03-19,2025-03-19 18:28:00
O002447,Nile Markets Ltd - Security Bundle,A0160,S011,Security Bundle,Outbound,Prospecting,0.1,19400.0,USD,2025-06-26,2025-10-11,,2025-06-27 12:53:00
O001108,Nile Textiles Co. - Analytics Platform,A0178,S028,Analytics Platform,Event,Closed Lost,0.0,61200.0,USD,2024-09-02,2025-01-05,2024-10-05,2024-10-05 08:03:00
O000849,Atlas Motors Inc. 470 - Support Plan,A0471,S030,Support Plan,Partner,Proposal,0.5,4200.0,USD,2025-05-21,2025-07-16,,2025-06-29 08:05:00
O000967,Harbor Learning LLC - Security Bundle,A0469,S027,Security Bundle,Partner,Closed Lost,0.0,16300.0,USD,2023-05-06,2023-08-26,2023-07-15,2023-07-15 12:14:00
O001073,Granite Systems GmbH - Collaboration Tools,A0484,S037,Collaboration Tools,Outbound,Closed Won,1.0,7000.0,USD,2023-12-20,2024-03-01,2024-01-22,2024-01-22 10:30:00
O002499,Prime Foods Group - Cloud Suite,A0137,S015,Cloud Suite,Outbound,Closed Lost,0.0,33400.0,USD,2024-05-17,2024-08-18,2024-07-10,2024-07-10 14:38:00
O001906,Prime Systems Co. - Support Plan,A0492,S034,Support Plan,Partner,Closed Won,1.0,4500.0,USD,2025-04-20,2025-06-09,2025-05-24,2025-05-24 12:12:00
O000156,Zenith Media Co. - Collaboration Tools,A0456,S015,Collaboration Tools,Partner,Closed Lost,0.0,13500.0,USD,2023-04-28,2023-06-16,2023-06-25,2023-06-25 12:36:00
O000666,Zenith Studios Inc. - Cloud Suite,A0030,S033,Cloud Suite,Outbound,Closed Lost,0.0,45500.0,USD,2023-10-05,2023-12-26,2024-01-13,2024-01-13 09:49:00
O000662,Zenith Media S.A. - Analytics Platform,A0276,S028,Analytics Platform,Partner,Closed Lost,0.0,85500.0,USD,2024-05-14,2024-08-24,2024-06-10,2024-06-10 12:51:00
O001003,Falcon Foods Group - Security Bundle,A0106,S019,Security Bundle,Inbound,Qualification,0.25,9200.0,USD,2025-06-09,2025-08-12,,2025-06-26 15:20:00
O002375,Harbor Clinics Co. - Analytics Platform,A0009,S031,Analytics Platform,Partner,Closed Lost,0.0,18100.0,USD,2023-03-20,2023-06-18,2023-05-13,2023-05-13 09:50:00
O002555,Silver Foods LLC - Cloud Suite,A0065,S025,Cloud Suite,Referral,Closed Lost,0.0,22000.0,USD,2025-03-27,2025-07-14,2025-05-28,2025-05-28 14:02:00
O000177,Atlas Foods Inc. - Collaboration Tools,A0467,S010,Collaboration Tools,Partner,Closed Won,1.0,16300.0,USD,2024-01-01,2024-02-27,2024-02-15,2024-02-15 17:51:00
O002695,North Markets LLC - Collaboration Tools,A0135,S028,Collaboration Tools,Inbound,Closed Lost,0.0,9200.0,USD,2024-09-13,2024-12-23,2024-11-05,2024-11-05 16:43:00
O001880,Sahara Industries Inc. - Analytics Platform,A0379,S036,Analytics Platform,Outbound,closed lost,0.0,40200.0,USD,2024-08-06,13/12/2024,2024-09-23,2024-09-23 15:47:00
O001525,Harbor Pharma LLC - Analytics Platform,A0098,S028,Analytics Platform,Partner, Closed Won ,1.0,25300.0,USD,2025-06-12,2025-07-29,2025-06-27,2025-06-27 16:17:00
O002860,Orbit Health S.A. 192 - Cloud Suite,A0193,S023,Cloud Suite,Outbound,Closed Lost,0.0,53900.0,USD,2024-08-31,07/11/2024,2024-10-05,2024-10-05 18:46:00
O001204,Coral Logistics GmbH - Analytics Platform,A0365,S004,Analytics Platform,Partner,Closed Lost,0.0,21200.0,USD,2023-06-20,12/09/2023,2023-10-03,2023-10-03 13:33:00
O001991,Sahara Labs LLC - Analytics Platform,A0302,S023,Analytics Platform,Outbound,Closed Lost,0.0,21600.0,USD,2024-10-28,2025-02-04,2025-01-01,2025-01-01 09:17:00
O000025,Nova Labs Ltd - Security Bundle,A0207,S025,Security Bundle,Event,Closed Won,1.0,28800.0,USD,2023-07-22,2023-11-28,2024-01-09,2024-01-09 10:56:00
O002853,Cedar Markets GmbH - Support Plan,A0064,S023,Support Plan,Referral,Closed Lost,0.0,6700.0,USD,2023-05-30,2023-08-25,2023-06-09,2023-06-09 08:37:00
O002060,Orbit Pharma Holdings - Cloud Suite,A0460,S009,Cloud Suite,Event,Closed Lost,0.0,59700.0,USD,2024-01-22,2024-03-08,2024-04-13,2024-04-13 09:46:00
O002520,Summit Pharma S.A. - Collaboration Tools,A0240,S008,Collaboration Tools,Outbound,Closed Won,1.0,14700.0,USD,2023-04-13,2023-07-09,2023-07-19,2023-07-19 17:22:00
O002333,Silver Hotels Ltd - Security Bundle,A0264,S031,Security Bundle,Inbound,Closed Lost,0.0,17100.0,USD,2025-02-23,2025-05-03,2025-04-15,2025-04-15 11:59:00
O000876,Granite Motors S.A. - Cloud Suite,A0119,S004,Cloud Suite,Inbound,Closed Won,1.0,33300.0,USD,2023-03-09,2023-05-18,2023-04-13,2023-04-13 14:46:00
O002738,Lumen Retail Co. - Analytics Platform,A0410,S008,Analytics Platform,Referral,Negotiation,0.75,,usd,2025-03-27,2025-06-01,,2025-06-27 15:16:00
O000939,Prime Motors Co. 365 - Analytics Platform,A0366,S019,Analytics Platform,Event,Closed Lost,0.0,25500.0,USD,2023-12-25,2024-04-16,2024-03-24,2024-03-24 11:48:00
O002739,Harbor Pharma Ltd - Cloud Suite,A0208,S029,Cloud Suite,Inbound,Closed Lost,0.0,11600.0,USD,2024-01-06,2024-03-15,2024-02-15,2024-02-15 13:24:00
O001553,Nova Systems Inc. - Security Bundle,A0043,S009,Security Bundle,Outbound,Closed Won,1.0,25000.0,USD,2024-08-20,2024-10-17,2024-12-16,2024-12-16 11:46:00
O000347,Harbor Consulting Group - Security Bundle,A0082,S011,Security Bundle,Partner,Closed Lost,0.0,42700.0,USD,2025-03-02,2025-05-31,2025-03-23,2025-03-23 14:30:00
O002706,Vertex Media GmbH - Cloud Suite,A0292,S029,Cloud Suite,Partner,Closed Won,1.0,20700.0,USD,2023-06-27,2023-08-13,2023-07-18,2023-07-18 12:43:00
O001074,Lumen Motors S.A. - Support Plan,A0341,S035,Support Plan,Partner,Closed Won,1.0,11900.0,USD,2023-04-07,2023-06-20,2023-05-08,2023-05-08 10:34:00
O001234,Summit Freight Ltd - Collaboration Tools,A0109,S011,Collaboration Tools,Partner,Closed Won,1.0,33500.0,USD,2023-05-05,2023-08-27,2023-07-12,2023-07-12 14:21:00
O001927,Pioneer Learning Holdings - Analytics Platform,A0314,S005,Analytics Platform,Outbound,Closed Lost,0.0,36700.0,USD,2023-07-23,2023-11-16,2023-10-13,2023-10-13 13:46:00
O000386,Orbit Capital GmbH - Collaboration Tools,A0243,S009,Collaboration Tools,Outbound,Closed Won,1.0,17200.0,USD,2023-07-02,2023-10-06,2023-08-29,2023-08-29 15:56:00
O001830,Pioneer Labs Inc. - Collaboration Tools,A0287,S014,Collaboration Tools,Partner,Closed Lost,0.0,5200.0,USD,2025-02-27,2025-05-12,2025-03-07,2025-03-07 11:28:00
O002381,Zenith Media S.A. - Support Plan,A0276,S034,Support Plan,Outbound,Closed Won,1.0,10500.0,USD,2023-11-19,08/01/2024,2024-02-26,2024-02-26 15:28:00
O002546,Summit Foods S.A. - Security Bundle,A0443,S008,Security Bundle,Event,Closed Lost,0.0,23400.0,USD,2024-11-10,2025-02-11,2025-01-01,2025-01-01 15:45:00
O002229,Harbor Studios Holdings - Analytics Platform,A0110,S035,Analytics Platform,Inbound,Closed Won,1.0,-21300.0,USD,2025-05-14,03/07/2025,2025-06-11,2025-06-11 10:32:00
O002119,Blue Systems Ltd - Security Bundle,A0404,S002,Security Bundle,Partner,Closed Lost,0.0,48300.0,USD,2025-02-26,02/06/2025,2025-04-08,2025-04-08 18:18:00
O000937,Cedar Industries S.A. - Cloud Suite,A0353,S001,Cloud Suite,Inbound,Prospecting,0.1,14800.0,USD,2025-06-27,2025-08-27,,2025-06-30 17:31:00
O002620,Zenith Motors Ltd - Cloud Suite,A0278,S039,Cloud Suite,Inbound,Negotiation,0.75,10200.0,USD,2025-05-14,2025-07-03,,2025-06-28 09:28:00
O002968,Silver Systems Co. - Cloud Suite,A0342,S018,Cloud Suite,Inbound,Closed Lost,0.0,23600.0,USD,2023-09-20,2024-01-09,2023-10-21,2023-10-21 08:23:00
O001333,Sahara Energy Inc. - Analytics Platform,A0056,S024,Analytics Platform,Partner,Closed Lost,0.0,10300.0,USD,2023-12-05,2024-02-23,2024-01-02,2024-01-02 11:53:00
O001935,Silver Media Ltd - Analytics Platform,A0041,S005,Analytics Platform,Outbound,Closed Lost,0.0,163500.0,USD,2023-03-07,2023-06-18,2023-04-28,2023-04-28 18:40:00
O000936,Atlas Studios S.A. - Security Bundle,A0023,S009,Security Bundle,Outbound, Closed Lost ,0.0,72400.0,USD,2025-02-06,2025-04-01,2025-03-11,2025-03-11 15:54:00
O000567,Sahara Pharma Inc. - Cloud Suite,A0047,S037,Cloud Suite,Event,Closed Lost,0.0,13900.0,USD,2023-01-27,2023-04-26,2023-03-18,2023-03-18 10:38:00
O001855,Vertex Motors LLC - Support Plan,A0294,S033,Support Plan,Event,Closed Lost,0.0,5500.0,USD,2025-04-11,2025-06-07,2025-05-10,2025-05-10 08:38:00
O002462,Nile Health Inc. - Collaboration Tools,A0281,S018,Collaboration Tools,Inbound,Closed Won,1.0,14000.0,USD,2023-06-21,2023-10-26,2023-09-14,2023-09-14 10:55:00
O001646,Atlas Motors Inc. 470 - Support Plan,A0471,S030,Support Plan,Inbound,Closed Lost,0.0,6900.0,USD,2023-01-31,2023-05-04,2023-03-06,2023-03-06 11:48:00
O002326,Summit Freight Ltd - Support Plan,A0109,S011,Support Plan,Event,Closed Lost,0.0,4900.0,USD,2025-03-11,2025-05-26,2025-05-01,2025-05-01 08:24:00
O001793,Lumen Capital S.A. - Cloud Suite,A0055,S019,Cloud Suite,Referral,Closed Lost,0.0,18700.0,USD,2025-04-08,2025-06-12,2025-05-03,2025-05-03 11:30:00
O001431,Coral Labs LLC - Security Bundle,A0407,S002,Security Bundle,Inbound,Closed Lost,0.0,22300.0,USD,2024-06-30,2024-10-01,2024-12-10,2024-12-10 13:25:00
O002355,Pioneer Clinics Co. - Cloud Suite,A0125,S031,Cloud Suite,Partner,Closed Lost,0.0,14200.0,USD,2023-02-17,2023-06-23,2023-03-22,2023-03-22 15:07:00
O001014,Zenith Hotels Co. - Security Bundle,A0247,S018,Security Bundle,Outbound,Closed Lost,0.0,13500.0,USD,2025-02-04,2025-04-21,2025-02-11,2025-02-11 15:06:00
O001929,Lumen Capital S.A. 469 - Collaboration Tools,A0470,S012,Collaboration Tools,Referral,Closed Lost,0.0,37800.0,USD,2025-02-18,2025-05-09,2025-02-26,2025-02-26 14:48:00
O002281,Delta Motors GmbH 465 - Support Plan,A0466,S040,Support Plan,Partner,Closed Lost,0.0,5500.0,USD,2023-08-08,2023-10-09,2023-10-25,2023-10-25 09:34:00
O000127,Atlas Freight Ltd - Security Bundle,A0328,S033,Security Bundle,Partner,Closed Won,1.0,29200.0,USD,2024-02-01,2024-05-05,2024-05-16,2024-05-16 16:42:00
O002124,Vertex Pharma Co. - Analytics Platform,A0280,S006,Analytics Platform,Inbound,Closed Won,1.0,40300.0,USD,2024-10-22,2025-02-07,2024-12-24,2024-12-24 18:00:00
O001348,North Foods Inc. - Cloud Suite,A0290,S027,Cloud Suite,Outbound,Closed Won,1.0,50900.0,USD,2023-12-02,2024-03-27,2024-02-21,2024-02-21 18:09:00
O000356,Lumen Pharma Inc. - Analytics Platform,A0269,S016,Analytics Platform,Event,Closed Won,1.0,36000.0,USD,2024-05-04,2024-07-27,2024-08-25,2024-08-25 16:13:00
O000828,Orbit Hotels Group - Cloud Suite,A0235,S016,Cloud Suite,Partner,Closed Lost,0.0,46500.0,USD,2024-03-17,2024-05-31,2024-05-02,2024-05-02 13:04:00
O001640,Nova Textiles Inc. 258 - Analytics Platform,A0259,S002,Analytics Platform,Inbound,Negotiation,0.75,68200.0,USD,2025-03-31,2025-06-05,,2025-06-27 11:50:00
O000985,Cedar Health S.A. - Security Bundle,A0357,S008,Security Bundle,Partner,Closed Lost,0.0,8800.0,USD,2025-05-09,2025-07-06,2025-06-16,2025-06-16 11:47:00
O000363,Nova Textiles Inc. - Collaboration Tools,A0151,S005,Collaboration Tools,Inbound,Closed Lost,0.0,8800.0,USD,2023-08-25,2023-10-13,2023-11-07,2023-11-07 14:14:00
O000346,Vertex Studios S.A. - Security Bundle,A0199,S013,Security Bundle,Referral,Closed Won,1.0,14000.0,USD,2023-02-16,2023-05-03,2023-04-30,2023-04-30 08:57:00
O002091,Coral Textiles S.A. - Support Plan,A0184,S001,Support Plan,Outbound,Closed Won,1.0,4700.0,USD,2023-07-27,2023-11-30,2023-09-15,2023-09-15 09:54:00
O002581,Harbor Capital LLC - Cloud Suite,A0164,S023,Cloud Suite,Inbound,Closed Lost,0.0,15500.0,USD,2024-09-07,21/11/2024,2024-11-01,2024-11-01 17:26:00
O000712,Cedar Studios S.A. 383 - Security Bundle,A0384,S024,Security Bundle,Outbound,Closed Lost,0.0,29400.0,USD,2023-05-03,2023-07-08,2023-12-21,2023-12-21 14:11:00
O002094,Lumen Learning Inc. - Security Bundle,A0096,S005,Security Bundle,Referral,Closed Lost,0.0,17000.0,USD,2024-06-30,2024-10-14,2024-07-24,2024-07-24 11:35:00
O000011,Delta Consulting Holdings - Analytics Platform,A0335,S040,Analytics Platform,Outbound,Closed Lost,0.0,32600.0,USD,2025-02-12,2025-05-22,2025-04-27,2025-04-27 08:20:00
O002806,Atlas Textiles GmbH - Collaboration Tools,A0232,S016,Collaboration Tools,Event,Closed Lost,0.0,20000.0,USD,2024-06-29,2024-09-10,2024-11-01,2024-11-01 12:46:00
O001835,Pioneer Clinics Co. - Analytics Platform,A0125,S031,Analytics Platform,Outbound,Closed Lost,0.0,12000.0,usd,2024-06-23,2024-10-07,2024-09-15,2024-09-15 11:40:00
O000794,Lumen Clinics LLC - Analytics Platform,A0078,S018,Analytics Platform,Inbound,Closed Won,1.0,33900.0,USD,2025-04-12,2025-08-09,2025-05-18,2025-05-18 11:52:00
O002807,Coral Energy Ltd - Analytics Platform,A0060,S040,Analytics Platform,Inbound,Qualification,0.25,27900.0,USD,2025-05-27,2025-09-14,,2025-06-25 14:37:00
O000095,Prime Health Holdings - Cloud Suite,A0267,S006,Cloud Suite,Outbound,Prospecting,0.1,18700.0,USD,2025-06-20,2025-08-26,,2025-06-28 10:18:00
O000130,Atlas Health Inc. - Security Bundle,A0425,S002,Security Bundle,Partner,Closed Lost,0.0,42800.0,USD,2024-12-25,2025-04-20,2025-02-15,2025-02-15 09:04:00
O002948,Lumen Textiles Co. - Collaboration Tools,A0028,S011,Collaboration Tools,Event,Closed Lost,0.0,8200.0,USD,2023-09-09,2024-01-04,2023-11-09,2023-11-09 13:51:00
O001901,Orbit Health GmbH - Cloud Suite,A0192,S020,Cloud Suite,Partner,Closed Lost,0.0,9600.0,USD,2024-07-10,2024-11-05,2024-08-21,2024-08-21 10:04:00
O002429,Prime Learning GmbH - Cloud Suite,A0321,S016,Cloud Suite,Outbound,Closed Won,1.0,41500.0,USD,2024-11-21,2025-03-03,2025-02-20,2025-02-20 16:19:00
O001933,Prime Retail GmbH - Cloud Suite,A0261,S023,Cloud Suite,Inbound,Qualification,0.25,26500.0,USD,2025-05-25,2025-09-23,,2025-06-28 18:26:00
O002179,Coral Consulting Group - Analytics Platform,A0421,S024,Analytics Platform,Partner,Closed Won,1.0,49200.0,USD,2023-07-01,2023-09-10,2023-08-28,2023-08-28 16:21:00
O001866,Prime Consulting Ltd - Collaboration Tools,A0440,S009,Collaboration Tools,Inbound,Qualification,0.25,19300.0,USD,2025-05-29,2025-09-13,,2025-06-24 14:59:00
O001659,Orbit Hotels Co. - Collaboration Tools,A0180,S035,Collaboration Tools,Referral,Closed Lost,0.0,8600.0,USD,2023-02-12,2023-05-09,2023-05-18,2023-05-18 09:42:00
O000517,Sahara Labs LLC - Analytics Platform,A0302,S023,Analytics Platform,Partner,Closed Won,1.0,40300.0,USD,2025-04-05,2025-06-09,2025-06-10,2025-06-10 10:38:00
O001858,Vertex Textiles Co. - Analytics Platform,A0204,S005,Analytics Platform,Referral,Closed Lost,0.0,37000.0,USD,2024-11-12,2025-02-28,2024-12-29,2024-12-29 10:50:00
O001278,Harbor Textiles LLC - Security Bundle,A0133,S022,Security Bundle,Partner,Closed Lost,0.0,13600.0,USD,2025-05-04,2025-06-21,2025-06-24,2025-06-24 13:22:00
O000951,Pioneer Media Co. - Collaboration Tools,A0297,S018,Collaboration Tools,Partner,Closed Won,1.0,8800.0,USD,2023-10-13,2024-01-11,2023-12-15,2023-12-15 11:49:00
O001121,North Capital Co. - Security Bundle,A0239,S031,Security Bundle,Partner,Closed Won,1.0,22800.0,USD,2024-04-13,2024-06-28,2024-06-25,2024-06-25 14:07:00
O000420,Atlas Systems Group - Collaboration Tools,A0103,S030,Collaboration Tools,Outbound,Closed Lost,0.0,10400.0,USD,2023-01-24,2023-06-01,2023-03-03,2023-03-03 09:38:00
O000923,Falcon Systems Co. - Analytics Platform,A0303,S012,Analytics Platform,Inbound,Closed Lost,0.0,20400.0,USD,2023-08-29,2023-11-01,2023-09-30,2023-09-30 15:17:00
O002308,Granite Retail Inc. - Support Plan,A0166,S037,Support Plan,Outbound,Closed  Lost,0.0,,USD,2023-08-16,2023-11-04,2023-09-27,2023-09-27 13:40:00
O000478,Nile Systems LLC - Analytics Platform,A0128,S036,Analytics Platform,Inbound,Closed Won,1.0,46100.0,USD,2025-02-26,2025-05-24,2025-03-30,2025-03-30 09:43:00
O002036,Pioneer Studios LLC - Cloud Suite,A0351,S021,Cloud Suite,Partner,Closed Lost,0.0,15400.0,USD,2025-02-28,2025-06-10,2025-06-20,2025-06-20 08:03:00
O002210,Zenith Motors Ltd - Collaboration Tools,A0278,S039,Collaboration Tools,Referral,Closed Lost,0.0,8600.0,USD,2025-02-27,2025-06-30,2025-03-11,2025-03-11 18:47:00
O001693,Granite Industries Holdings - Cloud Suite,A0202,S038,Cloud Suite,Event,Closed Lost,0.0,29300.0,USD,2024-09-09,2024-12-17,2024-11-06,2024-11-06 08:26:00
O002245,Summit Media Group - Analytics Platform,A0170,S031,Analytics Platform,Inbound,Closed Won,1.0,22900.0,USD,2025-04-12,2025-06-26,2025-05-10,2025-05-10 14:50:00
O001472,Delta Media Holdings - Analytics Platform,A0403,S011,Analytics Platform,Inbound,Closed Lost,0.0,24000.0,USD,2024-08-08,2024-10-01,2024-08-26,2024-08-26 09:49:00
O001203,Atlas Retail GmbH - Cloud Suite,A0486,S029,Cloud Suite,Partner,Closed Won,1.0,20200.0,USD,2024-02-24,2024-06-22,2024-04-24,2024-04-24 09:39:00
O001670,Granite Industries Holdings - Security Bundle,A0202,S038,Security Bundle,Partner,Closed Won,1.0,79400.0,USD,2024-06-06,2024-10-04,2024-10-29,2024-10-29 12:58:00
O002817,Silver Textiles Co. - Collaboration Tools,A0049,S011,Collaboration Tools,Partner,Prospecting,0.1,10200.0,USD,2025-06-17,2025-08-29,,2025-06-25 14:56:00
O001971,Zenith Studios Inc. - Analytics Platform,A0030,S033,Analytics Platform,Outbound,Closed Lost,0.0,25200.0,USD,2023-06-10,2023-08-24,2023-10-08,2023-10-08 10:06:00
O000821,Nile Logistics Holdings - Security Bundle,A0390,S023,Security Bundle,Inbound,Closed Lost,0.0,17200.0,USD,2024-02-18,2024-05-31,2024-03-12,2024-03-12 14:18:00
O001998,North Media Co. - Analytics Platform,A0052,S003,Analytics Platform,Partner,Proposal,0.5,46700.0,USD,2025-05-23,2025-07-15,,2025-06-27 09:38:00
O002911,Summit Media S.A. - Analytics Platform,A0122,S009,Analytics Platform,Partner,Closed Won,1.0,45900.0,USD,2024-09-20,2024-11-22,2024-12-15,2024-12-15 18:36:00
O001249,Zenith Media S.A. - Security Bundle,A0276,S028,Security Bundle,Partner,Qualification,0.25,22300.0,USD,2025-06-02,2025-09-10,,2025-06-28 14:37:00
O002701,Cedar Learning Inc. - Cloud Suite,A0349,S034,Cloud Suite,Event,Closed Won,1.0,20700.0,USD,2024-11-18,2025-01-17,2024-12-17,2024-12-17 15:02:00
O002654,Falcon Logistics Ltd - Support Plan,A0459,S037,Support Plan,Partner,Closed Won,1.0,6000.0,USD,2025-04-17,2025-06-09,2025-05-25,2025-05-25 10:55:00
O001047,Nile Studios Co. - Security Bundle,A0296,S010,Security Bundle,Event,Closed Won,1.0,9400.0,USD,2023-12-23,2024-02-12,2024-02-14,2024-02-14 09:57:00
O001889,Coral Textiles S.A. 322 - Cloud Suite,A0323,S010,Cloud Suite,Partner,Closed Lost,0.0,21100.0,USD,2023-01-05,2023-03-27,2023-01-23,2023-01-23 13:41:00
O000616,Prime Health Holdings - Collaboration Tools,A0267,S006,Collaboration Tools,Outbound,Closed Won,1.0,32100.0,USD,2025-02-23,2025-04-13,2025-06-07,2025-06-07 11:26:00
O001319,Sahara Capital Holdings - Collaboration Tools,A0101,S014,Collaboration Tools,Inbound,Prospecting,0.1,29000.0,USD,2025-06-24,2025-08-24,,2025-06-29 18:11:00
O002927,Silver Health Holdings - Collaboration Tools,A0479,S019,Collaboration Tools,Partner,Closed Won,1.0,10800.0,USD,2024-03-08,2024-06-06,2024-04-11,2024-04-11 14:52:00
O002495,Cedar Industries S.A. - Cloud Suite,A0353,S001,Cloud Suite,Partner,Closed Won,1.0,20800.0,USD,2024-10-06,2024-12-23,2024-11-29,2024-11-29 08:02:00
O001773,Blue Markets LLC - Collaboration Tools,A0288,S025,Collaboration Tools,Inbound,Closed Lost,0.0,17100.0,USD,2025-05-03,2025-07-15,2025-05-24,2025-05-24 13:02:00
O002995,Pioneer Learning Holdings - Analytics Platform,A0314,S005,Analytics Platform,Event,Proposal,0.5,71300.0,USD,2025-05-20,2025-07-17,,2025-06-30 17:02:00
O000132,Sahara Labs Ltd - Analytics Platform,A0147,S019,Analytics Platform,Partner,Closed Lost,0.0,22800.0,USD,2024-01-09,2024-03-06,2024-03-02,2024-03-02 08:48:00
O000078,Sahara Pharma GmbH - Cloud Suite,A0453,S026,Cloud Suite,Event,Closed Won,1.0,33600.0,USD,2024-06-27,2024-08-20,2024-07-22,2024-07-22 13:41:00
O002053,Pioneer Systems LLC - Collaboration Tools,A0393,S009,Collaboration Tools,Outbound,Closed Lost,0.0,48400.0,USD,2025-04-18,2025-08-06,2025-06-07,2025-06-07 17:01:00
O000725,Vertex Motors LLC - Security Bundle,A0294,S033,Security Bundle,Inbound,Closed Lost,0.0,29700.0,USD,2023-04-05,2023-07-20,2023-04-13,2023-04-13 11:05:00
O001315,Pioneer Pharma Inc. - Security Bundle,A0376,S035,Security Bundle,Outbound,Closed Lost,0.0,27600.0,USD,2025-05-18,2025-07-09,2025-06-20,2025-06-20 18:13:00
O001852,Sahara Pharma Ltd - Security Bundle,A0375,S027,Security Bundle,Inbound,Closed Lost,0.0,12500.0,usd,2023-11-07,2024-01-13,2024-02-02,2024-02-02 15:45:00
O002330,North Labs Holdings - Security Bundle,A0002,S016,Security Bundle,Outbound,Closed  Lost,0.0,12500.0,USD,2025-04-04,2025-07-29,2025-05-04,2025-05-04 15:45:00
O002523,North Pharma LLC - Support Plan,A0195,S033,Support Plan,Partner,Closed Won,1.0,16000.0,USD,2025-01-13,2025-05-17,2025-04-02,2025-04-02 08:56:00
O001373,Nile Energy Inc. - Analytics Platform,A0205,S007,Analytics Platform,Inbound,Closed Won,1.0,52500.0,USD,2023-04-15,2023-06-24,2023-05-12,2023-05-12 11:33:00
O001856,Pioneer Systems Group - Security Bundle,A0461,S016,Security Bundle,Outbound,Negotiation,0.75,52400.0,USD,2025-04-04,2025-05-19,,2025-06-25 16:21:00
O001320,North Foods Co. - Analytics Platform,A0423,S016,Analytics Platform,Inbound,Closed Lost,0.0,21200.0,USD,2023-01-11,2023-03-03,2023-02-06,2023-02-06 14:29:00
O002917,Orbit Studios LLC - Cloud Suite,A0332,S017,Cloud Suite,Partner,Closed Won,1.0,12800.0,USD,2024-02-29,2024-05-28,2024-04-21,2024-04-21 11:49:00
O002204,Prime Capital S.A. - Collaboration Tools,A0172,S009,Collaboration Tools,Outbound,Closed Lost,0.0,37000.0,USD,2023-11-09,2024-03-15,2024-01-09,2024-01-09 18:35:00
O000376,Prime Pharma Group - Cloud Suite,A0327,S011,Cloud Suite,Inbound,Closed Won,1.0,25700.0,USD,2024-04-27,2024-06-19,2024-05-27,2024-05-27 15:58:00
O001909,Zenith Motors Ltd - Cloud Suite,A0278,S039,Cloud Suite,Partner,closed won,1.0,30500.0,USD,2023-03-31,2023-07-05,2023-06-01,2023-06-01 09:44:00
O000334,Silver Health Inc. - Analytics Platform,A0036,S016,Analytics Platform,Partner,Closed Lost,0.0,38600.0,USD,2024-08-17,2024-10-27,2024-12-10,2024-12-10 13:53:00
O002285,Granite Retail Inc. - Collaboration Tools,A0166,S037,Collaboration Tools,Referral,Closed Won,1.0,16700.0,USD,2024-08-06,2024-11-02,2024-09-07,2024-09-07 17:06:00
O002335,Atlas Energy Co. - Security Bundle,A0155,S004,Security Bundle,Referral,Closed Lost,0.0,7900.0,USD,2023-11-26,05/02/2024,2024-01-18,2024-01-18 08:21:00
O001605,Delta Motors GmbH 465 - Analytics Platform,A0466,S010,Analytics Platform,Referral,Closed Lost,0.0,22900.0,USD,2025-04-25,2025-07-21,2025-05-24,2025-05-24 15:36:00
O001119,Harbor Studios Holdings - Analytics Platform,A0110,S030,Analytics Platform,Outbound,Closed Won,1.0,14000.0,USD,2024-02-09,2024-04-09,2024-03-18,2024-03-18 09:44:00
O002871,Harbor Clinics LLC - Support Plan,A0462,S009,Support Plan,Inbound,CLOSED LOST,0.0,7200.0,USD,2023-08-09,2023-10-11,2023-11-19,2023-11-19 14:58:00
O001944,Coral Media Co. - Analytics Platform,A0244,S026,Analytics Platform,Partner,Closed Lost,0.0,34600.0,usd,2025-02-16,2025-04-20,2025-03-07,2025-03-07 16:12:00
O002602,Silver Industries Group - Security Bundle,A0225,S001,Security Bundle,Partner,Qualification,0.25,11600.0,USD,2025-06-11,2025-08-14,,2025-06-28 11:17:00
O002666,Summit Motors Group - Security Bundle,A0021,S023,Security Bundle,Inbound,Closed Won,1.0,12800.0,USD,2023-10-27,2024-02-06,2023-11-19,2023-11-19 10:07:00
O001343,Vertex Textiles Co. - Collaboration Tools,A0204,S005,Collaboration Tools,Inbound,Closed Lost,0.0,52000.0,USD,2023-07-22,2023-09-15,2023-07-30,2023-07-30 18:25:00
O000321,Granite Logistics S.A. - Analytics Platform,A0246,S021,Analytics Platform,Partner, Closed Lost ,0.0,18600.0,USD,2023-09-06,25/11/2023,2023-10-23,2023-10-23 15:31:00
O001620,Atlas Hotels Ltd - Analytics Platform,A0219,S031,Analytics Platform,Referral,Closed Lost,0.0,12800.0,USD,2025-02-10,2025-06-16,2025-03-28,2025-03-28 15:44:00
O002482,Nile Freight GmbH - Analytics Platform,A0458,S040,Analytics Platform,Partner,Closed Lost,0.0,37700.0,USD,2023-01-05,2023-05-04,2023-03-30,2023-03-30 09:51:00
O002061,Atlas Foods GmbH - Collaboration Tools,A0187,S019,Collaboration Tools,Partner,Closed Won,1.0,7400.0,USD,2024-03-03,2024-05-23,2024-03-20,2024-03-20 18:11:00
O001674,Nova Labs Ltd - Cloud Suite,A0207,S025,Cloud Suite,Partner,Proposal,0.5,89600.0,USD,2025-05-17,2025-07-29,,2025-06-28 12:56:00
O001943,Sahara Textiles GmbH - Collaboration Tools,A0033,S030,Collaboration Tools,Inbound,Closed Won,1.0,13100.0,USD,2024-03-06,2024-05-01,2024-04-26,2024-04-26 16:15:00
O000261,Nova Health S.A. - Analytics Platform,A0275,S016,Analytics Platform,Partner,Closed Lost,0.0,37700.0,USD,2023-09-08,2023-12-17,2023-11-02,2023-11-02 17:13:00
O002388,Lumen Textiles Co. - Support Plan,A0028,S011,Support Plan,Outbound,Closed Lost,0.0,10500.0,USD,2023-10-25,2024-02-04,2023-12-13,2023-12-13 14:45:00
O002040,Nile Pharma Ltd - Collaboration Tools,A0118,S002,Collaboration Tools,Partner,Closed Won,1.0,9000.0,USD,2025-02-12,2025-06-04,2025-06-10,2025-06-10 08:44:00
O000690,Silver Health Inc. - Security Bundle,A0036,S034,Security Bundle,Outbound,Closed Lost,0.0,27800.0,USD,2024-06-13,2024-10-06,2024-08-10,2024-08-10 15:36:00
O000902,Pioneer Consulting LLC - Analytics Platform,A0158,S008,Analytics Platform,Event,Closed Won,1.0,16000.0,USD,2023-06-19,2023-09-05,2023-08-13,2023-08-13 10:25:00
O002027,Lumen Capital S.A. 469 - Cloud Suite,A0470,S006,Cloud Suite,Referral,Closed Lost,0.0,27500.0,USD,2024-06-06,2024-08-31,2024-08-19,2024-08-19 16:40:00
O000139,Orbit Capital GmbH - Security Bundle,A0243,S009,Security Bundle,Partner,Closed Lost,0.0,32000.0,USD,2023-12-03,2024-02-14,2024-03-02,2024-03-02 11:34:00
O001918,North Capital Group - Cloud Suite,A0346,S011,Cloud Suite,Inbound,Closed Lost,0.0,22000.0,USD,2024-08-27,2024-12-29,2024-10-04,2024-10-04 15:32:00
O001829,Delta Textiles GmbH - Cloud Suite,A0495,S030,Cloud Suite,Partner,Closed Lost,0.0,13200.0,USD,2024-11-01,2025-01-18,2024-11-25,2024-11-25 09:21:00
O001574,Silver Media Ltd - Cloud Suite,A0041,S005,Cloud Suite,Event,Qualification,0.25,16100.0,USD,2025-05-25,2025-09-25,,2025-06-28 10:42:00
O000320,Pioneer Clinics Co. - Support Plan,A0125,S031,Support Plan,Outbound,Closed Lost,0.0,4600.0,usd,2024-11-14,2025-02-27,2025-01-25,2025-01-25 17:22:00
O000654,Silver Industries Ltd - Security Bundle,A0394,S009,Security Bundle,Inbound,Closed Lost,0.0,16300.0,USD,2024-10-18,2025-01-17,2025-02-16,2025-02-16 18:54:00
O002138,Lumen Textiles Co. - Analytics Platform,A0028,S036,Analytics Platform,Inbound,Closed Lost,0.0,25800.0,USD,2024-01-30,2024-04-13,2024-03-01,2024-03-01 15:02:00
O002356,Summit Logistics Inc. - Support Plan,A0063,S004,Support Plan,Outbound,Closed Lost,0.0,6600.0,USD,2024-11-08,2025-02-22,2025-01-28,2025-01-28 10:17:00
O000559,Lumen Markets S.A. - Security Bundle,A0254,S027,Security Bundle,Inbound,Prospecting,0.1,13900.0,USD,2025-06-26,2025-10-27,,2025-06-29 17:56:00
O000113,Prime Industries Group - Security Bundle,A0171,S040,Security Bundle,Inbound,Closed Lost,0.0,28500.0,USD,2023-03-05,2023-05-27,2023-05-02,2023-05-02 18:13:00
O000532,North Freight LLC - Analytics Platform,A0016,S024,Analytics Platform,Outbound,Closed Won,1.0,44600.0,USD,2024-05-08,2024-09-10,2024-10-25,2024-10-25 09:40:00
O000225,Silver Capital LLC - Cloud Suite,A0236,S027,Cloud Suite,Inbound,Closed Lost,0.0,30800.0,USD,2023-10-04,2024-01-10,2023-10-22,2023-10-22 11:34:00
O000724,Atlas Freight Ltd - Security Bundle,A0328,S033,Security Bundle,Referral,Closed Lost,0.0,13100.0,USD,2025-04-05,2025-07-14,2025-06-18,2025-06-18 14:04:00
O002463,Cedar Pharma Ltd - Cloud Suite,A0437,S030,Cloud Suite,Partner,Closed Lost,0.0,11700.0,USD,2023-09-24,2023-11-12,2023-12-05,2023-12-05 17:33:00
O002610,Vertex Media GmbH - Security Bundle,A0292,S029,Security Bundle,Inbound,Closed Won,1.0,6200.0,USD,2023-02-09,2023-06-07,2023-05-07,2023-05-07 15:30:00
O001434,Blue Industries Group - Support Plan,A0214,S029,Support Plan,Inbound,Closed Lost,0.0,23400.0,USD,2025-04-06,2025-05-23,2025-05-29,2025-05-29 11:46:00
O002363,Summit Energy Co. - Analytics Platform,A0354,S033,Analytics Platform,Referral,Negotiation,0.75,70200.0,USD,2025-04-09,2025-06-15,,2025-06-30 14:41:00
O001459,Delta Systems LLC - Cloud Suite,A0210,S034,Cloud Suite,Outbound,Closed Lost,0.0,20400.0,USD,2023-06-11,2023-10-10,2023-09-06,2023-09-06 15:46:00
O002743,Atlas Health Inc. - Support Plan,A0425,S002,Support Plan,Partner,Closed Lost,0.0,9300.0,USD,2024-09-25,2024-11-21,2024-12-01,2024-12-01 17:43:00
O000847,Pioneer Learning Holdings - Support Plan,A0314,S005,Support Plan,Outbound,Closed Lost,0.0,6900.0,USD,2023-09-27,2024-01-24,2024-02-02,2024-02-02 15:17:00
O000194,Harbor Studios Group - Support Plan,A0309,S031,Support Plan,Outbound,Closed Lost,0.0,4600.0,USD,2025-05-04,2025-08-21,2025-05-19,2025-05-19 12:20:00
O001465,Granite Systems GmbH - Cloud Suite,A0484,S037,Cloud Suite,Inbound,Closed Lost,0.0,7800.0,USD,2025-01-14,2025-03-07,2025-02-08,2025-02-08 16:13:00
O000947,Pioneer Studios Group - Collaboration Tools,A0334,S019,Collaboration Tools,Inbound,Closed Won,1.0,15600.0,USD,2025-03-29,2025-06-29,2025-05-15,2025-05-15 11:31:00
O002022,Orbit Studios LLC - Cloud Suite,A0332,S001,Cloud Suite,Outbound,Closed Lost,0.0,35400.0,USD,2024-09-13,2024-12-11,2024-10-24,2024-10-24 14:09:00
O001630,Coral Logistics GmbH - Cloud Suite,A0365,S004,Cloud Suite,Event,Closed  Lost,0.0,,USD,2024-08-26,2024-12-20,2024-09-30,2024-09-30 15:52:00
O000118,Blue Pharma Co. - Analytics Platform,A0359,S008,Analytics Platform,Inbound,Closed Won,1.0,16800.0,USD,2024-12-06,2025-03-26,2025-02-14,2025-02-14 16:49:00
O000646,Lumen Retail Co. - Support Plan,A0410,S008,Support Plan,Outbound,Closed Won,1.0,6900.0,USD,2023-11-05,2024-01-02,2024-02-06,2024-02-06 14:11:00
O001871,Atlas Health Inc. - Collaboration Tools,A0425,S002,Collaboration Tools,Partner,Qualification,0.25,18500.0,USD,2025-05-29,2025-08-26,,2025-06-26 09:36:00
O000004,Silver Media Ltd - Analytics Platform,A0041,S005,Analytics Platform,Inbound,Closed Won,1.0,25300.0,usd,2024-03-06,2024-07-07,2024-06-02,2024-06-02 14:09:00
O000075,Sahara Industries LLC - Cloud Suite,A0301,S015,Cloud Suite,Outbound,Closed Won,1.0,40100.0,USD,2024-02-28,2024-06-18,2024-07-27,2024-07-27 12:15:00
O001756,North Markets Holdings - Cloud Suite,A0222,S012,Cloud Suite,Inbound,Closed Lost,0.0,21700.0,USD,2025-02-13,2025-04-10,2025-04-23,2025-04-23 08:42:00
O000468,Harbor Studios Holdings - Security Bundle,A0110,S035,Security Bundle,Outbound,Closed Lost,0.0,14300.0,USD,2024-10-15,2025-01-02,2024-10-28,2024-10-28 08:04:00
O000006,Vertex Logistics GmbH - Cloud Suite,A0162,S010,Cloud Suite,Event,Closed Lost,0.0,11800.0,USD,2024-09-28,2024-11-12,2024-11-07,2024-11-07 14:21:00
O001247,Nova Energy Inc. - Cloud Suite,A0405,S032,Cloud Suite,Partner,Closed Lost,0.0,12600.0,USD,2024-05-24,2024-09-14,2024-07-23,2024-07-23 13:31:00
O000920,Nova Capital S.A. - Cloud Suite,A0422,S034,Cloud Suite,Outbound,Closed Lost,0.0,38400.0,USD,2023-02-11,2023-05-03,2023-04-19,2023-04-19 13:19:00
O000229,Falcon Health LLC - Collaboration Tools,A0338,S012,Collaboration Tools,Event,Closed Lost,0.0,14100.0,USD,2024-12-21,2025-03-13,2024-12-28,2024-12-28 08:47:00
O001064,Nova Logistics Inc. - Analytics Platform,A0387,S016,Analytics Platform,Partner,Closed Lost,0.0,39000.0,USD,2023-12-18,02/04/2024,2024-01-13,2024-01-13 18:02:00
O000243,Coral Media GmbH - Collaboration Tools,A0446,S008,Collaboration Tools,Outbound,Closed Lost,0.0,11700.0,USD,2025-01-17,2025-03-09,2025-02-11,2025-02-11 08:45:00
O002313,Zenith Retail Group - Support Plan,A0388,S002,Support Plan,Outbound,Closed Lost,0.0,11300.0,USD,2023-10-22,2023-12-17,2024-04-23,2024-04-23 09:12:00
O001161,Falcon Labs Ltd - Cloud Suite,A0044,S001,Cloud Suite,Referral,Negotiation,0.75,16100.0,USD,2025-04-17,2025-06-29,,2025-06-26 16:00:00
O002552,Harbor Capital LLC - Analytics Platform,A0164,S023,Analytics Platform,Inbound,Closed Lost,0.0,48500.0,USD,2024-04-07,2024-06-04,2024-05-11,2024-05-11 09:17:00
O001527,Prime Retail Holdings - Cloud Suite,A0408,S038,Cloud Suite,Partner,Closed Won,1.0,13700.0,USD,2024-03-31,2024-08-01,2024-06-25,2024-06-25 17:10:00
O001606,Blue Industries Ltd - Analytics Platform,A0478,S021,Analytics Platform,Inbound,Closed Won,1.0,25400.0,USD,2024-08-11,2024-11-10,2024-12-24,2024-12-24 14:31:00
O002827,Atlas Clinics GmbH - Analytics Platform,A0061,S026,Analytics Platform,Partner,Qualification,0.25,37400.0,USD,2025-05-22,2025-08-11,,2025-06-30 15:40:00
O002361,Atlas Learning LLC - Collaboration Tools,A0420,S016,Collaboration Tools,Event,Qualification,0.25,37500.0,USD,2025-06-02,2025-09-19,,2025-06-30 11:53:00
O002584,Cedar Industries Ltd - Analytics Platform,A0494,S016,Analytics Platform,Inbound,Closed Lost,0.0,41400.0,USD,2023-06-18,2023-09-28,2023-08-19,2023-08-19 17:33:00
O001990,Zenith Retail GmbH - Security Bundle,A0167,S023,Security Bundle,Referral,Closed Won,1.0,9700.0,USD,2025-04-23,2025-08-03,2025-06-11,2025-06-11 12:39:00
O002795,Granite Industries Holdings - Cloud Suite,A0202,S038,Cloud Suite,Inbound,Closed Lost,0.0,29400.0,USD,2023-07-10,2023-08-26,2023-07-31,2023-07-31 11:00:00
O001976,Atlas Foods LLC - Collaboration Tools,A0406,S026,Collaboration Tools,Inbound,Closed Lost,0.0,8200.0,USD,2024-07-04,2024-11-08,2024-08-04,2024-08-04 14:40:00
O001762,Nova Motors LLC - Analytics Platform,A0123,S009,Analytics Platform,Partner,Closed Won,1.0,36700.0,USD,2023-11-15,2024-01-20,2024-04-17,2024-04-17 09:21:00
O001306,Silver Energy LLC - Collaboration Tools,A0020,S033,Collaboration Tools,Inbound,Closed Lost,0.0,52200.0,USD,2025-03-06,2025-05-31,2025-05-07,2025-05-07 10:05:00
O001542,Vertex Systems Holdings - Security Bundle,A0252,S027,Security Bundle,Outbound,Closed Lost,0.0,20800.0,USD,2025-03-26,2025-06-24,2025-04-23,2025-04-23 13:57:00
O000623,North Motors S.A. - Security Bundle,A0094,S009,Security Bundle,Inbound,Closed Lost,0.0,16400.0,USD,2023-03-29,2023-06-20,2023-05-02,2023-05-02 08:04:00
O002347,Coral Foods Ltd 306 - Analytics Platform,A0307,S022,Analytics Platform,Inbound,Closed Lost,0.0,27500.0,USD,2025-02-21,2025-06-15,2025-05-22,2025-05-22 18:36:00
O001494,Blue Studios Holdings - Support Plan,A0025,S039,Support Plan,Outbound,Closed Lost,0.0,5900.0,USD,2025-01-15,2025-03-12,2025-02-20,2025-02-20 09:57:00
O000111,Harbor Retail Holdings - Security Bundle,A0331,S032,Security Bundle,Partner,Closed Lost,0.0,18000.0,USD,2025-03-03,2025-07-06,2025-03-31,2025-03-31 13:50:00
O002298,Nova Capital S.A. - Collaboration Tools,A0422,S016,Collaboration Tools,Partner,Closed Lost,0.0,16900.0,USD,2025-05-28,2025-08-09,2025-06-27,2025-06-27 08:36:00
O001170,Lumen Learning Inc. - Collaboration Tools,A0096,S005,Collaboration Tools,Outbound,Closed Lost,0.0,19600.0,USD,2023-07-10,30/08/2023,2023-10-17,2023-10-17 18:52:00
O002496,Atlas Hotels Ltd - Collaboration Tools,A0219,S031,Collaboration Tools,Inbound,Closed Lost,0.0,11800.0,USD,2024-07-03,2024-10-11,2024-08-07,2024-08-07 17:47:00
O000233,Sahara Systems Co. - Cloud Suite,A0026,S009,Cloud Suite,Inbound,Closed Lost,0.0,50300.0,USD,2025-02-26,2025-07-05,2025-04-30,2025-04-30 12:53:00
O000067,Nile Energy LLC - Cloud Suite,A0367,S026,Cloud Suite,Event,Closed Won,1.0,15000.0,USD,2024-01-10,2024-04-08,2024-03-02,2024-03-02 09:51:00
O002749,Blue Industries Group - Analytics Platform,A0214,S029,Analytics Platform,Outbound,Prospecting,0.1,,USD,2025-06-20,2025-08-24,,2025-06-24 14:34:00
O002073,Silver Learning S.A. - Support Plan,A0215,S037,Support Plan,Partner,Qualification,0.25,7100.0,USD,2025-06-14,2025-08-05,,2025-06-30 11:43:00
O002193,Cedar Industries Ltd - Security Bundle,A0494,S016,Security Bundle,Outbound,Closed Lost,0.0,11100.0,USD,2024-03-17,2024-06-06,2024-04-24,2024-04-24 11:32:00
O000537,North Studios Co. - Cloud Suite,A0464,S029,Cloud Suite,Partner,Closed Lost,0.0,51300.0,USD,2025-06-07,2025-10-03,2025-06-20,2025-06-20 18:54:00
O000126,Silver Industries Group - Cloud Suite,A0225,S001,Cloud Suite,Inbound,Closed Lost,0.0,21300.0,USD,2023-04-05,2023-05-29,2023-04-19,2023-04-19 11:09:00
O002134,Nova Health S.A. - Analytics Platform,A0275,S016,Analytics Platform,Outbound,Closed Lost,0.0,53700.0,USD,2024-08-12,2024-11-30,2024-10-15,2024-10-15 15:15:00
O001255,Cedar Studios S.A. - Cloud Suite,A0279,S024,Cloud Suite,Event,Closed Lost,0.0,23500.0,USD,2024-02-29,2024-05-18,2024-03-20,2024-03-20 10:49:00
O002792,Nova Systems Inc. - Security Bundle,A0043,S009,Security Bundle,Partner,Closed Lost,0.0,25700.0,USD,2025-01-31,2025-05-11,2025-03-16,2025-03-16 09:22:00
O001977,Zenith Hotels Ltd - Cloud Suite,A0152,S038,Cloud Suite,Inbound,Closed Lost,0.0,38500.0,usd,2024-06-07,2024-08-01,2024-09-20,2024-09-20 08:41:00
O002497,Prime Motors Holdings - Cloud Suite,A0319,S038,Cloud Suite,Partner,Closed Lost,0.0,30800.0,USD,2023-07-05,2023-10-14,2023-07-28,2023-07-28 16:51:00
O002360,Blue Pharma Co. - Cloud Suite,A0359,S008,Cloud Suite,Outbound,Closed Lost,0.0,11300.0,USD,2023-06-29,2023-11-05,2023-08-09,2023-08-09 15:59:00
O002076,Pioneer Media Co. - Security Bundle,A0297,S026,Security Bundle,Event,Closed Won,1.0,18100.0,USD,2023-10-05,2023-12-13,2023-12-03,2023-12-03 12:42:00
O000485,Vertex Studios S.A. - Security Bundle,A0199,S013,Security Bundle,Inbound,Closed Won,1.0,46300.0,USD,2024-08-29,2024-10-28,2024-11-03,2024-11-03 09:01:00
O001655,Nova Learning Holdings - Analytics Platform,A0500,S029,Analytics Platform,Inbound,Closed Lost,0.0,16600.0,USD,2024-01-17,2024-04-02,2024-02-11,2024-02-11 11:14:00
O002717,Silver Foods Holdings - Cloud Suite,A0382,S023,Cloud Suite,Partner,Closed Lost,0.0,22900.0,USD,2023-10-09,2023-12-22,2023-12-03,2023-12-03 15:17:00
O002299,Cedar Health S.A. - Collaboration Tools,A0357,S001,Collaboration Tools,Referral,Closed Won,1.0,14200.0,USD,2023-02-12,2023-05-27,2023-03-12,2023-03-12 10:06:00
O002439,Lumen Retail Co. 449 - Collaboration Tools,A0450,S036,Collaboration Tools,Partner,Closed Lost,0.0,12400.0,USD,2023-07-06,2023-11-02,2023-09-03,2023-09-03 08:55:00
O001775,Granite Systems LLC - Security Bundle,A0161,S012,Security Bundle,Partner,Closed Lost,0.0,15300.0,USD,2025-02-12,2025-06-12,2025-04-06,2025-04-06 12:26:00
O000919,Harbor Retail S.A. - Security Bundle,A0066,S016,Security Bundle,Event,Closed Lost,0.0,10400.0,USD,2024-07-05,2024-08-20,2024-09-13,2024-09-13 09:23:00
O001647,North Freight LLC 329 - Security Bundle,A0330,S037,Security Bundle,Inbound,Closed Lost,0.0,8200.0,USD,2023-11-15,2024-03-13,2023-11-22,2023-11-22 09:43:00
O001027,Orbit Labs Inc. - Analytics Platform,A0004,S040,Analytics Platform,Inbound,Closed Lost,0.0,30500.0,USD,2023-11-02,2024-01-05,2023-12-16,2023-12-16 14:15:00
O001031,Silver Media S.A. - Cloud Suite,A0398,S025,Cloud Suite,Event,Closed Won,1.0,16500.0,USD,2025-01-15,2025-04-03,2025-02-22,2025-02-22 08:00:00
O000883,Prime Studios LLC - Support Plan,A0401,S024,Support Plan,Event,Closed Lost,0.0,8200.0,USD,2024-09-07,2024-12-01,2024-11-15,2024-11-15 11:43:00
O001336,Blue Markets LLC - Security Bundle,A0288,S030,Security Bundle,Outbound,Closed Lost,0.0,37100.0,USD,2024-08-27,2024-12-30,2024-11-30,2024-11-30 09:52:00
O002255,Sahara Studios Co. - Analytics Platform,A0475,S005,Analytics Platform,Inbound,Closed Lost,0.0,32900.0,USD,2025-04-07,2025-07-15,2025-04-26,2025-04-26 08:37:00
O000365,Falcon Clinics Inc. - Support Plan,A0127,S002,Support Plan,Outbound,Closed Lost,0.0,8300.0,USD,2024-09-25,2024-12-19,2024-11-28,2024-11-28 11:24:00
O002126,Atlas Clinics GmbH - Support Plan,A0061,S026,Support Plan,Inbound,Closed Won,1.0,5900.0,USD,2024-06-17,2024-09-22,2024-07-19,2024-07-19 13:45:00
O000028,Zenith Freight Ltd - Cloud Suite,A0270,S028,Cloud Suite,Inbound,Proposal,0.5,12100.0,USD,2025-04-21,2025-08-21,,2025-06-29 14:49:00
O000474,Vertex Studios Holdings - Analytics Platform,A0089,S037,Analytics Platform,Inbound,Closed Lost,0.0,21100.0,USD,2024-12-06,2025-02-26,2024-12-31,2024-12-31 17:44:00
O000526,Delta Freight LLC - Analytics Platform,A0266,S005,Analytics Platform,Outbound,Closed Won,1.0,35200.0,USD,2023-03-22,2023-07-28,2023-06-16,2023-06-16 15:12:00
O000726,Sahara Systems Co. - Cloud Suite,A0026,S009,Cloud Suite,Inbound,Closed Lost,0.0,33500.0,USD,2025-01-17,2025-03-17,2025-03-14,2025-03-14 14:13:00
O000056,Falcon Labs Ltd - Collaboration Tools,A0044,S001,Collaboration Tools,Referral,Closed Won,1.0,6200.0,USD,2023-09-01,2023-10-24,2023-11-29,2023-11-29 13:22:00
O000639,Pioneer Pharma Holdings - Support Plan,A0013,S022,Support Plan,Partner,Closed Lost,0.0,6500.0,USD,2024-07-31,2024-11-24,2024-09-04,2024-09-04 11:23:00
O000303,Silver Media S.A. - Cloud Suite,A0398,S025,Cloud Suite,Event,Closed Lost,0.0,52500.0,USD,2023-12-21,2024-03-15,2024-03-01,2024-03-01 18:52:00
O002648,Zenith Logistics Holdings - Security Bundle,A0173,S012,Security Bundle,Outbound,Closed Won,1.0,17600.0,USD,2024-10-21,2025-02-06,2024-12-15,2024-12-15 16:10:00
O001277,Vertex Health S.A. - Cloud Suite,A0090,S027,Cloud Suite,Partner,Closed Lost,0.0,25200.0,USD,2023-11-25,2024-01-23,2023-12-23,2023-12-23 16:19:00
O002864,Pioneer Systems LLC - Support Plan,A0393,S009,Support Plan,Outbound,Closed Lost,0.0,8900.0,USD,2025-02-16,2025-04-20,2025-04-13,2025-04-13 18:56:00
O000625,Prime Energy Inc. - Analytics Platform,A0159,S015,Analytics Platform,Inbound,Closed Won,1.0,40500.0,USD,2023-03-12,2023-06-28,2023-05-24,2023-05-24 16:47:00
O002056,Sahara Industries LLC - Support Plan,A0301,S015,Support Plan,Inbound,Negotiation,0.75,6000.0,USD,2025-05-17,2025-07-06,,2025-06-30 17:35:00
O001281,Pioneer Media Ltd - Analytics Platform,A0076,S026,Analytics Platform,Inbound,Closed Lost,0.0,28200.0,USD,2025-04-05,2025-07-02,2025-04-16,2025-04-16 17:33:00
O001050,Nova Textiles Inc. - Analytics Platform,A0151,S005,Analytics Platform,Partner,Closed Won,1.0,19900.0,USD,2024-10-12,2025-01-15,2025-01-04,2025-01-04 17:04:00
O000337,Silver Foods S.A. - Collaboration Tools,A0116,S017,Collaboration Tools,Inbound,Closed Won,1.0,5500.0,USD,2025-04-19,2025-06-28,2025-06-15,2025-06-15 16:48:00
O000048,Delta Media GmbH - Security Bundle,A0283,S017,Security Bundle,Inbound,Closed Won,1.0,10100.0,USD,2025-05-29,2025-09-21,2025-06-19,2025-06-19 09:03:00
O000107,Pioneer Pharma Inc. - Cloud Suite,A0376,S035,Cloud Suite,Outbound,Closed Won,1.0,16000.0,USD,2024-11-20,2025-03-20,2024-12-31,2024-12-31 11:19:00
O001080,Granite Retail S.A. 385 - Collaboration Tools,A0386,S013,Collaboration Tools,Outbound,Closed Lost,0.0,9100.0,USD,2024-11-01,2025-02-14,2024-11-17,2024-11-17 09:38:00
O002262,Orbit Studios Group - Support Plan,A0154,S018,Support Plan,Referral,Closed Lost,0.0,5400.0,USD,2024-05-26,2024-07-21,2024-06-30,2024-06-30 10:22:00
O001145,Delta Markets GmbH - Security Bundle,A0439,S022,Security Bundle,Event,Prospecting,0.1,32500.0,USD,2025-06-16,2025-09-07,,2025-06-27 08:02:00
O002420,North Motors Co. - Analytics Platform,A0129,S006,Analytics Platform,Inbound,Closed Won,1.0,37300.0,USD,2024-01-03,2024-04-24,2024-04-22,2024-04-22 09:20:00
O001837,Harbor Textiles S.A. - Cloud Suite,A0228,S009,Cloud Suite,Referral,Closed Won,1.0,27200.0,USD,2025-04-08,2025-08-11,2025-06-26,2025-06-26 17:06:00
O001754,Granite Motors S.A. - Security Bundle,A0119,S004,Security Bundle,Partner,Prospecting,0.1,8400.0,USD,2025-06-09,2025-10-08,,2025-06-30 13:18:00
O001102,Nile Health GmbH - Security Bundle,A0015,S020,Security Bundle,Referral,Closed Lost,0.0,8200.0,USD,2023-07-15,2023-10-19,2023-08-22,2023-08-22 17:38:00
O001969,Falcon Capital Group - Collaboration Tools,A0206,S012,Collaboration Tools,Inbound,Closed Lost,0.0,19600.0,USD,2023-08-15,2023-10-18,2023-09-21,2023-09-21 09:39:00
O000524,North Motors S.A. - Cloud Suite,A0094,S009,Cloud Suite,Inbound,Closed Won,1.0,83600.0,USD,2023-07-30,2023-12-03,2023-11-26,2023-11-26 17:50:00
O001429,Nova Capital S.A. - Collaboration Tools,A0422,S016,Collaboration Tools,Event,Closed Lost,0.0,19700.0,USD,2024-11-30,2025-04-05,2025-06-01,2025-06-01 14:01:00
O002647,Atlas Systems GmbH - Cloud Suite,A0347,S034,Cloud Suite,Outbound,Closed Lost,0.0,11600.0,USD,2024-12-22,2025-03-28,2025-02-14,2025-02-14 17:22:00
O000604,Zenith Hotels LLC - Security Bundle,A0038,S003,Security Bundle,Inbound,Closed Lost,0.0,29000.0,USD,2024-02-02,2024-04-24,2024-05-03,2024-05-03 18:49:00
O001490,Pioneer Industries LLC - Cloud Suite,A0373,S032,Cloud Suite,Partner,Closed Lost,0.0,31500.0,USD,2024-06-09,2024-09-22,2024-08-01,2024-08-01 13:29:00
O002385,Nova Motors LLC - Cloud Suite,A0123,S009,Cloud Suite,Event,Closed Lost,0.0,36900.0,USD,2025-03-10,2025-06-07,2025-06-16,2025-06-16 10:30:00
O000061,Zenith Learning S.A. - Collaboration Tools,A0491,S037,Collaboration Tools,Partner,Closed Lost,0.0,6100.0,USD,2023-03-29,2023-07-03,2023-06-18,2023-06-18 14:04:00
O002900,Silver Foods LLC - Collaboration Tools,A0065,S025,Collaboration Tools,Inbound,Closed Lost,0.0,12600.0,USD,2024-08-18,2024-12-12,2024-12-13,2024-12-13 16:07:00
O000672,Zenith Studios Inc. - Analytics Platform,A0030,S033,Analytics Platform,Partner,Prospecting,0.1,75700.0,USD,2025-06-20,2025-08-12,,2025-06-27 17:29:00
O000093,Vertex Consulting Co. - Support Plan,A0411,S012,Support Plan,Outbound,Closed Lost,0.0,7800.0,USD,2023-03-14,2023-07-11,2023-04-21,2023-04-21 16:01:00
O000667,Granite Capital GmbH - Collaboration Tools,A0409,S039,Collaboration Tools,Inbound,Closed Lost,0.0,11200.0,USD,2024-06-03,2024-08-14,2024-08-25,2024-08-25 18:17:00
O001888,Vertex Health GmbH - Collaboration Tools,A0316,S034,Collaboration Tools,Partner,Closed Lost,0.0,11100.0,USD,2025-02-14,2025-04-27,2025-03-06,2025-03-06 14:26:00
O000281,Falcon Consulting Ltd - Analytics Platform,A0391,S032,Analytics Platform,Inbound,Closed Lost,0.0,24300.0,USD,2024-12-08,13/03/2025,2025-03-06,2025-03-06 10:16:00
O001720,Sahara Capital Holdings - Collaboration Tools,A0101,S014,Collaboration Tools,Partner,CLOSED LOST,0.0,7800.0,USD,2024-06-16,2024-08-17,2024-08-13,2024-08-13 18:07:00
O000360,Pioneer Labs Inc. 481 - Analytics Platform,A0482,S036,Analytics Platform,Outbound,Prospecting,0.1,,USD,2025-06-09,2025-09-16,,2025-06-25 09:11:00
O000900,Summit Motors Group - Analytics Platform,A0021,S023,Analytics Platform,Partner,Closed Lost,0.0,27900.0,USD,2025-05-14,2025-08-03,2025-06-18,2025-06-18 11:53:00
O001936,Pioneer Studios Inc. - Support Plan,A0181,S009,Support Plan,Partner,Closed Lost,0.0,7700.0,USD,2023-08-22,2023-11-20,2023-10-03,2023-10-03 16:46:00
O001995,Vertex Systems Group - Collaboration Tools,A0102,S023,Collaboration Tools,Outbound,Closed Lost,0.0,24500.0,USD,2025-05-23,2025-09-18,2025-06-06,2025-06-06 08:43:00
O002346,Harbor Pharma Ltd - Security Bundle,A0208,S029,Security Bundle,Partner,Closed Won,1.0,10900.0,USD,2024-01-24,2024-04-01,2024-05-08,2024-05-08 10:20:00
O000761,Prime Consulting Ltd - Collaboration Tools,A0440,S009,Collaboration Tools,Inbound,Closed Lost,0.0,35500.0,USD,2023-04-14,2023-05-31,2023-06-10,2023-06-10 08:56:00
O002159,Prime Logistics LLC - Security Bundle,A0189,S012,Security Bundle,Partner,Closed Lost,0.0,12200.0,USD,2024-05-11,2024-08-26,2024-07-25,2024-07-25 15:49:00
O002663,Falcon Freight Holdings - Collaboration Tools,A0426,S012,Collaboration Tools,Partner,Closed Lost,0.0,5400.0,USD,2025-03-02,2025-06-17,2025-04-21,2025-04-21 15:44:00
O000043,Sahara Markets Inc. - Collaboration Tools,A0095,S002,Collaboration Tools,Referral,Closed Lost,0.0,26100.0,USD,2025-03-12,2025-06-14,2025-05-21,2025-05-21 14:59:00
O002174,Orbit Media Co. - Analytics Platform,A0075,S005,Analytics Platform,Event,Closed Lost,0.0,68300.0,USD,2023-07-05,2023-10-16,2023-12-05,2023-12-05 15:58:00
O000205,Atlas Hotels Ltd - Cloud Suite,A0219,S031,Cloud Suite,Outbound,Closed Lost,0.0,17700.0,USD,2025-04-29,2025-08-06,2025-06-03,2025-06-03 08:37:00
O001474,Atlas Capital Co. - Support Plan,A0130,S035,Support Plan,Referral,Closed Won,1.0,9800.0,USD,2024-10-08,2024-12-26,2024-12-02,2024-12-02 18:23:00
O002101,Harbor Studios Holdings - Cloud Suite,A0110,S035,Cloud Suite,Outbound,Closed Lost,0.0,13900.0,USD,2023-12-02,2024-03-09,2024-03-14,2024-03-14 13:25:00
O000069,Falcon Clinics Inc. - Cloud Suite,A0127,S002,Cloud Suite,Partner,Closed Won,1.0,31800.0,USD,2025-02-02,2025-04-10,2025-04-23,2025-04-23 14:21:00
O001876,Blue Pharma Co. - Collaboration Tools,A0359,S008,Collaboration Tools,Event,Closed Won,1.0,5000.0,USD,2025-04-29,2025-06-24,2025-06-26,2025-06-26 11:06:00
O002413,North Markets LLC - Support Plan,A0135,S028,Support Plan,Partner,Closed Lost,0.0,4400.0,USD,2024-11-10,2025-01-06,2024-12-23,2024-12-23 18:29:00
O002232,North Systems LLC - Cloud Suite,A0083,S030,Cloud Suite,Referral,Closed Won,1.0,39500.0,USD,2024-10-02,2025-01-29,2025-04-01,2025-04-01 15:48:00
O000138,Prime Studios LLC - Support Plan,A0401,S003,Support Plan,Inbound,Closed Lost,0.0,7500.0,USD,2024-04-01,2024-06-22,2024-05-18,2024-05-18 10:17:00
O000797,Cedar Clinics Co. - Analytics Platform,A0074,S029,Analytics Platform,Inbound,Closed Lost,0.0,18500.0,USD,2025-04-04,2025-07-16,2025-05-06,2025-05-06 18:44:00
O002181,Harbor Pharma Ltd - Cloud Suite,A0208,S029,Cloud Suite,Outbound,Closed Won,1.0,21200.0,USD,2023-04-08,2023-07-15,2023-07-11,2023-07-11 14:43:00
O002129,Nova Health S.A. - Cloud Suite,A0275,S016,Cloud Suite,Outbound,Closed Lost,0.0,27800.0,USD,2025-02-27,2025-06-17,2025-04-10,2025-04-10 09:54:00
O000759,Coral Textiles Holdings - Security Bundle,A0019,S004,Security Bundle,Outbound,Closed Won,1.0,13300.0,USD,2024-11-26,2025-03-15,2025-01-21,2025-01-21 11:03:00
O000542,Nova Logistics Ltd - Support Plan,A0444,S001,Support Plan,Partner,Closed Won,1.0,2700.0,USD,2023-11-19,2024-02-24,2023-12-15,2023-12-15 15:02:00
O001020,Atlas Clinics Ltd - Security Bundle,A0010,S020,Security Bundle,Outbound,Closed Lost,0.0,19600.0,USD,2023-05-27,2023-08-18,2023-06-16,2023-06-16 09:39:00
O002322,Falcon Labs Ltd - Support Plan,A0044,S001,Support Plan,Referral,Closed Lost,0.0,10300.0,USD,2025-02-19,2025-04-18,2025-04-26,2025-04-26 11:09:00
O000166,Zenith Energy LLC - Analytics Platform,A0088,S013,Analytics Platform,Outbound,Closed Lost,0.0,33600.0,USD,2023-04-21,2023-07-23,2023-06-15,2023-06-15 17:40:00
O000249,Nile Markets Ltd - Security Bundle,A0160,S011,Security Bundle,Event,Closed Won,1.0,18200.0,USD,2023-11-26,2024-02-14,2024-01-07,2024-01-07 14:27:00
O001332,Summit Clinics Ltd - Cloud Suite,A0442,S036,Cloud Suite,Outbound,Prospecting,0.1,15500.0,USD,2025-06-19,2025-08-21,,2025-06-27 09:58:00
O002018,Pioneer Foods LLC - Analytics Platform,A0308,S038,Analytics Platform,Event,Closed Lost,0.0,31200.0,USD,2024-01-24,2024-05-31,2024-03-10,2024-03-10 12:52:00
O000447,Vertex Pharma Co. - Analytics Platform,A0280,S006,Analytics Platform,Outbound, Closed Lost ,0.0,50000.0,USD,2023-07-02,2023-09-24,2023-09-13,2023-09-13 11:18:00
O001359,North Retail S.A. - Analytics Platform,A0343,S016,Analytics Platform,Outbound,Closed Lost,0.0,44500.0,USD,2023-09-25,30/11/2023,2023-10-27,2023-10-27 08:41:00
O002146,Vertex Labs S.A. - Analytics Platform,A0073,S009,Analytics Platform,Partner,Closed Won,1.0,35000.0,usd,2023-11-14,2024-02-09,2024-01-26,2024-01-26 15:12:00
O001330,North Systems Group - Support Plan,A0436,S012,Support Plan,Outbound,Closed Lost,0.0,6400.0,USD,2024-10-28,2025-01-28,2025-01-07,2025-01-07 14:57:00
O002953,Atlas Textiles GmbH - Collaboration Tools,A0232,S016,Collaboration Tools,Referral,Closed Lost,0.0,7900.0,USD,2024-12-18,2025-02-18,2025-03-20,2025-03-20 09:05:00
O002151,Zenith Learning S.A. - Support Plan,A0491,S022,Support Plan,Referral,Closed Lost,0.0,7400.0,USD,2023-10-29,2024-02-17,2023-12-03,2023-12-03 11:56:00
O000435,Lumen Pharma Inc. - Security Bundle,A0269,S016,Security Bundle,Partner,Qualification,0.25,26800.0,USD,2025-05-16,2025-09-10,,2025-06-28 11:50:00
O002123,Zenith Hotels LLC 244 - Collaboration Tools,A0245,S031,Collaboration Tools,Partner,Closed Lost,0.0,10400.0,USD,2024-03-28,2024-06-30,2024-06-10,2024-06-10 08:16:00
O000578,Pioneer Studios LLC - Analytics Platform,A0351,S021,Analytics Platform,Partner,Closed Won,1.0,41400.0,USD,2025-02-03,2025-05-29,2025-04-27,2025-04-27 09:38:00
O002425,Sahara Health Ltd - Support Plan,A0149,S006,Support Plan,Partner,Closed Lost,0.0,5100.0,USD,2024-05-25,2024-08-26,2024-07-08,2024-07-08 12:16:00
O002783,Prime Textiles Ltd - Collaboration Tools,A0452,S034,Collaboration Tools,Outbound, Closed Won ,1.0,2500.0,USD,2023-01-20,2023-05-15,2023-02-18,2023-02-18 16:12:00
O001849,Sahara Textiles GmbH - Collaboration Tools,A0033,S030,Collaboration Tools,Inbound,Closed Lost,0.0,18300.0,USD,2025-02-25,2025-05-04,2025-05-22,2025-05-22 08:53:00
O000763,Vertex Textiles Co. - Security Bundle,A0204,S005,Security Bundle,Partner,Closed Lost,0.0,27500.0,USD,2023-03-29,2023-05-23,2023-04-28,2023-04-28 11:20:00
O000389,Lumen Logistics Group - Support Plan,A0485,S039,Support Plan,Inbound,Prospecting,0.1,9000.0,USD,2025-06-24,2025-09-16,,2025-06-29 18:04:00
O000236,Nile Freight GmbH - Security Bundle,A0458,S040,Security Bundle,Referral,Closed Won,1.0,26800.0,USD,2023-04-27,2023-07-03,2023-08-22,2023-08-22 15:21:00
O002645,Vertex Freight Ltd - Analytics Platform,A0143,S021,Analytics Platform,Outbound,Closed Lost,0.0,64800.0,USD,2024-12-27,2025-04-12,2025-02-17,2025-02-17 11:08:00
O001985,Coral Energy Group - Support Plan,A0400,S013,Support Plan,Inbound,Closed Won,1.0,16600.0,USD,2023-05-10,2023-06-25,2023-07-17,2023-07-17 12:01:00
O000268,Silver Energy Co. - Support Plan,A0499,S008,Support Plan,Referral,Closed Lost,0.0,6500.0,USD,2024-02-20,2024-06-19,2024-03-17,2024-03-17 17:12:00
O000771,Coral Foods Ltd - Collaboration Tools,A0213,S005,Collaboration Tools,Partner,Closed Won,1.0,17000.0,USD,2024-08-26,2024-12-10,2024-11-07,2024-11-07 17:41:00
O002166,Silver Logistics Group - Collaboration Tools,A0253,S026,Collaboration Tools,Inbound,Closed Lost,0.0,13900.0,USD,2025-01-16,2025-04-28,2025-02-15,2025-02-15 09:25:00
O000438,Vertex Systems Group - Analytics Platform,A0102,S023,Analytics Platform,Inbound,Closed Won,1.0,21000.0,USD,2024-03-11,2024-05-07,2024-05-02,2024-05-02 14:49:00
O000674,Prime Media GmbH - Support Plan,A0371,S027,Support Plan,Outbound,Closed Lost,0.0,6700.0,USD,2024-11-11,2025-01-27,2024-12-09,2024-12-09 18:53:00
O000250,Coral Energy S.A. - Cloud Suite,A0134,S011,Cloud Suite,Inbound,Prospecting,0.1,,USD,2025-06-03,2025-09-22,,2025-06-30 10:32:00
O002202,Atlas Industries Inc. - Cloud Suite,A0380,S020,Cloud Suite,Inbound,Closed Lost,0.0,18300.0,USD,2024-02-10,2024-06-08,2024-03-28,2024-03-28 18:25:00
O001575,Nile Media S.A. - Cloud Suite,A0377,S028,Cloud Suite,Partner,Closed  Lost,0.0,18500.0,USD,2024-11-07,2025-02-28,2024-12-09,2024-12-09 11:21:00
O002143,Zenith Learning Co. - Support Plan,A0454,S019,Support Plan,Referral,Closed Lost,0.0,3400.0,USD,2023-05-08,2023-07-15,2023-06-27,2023-06-27 11:01:00
O002082,Falcon Freight Holdings - Analytics Platform,A0426,S006,Analytics Platform,Outbound,Closed Lost,0.0,29200.0,USD,2024-08-25,2024-10-24,2024-09-18,2024-09-18 13:08:00
O002658,North Textiles GmbH - Analytics Platform,A0165,S012,Analytics Platform,Referral,Closed Lost,0.0,23000.0,USD,2025-05-20,2025-07-13,2025-06-27,2025-06-27 16:57:00
O002608,Silver Foods Holdings - Cloud Suite,A0382,S023,Cloud Suite,Partner,Closed Lost,0.0,15200.0,USD,2024-04-13,2024-08-11,2024-06-28,2024-06-28 11:47:00
O002781,Blue Systems Ltd - Support Plan,A0404,S002,Support Plan,Inbound,Closed  Won,1.0,11600.0,USD,2023-03-15,2023-05-08,2023-05-18,2023-05-18 11:03:00
O000449,Nova Systems Inc. - Cloud Suite,A0043,S009,Cloud Suite,Partner,Closed Lost,0.0,35400.0,USD,2023-06-02,2023-07-29,2023-09-23,2023-09-23 09:04:00
O001470,Silver Capital Group - Collaboration Tools,A0169,S003,Collaboration Tools,Inbound,Closed Lost,0.0,15800.0,USD,2025-02-04,2025-05-19,2025-04-30,2025-04-30 11:30:00
O000717,North Markets Holdings - Collaboration Tools,A0222,S012,Collaboration Tools,Inbound,Closed Won,1.0,-7500.0,USD,2024-01-17,2024-03-14,2024-03-19,2024-03-19 10:01:00
O002432,Orbit Pharma Inc. - Analytics Platform,A0027,S016,Analytics Platform,Outbound,Closed Won,1.0,144300.0,USD,2023-11-03,2024-01-30,2024-03-05,2024-03-05 09:02:00
O002655,Delta Logistics LLC - Analytics Platform,A0018,S009,Analytics Platform,Partner,Negotiation,0.75,,USD,2025-04-22,2025-07-15,,2025-06-27 12:36:00
O002049,Sahara Textiles GmbH - Collaboration Tools,A0033,S030,Collaboration Tools,Partner,Closed Lost,0.0,8600.0,USD,2024-09-23,2025-01-04,2024-10-21,2024-10-21 10:03:00
O001902,Orbit Pharma Inc. - Analytics Platform,A0027,S016,Analytics Platform,Referral,Prospecting,0.1,,USD,2025-06-23,2025-10-27,,2025-06-28 12:03:00
O001169,Nova Capital S.A. - Security Bundle,A0422,S016,Security Bundle,Event,Closed Lost,0.0,43800.0,USD,2024-11-14,2025-03-08,2025-01-13,2025-01-13 15:48:00
O000083,Nova Logistics Inc. - Cloud Suite,A0387,S016,Cloud Suite,Outbound,Closed Won,1.0,13200.0,USD,2024-12-22,2025-03-30,2025-03-30,2025-03-30 15:25:00
O002459,Orbit Industries GmbH - Security Bundle,A0248,S008,Security Bundle,Referral,Closed Lost,0.0,5100.0,USD,2024-12-27,2025-03-24,2025-01-29,2025-01-29 15:28:00
O001461,North Motors S.A. - Collaboration Tools,A0094,S009,Collaboration Tools,Outbound,Closed Lost,0.0,7100.0,USD,2023-10-15,2024-01-20,2023-11-24,2023-11-24 16:56:00
O001894,Delta Labs LLC - Security Bundle,A0363,S008,Security Bundle,Partner,Closed Won,1.0,19000.0,USD,2023-09-29,2023-11-17,2023-12-15,2023-12-15 08:16:00
O001669,Silver Consulting LLC - Security Bundle,A0148,S022,Security Bundle,Partner,Closed Lost,0.0,17000.0,USD,2024-04-21,2024-08-15,2024-06-01,2024-06-01 10:37:00
O002001,Prime Capital S.A. - Security Bundle,A0172,S009,Security Bundle,Partner,Closed Lost,0.0,38200.0,USD,2023-11-13,2024-03-05,2024-03-30,2024-03-30 12:29:00
O000476,Cedar Studios S.A. - Analytics Platform,A0279,S012,Analytics Platform,Inbound,Closed Lost,0.0,38900.0,USD,2023-12-16,2024-04-10,2023-12-29,2023-12-29 16:14:00
O000518,Prime Studios LLC - Analytics Platform,A0401,S024,Analytics Platform,Event,Closed Lost,0.0,113900.0,USD,2024-03-01,2024-05-01,2024-07-20,2024-07-20 08:17:00
O000405,Cedar Health GmbH - Analytics Platform,A0304,S039,Analytics Platform,Partner,Closed Won,1.0,21700.0,USD,2023-01-10,2023-03-13,2023-03-15,2023-03-15 14:36:00
O000385,Silver Logistics Co. - Collaboration Tools,A0174,S037,Collaboration Tools,Inbound,Closed Won,1.0,9000.0,USD,2025-04-13,2025-07-20,2025-06-19,2025-06-19 09:47:00
O002468,Atlas Hotels GmbH - Cloud Suite,A0241,S018,Cloud Suite,Inbound,Closed Lost,0.0,17100.0,USD,2024-12-29,2025-03-18,2025-01-19,2025-01-19 15:48:00
O002153,Summit Motors Group - Collaboration Tools,A0021,S023,Collaboration Tools,Inbound,Closed Won,1.0,13200.0,USD,2024-12-28,2025-04-03,2025-02-03,2025-02-03 12:37:00
O001634,Nova Freight Ltd - Analytics Platform,A0298,S022,Analytics Platform,Partner,Closed Won,1.0,30700.0,USD,2023-11-12,2024-02-28,2023-12-07,2023-12-07 18:26:00
O002902,Atlas Foods LLC - Cloud Suite,A0406,S026,Cloud Suite,Inbound,Closed Won,1.0,9300.0,USD,2025-03-20,2025-05-24,2025-04-25,2025-04-25 12:17:00
O000689,North Pharma Group - Cloud Suite,A0340,S025,Cloud Suite,Event,Closed Lost,0.0,8500.0,USD,2025-03-04,2025-06-24,2025-05-28,2025-05-28 13:49:00
O001241,Blue Hotels Ltd - Cloud Suite,A0216,S024,Cloud Suite,Event,Closed Won,1.0,36700.0,USD,2024-11-09,2025-01-21,2025-01-21,2025-01-21 08:36:00
O000063,Harbor Motors Inc. - Cloud Suite,A0209,S021,Cloud Suite,Partner,Closed Won,1.0,25700.0,USD,2024-06-29,2024-09-10,2024-09-30,2024-09-30 10:15:00
O000853,Lumen Capital S.A. 469 - Security Bundle,A0470,S006,Security Bundle,Inbound,Closed Won,1.0,21300.0,USD,2023-07-02,2023-09-26,2023-08-16,2023-08-16 15:01:00
O002793,Prime Freight Co. - Collaboration Tools,A0100,S026,Collaboration Tools,Inbound,Closed Won,1.0,13100.0,USD,2025-03-23,2025-07-18,2025-05-14,2025-05-14 16:22:00
O002513,Harbor Motors Inc. - Cloud Suite,A0209,S004,Cloud Suite,Outbound,Closed Lost,0.0,43000.0,USD,2023-03-12,2023-05-10,2023-07-03,2023-07-03 14:48:00
O001263,Nile Media S.A. - Security Bundle,A0377,S028,Security Bundle,Outbound,Closed Lost,0.0,22100.0,USD,2025-03-08,2025-07-13,2025-03-24,2025-03-24 12:10:00
O000224,Vertex Pharma Co. - Support Plan,A0280,S006,Support Plan,Partner,Closed Lost,0.0,69900.0,USD,2024-03-29,2024-06-18,2024-07-05,2024-07-05 14:37:00
O002194,Harbor Motors Inc. - Security Bundle,A0209,S015,Security Bundle,Inbound,Closed Lost,0.0,24300.0,USD,2023-05-30,2023-08-29,2023-11-08,2023-11-08 10:42:00
O000374,Nova Media LLC - Security Bundle,A0493,S026,Security Bundle,Outbound,Qualification,0.25,16800.0,USD,2025-05-23,19/09/2025,,2025-06-30 13:39:00
O001825,Summit Foods S.A. - Analytics Platform,A0443,S008,Analytics Platform,Outbound,Proposal,0.5,13500.0,USD,2025-05-07,2025-07-27,,2025-06-27 11:25:00
O002575,Lumen Learning Holdings - Collaboration Tools,A0372,S003,Collaboration Tools,Inbound,Closed Won,1.0,19300.0,USD,2023-08-31,2023-11-21,2024-04-25,2024-04-25 13:46:00
O002912,Nova Learning GmbH - Security Bundle,A0414,S032,Security Bundle,Inbound,Closed Lost,0.0,17000.0,USD,2025-02-04,2025-03-30,2025-02-26,2025-02-26 08:44:00
O002637,Silver Health Holdings - Analytics Platform,A0479,S019,Analytics Platform,Partner,Proposal,0.5,65400.0,USD,2025-05-13,2025-07-26,,2025-06-25 16:07:00
O002725,Pioneer Learning Holdings - Cloud Suite,A0314,S009,Cloud Suite,Outbound,Qualification,0.25,62200.0,USD,2025-05-24,2025-08-16,,2025-06-30 09:06:00
O000010,Falcon Capital Holdings - Analytics Platform,A0008,S005,Analytics Platform,Referral,Negotiation,0.75,16000.0,USD,2025-05-12,2025-07-09,,2025-06-24 11:50:00
O001945,Blue Systems Co. - Cloud Suite,A0286,S023,Cloud Suite,Partner,Closed Lost,0.0,23500.0,USD,2023-07-21,2023-09-08,2023-08-08,2023-08-08 17:31:00
O001839,Coral Energy Group - Collaboration Tools,A0400,S013,Collaboration Tools,Outbound,Closed Won,1.0,15300.0,USD,2024-03-24,2024-05-11,2024-06-03,2024-06-03 17:29:00
O000709,Prime Capital S.A. - Collaboration Tools,A0172,S009,Collaboration Tools,Partner,Closed Lost,0.0,23100.0,USD,2023-12-11,2024-01-27,2024-02-12,2024-02-12 10:55:00
O000256,Prime Energy Inc. - Cloud Suite,A0159,S015,Cloud Suite,Event,Closed Lost,0.0,31100.0,USD,2024-12-29,2025-03-22,2025-02-24,2025-02-24 14:20:00
O001618,Atlas Industries Inc. - Support Plan,A0380,S020,Support Plan,Referral,Closed Lost,0.0,5500.0,USD,2023-11-04,2024-03-01,2024-01-22,2024-01-22 17:51:00
O000390,Blue Systems Ltd - Analytics Platform,A0404,S002,Analytics Platform,Outbound,Closed Lost,0.0,41500.0,USD,2024-04-16,2024-06-01,2024-05-23,2024-05-23 12:16:00
O001582,Silver Energy Co. - Security Bundle,A0499,S008,Security Bundle,Partner,Closed Won,1.0,17400.0,USD,2025-05-11,2025-07-31,2025-06-04,2025-06-04 09:58:00
O000925,Lumen Retail Co. 449 - Security Bundle,A0450,S036,Security Bundle,Partner,Closed Won,1.0,11200.0,USD,2023-01-18,2023-04-16,2023-03-07,2023-03-07 16:22:00
O002037,Coral Labs LLC - Cloud Suite,A0407,S002,Cloud Suite,Referral,Negotiation,0.75,,USD,2025-04-16,2025-07-22,,2025-06-26 11:05:00
O002437,Lumen Learning Holdings - Support Plan,A0372,S003,Support Plan,Outbound,Closed Lost,0.0,13600.0,USD,2025-05-19,2025-08-16,2025-06-18,2025-06-18 10:49:00
O001225,Coral Textiles S.A. - Security Bundle,A0184,S001,Security Bundle,Referral,Closed Lost,0.0,13000.0,USD,2025-03-14,2025-07-21,2025-04-12,2025-04-12 09:59:00
O001947,Falcon Foods Group - Collaboration Tools,A0106,S019,Collaboration Tools,Referral,Closed Won,1.0,5300.0,USD,2024-07-19,2024-10-07,2024-10-29,2024-10-29 08:24:00
O000740,Summit Media S.A. - Support Plan,A0122,S009,Support Plan,Partner,Closed Lost,0.0,13900.0,usd,2025-04-15,2025-07-13,2025-06-10,2025-06-10 08:38:00
O000041,Zenith Industries GmbH - Cloud Suite,A0498,S009,Cloud Suite,Inbound,Proposal,0.5,15400.0,USD,2025-05-06,2025-08-20,,2025-06-26 14:44:00
O000869,Nile Systems LLC - Security Bundle,A0128,S036,Security Bundle,Partner,Closed Won,1.0,11900.0,USD,2023-10-08,2023-12-02,2023-11-11,2023-11-11 13:34:00
O000540,North Pharma GmbH - Cloud Suite,A0480,S021,Cloud Suite,Referral,Proposal,0.5,42000.0,USD,2025-04-17,2025-08-06,,2025-06-25 12:34:00
O002548,North Learning Ltd - Cloud Suite,A0185,S024,Cloud Suite,Event,Closed Lost,0.0,104000.0,USD,2025-01-07,2025-04-23,2025-02-17,2025-02-17 18:54:00
O001372,Sahara Energy Inc. - Cloud Suite,A0056,S032,Cloud Suite,Inbound,Closed Lost,0.0,13000.0,USD,2025-04-07,2025-06-22,2025-04-26,2025-04-26 11:28:00
O001146,Coral Labs LLC - Collaboration Tools,A0407,S002,Collaboration Tools,Inbound,Closed Lost,0.0,20500.0,USD,2025-05-03,2025-08-11,2025-06-12,2025-06-12 13:54:00
O001032,Falcon Capital Group - Collaboration Tools,A0206,S012,Collaboration Tools,Partner,Closed Lost,0.0,7400.0,USD,2024-01-26,2024-04-23,2024-03-05,2024-03-05 09:09:00
O000373,Cedar Studios S.A. - Cloud Suite,A0279,S012,Cloud Suite,Inbound,Closed Lost,0.0,39000.0,USD,2025-02-17,2025-04-17,2025-03-04,2025-03-04 08:50:00
O000668,Sahara Capital Holdings - Analytics Platform,A0101,S023,Analytics Platform,Partner,Closed Won,1.0,58500.0,USD,2025-02-03,2025-03-20,2025-03-28,2025-03-28 10:10:00
O000358,Falcon Energy Co. - Cloud Suite,A0230,S008,Cloud Suite,Partner,CLOSED LOST,0.0,11500.0,USD,2025-03-19,2025-06-16,2025-05-18,2025-05-18 11:07:00
O000968,Orbit Industries GmbH - Cloud Suite,A0248,S008,Cloud Suite,Event,Closed Lost,0.0,23000.0,USD,2025-04-06,2025-07-26,2025-05-06,2025-05-06 15:11:00
O001354,Prime Industries Group - Collaboration Tools,A0171,S040,Collaboration Tools,Referral,Closed Won,1.0,13000.0,USD,2024-07-15,2024-09-01,2024-09-23,2024-09-23 08:28:00
O001036,Sahara Industries Inc. - Collaboration Tools,A0379,S036,Collaboration Tools,Outbound,Closed Won,1.0,12200.0,USD,2025-02-16,2025-05-04,2025-04-23,2025-04-23 13:35:00
O000471,Cedar Health S.A. - Collaboration Tools,A0357,S001,Collaboration Tools,Event,Closed Lost,0.0,4400.0,USD,2023-01-21,2023-05-10,2023-05-14,2023-05-14 17:43:00
O001397,Nova Logistics Inc. - Security Bundle,A0387,S016,Security Bundle,Referral,Closed Lost,0.0,23000.0,USD,2023-03-15,2023-05-23,2023-09-22,2023-09-22 09:14:00
O002915,Coral Learning Group - Cloud Suite,A0368,S013,Cloud Suite,Outbound,Closed Lost,0.0,71000.0,USD,2024-08-05,2024-11-12,2024-08-28,2024-08-28 17:04:00
O001550,Prime Foods Group - Cloud Suite,A0137,S015,Cloud Suite,Inbound,Closed Lost,0.0,11200.0,USD,2023-11-30,2024-01-25,2023-12-31,2023-12-31 08:12:00
O001257,Delta Systems Holdings - Security Bundle,A0322,S032,Security Bundle,Inbound,Closed Won,1.0,35700.0,USD,2023-01-30,2023-05-21,2023-03-26,2023-03-26 12:58:00
O002095,Nile Health Inc. - Collaboration Tools,A0281,S018,Collaboration Tools,Event,Closed Won,1.0,17400.0,USD,2024-08-06,2024-11-26,2024-09-18,2024-09-18 15:23:00
O001556,Cedar Industries Group - Cloud Suite,A0108,S021,Cloud Suite,Partner,Closed Lost,0.0,8300.0,USD,2023-07-22,2023-10-25,2023-08-31,2023-08-31 09:53:00
O002629,Orbit Hotels Co. - Security Bundle,A0180,S035,Security Bundle,Partner,Closed Lost,0.0,18600.0,USD,2024-12-08,2025-02-06,2025-01-01,2025-01-01 16:59:00
O001251,Vertex Media GmbH - Cloud Suite,A0292,S029,Cloud Suite,Referral,Closed Won,1.0,37400.0,USD,2024-03-04,2024-07-07,2024-04-14,2024-04-14 13:50:00
O001700,Prime Consulting Ltd - Cloud Suite,A0440,S009,Cloud Suite,Partner,Proposal,0.5,29100.0,USD,2025-04-30,2025-08-21,,2025-06-26 18:38:00
O001253,North Capital Co. - Collaboration Tools,A0239,S027,Collaboration Tools,Inbound,Closed Lost,0.0,9800.0,USD,2024-03-02,2024-06-24,2024-03-22,2024-03-22 12:42:00
O002823,Falcon Studios LLC - Cloud Suite,A0313,S023,Cloud Suite,Inbound,Closed Won,1.0,13000.0,USD,2024-01-14,2024-03-12,2024-05-23,2024-05-23 10:00:00
O000080,Silver Studios Ltd - Collaboration Tools,A0256,S002,Collaboration Tools,Partner,Closed Won,1.0,24100.0,USD,2025-02-02,2025-05-01,2025-05-04,2025-05-04 09:59:00
O001173,Falcon Logistics Ltd - Security Bundle,A0459,S037,Security Bundle,Outbound,Closed Lost,0.0,18800.0,USD,2025-02-28,2025-05-22,2025-04-17,2025-04-17 11:52:00
O000815,Zenith Retail GmbH - Cloud Suite,A0167,S003,Cloud Suite,Inbound,Closed Won,1.0,7500.0,USD,2024-02-21,2024-06-12,2024-04-07,2024-04-07 15:30:00
O001853,Coral Energy Ltd - Cloud Suite,A0060,S002,Cloud Suite,Partner,Closed Lost,0.0,31000.0,USD,2023-11-20,2024-02-19,2023-12-19,2023-12-19 12:46:00
O002221,Lumen Retail Co. - Support Plan,A0410,S008,Support Plan,Inbound,Closed Won,1.0,4600.0,USD,2025-03-06,2025-05-27,2025-05-08,2025-05-08 18:28:00
O002669,Prime Health Holdings - Support Plan,A0267,S006,Support Plan,Inbound,Closed Lost,0.0,13800.0,USD,2024-11-07,2025-01-10,2024-12-27,2024-12-27 16:44:00
O002106,Vertex Studios S.A. - Analytics Platform,A0199,S013,Analytics Platform,Inbound,Qualification,0.25,35400.0,USD,2025-05-22,2025-09-28,,2025-06-28 18:41:00
O000134,Sahara Hotels Ltd - Support Plan,A0477,S028,Support Plan,Referral,Closed Won,1.0,5900.0,USD,2025-02-04,2025-06-05,2025-02-21,2025-02-21 15:36:00
O001141,Silver Energy Co. - Collaboration Tools,A0499,S038,Collaboration Tools,Referral,Closed Won,1.0,7200.0,USD,2024-04-27,31/07/2024,2024-07-27,2024-07-27 12:37:00
O000934,Nova Learning Inc. - Collaboration Tools,A0293,S004,Collaboration Tools,Outbound,Closed Lost,0.0,19100.0,USD,2023-11-15,2024-02-02,2024-03-10,2024-03-10 12:33:00
O000929,Nile Pharma Ltd - Cloud Suite,A0118,S002,Cloud Suite,Outbound,Closed Lost,0.0,34200.0,USD,2025-02-13,2025-05-02,2025-04-13,2025-04-13 13:42:00
O000824,Atlas Clinics Ltd - Cloud Suite,A0010,S020,Cloud Suite,Partner,Closed Won,1.0,10100.0,USD,2023-03-15,2023-07-18,2023-04-17,2023-04-17 13:43:00
O001532,Harbor Pharma Ltd - Support Plan,A0208,S029,Support Plan,Outbound,Closed Won,1.0,5000.0,USD,2023-12-11,2024-01-27,2024-01-24,2024-01-24 15:34:00
O001215,Nile Freight GmbH - Analytics Platform,A0458,S040,Analytics Platform,Event,Prospecting,0.1,39500.0,USD,2025-06-20,2025-10-05,,2025-06-29 18:37:00
O000505,Zenith Pharma S.A. - Analytics Platform,A0231,S020,Analytics Platform,Partner,Closed Lost,0.0,29500.0,USD,2023-03-09,2023-05-31,2023-04-01,2023-04-01 09:48:00
O002580,Silver Health Holdings - Cloud Suite,A0479,S019,Cloud Suite,Inbound,Closed Lost,0.0,17100.0,USD,2025-05-01,2025-07-04,2025-06-28,2025-06-28 12:44:00
O002396,Zenith Studios LLC - Support Plan,A0448,S038,Support Plan,Partner,Closed Lost,0.0,14700.0,USD,2024-09-17,2025-01-01,2024-10-17,2024-10-17 16:15:00
O001997,Granite Retail GmbH - Cloud Suite,A0126,S017,Cloud Suite,Inbound,Closed Won,1.0,19400.0,USD,2025-03-07,2025-05-03,2025-05-15,2025-05-15 10:51:00
O002435,Lumen Clinics LLC - Analytics Platform,A0078,S018,Analytics Platform,Inbound,Closed Lost,0.0,8900.0,USD,2024-07-17,2024-09-11,2024-09-29,2024-09-29 11:52:00
O001959,Pioneer Labs Inc. - Security Bundle,A0287,S023,Security Bundle,Outbound,Closed Won,1.0,14200.0,USD,2024-07-12,2024-09-14,2024-09-03,2024-09-03 09:47:00
O001385,Summit Media Group - Cloud Suite,A0170,S031,Cloud Suite,Event,Closed Won,1.0,13900.0,USD,2024-09-24,2024-11-18,2024-11-05,2024-11-05 12:56:00
O000895,Atlas Energy Co. - Collaboration Tools,A0155,S004,Collaboration Tools,Referral,Closed Won,1.0,11400.0,USD,2023-08-26,2023-12-25,2023-09-25,2023-09-25 15:04:00
O000829,Sahara Pharma GmbH - Cloud Suite,A0453,S026,Cloud Suite,Partner,Closed Won,1.0,49400.0,USD,2024-08-14,2024-11-30,2024-09-19,2024-09-19 17:01:00
O002963,Falcon Systems Co. - Analytics Platform,A0303,S012,Analytics Platform,Partner,Closed Won,1.0,24500.0,USD,2025-03-02,2025-06-04,2025-05-13,2025-05-13 10:00:00
O001684,Silver Systems Co. - Security Bundle,A0342,S018,Security Bundle,Inbound,Closed Won,1.0,21300.0,USD,2023-06-19,2023-10-21,2023-10-16,2023-10-16 12:49:00
O002690,Zenith Retail Group - Collaboration Tools,A0388,S002,Collaboration Tools,Partner,Qualification,0.25,16900.0,USD,2025-05-12,2025-08-21,,2025-06-29 08:47:00
O002598,Orbit Capital Ltd - Support Plan,A0305,S027,Support Plan,Inbound,Closed Won,1.0,8100.0,USD,2025-02-10,2025-05-09,2025-02-28,2025-02-28 12:14:00
O002550,Blue Studios Holdings - Collaboration Tools,A0025,S039,Collaboration Tools,Inbound,Closed Lost,0.0,6900.0,USD,2024-12-27,2025-05-01,2025-01-19,2025-01-19 08:12:00
O000653,Coral Labs LLC - Collaboration Tools,A0407,S002,Collaboration Tools,Partner,Closed Lost,0.0,15800.0,USD,2024-01-16,2024-05-04,2024-03-14,2024-03-14 17:42:00
O000173,Atlas Capital Inc. - Cloud Suite,A9912,S010,Cloud Suite,Referral,Closed Lost,0.0,12400.0,USD,2025-01-02,2025-05-09,2025-03-24,2025-03-24 13:45:00
O000039,Harbor Textiles Holdings - Support Plan,A0144,S016,Support Plan,Outbound,Closed Won,1.0,13300.0,USD,2025-02-18,2025-05-27,2025-04-10,2025-04-10 13:37:00
O002903,Summit Consulting Holdings - Analytics Platform,A0080,S014,Analytics Platform,Referral,Negotiation,0.75,56200.0,USD,2025-05-10,2025-07-08,,2025-06-25 12:01:00
O000714,Delta Markets GmbH - Collaboration Tools,A0439,S022,Collaboration Tools,Outbound,Closed Lost,0.0,18700.0,USD,2023-04-28,2023-06-19,2023-05-13,2023-05-13 09:42:00
O000091,Granite Pharma LLC - Security Bundle,A0329,S038,Security Bundle,Partner,Closed Won,1.0,20400.0,USD,2024-07-24,2024-10-21,2024-10-29,2024-10-29 18:42:00
O002998,Pioneer Industries LLC - Security Bundle,A0373,S032,Security Bundle,Partner,Closed Won,1.0,11700.0,USD,2024-04-08,2024-07-10,2024-05-24,2024-05-24 12:58:00
O001206,Vertex Systems Group - Support Plan,A0102,S023,Support Plan,Referral,Closed Lost,0.0,7200.0,USD,2024-08-01,2024-11-15,2024-10-01,2024-10-01 11:28:00
O002625,Harbor Studios S.A. - Analytics Platform,A0265,S002,Analytics Platform,Referral,Closed Won,1.0,57500.0,USD,2024-08-24,2024-10-22,2024-12-16,2024-12-16 12:48:00
O001828,Vertex Foods GmbH - Security Bundle,A0356,S001,Security Bundle,Partner,Closed Lost,0.0,14700.0,USD,2023-12-15,2024-03-19,2024-01-04,2024-01-04 12:45:00
O001156,Falcon Pharma GmbH - Support Plan,A0277,S025,Support Plan,Event,Closed Won,1.0,22200.0,USD,2024-10-04,2025-01-02,2025-01-04,2025-01-04 11:23:00
O001325,Lumen Motors S.A. - Analytics Platform,A0341,S035,Analytics Platform,Outbound,Closed Lost,0.0,24300.0,USD,2023-04-06,2023-07-11,2023-07-03,2023-07-03 16:08:00
O000217,Nile Industries Ltd - Analytics Platform,A0257,S010,Analytics Platform,Inbound,Closed Lost,0.0,11400.0,USD,2024-09-23,2025-01-10,2024-10-21,2024-10-21 17:14:00
O000511,Silver Clinics Group - Cloud Suite,A0229,S008,Cloud Suite,Event,Closed Lost,0.0,9000.0,USD,2023-03-11,2023-05-29,2023-05-16,2023-05-16 08:25:00
O001681,Lumen Consulting S.A. - Collaboration Tools,A0050,S012,Collaboration Tools,Inbound,Closed Won,1.0,17600.0,USD,2023-05-11,2023-06-30,2023-07-06,2023-07-06 13:35:00
O000500,Lumen Retail Inc. - Security Bundle,A0392,S026,Security Bundle,Outbound,Closed Lost,0.0,13700.0,USD,2024-01-11,2024-05-02,2024-02-09,2024-02-09 18:49:00
O002516,North Media Co. - Security Bundle,A0052,S003,Security Bundle,Event,Closed Lost,0.0,35000.0,USD,2023-01-11,2023-05-14,2023-02-22,2023-02-22 12:48:00
O001857,Harbor Logistics Co. - Cloud Suite,A0051,S009,Cloud Suite,Inbound,Prospecting,0.1,,USD,2025-06-18,2025-10-03,,2025-06-25 15:34:00
O001389,North Textiles GmbH - Analytics Platform,A0165,S012,Analytics Platform,Partner,Closed Lost,0.0,15800.0,USD,2024-04-27,2024-06-23,2024-05-22,2024-05-22 10:16:00
O001520,Silver Clinics S.A. - Analytics Platform,A0099,S023,Analytics Platform,Outbound,Closed Lost,0.0,16300.0,USD,2025-02-07,2025-03-28,2025-04-12,2025-04-12 14:50:00
O002387,Prime Industries Group - Analytics Platform,A0171,S040,Analytics Platform,Outbound,Closed Lost,0.0,80400.0,USD,2024-11-15,2025-03-08,2024-12-26,2024-12-26 14:55:00
O002763,Lumen Hotels LLC - Collaboration Tools,A0412,S025,Collaboration Tools,Inbound,Qualification,0.25,21100.0,USD,2025-05-16,2025-08-25,,2025-06-24 08:49:00
O002077,Nova Textiles Inc. 258 - Collaboration Tools,A0259,S002,Collaboration Tools,Outbound,Closed Lost,0.0,16400.0,USD,2025-04-03,2025-06-19,2025-05-15,2025-05-15 15:24:00
O001541,North Retail Group - Cloud Suite,A0432,S032,Cloud Suite,Outbound,Closed Lost,0.0,23700.0,USD,2023-04-07,2023-07-17,2023-04-26,2023-04-26 10:51:00
O001218,Vertex Studios S.A. - Security Bundle,A0199,S013,Security Bundle,Inbound,Prospecting,0.1,50200.0,USD,2025-06-23,2025-10-26,,2025-06-29 16:12:00
O001417,Nile Retail Group - Cloud Suite,A0445,S009,Cloud Suite,Inbound,Closed Won,1.0,99100.0,USD,2025-01-04,2025-02-20,2025-04-05,2025-04-05 13:15:00
O002218,Vertex Clinics Inc. - Analytics Platform,A0431,S008,Analytics Platform,Partner,Closed Lost,0.0,26800.0,USD,2023-05-28,2023-07-30,2023-07-31,2023-07-31 12:39:00
O002983,Falcon Freight Inc. - Analytics Platform,A0198,S001,Analytics Platform,Inbound,Proposal,0.5,,USD,2025-05-18,2025-07-18,,2025-06-27 11:36:00
O001677,Lumen Retail Inc. - Cloud Suite,A0392,S026,Cloud Suite,Event,Closed Lost,0.0,12600.0,USD,2025-03-19,2025-07-09,2025-05-08,2025-05-08 14:26:00
O001198,Summit Clinics Ltd - Cloud Suite,A0442,S036,Cloud Suite,Partner,Closed Lost,0.0,18600.0,USD,2024-09-21,2024-11-14,2024-10-22,2024-10-22 12:36:00
O001543,Atlas Hotels GmbH - Cloud Suite,A0241,S018,Cloud Suite,Partner,Closed Lost,0.0,13100.0,USD,2023-07-30,2023-09-24,2023-08-23,2023-08-23 08:01:00
O000954,North Freight LLC 329 - Security Bundle,A0330,S037,Security Bundle,Event,Closed Lost,0.0,25700.0,USD,2025-02-24,2025-06-09,2025-03-28,2025-03-28 15:57:00
O000751,Delta Capital Ltd - Analytics Platform,A0194,S037,Analytics Platform,Outbound,Closed Lost,0.0,11100.0,USD,2024-02-12,2024-06-20,2024-03-07,2024-03-07 09:24:00
O000235,Coral Motors Co. - Analytics Platform,A0295,S016,Analytics Platform,Outbound,Closed Won,1.0,45200.0,USD,2024-01-15,2024-04-08,2024-03-24,2024-03-24 18:47:00
O000733,Nova Textiles Inc. 258 - Collaboration Tools,A0259,S002,Collaboration Tools,Inbound,Closed Lost,0.0,24900.0,USD,2023-09-07,2023-12-17,2023-11-21,2023-11-21 09:40:00
O000533,Nile Health Inc. - Security Bundle,A0281,S018,Security Bundle,Outbound,Qualification,0.25,24600.0,USD,2023-05-10,2023-09-07,2023-09-22,2023-08-27 16:07:00
O001157,Pioneer Systems Group - Cloud Suite,A0461,S018,Cloud Suite,Partner,Closed Won,1.0,19600.0,USD,2023-05-05,2023-08-30,2023-07-17,2023-07-17 09:53:00
O002989,Summit Industries Co. - Analytics Platform,A0131,S039,Analytics Platform,Event,Closed Won,1.0,14800.0,USD,2023-12-12,2024-03-10,2024-02-26,2024-02-26 17:44:00
O002446,Zenith Media Co. - Collaboration Tools,A0456,S015,Collaboration Tools,Inbound,Closed Lost,0.0,14200.0,USD,2023-07-01,2023-08-24,2023-09-08,2023-09-08 12:55:00
O001210,Delta Capital Group - Security Bundle,A0490,S036,Security Bundle,Outbound,Closed Won,1.0,18000.0,USD,2023-03-21,2023-06-03,2023-05-12,2023-05-12 08:12:00
O001066,Falcon Freight Holdings - Cloud Suite,A0426,S012,Cloud Suite,Outbound,Closed Lost,0.0,16600.0,USD,2025-04-13,2025-07-07,2025-04-29,2025-04-29 10:04:00
O002157,Vertex Hotels GmbH - Support Plan,A0121,S028,Support Plan,Outbound,Closed Lost,0.0,5900.0,USD,2023-09-11,2023-11-20,2023-10-12,2023-10-12 10:53:00
O001063,North Pharma GmbH - Analytics Platform,A0480,S013,Analytics Platform,Outbound,Closed Won,1.0,74000.0,USD,2024-01-13,2024-04-07,2024-05-09,2024-05-09 09:26:00
O001168,Atlas Health Inc. - Security Bundle,A0425,S002,Security Bundle,Outbound,Closed Lost,0.0,28200.0,USD,2023-10-23,2024-01-01,2024-02-25,2024-02-25 16:49:00
O001493,North Motors S.A. - Cloud Suite,A0094,S009,Cloud Suite,Event,Qualification,0.25,24300.0,USD,2025-06-02,2025-08-01,,2025-06-28 18:25:00
O002511,Summit Capital Co. - Cloud Suite,A0022,S029,Cloud Suite,Outbound,Prospecting,0.1,32900.0,USD,2025-06-10,2025-09-23,,2025-06-25 18:49:00
O000885,Harbor Logistics Co. - Analytics Platform,A0051,S009,Analytics Platform,Partner, Closed Won ,1.0,58100.0,USD,2023-10-24,2024-01-31,2024-03-16,2024-03-16 15:53:00
O000144,Coral Clinics Inc. - Collaboration Tools,A0081,S021,Collaboration Tools,Outbound,Closed Lost,0.0,22500.0,USD,2024-07-20,2024-09-27,2024-09-08,2024-09-08 15:41:00
O002985,Atlas Foods Inc. - Analytics Platform,A0467,S010,Analytics Platform,Partner,Closed Lost,0.0,18800.0,USD,2023-10-04,2023-12-18,2023-10-21,2023-10-21 12:17:00
O000851,Blue Industries Ltd - Collaboration Tools,A0478,S021,Collaboration Tools,Partner,Closed Won,1.0,13200.0,USD,2024-01-23,2024-05-15,2024-02-05,2024-02-05 15:09:00
O000718,Harbor Pharma LLC 416 - Security Bundle,A0417,S029,Security Bundle,Event,Closed Lost,0.0,8500.0,USD,2023-03-23,2023-06-24,2023-04-25,2023-04-25 12:06:00
O002885,Prime Energy Inc. - Cloud Suite,A0159,S015,Cloud Suite,Outbound,Prospecting,0.1,72600.0,USD,2025-06-14,2025-08-23,,2025-06-27 13:55:00
O002503,Lumen Capital S.A. - Collaboration Tools,A0055,S019,Collaboration Tools,Partner,Closed Lost,0.0,10200.0,USD,2023-04-22,2023-07-15,2023-05-29,2023-05-29 09:51:00
O000265,Sahara Clinics Ltd - Analytics Platform,A0203,S009,Analytics Platform,Partner,Closed Lost,0.0,31900.0,USD,2025-04-13,2025-07-15,2025-06-22,2025-06-22 08:53:00
O000076,Atlas Hotels GmbH - Analytics Platform,A0241,S018,Analytics Platform,Outbound,Closed Lost,0.0,8600.0,USD,2024-07-07,2024-10-06,2024-07-22,2024-07-22 11:37:00
O002493,Falcon Freight Inc. - Analytics Platform,A0198,S017,Analytics Platform,Event,Closed Lost,0.0,31600.0,USD,2024-03-06,2024-04-26,2024-04-14,2024-04-14 08:20:00
O000396,Orbit Consulting Group - Cloud Suite,A0035,S022,Cloud Suite,Referral,Qualification,0.25,,USD,2025-06-04,2025-09-10,,2025-06-29 11:07:00
O002585,Vertex Health S.A. - Security Bundle,A0090,S027,Security Bundle,Partner,Closed Won,1.0,25500.0,USD,2025-03-24,2025-06-21,2025-04-28,2025-04-28 17:40:00
O002225,Delta Markets GmbH - Security Bundle,A0439,S028,Security Bundle,Partner,Closed Lost,0.0,15200.0,USD,2024-11-23,2025-01-07,2025-01-13,2025-01-13 08:43:00
O002842,Zenith Retail Group - Cloud Suite,A0388,S025,Cloud Suite,Referral,Closed Won,1.0,17700.0,USD,2025-03-17,2025-06-29,2025-04-27,2025-04-27 17:15:00
O000397,Pioneer Consulting Holdings - Analytics Platform,A0474,S040,Analytics Platform,Event,Closed Won,1.0,33800.0,usd,2023-11-14,2024-01-12,2023-12-05,2023-12-05 08:14:00
O001366,Falcon Textiles Ltd - Analytics Platform,A0141,S032,Analytics Platform,Outbound,Closed Lost,0.0,12300.0,USD,2024-07-20,2024-09-22,2024-08-20,2024-08-20 12:45:00
O002683,Summit Freight Group - Analytics Platform,A0142,S035,Analytics Platform,Partner,Closed Won,1.0,9800.0,USD,2023-04-15,2023-08-13,2023-05-10,2023-05-10 17:00:00
O001904,Nova Freight Ltd - Collaboration Tools,A0298,S022,Collaboration Tools,Outbound,Closed Lost,0.0,9400.0,USD,2024-10-31,2025-01-07,2025-01-05,2025-01-05 11:02:00
O000596,Zenith Industries GmbH - Analytics Platform,A0498,S009,Analytics Platform,Inbound,Closed Lost,0.0,23200.0,USD,2023-07-01,2023-09-24,2023-08-18,2023-08-18 12:56:00
O002110,Nova Learning Holdings - Collaboration Tools,A0500,S029,Collaboration Tools,Inbound,Closed Lost,0.0,6100.0,USD,2023-09-08,2024-01-15,2023-09-22,2023-09-22 15:12:00
O001297,Delta Capital Group - Cloud Suite,A0490,S036,Cloud Suite,Event,Qualification,0.25,15900.0,USD,2025-05-12,2025-08-22,,2025-06-30 16:40:00
O001822,Nova Industries GmbH - Collaboration Tools,A0145,S032,Collaboration Tools,Outbound,Closed Lost,0.0,12200.0,USD,2023-07-30,2023-09-19,2023-08-17,2023-08-17 18:00:00
O000873,Atlas Markets Holdings - Security Bundle,A0285,S034,Security Bundle,Outbound,Closed Lost,0.0,15600.0,USD,2023-03-28,2023-07-15,2023-05-21,2023-05-21 10:16:00
O002954,Harbor Retail GmbH - Cloud Suite,A0071,S013,Cloud Suite,Referral,Closed Lost,0.0,108600.0,USD,2025-04-19,2025-07-09,2025-05-19,2025-05-19 17:45:00
O002327,Harbor Logistics Co. - Cloud Suite,A0051,S009,Cloud Suite,Outbound,Closed Lost,0.0,15200.0,USD,2025-02-22,2025-04-24,2025-04-12,2025-04-12 10:57:00
O001549,Nile Labs Group - Cloud Suite,A0339,S036,Cloud Suite,Partner,Closed Won,1.0,23700.0,USD,2023-01-29,2023-04-21,2023-05-09,2023-05-09 12:04:00
O000037,Summit Media S.A. - Cloud Suite,A0122,S009,Cloud Suite,Partner,Closed Lost,0.0,30800.0,USD,2023-03-20,2023-06-23,2023-05-21,2023-05-21 15:37:00
O002565,Delta Hotels LLC - Cloud Suite,A0427,S012,Cloud Suite,Event,Prospecting,0.1,22500.0,USD,2025-06-27,2025-09-11,,2025-06-29 09:41:00
O002144,Zenith Hotels Ltd - Analytics Platform,A0152,S038,Analytics Platform,Outbound,Closed Lost,0.0,59900.0,USD,2023-04-21,2023-07-15,2023-06-03,2023-06-03 13:31:00
O002596,Orbit Studios Group - Collaboration Tools,A0154,S018,Collaboration Tools,Inbound,Closed Won,1.0,11300.0,USD,2025-02-10,2025-05-01,2025-04-07,2025-04-07 15:21:00
O000978,Atlas Retail GmbH - Security Bundle,A0486,S029,Security Bundle,Partner,Closed Lost,0.0,7900.0,USD,2024-10-24,2025-02-17,2025-02-21,2025-02-21 15:35:00
O001572,Blue Hotels Ltd - Security Bundle,A0216,S024,Security Bundle,Partner,Closed Lost,0.0,35200.0,USD,2023-02-08,2023-04-04,2023-07-04,2023-07-04 10:08:00
O001123,Nile Pharma Ltd - Collaboration Tools,A0118,S002,Collaboration Tools,Inbound,Closed Lost,0.0,10000.0,USD,2023-03-06,2023-05-15,2023-04-18,2023-04-18 12:33:00
O002240,Sahara Studios Holdings - Cloud Suite,A0086,S012,Cloud Suite,Outbound,Closed Lost,0.0,16500.0,USD,2024-03-18,2024-06-10,2024-05-08,2024-05-08 09:44:00
O002505,Prime Textiles Ltd - Analytics Platform,A0452,S034,Analytics Platform,Inbound,Closed Lost,0.0,19600.0,USD,2025-03-13,19/05/2025,2025-04-26,2025-04-26 11:07:00
O001893,Delta Markets GmbH - Support Plan,A0439,S018,Support Plan,Event,Closed Won,1.0,10800.0,USD,2025-06-03,2025-09-24,2025-06-29,2025-06-29 15:33:00
O000676,Coral Consulting Group - Security Bundle,A0421,S024,Security Bundle,Partner,Closed Won,1.0,34900.0,USD,2025-01-15,2025-04-10,2025-02-13,2025-02-13 12:21:00
O000729,Harbor Consulting Inc. - Security Bundle,A0120,S032,Security Bundle,Inbound,Closed Lost,0.0,17900.0,USD,2024-11-17,2025-01-04,2024-12-26,2024-12-26 18:36:00
O000413,Silver Textiles Co. - Cloud Suite,A0049,S011,Cloud Suite,Inbound,Closed Lost,0.0,18400.0,USD,2025-02-23,2025-04-27,2025-03-28,2025-03-28 14:09:00
O001517,Orbit Pharma Holdings - Analytics Platform,A0460,S026,Analytics Platform,Inbound,Closed Lost,0.0,27800.0,USD,2024-11-24,2025-02-01,2025-01-27,2025-01-27 18:20:00
O001650,Falcon Capital Holdings - Support Plan,A0008,S005,Support Plan,Inbound,Closed Lost,0.0,8900.0,USD,2025-05-12,2025-09-06,2025-06-28,2025-06-28 09:23:00
O000826,Prime Foods Group - Support Plan,A0137,S015,Support Plan,Outbound,Closed Lost,0.0,13100.0,USD,2024-02-26,2024-05-24,2024-08-02,2024-08-02 11:00:00
O000617,Nile Labs LLC - Cloud Suite,A0150,S001,Cloud Suite,Partner,Closed Lost,0.0,10200.0,USD,2024-04-12,2024-07-02,2024-05-26,2024-05-26 11:25:00
O000115,Sahara Textiles LLC - Collaboration Tools,A0168,S034,Collaboration Tools,Outbound,Closed Lost,0.0,13600.0,USD,2023-11-07,2024-03-14,2023-12-06,2023-12-06 17:16:00
O000418,North Media Co. - Security Bundle,A0052,S003,Security Bundle,Inbound,Closed Lost,0.0,29900.0,USD,2024-12-03,2025-01-18,2025-01-02,2025-01-02 10:56:00
O001626,Atlas Textiles GmbH - Support Plan,A0232,S016,Support Plan,Inbound,Closed Won,1.0,21400.0,USD,2024-09-02,2024-11-03,2025-03-12,2025-03-12 10:52:00
O002982,Prime Hotels LLC - Cloud Suite,A0001,S040,Cloud Suite,Outbound,Closed Lost,0.0,37400.0,USD,2023-07-10,2023-08-27,2023-09-26,2023-09-26 18:37:00
O000090,Pioneer Learning LLC - Collaboration Tools,A0197,S040,Collaboration Tools,Outbound,Closed Won,1.0,14500.0,USD,2024-12-06,2025-01-30,2025-04-21,2025-04-21 17:47:00
O002083,Orbit Logistics S.A. - Security Bundle,A0034,S015,Security Bundle,Referral,Closed Won,1.0,30300.0,USD,2023-06-15,2023-10-06,2023-07-20,2023-07-20 17:28:00
O000754,Coral Motors Co. - Collaboration Tools,A0295,S016,Collaboration Tools,Partner,Closed Won,1.0,18400.0,USD,2024-12-23,2025-03-15,2025-04-27,2025-04-27 15:40:00
O002547,Prime Capital Co. - Cloud Suite,A0418,S038,Cloud Suite,Partner,Closed Won,1.0,33200.0,USD,2025-03-21,2025-05-28,2025-05-11,2025-05-11 10:54:00
O001631,Atlas Motors Inc. - Analytics Platform,A0040,S039,Analytics Platform,Partner,Closed Lost,0.0,18200.0,USD,2023-06-09,2023-10-09,2023-08-21,2023-08-21 09:11:00
O000012,Falcon Health Co. - Analytics Platform,A0048,S008,Analytics Platform,Outbound,Closed Lost,0.0,36200.0,USD,2023-02-19,2023-05-05,2023-04-11,2023-04-11 08:31:00
O002445,Silver Foods Holdings - Cloud Suite,A0382,S023,Cloud Suite,Outbound,Closed Won,1.0,14500.0,USD,2024-12-24,2025-02-20,2025-01-22,2025-01-22 18:30:00
O000285,Harbor Retail GmbH - Collaboration Tools,A0071,S010,Collaboration Tools,Event,Closed Won,1.0,9200.0,USD,2023-06-01,2023-08-25,2023-10-12,2023-10-12 18:51:00
O001067,Falcon Capital Group - Cloud Suite,A0206,S012,Cloud Suite,Outbound,Closed Lost,0.0,26400.0,USD,2023-05-24,2023-08-12,2023-07-12,2023-07-12 09:31:00
O001192,Silver Logistics Group - Cloud Suite,A0253,S026,Cloud Suite,Inbound,Closed Lost,0.0,18900.0,USD,2024-06-29,2024-10-05,2024-08-04,2024-08-04 12:31:00
O001441,Atlas Textiles GmbH - Cloud Suite,A0232,S016,Cloud Suite,Partner,Closed Lost,0.0,24900.0,USD,2023-05-15,2023-07-23,2023-06-10,2023-06-10 17:08:00
O002844,Granite Retail Inc. - Collaboration Tools,A0166,S037,Collaboration Tools,Referral,Closed Won,1.0,8300.0,USD,2024-01-26,2024-05-11,2024-02-29,2024-02-29 08:23:00
O002907,Summit Freight Group - Collaboration Tools,A0142,S035,Collaboration Tools,Partner,Closed Won,1.0,4700.0,USD,2025-03-21,2025-05-19,2025-04-08,2025-04-08 15:58:00
O002752,Blue Industries Group - Cloud Suite,A0214,S029,Cloud Suite,Outbound,Closed Lost,0.0,17200.0,USD,2023-07-28,2023-09-30,2023-09-04,2023-09-04 09:38:00
O001569,Silver Learning GmbH - Analytics Platform,A0395,S028,Analytics Platform,Inbound,Closed Lost,0.0,9700.0,USD,2023-05-09,2023-08-10,2023-07-06,2023-07-06 12:15:00
O002428,Sahara Studios Holdings - Security Bundle,A0086,S012,Security Bundle,Inbound,Prospecting,0.1,,USD,2025-06-17,2025-10-07,,2025-06-29 17:14:00
O002617,Harbor Pharma LLC 416 - Analytics Platform,A0417,S039,Analytics Platform,Event,Closed Lost,0.0,27000.0,USD,2025-05-17,2025-08-13,2025-06-20,2025-06-20 12:56:00
O001688,Zenith Retail GmbH - Security Bundle,A0167,S023,Security Bundle,Outbound,Closed Won,1.0,13100.0,USD,2023-06-04,2023-08-07,2023-07-29,2023-07-29 17:38:00
O000852,Zenith Motors Inc. - Cloud Suite,A0268,S017,Cloud Suite,Outbound,Closed Lost,0.0,17600.0,USD,2023-01-12,2023-03-06,2023-02-20,2023-02-20 12:19:00
O002208,Zenith Industries GmbH - Security Bundle,A0498,S009,Security Bundle,Inbound,Closed Lost,0.0,14200.0,USD,2024-10-18,2024-12-24,2025-02-06,2025-02-06 17:13:00
O000896,Sahara Health Ltd - Cloud Suite,A0149,S006,Cloud Suite,Outbound,Closed Lost,0.0,32800.0,USD,2024-05-25,2024-07-19,2024-07-15,2024-07-15 18:54:00
O000497,Pioneer Learning Holdings - Cloud Suite,A0314,S005,Cloud Suite,Partner,Closed Lost,0.0,34800.0,USD,2025-01-31,2025-05-21,2025-03-10,2025-03-10 14:50:00
O002306,Delta Markets LLC - Support Plan,A0465,S017,Support Plan,Event,Closed Lost,0.0,7600.0,USD,2025-03-14,2025-04-28,2025-04-16,2025-04-16 18:50:00
O001783,Sahara Hotels LLC - Analytics Platform,A0381,S013,Analytics Platform,Inbound,Closed Lost,0.0,32800.0,USD,2023-03-28,2023-06-09,2023-05-11,2023-05-11 10:14:00
O000336,Sahara Textiles Co. - Security Bundle,A0226,S008,Security Bundle,Partner,Closed Lost,0.0,31100.0,USD,2024-10-17,2024-12-23,2025-01-22,2025-01-22 10:21:00
O000516,Harbor Pharma LLC - Cloud Suite,A0098,S028,Cloud Suite,Partner,Closed Lost,0.0,8600.0,USD,2023-08-15,2023-10-30,2023-11-02,2023-11-02 09:44:00
O001349,North Labs S.A. - Support Plan,A0053,S033,Support Plan,Partner,Closed Won,1.0,9500.0,USD,2023-10-09,2024-01-07,2024-01-06,2024-01-06 11:41:00
O001016,Falcon Logistics GmbH - Analytics Platform,A0429,S025,Analytics Platform,Referral,Closed Won,1.0,32300.0,USD,2024-04-05,2024-07-27,2024-06-03,2024-06-03 10:47:00
O002851,Sahara Textiles LLC - Analytics Platform,A0168,S034,Analytics Platform,Inbound,Closed Lost,0.0,20700.0,USD,2025-02-10,2025-04-04,2025-02-28,2025-02-28 13:06:00
O002846,Sahara Markets Inc. - Collaboration Tools,A0095,S002,Collaboration Tools,Event,Closed Won,1.0,10000.0,USD,2023-07-18,2023-09-22,2023-08-30,2023-08-30 14:02:00
O001782,Coral Industries Co. - Support Plan,A0299,S012,Support Plan,Partner,Closed Lost,0.0,16600.0,USD,2025-02-11,2025-06-16,2025-03-29,2025-03-29 17:10:00
O002570,Sahara Industries Inc. - Cloud Suite,A0379,S036,Cloud Suite,Outbound,Closed Lost,0.0,36200.0,USD,2023-09-20,2023-11-28,2023-11-24,2023-11-24 12:58:00
O001786,Prime Industries Group - Collaboration Tools,A0171,S040,Collaboration Tools,Inbound,Closed Won,1.0,33000.0,USD,2024-01-31,2024-05-08,2024-04-23,2024-04-23 12:30:00
O002071,Silver Learning GmbH - Cloud Suite,A0395,S028,Cloud Suite,Inbound,Closed Won,1.0,20300.0,USD,2024-10-02,2024-12-03,2024-12-15,2024-12-15 10:54:00
O000357,Prime Systems S.A. - Support Plan,A0320,S011,Support Plan,Inbound,Closed Lost,0.0,4500.0,USD,2025-06-01,2025-07-23,2025-06-12,2025-06-12 10:33:00
O002895,Prime Labs Holdings - Collaboration Tools,A0024,S019,Collaboration Tools,Event,Closed Lost,0.0,8600.0,USD,2025-05-05,2025-09-04,2025-05-30,2025-05-30 16:35:00
O001313,Prime Hotels LLC 96 - Collaboration Tools,A0097,S002,Collaboration Tools,Partner,Closed Lost,0.0,9700.0,USD,2025-02-11,2025-06-09,2025-04-15,2025-04-15 11:37:00
O001636,Atlas Hotels Ltd - Cloud Suite,A0219,S031,Cloud Suite,Inbound,Closed Won,1.0,19000.0,USD,2025-03-13,2025-07-02,2025-04-22,2025-04-22 12:35:00
O000551,Nile Markets Ltd - Collaboration Tools,A0160,S028,Collaboration Tools,Inbound,Closed Won,1.0,7500.0,USD,2023-09-13,2023-12-27,2023-10-12,2023-10-12 15:18:00
O002389,Summit Logistics Inc. - Support Plan,A0063,S004,Support Plan,Inbound,Closed Won,1.0,10300.0,USD,2024-05-09,2024-08-22,2024-06-28,2024-06-28 13:15:00
O002480,Prime Studios LLC - Analytics Platform,A0401,S024,Analytics Platform,Inbound,Closed Lost,0.0,65800.0,USD,2023-12-27,2024-03-24,2024-02-27,2024-02-27 17:35:00
O002522,Summit Consulting Ltd - Cloud Suite,A0032,S005,Cloud Suite,Inbound,Closed Lost,0.0,6900.0,USD,2023-09-13,2023-12-02,2024-06-19,2024-06-19 17:01:00
O002266,Zenith Motors Ltd - Cloud Suite,A0278,S039,Cloud Suite,Event,Closed Lost,0.0,30100.0,USD,2024-05-17,2024-08-03,2024-07-14,2024-07-14 08:43:00
O001228,Atlas Markets Co. - Security Bundle,A9907,S012,Security Bundle,Outbound,Closed Won,1.0,9200.0,USD,2024-05-01,2024-06-18,2024-05-30,2024-05-30 14:58:00
O002721,Harbor Pharma Ltd - Analytics Platform,A0208,S029,Analytics Platform,Event,Closed Won,1.0,25500.0,USD,2023-11-19,2024-02-19,2023-12-01,2023-12-01 14:19:00
O000958,Nile Pharma Ltd - Cloud Suite,A0118,S002,Cloud Suite,Inbound,Closed Won,1.0,43400.0,USD,2024-10-10,2025-01-24,2025-01-11,2025-01-11 10:06:00
O001774,Lumen Motors S.A. - Security Bundle,A0341,S035,Security Bundle,Event,Closed Lost,0.0,18800.0,USD,2024-03-03,2024-06-12,2024-04-05,2024-04-05 16:28:00
O002142,Coral Clinics Inc. - Analytics Platform,A0081,S021,Analytics Platform,Partner,Negotiation,0.75,37400.0,USD,2025-03-21,2025-05-12,,2025-06-29 16:10:00
O001009,Harbor Clinics Co. - Support Plan,A0009,S031,Support Plan,Event,Closed Lost,0.0,4000.0,USD,2025-03-09,2025-05-29,2025-05-18,2025-05-18 17:44:00
O001093,Delta Systems LLC - Cloud Suite,A0210,S034,Cloud Suite,Partner,Closed Lost,0.0,17700.0,USD,2023-07-31,2023-11-06,2023-08-07,2023-08-07 09:36:00
O002715,Cedar Markets GmbH - Analytics Platform,A0064,S023,Analytics Platform,Partner,Closed Lost,0.0,38000.0,usd,2024-08-30,2025-01-03,2024-10-04,2024-10-04 11:11:00
O000997,Nova Energy Ltd - Collaboration Tools,A0383,S040,Collaboration Tools,Partner,Closed Won,1.0,5400.0,USD,2023-03-01,2023-06-02,2023-05-22,2023-05-22 13:24:00
O001680,Pioneer Media Co. - Support Plan,A0297,S018,Support Plan,Outbound,Closed Lost,0.0,4200.0,USD,2023-05-08,2023-08-08,2023-05-25,2023-05-25 12:32:00
O000154,Nile Media Group - Security Bundle,A0348,S009,Security Bundle,Partner,Closed Lost,0.0,48100.0,USD,2025-05-01,2025-08-16,2025-06-28,2025-06-28 11:29:00
O002990,Nova Logistics LLC - Security Bundle,A0457,S038,Security Bundle,Outbound,Closed Won,1.0,25200.0,USD,2023-09-06,2023-11-16,2023-10-15,2023-10-15 17:38:00
O000581,Atlas Learning LLC 488 - Cloud Suite,A0489,S025,Cloud Suite,Partner,Closed Lost,0.0,36100.0,USD,2023-12-02,2024-04-01,2023-12-20,2023-12-20 18:14:00
O001471,Vertex Foods GmbH - Security Bundle,A0356,S001,Security Bundle,Partner,Closed Lost,0.0,11800.0,USD,2025-04-04,2025-08-05,2025-05-13,2025-05-13 10:44:00
O000704,Atlas Markets Holdings - Security Bundle,A0285,S016,Security Bundle,Outbound,Closed Lost,0.0,39400.0,USD,2025-03-17,2025-06-20,2025-04-13,2025-04-13 09:06:00
O001213,Cedar Industries Group - Collaboration Tools,A0108,S021,Collaboration Tools,Partner,Closed Lost,0.0,20800.0,USD,2023-05-29,2023-09-09,2023-06-12,2023-06-12 17:58:00
O000897,Silver Logistics Co. - Security Bundle,A0174,S037,Security Bundle,Partner,Closed Lost,0.0,15200.0,usd,2024-02-18,2024-04-14,2024-03-19,2024-03-19 10:02:00
O000488,Orbit Logistics S.A. - Support Plan,A0034,S015,Support Plan,Outbound,Closed Lost,0.0,12000.0,USD,2023-12-28,2024-04-30,2024-03-15,2024-03-15 08:04:00
O000560,Nova Learning Holdings - Cloud Suite,A0500,S029,Cloud Suite,Partner,Closed Lost,0.0,53500.0,USD,2024-08-22,2024-11-18,2024-09-03,2024-09-03 17:19:00
O001142,Summit Media S.A. - Cloud Suite,A0122,S009,Cloud Suite,Partner,Qualification,0.25,,USD,2025-06-10,2025-08-17,,2025-06-30 10:51:00
O001120,Silver Health Inc. - Cloud Suite,A0036,S016,Cloud Suite,Partner,Closed Lost,0.0,29300.0,USD,2023-04-30,2023-06-23,2023-07-07,2023-07-07 08:09:00
O000513,Cedar Hotels LLC - Cloud Suite,A0156,S003,Cloud Suite,Outbound,Closed Lost,0.0,28000.0,USD,2023-01-31,2023-04-10,2023-03-28,2023-03-28 14:46:00
O000634,Zenith Logistics Holdings - Collaboration Tools,A0173,S003,Collaboration Tools,Partner,Negotiation,0.75,4800.0,USD,2025-03-14,2025-06-29,,2025-06-29 16:32:00
O002624,Delta Labs LLC - Analytics Platform,A0363,S008,Analytics Platform,Event,Closed Lost,0.0,19600.0,USD,2023-05-26,2023-07-12,2023-07-02,2023-07-02 14:40:00
O001665,Pioneer Industries Holdings - Security Bundle,A0188,S026,Security Bundle,Outbound,Closed Lost,0.0,22000.0,USD,2024-07-04,2024-09-05,2024-07-18,2024-07-18 11:43:00
O001013,Coral Retail Inc. - Analytics Platform,A0012,S008,Analytics Platform,Inbound,Closed Won,1.0,35200.0,USD,2024-02-02,2024-04-15,2024-04-06,2024-04-06 10:53:00
O001932,Granite Textiles Group 429 - Analytics Platform,A0430,S033,Analytics Platform,Partner,Closed Won,1.0,17900.0,USD,2023-02-02,2023-04-13,2023-03-07,2023-03-07 14:43:00
O001151,Prime Systems Co. - Security Bundle,A0492,S034,Security Bundle,Inbound,Closed Lost,0.0,13600.0,USD,2023-09-03,2023-11-14,2023-10-12,2023-10-12 08:58:00
O002848,Granite Freight Inc. - Security Bundle,A0364,S014,Security Bundle,Event,Closed Lost,0.0,34100.0,USD,2023-11-23,2024-02-13,2024-02-09,2024-02-09 08:31:00
O000117,Lumen Capital Holdings - Collaboration Tools,A0042,S034,Collaboration Tools,Referral,Closed Lost,0.0,10600.0,USD,2024-11-06,2025-02-25,2025-02-08,2025-02-08 15:00:00
O000741,Lumen Foods LLC - Security Bundle,A0378,S037,Security Bundle,Event,Closed Lost,0.0,8800.0,USD,2025-03-12,2025-06-13,2025-03-27,2025-03-27 15:24:00
O002805,Coral Markets Co. - Collaboration Tools,A0003,S027,Collaboration Tools,Referral,Closed Won,1.0,17200.0,USD,2025-05-13,2025-08-23,2025-06-25,2025-06-25 10:14:00
O001975,Cedar Studios S.A. 383 - Support Plan,A0384,S019,Support Plan,Outbound,Closed Lost,0.0,8700.0,USD,2024-10-18,2025-01-11,2024-12-17,2024-12-17 12:22:00
O001082,Prime Energy Inc. - Analytics Platform,A0159,S015,Analytics Platform,Outbound,CLOSED LOST,0.0,46400.0,USD,2025-04-21,2025-08-24,2025-06-18,2025-06-18 14:23:00
O001811,Orbit Logistics Ltd - Security Bundle,A0029,S022,Security Bundle,Partner,Closed Lost,0.0,15800.0,USD,2024-11-11,2025-01-06,2025-01-20,2025-01-20 12:03:00
O000831,Zenith Media S.A. - Support Plan,A0276,S028,Support Plan,Inbound,Qualification,0.25,7700.0,USD,2025-05-27,2025-08-09,,2025-06-25 14:35:00
O000120,Sahara Studios Co. - Collaboration Tools,A0475,S029,Collaboration Tools,Partner,Closed Lost,0.0,8700.0,USD,2024-07-18,2024-11-15,2024-08-20,2024-08-20 14:33:00
O000657,Lumen Foods LLC - Analytics Platform,A0378,S037,Analytics Platform,Partner,Closed Lost,0.0,33500.0,USD,2024-12-27,2025-03-18,2025-01-12,2025-01-12 18:14:00
O002918,Zenith Labs Holdings - Collaboration Tools,A0223,S037,Collaboration Tools,Inbound,negotiation,0.75,5200.0,USD,2025-05-03,2025-07-07,,2025-06-24 08:44:00
O002733,Harbor Capital LLC - Cloud Suite,A0164,S023,Cloud Suite,Outbound,Closed Won,1.0,14000.0,USD,2024-07-05,2024-08-23,2024-08-29,2024-08-29 15:35:00
O002975,Harbor Textiles GmbH - Cloud Suite,A0263,S040,Cloud Suite,Outbound,Closed Lost,0.0,47900.0,USD,2024-05-18,2024-09-14,2024-07-08,2024-07-08 16:35:00
O000636,Lumen Capital S.A. 469 - Collaboration Tools,A0470,S006,Collaboration Tools,Outbound,Closed Lost,0.0,16600.0,USD,2024-09-05,2024-11-04,2024-09-20,2024-09-20 13:46:00
O000370,Zenith Motors Ltd - Cloud Suite,A0278,S039,Cloud Suite,Partner,Closed Won,1.0,54800.0,USD,2024-05-15,2024-09-11,2024-07-01,2024-07-01 09:38:00
O000269,Zenith Pharma Holdings - Collaboration Tools,A0306,S033,Collaboration Tools,Partner,Closed Won,1.0,15200.0,USD,2023-03-01,2023-05-15,2023-05-16,2023-05-16 18:43:00
O000047,Coral Foods Ltd - Cloud Suite,A0213,S005,Cloud Suite,Partner,Closed Won,1.0,25200.0,USD,2024-09-13,2025-01-14,2025-02-10,2025-02-10 12:48:00
O000992,Zenith Retail Group - Collaboration Tools,A0388,S002,Collaboration Tools,Outbound,Closed Lost,0.0,19300.0,USD,2025-03-19,2025-06-23,2025-06-09,2025-06-09 17:18:00
O000877,Harbor Textiles Holdings - Security Bundle,A0144,S016,Security Bundle,Event,Closed Lost,0.0,27000.0,USD,2024-01-19,2024-03-22,2024-03-20,2024-03-20 12:20:00
O000774,Harbor Pharma LLC - Cloud Suite,A0098,S028,Cloud Suite,Outbound,Closed Lost,0.0,7300.0,usd,2025-02-04,2025-05-08,2025-03-27,2025-03-27 09:55:00
O001220,Blue Consulting LLC - Cloud Suite,A0312,S005,Cloud Suite,Inbound,Closed Won,1.0,93700.0,USD,2025-03-21,2025-06-06,2025-05-04,2025-05-04 10:54:00
O001127,Zenith Logistics Holdings - Support Plan,A0173,S012,Support Plan,Partner,Closed Lost,0.0,7500.0,USD,2023-08-11,2023-11-09,2023-10-10,2023-10-10 08:30:00
O000005,Coral Consulting Group - Security Bundle,A0421,S024,Security Bundle,Outbound,Closed Lost,0.0,20100.0,USD,2025-02-10,2025-06-08,2025-02-27,2025-02-27 13:12:00
O001596,Nile Health Group - Analytics Platform,A0069,S016,Analytics Platform,Partner,Proposal,0.5,,USD,2025-05-25,2025-07-31,,2025-06-29 11:36:00
O002312,Zenith Studios LLC - Support Plan,A0448,S038,Support Plan,Inbound,Closed Lost,0.0,7800.0,USD,2025-04-07,2025-07-20,2025-05-24,2025-05-24 18:35:00
O002492,Falcon Industries Holdings - Analytics Platform,A0093,S003,Analytics Platform,Inbound,Closed Lost,0.0,23700.0,USD,2024-04-18,2024-06-21,2024-06-01,2024-06-01 11:10:00
O001078,Zenith Media S.A. - Analytics Platform,A0276,S028,Analytics Platform,Partner,Closed Lost,0.0,32700.0,USD,2023-05-01,2023-09-05,2023-06-24,2023-06-24 10:24:00
O000838,Harbor Consulting Group - Cloud Suite,A0082,S011,Cloud Suite,Referral,Closed Lost,0.0,8000.0,USD,2023-03-01,2023-07-02,2023-04-14,2023-04-14 15:23:00
O000682,Lumen Capital S.A. 469 - Support Plan,A0470,S006,Support Plan,Inbound,Closed Lost,0.0,13500.0,USD,2025-05-17,2025-07-30,2025-05-29,2025-05-29 11:53:00
O001716,Nile Health Group - Collaboration Tools,A0069,S016,Collaboration Tools,Event,Closed Lost,0.0,14400.0,USD,2025-01-22,2025-04-07,2025-04-03,2025-04-03 11:17:00
O002353,Sahara Health Ltd - Cloud Suite,A0149,S006,Cloud Suite,Event,Closed Won,1.0,44000.0,USD,2024-04-19,2024-07-11,2024-05-31,2024-05-31 11:36:00
O002618,Sahara Pharma Inc. - Collaboration Tools,A0047,S037,Collaboration Tools,Outbound,Closed Lost,0.0,4800.0,USD,2023-02-05,2023-06-12,2023-05-18,2023-05-18 08:17:00
O002362,Falcon Studios LLC - Collaboration Tools,A0313,S023,Collaboration Tools,Inbound,Closed Lost,0.0,9600.0,USD,2023-02-11,2023-04-10,2023-03-01,2023-03-01 17:15:00
O002198,Prime Motors Co. - Cloud Suite,A0146,S020,Cloud Suite,Referral,Prospecting,0.1,17400.0,USD,2025-06-23,2025-10-17,,2025-06-30 17:04:00
O001149,Orbit Foods Co. - Security Bundle,A0282,S037,Security Bundle,Partner,Closed Lost,0.0,13700.0,USD,2025-01-30,2025-04-18,2025-03-11,2025-03-11 17:53:00
O000575,North Freight Ltd - Cloud Suite,A0449,S002,Cloud Suite,Inbound,Closed Lost,0.0,45400.0,USD,2024-05-15,2024-07-02,2024-07-16,2024-07-16 14:50:00
O000051,Falcon Freight LLC - Cloud Suite,A0325,S021,Cloud Suite,Referral,Closed Won,1.0,13400.0,USD,2023-04-12,2023-07-14,2023-08-10,2023-08-10 16:15:00
O000854,Prime Logistics Co. - Security Bundle,A0007,S004,Security Bundle,Partner,Closed Lost,0.0,9300.0,USD,2025-05-14,2025-08-10,2025-06-22,2025-06-22 12:49:00
O001983,Granite Pharma Holdings - Analytics Platform,A0326,S031,Analytics Platform,Inbound,Prospecting,0.1,16800.0,USD,2025-06-16,2025-08-21,,2025-06-30 15:01:00
O001824,Vertex Health S.A. - Cloud Suite,A0090,S027,Cloud Suite,Event,Closed Won,1.0,27000.0,USD,2024-02-05,2024-05-15,2024-03-23,2024-03-23 15:25:00
O000834,Pioneer Industries Holdings - Security Bundle,A0188,S026,Security Bundle,Outbound,Closed  Lost,0.0,7600.0,USD,2025-02-12,2025-06-09,2025-03-13,2025-03-13 16:58:00
O001116,Delta Labs LLC - Cloud Suite,A0363,S008,Cloud Suite,Partner,Closed Lost,0.0,11100.0,USD,2023-12-20,2024-04-09,2024-01-04,2024-01-04 15:51:00
O001167,Atlas Hotels Ltd - Cloud Suite,A0219,S031,Cloud Suite,Partner,Closed Won,1.0,38900.0,USD,2024-05-26,2024-09-27,2024-08-29,2024-08-29 17:48:00
O002519,Sahara Pharma Inc. - Cloud Suite,A0047,S037,Cloud Suite,Outbound,Closed Lost,0.0,19800.0,USD,2024-08-15,2024-11-13,2024-09-26,2024-09-26 13:32:00
O001907,Atlas Foods Inc. - Support Plan,A0467,S010,Support Plan,Inbound,Closed Lost,0.0,6500.0,USD,2025-05-06,2025-06-28,2025-06-01,2025-06-01 10:45:00
O000972,Lumen Pharma Inc. - Support Plan,A0269,S016,Support Plan,Partner,Prospecting,0.1,9900.0,USD,2025-06-17,2025-10-02,,2025-06-26 10:39:00
O000400,Silver Media Ltd - Support Plan,A0041,S005,Support Plan,Partner,Negotiation,0.75,5800.0,USD,2025-03-14,2025-06-25,,2025-06-28 13:00:00
O002560,Silver Health Holdings - Security Bundle,A0479,S019,Security Bundle,Outbound,Closed Lost,0.0,18900.0,USD,2024-08-28,2024-11-13,2024-10-07,2024-10-07 15:55:00
O002369,Coral Media GmbH - Collaboration Tools,A0446,S008,Collaboration Tools,Outbound,Closed Lost,0.0,9300.0,USD,2024-09-01,2024-12-23,2024-09-26,2024-09-26 09:43:00
O000020,Blue Pharma Co. - Cloud Suite,A0359,S008,Cloud Suite,Event,Closed Lost,0.0,11800.0,USD,2024-09-28,2024-12-29,2024-11-07,2024-11-07 15:39:00
O000685,Granite Retail Co. - Collaboration Tools,A0438,S033,Collaboration Tools,Event,Closed Won,1.0,9100.0,USD,2025-03-16,2025-06-15,2025-05-27,2025-05-27 15:27:00
O000036,Coral Clinics Inc. - Support Plan,A0081,S021,Support Plan,Outbound,Negotiation,0.75,17500.0,USD,2025-05-02,2025-07-05,,2025-06-29 18:22:00
O002872,Lumen Textiles Holdings - Analytics Platform,A0476,S035,Analytics Platform,Event,Closed Lost,0.0,20700.0,USD,2025-03-23,2025-07-19,2025-05-07,2025-05-07 13:28:00
O000525,Falcon Energy Co. - Cloud Suite,A0230,S004,Cloud Suite,Inbound,Closed Lost,0.0,15400.0,USD,2025-02-10,2025-05-23,2025-03-28,2025-03-28 09:23:00
O002456,Sahara Labs Ltd - Security Bundle,A0147,S019,Security Bundle,Outbound,Closed Lost,0.0,35700.0,USD,2024-12-05,2025-02-04,2025-01-30,2025-01-30 10:55:00
O000921,Atlas Markets Holdings - Cloud Suite,A0285,S034,Cloud Suite,Inbound,Closed Lost,0.0,13000.0,USD,2023-05-28,2023-08-11,2023-06-09,2023-06-09 14:46:00
O001842,Lumen Logistics LLC - Cloud Suite,A0233,S033,Cloud Suite,Referral,Negotiation,0.75,79900.0,USD,2025-04-05,2025-07-28,,2025-06-28 11:33:00
O001891,Falcon Consulting Ltd - Support Plan,A0391,S032,Support Plan,Referral,Closed Lost,0.0,8400.0,USD,2024-11-26,2025-03-20,2024-12-20,2024-12-20 15:30:00
O000538,Nile Markets Co. - Security Bundle,A0140,S040,Security Bundle,Outbound,Prospecting,0.1,31200.0,USD,2025-06-23,2025-10-17,,2025-06-25 09:18:00
O001706,Silver Learning S.A. - Collaboration Tools,A0215,S037,Collaboration Tools,Outbound,closed lost,0.0,10200.0,USD,2024-05-04,2024-08-10,2024-06-07,2024-06-07 15:54:00
O002974,Sahara Textiles Co. - Analytics Platform,A0226,S008,Analytics Platform,Partner,Closed Lost,0.0,46300.0,USD,2023-10-03,2024-01-22,2023-12-01,2023-12-01 17:14:00
O000246,Sahara Hotels Co. - Analytics Platform,A0251,S020,Analytics Platform,Partner,Closed Lost,0.0,21000.0,USD,2024-05-02,2024-09-04,2024-06-15,2024-06-15 10:29:00
O000785,Summit Freight Ltd - Security Bundle,A0109,S011,Security Bundle,Partner,Closed Won,1.0,11700.0,USD,2023-05-07,2023-07-26,2023-06-20,2023-06-20 11:36:00
O001410,Delta Consulting Holdings - Security Bundle,A0335,S040,Security Bundle,Referral,Closed Lost,0.0,37400.0,USD,2024-05-14,2024-09-20,2024-07-09,2024-07-09 18:54:00
O002538,Harbor Pharma LLC - Collaboration Tools,A0098,S028,Collaboration Tools,Outbound,Prospecting,0.1,4200.0,USD,2025-06-19,2025-10-24,,2025-06-30 08:26:00
O000155,Granite Capital GmbH - Analytics Platform,A0409,S018,Analytics Platform,Event,Closed Lost,0.0,23900.0,USD,2023-09-30,2023-11-20,2023-12-13,2023-12-13 14:37:00
O001687,Vertex Studios Holdings - Collaboration Tools,A0089,S037,Collaboration Tools,Event,Closed Won,1.0,5500.0,USD,2024-06-03,2024-09-11,2024-09-12,2024-09-12 12:22:00
O000626,North Motors Holdings - Analytics Platform,A0176,S016,Analytics Platform,Partner,Closed Lost,0.0,26000.0,USD,2025-02-01,2025-04-01,2025-02-23,2025-02-23 11:57:00
O002919,Sahara Textiles GmbH - Security Bundle,A0033,S030,Security Bundle,Partner,Closed Won,1.0,11900.0,USD,2023-12-24,2024-03-09,2024-02-27,2024-02-27 16:04:00
O001347,Atlas Hotels Ltd - Analytics Platform,A0219,S031,Analytics Platform,Partner,Closed Lost,0.0,21700.0,USD,2023-07-09,2023-09-19,2023-08-01,2023-08-01 12:08:00
O000570,Summit Capital Co. - Analytics Platform,A0022,S029,Analytics Platform,Partner,Closed Lost,0.0,10900.0,USD,2024-08-27,2024-12-30,2024-09-20,2024-09-20 11:05:00
O002976,Pioneer Labs Inc. - Cloud Suite,A0287,S023,Cloud Suite,Partner,Negotiation,0.75,14400.0,USD,2025-05-04,2025-06-28,,2025-06-25 09:36:00
O001759,Orbit Clinics Ltd - Security Bundle,A0175,S033,Security Bundle,Event,Negotiation,0.75,38700.0,USD,2025-01-29,2025-05-26,,2025-06-29 10:18:00
O001817,Cedar Health S.A. - Analytics Platform,A0357,S001,Analytics Platform,Partner,Closed Lost,0.0,17400.0,USD,2024-09-23,2024-11-30,2024-11-12,2024-11-12 10:44:00
O002066,Coral Health Co. - Collaboration Tools,A0315,S005,Collaboration Tools,Inbound,Closed Lost,0.0,19900.0,USD,2023-10-03,2024-01-16,2023-10-29,2023-10-29 14:57:00
O000128,Summit Freight Inc. - Cloud Suite,A0415,S022,Cloud Suite,Partner,Closed Won,1.0,14300.0,USD,2023-04-22,2023-06-08,2023-07-19,2023-07-19 17:32:00
O000913,Orbit Industries GmbH - Security Bundle,A0248,S008,Security Bundle,Outbound,Closed Lost,0.0,27100.0,USD,2023-06-04,2023-09-25,2023-07-19,2023-07-19 10:30:00
O002007,Harbor Retail Holdings - Security Bundle,A0331,S019,Security Bundle,Referral,Closed Won,1.0,22600.0,USD,2023-02-05,2023-05-07,2023-03-16,2023-03-16 17:21:00
O000981,Summit Foods S.A. - Cloud Suite,A0443,S008,Cloud Suite,Partner,Closed Lost,0.0,19300.0,USD,2023-07-30,2023-11-01,2023-09-15,2023-09-15 18:19:00
O002547,Prime Capital Co. - Cloud Suite,A0418,S038,Cloud Suite,Partner,Closed Won,1.0,33200.0,USD,2025-03-21,2025-05-28,2025-05-11,2025-05-11 10:54:00
O000191,Sahara Health Ltd - Collaboration Tools,A0149,S006,Collaboration Tools,Partner,Proposal,0.5,27200.0,USD,2025-04-22,2025-08-14,,2025-06-24 16:35:00
O001140,North Textiles LLC - Security Bundle,A0496,S005,Security Bundle,Referral,Closed Won,1.0,20400.0,USD,2025-01-27,2025-05-15,2025-04-01,2025-04-01 08:08:00
O000993,Vertex Health S.A. - Cloud Suite,A0090,S027,Cloud Suite,Inbound,Closed Lost,0.0,22500.0,USD,2024-07-23,2024-09-25,2024-09-18,2024-09-18 10:13:00
O000700,Cedar Markets GmbH - Security Bundle,A0064,S023,Security Bundle,Event,Closed Lost,0.0,24900.0,USD,2025-03-08,2025-04-29,2025-05-11,2025-05-11 14:51:00
O000607,Nova Textiles Inc. 258 - Analytics Platform,A0259,S002,Analytics Platform,Referral,Proposal,0.5,52300.0,USD,2025-05-08,2025-08-09,,2025-06-30 15:34:00
O000181,Sahara Textiles LLC - Support Plan,A0168,S034,Support Plan,Event,Closed Lost,0.0,7600.0,USD,2024-02-29,2024-04-26,2024-04-16,2024-04-16 10:07:00
O000302,Harbor Studios S.A. - Support Plan,A0265,S002,Support Plan,Outbound,Closed Lost,0.0,9400.0,USD,2025-03-13,2025-05-22,2025-05-20,2025-05-20 17:17:00
O002545,Granite Retail Co. - Support Plan,A0438,S033,Support Plan,Referral,Closed Lost,0.0,13800.0,USD,2025-02-10,2025-03-27,2025-03-11,2025-03-11 11:59:00
O002818,Summit Motors Group - Support Plan,A0021,S023,Support Plan,Outbound,Closed Lost,0.0,7000.0,USD,2023-01-26,2023-04-06,2023-02-16,2023-02-16 14:25:00
O001061,Silver Markets Inc. - Security Bundle,A0272,S011,Security Bundle,Outbound,Closed Lost,0.0,9300.0,USD,2025-03-18,2025-05-30,2025-04-28,2025-04-28 11:15:00
O002862,Zenith Hotels LLC 244 - Analytics Platform,A0245,S031,Analytics Platform,Inbound,Qualification,0.25,42900.0,USD,2025-05-22,2025-08-12,,2025-06-29 12:35:00
O002921,Silver Energy LLC - Collaboration Tools,A0020,S033,Collaboration Tools,Outbound,Closed Lost,0.0,40700.0,USD,2025-03-17,2025-05-08,2025-04-12,2025-04-12 08:11:00
O002566,Granite Textiles Group 429 - Cloud Suite,A0430,S033,Cloud Suite,Partner,closed lost,0.0,45600.0,USD,2023-08-10,2023-12-10,2023-09-08,2023-09-08 18:05:00
O001070,Cedar Studios S.A. - Cloud Suite,A0279,S012,Cloud Suite,Outbound,Closed Lost,0.0,13300.0,USD,2025-02-11,2025-04-02,2025-03-26,2025-03-26 11:52:00
O002525,Silver Energy LLC - Cloud Suite,A0020,S033,Cloud Suite,Event,Closed Lost,0.0,28300.0,USD,2025-01-11,2025-03-17,2025-04-03,2025-04-03 17:23:00
O002206,Blue Retail Inc. - Collaboration Tools,A0183,S016,Collaboration Tools,Referral,Closed Won,1.0,12900.0,USD,2024-07-20,2024-09-11,2024-11-23,2024-11-23 10:04:00
O001244,Falcon Health LLC - Collaboration Tools,A0338,S012,Collaboration Tools,Inbound,Qualification,0.25,9700.0,USD,2025-05-13,2025-08-24,,2025-06-26 10:52:00
O000017,Harbor Retail S.A. - Analytics Platform,A0066,S016,Analytics Platform,Outbound,Closed Won,1.0,68900.0,USD,2024-03-15,2024-06-19,2024-10-19,2024-10-19 13:29:00
O002896,North Motors LLC - Security Bundle,A0472,S032,Security Bundle,Outbound,Closed Won,1.0,26500.0,USD,2025-03-02,2025-05-13,2025-06-04,2025-06-04 18:16:00
O000547,Delta Markets LLC - Analytics Platform,A0465,S017,Analytics Platform,Outbound,Prospecting,0.1,9500.0,USD,2025-06-13,2025-10-16,,2025-06-26 11:12:00
O000659,Coral Motors Co. - Collaboration Tools,A0295,S016,Collaboration Tools,Event, Closed Lost ,0.0,19900.0,USD,2024-07-25,2024-09-22,2024-09-21,2024-09-21 12:07:00
O002746,Silver Retail Ltd - Analytics Platform,A0451,S012,Analytics Platform,Partner,Closed Won,1.0,31300.0,USD,2024-11-23,2025-02-07,2024-12-31,2024-12-31 11:10:00
O002777,Vertex Motors LLC - Cloud Suite,A0294,S033,Cloud Suite,Inbound,Closed Lost,0.0,10500.0,USD,2023-04-28,2023-07-17,2023-05-20,2023-05-20 12:40:00
O001505,Blue Retail Inc. - Analytics Platform,A0183,S016,Analytics Platform,Event,Closed Lost,0.0,43300.0,USD,2024-08-25,2024-10-29,2024-11-26,2024-11-26 13:00:00
O000960,Sahara Pharma GmbH - Security Bundle,A0453,S026,Security Bundle,Event,Prospecting,0.1,10400.0,USD,2025-06-19,2025-10-03,,2025-06-26 09:58:00
O002332,Vertex Systems Inc. - Cloud Suite,A0163,S036,Cloud Suite,Inbound,Closed Won,1.0,17600.0,USD,2024-01-14,2024-03-21,2024-04-08,2024-04-08 13:20:00
O000798,Atlas Learning S.A. - Cloud Suite,A0291,S035,Cloud Suite,Partner,Closed Won,1.0,14200.0,USD,2023-07-03,2023-11-02,2023-08-17,2023-08-17 17:28:00
O000226,Cedar Motors Inc. - Cloud Suite,A0153,S040,Cloud Suite,Outbound,Closed Won,1.0,51700.0,USD,2023-06-13,2023-08-11,2023-10-05,2023-10-05 11:03:00
O002075,Prime Motors Co. 365 - Security Bundle,A0366,S019,Security Bundle,Inbound,Qualification,0.25,29400.0,USD,2025-05-24,2025-09-08,,2025-06-26 14:04:00
O001800,Pioneer Industries GmbH - Analytics Platform,A0113,S040,Analytics Platform,Partner,Closed Won,1.0,30300.0,USD,2025-05-15,2025-07-19,2025-06-29,2025-06-29 16:56:00
O002486,Sahara Clinics Ltd - Security Bundle,A0203,S009,Security Bundle,Referral,Closed Won,1.0,33200.0,USD,2024-05-10,2024-08-04,2024-07-13,2024-07-13 09:28:00
O001412,Granite Retail S.A. - Analytics Platform,A0201,S036,Analytics Platform,Partner,Closed Won,1.0,24000.0,usd,2024-10-25,2024-12-13,2024-12-28,2024-12-28 15:28:00
O002278,Atlas Learning LLC 488 - Security Bundle,A0489,S007,Security Bundle,Partner,Closed Won,1.0,12000.0,USD,2023-04-20,2023-08-24,2023-05-30,2023-05-30 18:36:00
O002086,Harbor Textiles GmbH - Security Bundle,A0263,S040,Security Bundle,Inbound,Closed Lost,0.0,19300.0,USD,2023-06-08,2023-09-30,2023-06-15,2023-06-15 15:09:00
O001694,Sahara Learning S.A. - Cloud Suite,A0006,S015,Cloud Suite,Inbound,Closed Lost,0.0,38300.0,USD,2024-05-27,2024-09-05,2024-09-07,2024-09-07 13:42:00
O001046,North Freight LLC 61 - Analytics Platform,A0062,S020,Analytics Platform,Inbound,Closed Won,1.0,17500.0,USD,2024-10-29,2024-12-19,2025-02-24,2025-02-24 13:44:00
O000470,Cedar Pharma Ltd - Collaboration Tools,A0437,S001,Collaboration Tools,Partner,Closed Lost,0.0,8600.0,USD,2024-10-06,2024-11-28,2024-10-13,2024-10-13 08:22:00
O000955,Nova Learning Holdings - Collaboration Tools,A0500,S029,Collaboration Tools,Event,Closed Lost,0.0,7600.0,USD,2025-05-04,01/08/2025,2025-06-03,2025-06-03 09:42:00
O000290,Vertex Studios Co. - Analytics Platform,A0011,S019,Analytics Platform,Inbound,Closed Lost,0.0,27000.0,USD,2025-03-20,2025-05-31,2025-05-07,2025-05-07 08:23:00
O002736,Delta Motors GmbH - Collaboration Tools,A0182,S022,Collaboration Tools,Outbound,Closed Lost,0.0,10700.0,USD,2024-02-18,2024-05-15,2024-04-02,2024-04-02 15:27:00
O000640,Prime Retail GmbH - Security Bundle,A0261,S023,Security Bundle,Outbound,Closed Lost,0.0,10700.0,USD,2023-06-26,2023-10-21,2023-07-16,2023-07-16 09:43:00
O002821,Atlas Capital Co. - Collaboration Tools,A0130,S002,Collaboration Tools,Inbound,Closed Lost,0.0,23400.0,USD,2024-10-22,2024-12-15,2024-12-11,2024-12-11 18:49:00
O001219,Harbor Textiles S.A. - Analytics Platform,A0228,S009,Analytics Platform,Partner,Qualification,0.25,53100.0,USD,2025-05-31,2025-08-23,,2025-06-30 12:33:00
O001159,Sahara Hotels Co. - Cloud Suite,A0251,S020,Cloud Suite,Partner,Closed Won,1.0,15900.0,USD,2024-03-09,2024-04-29,2024-04-20,2024-04-20 08:23:00
O001416,Harbor Textiles GmbH - Collaboration Tools,A0263,S040,Collaboration Tools,Partner,Closed Lost,0.0,16800.0,USD,2023-12-27,2024-04-18,2024-04-16,2024-04-16 10:56:00
O002755,Summit Capital Co. - Cloud Suite,A0022,S029,Cloud Suite,Partner,Closed Lost,0.0,9900.0,USD,2023-02-25,2023-06-08,2023-05-21,2023-05-21 13:14:00
O001528,Blue Retail Holdings - Security Bundle,A0463,S014,Security Bundle,Event,Closed Won,1.0,27000.0,USD,2023-01-12,2023-05-05,2023-02-13,2023-02-13 10:54:00
O002964,Vertex Studios Inc. - Analytics Platform,A0473,S019,Analytics Platform,Outbound,Closed Lost,0.0,22800.0,USD,2023-08-02,2023-11-19,2023-09-10,2023-09-10 17:35:00
O001301,North Freight LLC 61 - Collaboration Tools,A0062,S020,Collaboration Tools,Inbound,Closed Lost,0.0,7200.0,USD,2023-08-18,2023-11-09,2023-09-20,2023-09-20 12:10:00
O002909,Silver Motors Ltd - Analytics Platform,A0238,S025,Analytics Platform,Outbound,Prospecting,0.1,,USD,2025-06-21,2025-10-23,,2025-06-26 10:51:00
O001604,Sahara Textiles Ltd - Cloud Suite,A9911,S005,Cloud Suite,Partner,Closed Won,1.0,15700.0,USD,2025-02-27,2025-06-14,2025-04-26,2025-04-26 15:38:00
O000161,Granite Industries Holdings - Security Bundle,A0202,S038,Security Bundle,Partner,Closed Lost,0.0,47500.0,USD,2025-02-20,2025-06-25,2025-03-27,2025-03-27 18:48:00
O001705,North Capital Group - Analytics Platform,A0346,S011,Analytics Platform,Referral,Closed Lost,0.0,19400.0,USD,2023-07-29,2023-10-06,2023-09-04,2023-09-04 15:41:00
O000957,Zenith Studios LLC - Collaboration Tools,A0448,S038,Collaboration Tools,Referral,Qualification,0.25,16300.0,USD,2025-06-14,2025-08-14,,2025-06-25 11:18:00
O002958,Silver Textiles Co. - Cloud Suite,A0049,S011,Cloud Suite,Inbound,Closed Lost,0.0,14400.0,USD,2023-07-15,2023-10-11,2023-09-14,2023-09-14 11:49:00
O000878,Nile Health GmbH - Analytics Platform,A0015,S020,Analytics Platform,Outbound,Closed Won,1.0,16300.0,USD,2024-03-16,2024-05-31,2024-04-29,2024-04-29 09:50:00
O001920,Sahara Learning S.A. 113 - Cloud Suite,A0114,S017,Cloud Suite,Referral,Closed Won,1.0,24600.0,USD,2025-04-06,2025-07-30,2025-05-29,2025-05-29 17:50:00
O001885,North Markets LLC - Security Bundle,A0135,S028,Security Bundle,Inbound,Prospecting,0.1,22600.0,USD,2025-06-18,2025-08-25,,2025-06-30 15:08:00
O002201,Harbor Clinics Co. - Analytics Platform,A0009,S031,Analytics Platform,Referral,Closed Lost,0.0,27500.0,USD,2023-11-25,2024-02-14,2024-02-07,2024-02-07 14:57:00
O000099,Zenith Studios LLC - Analytics Platform,A0448,S038,Analytics Platform,Outbound,Closed Lost,0.0,19400.0,USD,2023-01-26,2023-04-26,2023-06-02,2023-06-02 08:37:00
O002870,Coral Textiles S.A. 322 - Security Bundle,A0323,S010,Security Bundle,Inbound,Proposal,0.5,19100.0,USD,2025-05-07,2025-08-04,,2025-06-28 16:05:00
O002558,Granite Logistics S.A. - Cloud Suite,A0246,S020,Cloud Suite,Inbound,Closed Lost,0.0,34000.0,USD,2025-03-02,2025-06-09,2025-04-07,2025-04-07 08:54:00
O000254,Blue Energy Ltd - Security Bundle,A0433,S007,Security Bundle,Referral,Closed Won,1.0,15500.0,USD,2023-02-05,2023-05-12,2023-04-10,2023-04-10 12:17:00
O000104,Nile Capital Co. 67 - Analytics Platform,A0068,S036,Analytics Platform,Outbound,Closed Lost,0.0,15900.0,USD,2023-08-23,2023-10-18,2023-09-18,2023-09-18 10:52:00
O001446,Silver Retail Ltd - Collaboration Tools,A0451,S012,Collaboration Tools,Partner,Closed Won,1.0,12600.0,usd,2025-03-14,2025-07-20,2025-04-25,2025-04-25 09:17:00
O001444,Zenith Pharma Holdings - Cloud Suite,A0306,S011,Cloud Suite,Partner,Closed Lost,0.0,11600.0,USD,2025-04-30,2025-08-29,2025-06-23,2025-06-23 11:25:00
O001649,Nile Health GmbH - Analytics Platform,A0015,S020,Analytics Platform,Inbound,Closed Lost,0.0,13700.0,USD,2025-04-04,2025-05-28,2025-05-29,2025-05-29 18:45:00
O000587,Summit Motors Group - Support Plan,A0021,S023,Support Plan,Outbound,Closed Lost,0.0,7200.0,USD,2024-07-22,2024-11-12,2024-09-24,2024-09-24 13:00:00
O000628,Prime Logistics Co. - Cloud Suite,A0007,S004,Cloud Suite,Partner,Closed Won,1.0,14900.0,USD,2025-02-06,2025-05-09,2025-03-31,2025-03-31 16:17:00
O001697,Lumen Hotels LLC - Analytics Platform,A0412,S025,Analytics Platform,Outbound,Proposal,0.5,39400.0,USD,2025-05-17,2025-08-09,,2025-06-25 10:37:00
O002102,Pioneer Media Ltd - Analytics Platform,A0076,S026,Analytics Platform,Outbound,Closed Lost,0.0,25400.0,USD,2024-06-01,2024-08-12,2024-06-27,2024-06-27 11:03:00
O002200,Nova Labs Ltd - Security Bundle,A0207,S035,Security Bundle,Referral,Closed Won,1.0,43600.0,USD,2023-06-13,2023-08-16,2023-09-28,2023-09-28 15:24:00
O000404,Falcon Pharma GmbH - Security Bundle,A0277,S010,Security Bundle,Inbound,Closed Lost,0.0,25900.0,USD,2023-11-24,2024-03-09,2024-02-21,2024-02-21 14:48:00
O001155,Coral Textiles GmbH - Cloud Suite,A0317,S030,Cloud Suite,Outbound,Closed Lost,0.0,15800.0,USD,2025-02-22,2025-04-09,2025-03-21,2025-03-21 14:47:00
O002256,Orbit Pharma Inc. - Cloud Suite,A0027,S016,Cloud Suite,Partner,Closed Lost,0.0,39700.0,USD,2023-01-22,2023-04-30,2023-05-06,2023-05-06 15:49:00
O001683,Summit Motors Group - Analytics Platform,A0021,S023,Analytics Platform,Referral,Closed Lost,0.0,22800.0,USD,2023-03-13,2023-07-18,2023-03-27,2023-03-27 08:59:00
O002057,North Pharma GmbH - Collaboration Tools,A0480,S035,Collaboration Tools,Partner,Negotiation,0.75,28300.0,USD,2025-03-26,2025-08-01,,2025-06-28 14:32:00
O002887,Coral Textiles S.A. - Analytics Platform,A0184,S001,Analytics Platform,Outbound,Closed Lost,0.0,16700.0,USD,2024-09-06,2024-11-22,2024-11-04,2024-11-04 15:28:00
O000453,Summit Media Group - Cloud Suite,A0170,S031,Cloud Suite,Inbound,Closed Won,1.0,10700.0,USD,2025-05-04,2025-08-26,2025-05-24,2025-05-24 16:00:00
O002302,Orbit Foods Co. - Cloud Suite,A0282,S037,Cloud Suite,Partner,Closed Won,1.0,7600.0,USD,2025-02-24,2025-06-02,2025-05-22,2025-05-22 12:59:00
O001328,Harbor Motors Inc. - Analytics Platform,A0209,S021,Analytics Platform,Event,CLOSED LOST,0.0,24300.0,USD,2025-02-25,2025-05-22,2025-05-24,2025-05-24 16:17:00
O002050,Prime Motors Co. - Collaboration Tools,A0146,S020,Collaboration Tools,Partner,Closed Lost,0.0,6300.0,USD,2023-11-23,2024-03-14,2023-12-27,2023-12-27 12:13:00
O000881,Delta Media Holdings - Cloud Suite,A0403,S016,Cloud Suite,Partner,Closed Lost,0.0,14900.0,USD,2025-03-08,2025-05-05,2025-03-24,2025-03-24 09:40:00
O002961,Coral Textiles S.A. 322 - Analytics Platform,A0323,S020,Analytics Platform,Event,Closed Lost,0.0,17400.0,USD,2025-01-31,2025-04-20,2025-02-22,2025-02-22 08:32:00
O000624,Silver Energy Co. - Support Plan,A0499,S008,Support Plan,Event,Closed Won,1.0,5200.0,USD,2024-02-23,2024-04-21,2024-05-10,2024-05-10 11:57:00
O002394,Delta Freight LLC - Collaboration Tools,A0266,S037,Collaboration Tools,Inbound,Closed Lost,0.0,21300.0,USD,2025-01-05,2025-05-14,2025-01-19,2025-01-19 16:10:00
O002814,Vertex Systems Inc. - Cloud Suite,A0163,S036,Cloud Suite,Outbound,Closed Lost,0.0,22700.0,USD,2025-04-06,2025-07-07,2025-06-16,2025-06-16 08:50:00
O001788,Granite Textiles Group 429 - Cloud Suite,A0430,S033,Cloud Suite,Partner,Closed Lost,0.0,32700.0,USD,2024-10-04,2025-01-19,2024-12-05,2024-12-05 15:09:00
O000263,Nova Freight Ltd - Cloud Suite,A0298,S022,Cloud Suite,Outbound,Proposal,0.5,,USD,2025-05-18,2025-08-05,,2025-06-28 15:47:00
O001635,Silver Clinics Group - Collaboration Tools,A0229,S008,Collaboration Tools,Referral,Closed Won,1.0,12900.0,USD,2023-07-28,2023-11-03,2023-08-30,2023-08-30 09:54:00
O001439,Silver Capital LLC - Analytics Platform,A0236,S027,Analytics Platform,Referral,Closed Lost,0.0,16600.0,USD,2025-04-30,2025-06-18,2025-05-28,2025-05-28 18:25:00
O002199,Granite Capital GmbH - Analytics Platform,A0409,S018,Analytics Platform,Event,Closed Lost,0.0,22700.0,USD,2023-03-15,2023-05-03,2023-03-31,2023-03-31 12:11:00
O001970,Falcon Capital Group - Collaboration Tools,A0206,S012,Collaboration Tools,Event,Closed Lost,0.0,3600.0,USD,2024-04-08,2024-06-12,2024-05-15,2024-05-15 09:48:00
O002521,Atlas Freight Ltd - Cloud Suite,A0328,S033,Cloud Suite,Partner,Closed Lost,0.0,38000.0,USD,2023-09-23,2023-11-27,2023-12-17,2023-12-17 12:46:00
O001803,Summit Motors Holdings - Cloud Suite,A0237,S004,Cloud Suite,Inbound,Prospecting,0.1,17200.0,USD,2025-06-25,2025-08-14,,2025-06-28 17:00:00
O000641,Prime Consulting Ltd - Security Bundle,A0440,S009,Security Bundle,Inbound,Negotiation,0.75,,USD,2025-02-19,2025-04-23,,2025-06-28 09:06:00
O002386,Blue Media Group - Security Bundle,A0337,S027,Security Bundle,Outbound,Closed Lost,0.0,14400.0,USD,2023-03-18,2023-07-19,2023-05-11,2023-05-11 16:23:00
O002599,Granite Industries Holdings 369 - Cloud Suite,A0370,S021,Cloud Suite,Outbound,Closed Lost,0.0,39200.0,USD,2023-02-22,2023-06-03,2023-04-11,2023-04-11 12:58:00
O002873,Sahara Health Ltd - Analytics Platform,A0149,S006,Analytics Platform,Partner,Closed Lost,0.0,45300.0,USD,2024-05-28,2024-07-26,2024-06-28,2024-06-28 15:51:00
O001960,Pioneer Learning Holdings - Analytics Platform,A0314,S005,Analytics Platform,Outbound,Closed Won,1.0,18600.0,USD,2025-03-24,2025-07-31,2025-06-28,2025-06-28 16:46:00
O000489,Cedar Studios S.A. - Collaboration Tools,A0279,S012,Collaboration Tools,Outbound,Closed Lost,0.0,6600.0,usd,2023-04-26,2023-08-15,2023-05-03,2023-05-03 11:34:00
O001844,Delta Capital Ltd - Analytics Platform,A0194,S037,Analytics Platform,Partner, Prospecting ,0.1,16300.0,USD,2025-06-09,2025-10-11,,2025-06-30 15:33:00
O001735,Coral Foods Ltd 306 - Analytics Platform,A0307,S022,Analytics Platform,Partner,Closed Lost,0.0,26000.0,USD,2023-03-23,2023-06-21,2023-04-13,2023-04-13 10:12:00
O000147,Coral Capital Ltd - Security Bundle,A0105,S020,Security Bundle,Event,Closed Lost,0.0,11800.0,USD,2023-09-05,2023-10-23,2023-10-15,2023-10-15 10:59:00
O001535,Sahara Clinics Ltd - Support Plan,A0203,S009,Support Plan,Referral,Closed Lost,0.0,9400.0,USD,2024-10-27,2025-02-01,2025-02-10,2025-02-10 17:48:00
O001987,Nova Motors LLC - Analytics Platform,A0123,S009,Analytics Platform,Inbound,Proposal,0.5,25800.0,USD,2025-04-24,2025-08-31,,2025-06-24 09:39:00
O001370,Cedar Studios Holdings - Cloud Suite,A0072,S028,Cloud Suite,Referral,Closed Lost,0.0,8900.0,USD,2024-09-12,2025-01-01,2024-10-13,2024-10-13 15:33:00
O002451,Summit Media S.A. - Analytics Platform,A0122,S009,Analytics Platform,Partner,Qualification,0.25,25900.0,USD,2025-05-25,2025-09-04,,2025-06-24 13:42:00
O002979,Atlas Industries Inc. - Cloud Suite,A0380,S020,Cloud Suite,Event,Proposal,0.5,14700.0,USD,2025-05-08,2025-08-11,,2025-06-25 12:33:00
O000660,Blue Studios GmbH - Cloud Suite,A0413,S034,Cloud Suite,Partner,Closed Won,1.0,26500.0,USD,2025-04-03,2025-06-29,2025-06-07,2025-06-07 10:00:00
O001795,Nova Capital S.A. - Analytics Platform,A0422,S016,Analytics Platform,Partner,Closed  Lost,0.0,31500.0,USD,2023-04-01,2023-07-22,2023-07-26,2023-07-26 18:19:00
O002512,Blue Logistics S.A. - Security Bundle,A0255,S010,Security Bundle,Inbound,Closed Lost,0.0,16400.0,USD,2024-06-11,2024-08-16,2024-06-28,2024-06-28 18:54:00
O000187,Pioneer Energy S.A. - Analytics Platform,A0234,S028,Analytics Platform,Partner,Closed Lost,0.0,20800.0,USD,2024-04-12,2024-07-18,2024-05-26,2024-05-26 13:47:00
O001148,Coral Clinics Inc. - Security Bundle,A0081,S021,Security Bundle,Inbound,Negotiation,0.75,14100.0,USD,2025-03-10,2025-07-07,,2025-06-24 08:41:00
O000609,Falcon Capital Group - Cloud Suite,A0206,S012,Cloud Suite,Partner,Closed Lost,0.0,18500.0,USD,2025-05-26,2025-10-02,2025-06-14,2025-06-14 11:55:00
O002192,Lumen Retail Inc. - Security Bundle,A0392,S026,Security Bundle,Partner,Closed Lost,0.0,22500.0,USD,2023-10-15,2023-12-14,2023-11-14,2023-11-14 14:41:00
O002800,Nile Health Inc. - Collaboration Tools,A0281,S018,Collaboration Tools,Outbound,Closed Won,1.0,7700.0,USD,2024-11-11,2025-01-22,2024-12-13,2024-12-13 09:04:00
O001931,Harbor Motors Inc. 216 - Security Bundle,A0217,S008,Security Bundle,Referral,Closed Lost,0.0,11400.0,USD,2024-01-15,2024-05-11,2024-02-14,2024-02-14 15:22:00
O000198,Vertex Health S.A. - Security Bundle,A0090,S027,Security Bundle,Inbound,Closed Lost,0.0,8800.0,USD,2023-02-18,2023-06-14,2023-03-23,2023-03-23 17:32:00
O002328,Summit Consulting Ltd - Cloud Suite,A0032,S005,Cloud Suite,Partner,Qualification,0.25,,USD,2025-05-14,2025-09-03,,2025-06-27 16:14:00
O000294,Coral Textiles Ltd - Support Plan,A0428,S033,Support Plan,Inbound,Closed Lost,0.0,10500.0,USD,2024-08-17,2024-11-14,2024-10-28,2024-10-28 15:30:00
O000767,Atlas Motors Inc. 470 - Security Bundle,A0471,S030,Security Bundle,Event,Closed Won,1.0,16500.0,USD,2024-08-05,2024-10-12,2024-09-05,2024-09-05 13:18:00
O000401,Falcon Capital Group - Analytics Platform,A0206,S012,Analytics Platform,Outbound,Closed Lost,0.0,22600.0,USD,2023-01-27,2023-05-01,2023-02-03,2023-02-03 17:14:00
O000123,Vertex Health S.A. - Cloud Suite,A0090,S027,Cloud Suite,Partner,Closed Won,1.0,28200.0,usd,2025-02-07,2025-06-03,2025-05-22,2025-05-22 17:17:00
O000203,Blue Markets LLC - Security Bundle,A0288,S013,Security Bundle,Outbound,Qualification,0.25,29700.0,USD,2025-05-27,2025-09-07,,2025-06-30 10:15:00
O000836,Granite Retail Co. - Cloud Suite,A0438,S033,Cloud Suite,Event,Closed Lost,0.0,33000.0,USD,2023-01-16,2023-05-23,2023-02-01,2023-02-01 10:24:00
O002295,Falcon Logistics GmbH - Support Plan,A0429,S025,Support Plan,Event,Closed Lost,0.0,10700.0,USD,2025-04-17,2025-08-13,2025-06-29,2025-06-29 12:00:00
O001440,Orbit Consulting Holdings - Collaboration Tools,A0397,S020,Collaboration Tools,Outbound,Closed Lost,0.0,5000.0,USD,2024-07-27,2024-10-12,2024-09-09,2024-09-09 17:14:00
O001734,Vertex Health GmbH - Analytics Platform,A0316,S034,Analytics Platform,Partner,Qualification,0.25,23600.0,USD,2025-05-14,2025-08-25,,2025-06-29 11:38:00
O001696,North Freight LLC 61 - Support Plan,A0062,S020,Support Plan,Inbound,Closed Lost,0.0,8200.0,USD,2025-04-04,2025-05-23,2025-05-30,2025-05-30 16:34:00
O002971,Pioneer Systems Group - Cloud Suite,A0461,S016,Cloud Suite,Partner,Qualification,0.25,,USD,2025-05-31,2025-09-22,,2025-06-30 16:39:00
O001708,Falcon Freight Inc. - Support Plan,A0198,S017,Support Plan,Inbound,Closed Won,1.0,10700.0,USD,2024-02-02,2024-03-19,2024-03-27,2024-03-27 10:25:00
O002956,Blue Health LLC - Cloud Suite,A0260,S031,Cloud Suite,Partner,Closed Won,1.0,24700.0,USD,2024-03-23,2024-06-07,2024-06-15,2024-06-15 11:24:00
O001154,Coral Textiles Holdings - Analytics Platform,A0019,S004,Analytics Platform,Outbound,Closed Won,1.0,33100.0,USD,2023-05-08,2023-07-28,2023-06-06,2023-06-06 12:49:00
O001662,Sahara Textiles Ltd - Security Bundle,A0138,S005,Security Bundle,Partner,Closed Lost,0.0,45300.0,USD,2025-04-20,2025-08-04,2025-05-23,2025-05-23 10:38:00
O002433,Zenith Retail GmbH - Support Plan,A0167,S023,Support Plan,Partner,Closed Won,1.0,24200.0,USD,2023-09-01,2023-11-25,2023-10-04,2023-10-04 11:29:00
O001760,Harbor Motors Inc. 216 - Security Bundle,A0217,S008,Security Bundle,Outbound,Closed Lost,0.0,16000.0,USD,2024-01-03,2024-04-29,2024-02-21,2024-02-21 13:03:00
O000855,Nova Industries GmbH - Support Plan,A0145,S032,Support Plan,Inbound,Closed Lost,0.0,6200.0,USD,2024-12-06,2025-01-23,2024-12-14,2024-12-14 10:50:00
O001590,Harbor Labs Ltd - Collaboration Tools,A0435,S011,Collaboration Tools,Event,Closed Lost,0.0,5500.0,USD,2025-03-04,2025-07-07,2025-06-07,2025-06-07 09:27:00
O002268,Falcon Pharma GmbH - Analytics Platform,A0277,S015,Analytics Platform,Partner,Closed Lost,0.0,28500.0,USD,2024-01-17,2024-05-04,2024-05-09,2024-05-09 09:12:00
O000642,Coral Energy Group - Cloud Suite,A0400,S013,Cloud Suite,Event,Closed Lost,0.0,50000.0,USD,2023-04-13,2023-07-22,2023-07-03,2023-07-03 11:12:00
O000002,Granite Capital LLC - Analytics Platform,A0212,S038,Analytics Platform,Event,Closed Lost,0.0,41700.0,USD,2024-09-11,2024-11-30,2024-11-09,2024-11-09 14:56:00
O002161,Nova Labs Ltd - Cloud Suite,A0207,S025,Cloud Suite,Referral,Negotiation,0.75,,USD,2025-05-02,2025-07-10,,2025-06-27 18:22:00
O000699,Zenith Studios LLC - Analytics Platform,A0448,S038,Analytics Platform,Inbound,Closed Lost,0.0,28400.0,USD,2024-07-12,2024-11-08,2024-07-26,2024-07-26 09:33:00
O001637,Sahara Clinics Ltd - Security Bundle,A0203,S009,Security Bundle,Referral,Closed Lost,0.0,40100.0,USD,2024-01-02,2024-03-17,2024-03-09,2024-03-09 18:53:00
O001292,Prime Industries Group - Support Plan,A0171,S040,Support Plan,Outbound,Closed Won,1.0,6900.0,USD,2023-04-27,2023-06-19,2023-07-22,2023-07-22 12:52:00
O002899,Nile Energy Ltd - Cloud Suite,A0037,S007,Cloud Suite,Event,Closed Lost,0.0,29400.0,USD,2023-04-01,2023-05-21,2023-04-20,2023-04-20 18:35:00
O002490,Pioneer Learning Holdings - Cloud Suite,A0314,S005,Cloud Suite,Partner,Negotiation,0.75,33900.0,USD,2025-03-05,2025-04-30,,2025-06-29 10:55:00
O001521,Pioneer Clinics Co. - Analytics Platform,A0125,S031,Analytics Platform,Outbound,Closed Lost,0.0,18000.0,USD,2023-07-27,2023-09-25,2023-08-05,2023-08-05 09:23:00
O001854,Pioneer Studios Group - Cloud Suite,A0334,S019,Cloud Suite,Partner,Closed Lost,0.0,15700.0,USD,2023-04-06,2023-07-28,2023-05-03,2023-05-03 10:20:00
O001137,Coral Textiles S.A. - Analytics Platform,A0184,S001,Analytics Platform,Outbound,Closed Lost,0.0,39200.0,USD,2025-01-31,2025-04-21,2025-03-23,2025-03-23 13:15:00
O002941,Vertex Health GmbH - Collaboration Tools,A0316,S028,Collaboration Tools,Referral,Closed Lost,0.0,18300.0,USD,2024-04-03,2024-06-16,2024-04-26,2024-04-26 11:21:00
O001632,Nile Energy Inc. - Analytics Platform,A0205,S007,Analytics Platform,Partner,Closed Lost,0.0,21900.0,USD,2024-05-09,2024-08-06,2024-06-08,2024-06-08 11:48:00
O001999,Delta Industries Group - Support Plan,A0227,S032,Support Plan,Outbound,Closed Won,1.0,3800.0,USD,2023-08-22,2023-12-12,2023-10-26,2023-10-26 16:25:00
O000664,Orbit Foods GmbH - Support Plan,A0310,S035,Support Plan,Inbound,Closed Won,1.0,4700.0,USD,2025-02-11,2025-04-10,2025-03-26,2025-03-26 10:00:00
O000684,Orbit Logistics S.A. - Analytics Platform,A0034,S015,Analytics Platform,Inbound,Negotiation,0.75,46200.0,USD,2025-02-20,2025-06-28,,2025-06-26 10:37:00
O001258,Nile Industries Ltd - Security Bundle,A0257,S010,Security Bundle,Partner,Closed Won,1.0,7000.0,USD,2024-11-10,2025-01-01,2025-01-10,2025-01-10 17:24:00
O000318,Harbor Pharma Ltd - Security Bundle,A0208,S028,Security Bundle,Partner,Closed Lost,0.0,15400.0,USD,2024-04-04,2024-07-18,2024-06-15,2024-06-15 09:36:00
O000649,Zenith Labs Holdings - Analytics Platform,A0223,S037,Analytics Platform,Partner,Closed Won,1.0,14400.0,USD,2025-03-02,2025-06-01,2025-05-25,2025-05-25 14:26:00
O001435,Coral Capital GmbH - Cloud Suite,A0220,S002,Cloud Suite,Inbound,Closed Lost,0.0,63000.0,USD,2024-07-13,2024-09-11,2024-08-19,2024-08-19 11:27:00
O001480,Prime Energy Inc. - Collaboration Tools,A0159,S015,Collaboration Tools,Outbound,Closed Lost,0.0,15000.0,USD,2025-03-20,2025-06-19,2025-05-17,2025-05-17 16:57:00
O000710,Sahara Studios Co. - Cloud Suite,A0475,S005,Cloud Suite,Outbound,Closed Won,1.0,90300.0,USD,2024-03-04,2024-05-22,2024-05-04,2024-05-04 09:51:00
O001283,Blue Consulting LLC - Security Bundle,A0312,S005,Security Bundle,Outbound,Closed Won,1.0,19700.0,USD,2023-04-13,2023-06-02,2023-06-30,2023-06-30 16:19:00
O001769,Prime Motors Co. - Security Bundle,A0146,S001,Security Bundle,Outbound,Negotiation,0.75,24600.0,USD,2025-05-17,2025-07-13,,2025-06-25 17:00:00
O000973,Lumen Retail Co. 449 - Security Bundle,A0450,S036,Security Bundle,Partner,Closed Lost,0.0,12600.0,USD,2024-11-16,2025-03-20,2024-12-07,2024-12-07 12:29:00
O002676,Atlas Hotels Ltd - Cloud Suite,A0219,S031,Cloud Suite,Referral,Closed Lost,0.0,9300.0,USD,2023-08-18,2023-11-02,2023-09-21,2023-09-21 15:11:00
O002681,Summit Industries Co. - Cloud Suite,A0131,S039,Cloud Suite,Inbound,Closed Lost,0.0,16000.0,USD,2024-05-11,2024-09-12,2024-07-09,2024-07-09 15:54:00
O001307,Orbit Clinics Ltd - Support Plan,A0175,S033,Support Plan,Outbound,Closed Lost,0.0,12500.0,USD,2025-02-24,2025-05-27,2025-05-08,2025-05-08 14:32:00
O001401,Coral Logistics GmbH - Support Plan,A0365,S004,Support Plan,Partner,Prospecting,0.1,7400.0,USD,2025-06-18,2025-09-25,,2025-06-30 08:20:00
O001409,Orbit Health GmbH - Security Bundle,A0192,S017,Security Bundle,Outbound,Closed Lost,0.0,11900.0,USD,2024-08-25,2024-12-28,2024-11-20,2024-11-20 17:31:00
O002238,Sahara Systems Holdings - Cloud Suite,A0419,S005,Cloud Suite,Outbound,Closed Lost,0.0,50200.0,USD,2023-06-04,2023-08-23,2023-09-07,2023-09-07 10:25:00
O001497,Sahara Labs Ltd - Collaboration Tools,A0147,S006,Collaboration Tools,Referral,Negotiation,0.75,3500.0,USD,2025-05-09,2025-07-04,,2025-06-25 14:28:00
O002039,Vertex Systems Group - Analytics Platform,A0102,S023,Analytics Platform,Outbound,Closed Won,1.0,21400.0,USD,2023-02-15,2023-04-20,2023-04-08,2023-04-08 08:58:00
O001530,Vertex Hotels Ltd - Security Bundle,A0273,S016,Security Bundle,Inbound,Closed Lost,0.0,25800.0,USD,2025-03-23,2025-05-28,2025-06-06,2025-06-06 17:32:00
O001664,Silver Pharma Inc. - Analytics Platform,A0333,S015,Analytics Platform,Inbound,Closed Lost,0.0,23400.0,USD,2024-08-12,2024-12-16,2024-11-22,2024-11-22 17:08:00
O001355,Summit Consulting LLC - Analytics Platform,A0196,S018,Analytics Platform,Partner,Closed Lost,0.0,10300.0,USD,2025-03-13,2025-05-17,2025-03-21,2025-03-21 16:54:00
O002967,Nova Logistics LLC - Collaboration Tools,A0457,S030,Collaboration Tools,Partner,Closed Lost,0.0,8700.0,USD,2025-01-02,2025-04-28,2025-03-30,2025-03-30 09:39:00
O002987,North Freight LLC - Collaboration Tools,A0016,S024,Collaboration Tools,Inbound,Closed Lost,0.0,23300.0,USD,2024-09-04,2025-01-04,2025-01-14,2025-01-14 10:08:00
O001644,Lumen Markets S.A. - Analytics Platform,A0254,S027,Analytics Platform,Referral,Closed Won,1.0,16100.0,USD,2025-04-11,2025-06-09,2025-05-01,2025-05-01 09:43:00
O001052,Blue Hotels Ltd - Cloud Suite,A0216,S024,Cloud Suite,Referral,Closed Lost,0.0,62200.0,USD,2024-07-28,2024-09-18,2024-08-29,2024-08-29 13:14:00
O000796,Summit Retail GmbH - Collaboration Tools,A0361,S021,Collaboration Tools,Outbound,Closed Lost,0.0,17200.0,USD,2024-07-29,2024-10-30,2024-10-10,2024-10-10 18:37:00
O002694,Silver Pharma Inc. - Cloud Suite,A0333,S015,Cloud Suite,Partner,Closed Won,1.0,45200.0,USD,2024-03-18,2024-06-25,2024-05-10,2024-05-10 09:16:00
O001598,North Retail S.A. - Collaboration Tools,A0343,S016,Collaboration Tools,Inbound,Closed Lost,0.0,8100.0,USD,2024-06-30,2024-08-14,2024-09-30,2024-09-30 15:59:00
O002605,Pioneer Learning LLC - Collaboration Tools,A0197,S040,Collaboration Tools,Partner,Closed Lost,0.0,10300.0,USD,2024-09-12,2024-12-04,2024-11-22,2024-11-22 17:42:00
O002730,Delta Markets LLC - Analytics Platform,A0465,S017,Analytics Platform,Partner,Closed Won,1.0,11000.0,USD,2024-02-06,2024-06-13,2024-02-17,2024-02-17 14:39:00
O002626,Sahara Textiles LLC - Cloud Suite,A0168,S034,Cloud Suite,Inbound,Closed Lost,0.0,32200.0,USD,2023-09-13,2023-12-21,2023-10-03,2023-10-03 14:04:00
O001820,Cedar Clinics Ltd - Cloud Suite,A0250,S015,Cloud Suite,Event,Negotiation,0.75,25600.0,USD,2025-03-28,2025-05-27,,2025-06-25 16:19:00
O001723,Zenith Hotels LLC - Analytics Platform,A0038,S003,Analytics Platform,Inbound,Closed Lost,0.0,20900.0,USD,2023-07-20,2023-11-16,2023-08-30,2023-08-30 14:45:00
O001184,Atlas Health Inc. - Cloud Suite,A0425,S002,Cloud Suite,Inbound,Closed Lost,0.0,25200.0,USD,2024-02-17,2024-06-14,2024-04-07,2024-04-07 13:37:00
O002573,Delta Markets LLC - Security Bundle,A0465,S017,Security Bundle,Inbound,Closed Won,1.0,28800.0,USD,2025-02-17,2025-04-30,2025-04-01,2025-04-01 12:15:00
O001060,Nova Systems Inc. - Cloud Suite,A0043,S009,Cloud Suite,Partner,Closed Lost,0.0,35000.0,USD,2024-12-02,2025-03-28,2025-04-01,2025-04-01 13:43:00
O000541,Coral Logistics GmbH - Support Plan,A0365,S004,Support Plan,Outbound,Closed Won,1.0,5200.0,USD,2023-04-17,2023-06-03,2023-06-06,2023-06-06 16:47:00
O001679,Falcon Industries Holdings - Security Bundle,A0093,S024,Security Bundle,Outbound,Negotiation,0.75,18600.0,usd,2025-05-06,2025-07-18,,2025-06-25 14:09:00
O002797,Nova Industries GmbH - Cloud Suite,A0145,S032,Cloud Suite,Partner,Closed Lost,0.0,22300.0,USD,2023-01-09,2023-03-26,2023-05-07,2023-05-07 09:36:00
O002931,Vertex Studios Holdings - Cloud Suite,A0089,S037,Cloud Suite,Inbound,Prospecting,0.1,,USD,2025-06-10,2025-09-28,,2025-06-26 10:03:00
O002533,Cedar Capital Holdings - Cloud Suite,A0177,S020,Cloud Suite,Partner,Closed Won,1.0,12400.0,USD,2025-02-21,2025-04-22,2025-05-22,2025-05-22 13:41:00
O001758,Nova Clinics GmbH 317 - Support Plan,A0318,S027,Support Plan,Event,Closed Lost,0.0,5200.0,USD,2024-09-14,2024-11-13,2024-10-04,2024-10-04 11:50:00
O001924,Granite Motors S.A. - Cloud Suite,A0119,S004,Cloud Suite,Inbound,Closed Lost,0.0,26100.0,USD,2024-08-15,2024-10-17,2024-09-17,2024-09-17 11:01:00
O000096,Pioneer Pharma GmbH - Analytics Platform,A0190,S006,Analytics Platform,Inbound,Closed Lost,0.0,72700.0,USD,2024-07-14,2024-10-18,2024-08-19,2024-08-19 16:28:00
O001021,Blue Media Group - Collaboration Tools,A0337,S027,Collaboration Tools,Outbound,Closed Lost,0.0,15300.0,USD,2023-04-13,2023-06-11,2023-06-18,2023-06-18 08:05:00
O000564,Blue Systems Ltd - Cloud Suite,A0404,S002,Cloud Suite,Outbound,Closed Lost,0.0,20900.0,USD,2024-05-11,2024-07-21,2024-06-23,2024-06-23 16:06:00
O002791,Harbor Retail Holdings - Cloud Suite,A0331,S019,Cloud Suite,Referral,Closed Lost,0.0,16300.0,USD,2024-04-10,2024-08-13,2024-06-13,2024-06-13 10:08:00
O000864,Coral Foods Ltd 306 - Cloud Suite,A0307,S022,Cloud Suite,Outbound,Qualification,0.25,12800.0,USD,2025-05-22,2025-09-19,,2025-06-25 12:37:00
O001485,Prime Systems S.A. - Analytics Platform,A0320,S011,Analytics Platform,Outbound,Closed Lost,0.0,21000.0,USD,2023-11-10,2023-12-27,2023-12-21,2023-12-21 14:04:00
O001882,Coral Health Co. - Cloud Suite,A0315,S005,Cloud Suite,Partner,Closed Lost,0.0,26300.0,USD,2023-09-12,2023-11-16,2024-02-07,2024-02-07 10:18:00
O001039,Pioneer Pharma Inc. - Support Plan,A0376,S040,Support Plan,Inbound,Closed Lost,0.0,6300.0,USD,2023-12-30,2024-02-26,2024-01-16,2024-01-16 16:51:00
O000207,Pioneer Media Ltd - Cloud Suite,A0076,S026,Cloud Suite,Outbound,Closed Lost,0.0,11500.0,USD,2025-02-16,2025-06-15,2025-04-11,2025-04-11 08:51:00
O000393,Nile Freight GmbH - Collaboration Tools,A0458,S040,Collaboration Tools,Event,Closed Lost,0.0,15000.0,USD,2024-10-25,2025-01-28,2025-01-26,2025-01-26 14:29:00
O002843,Pioneer Learning Inc. - Cloud Suite,A0344,S014,Cloud Suite,Inbound,Closed Lost,0.0,29100.0,USD,2025-02-18,2025-04-09,2025-06-27,2025-06-27 18:20:00
O000871,Silver Markets Inc. - Security Bundle,A0272,S011,Security Bundle,Referral,Closed Won,1.0,21600.0,USD,2024-05-18,2024-07-17,2024-06-12,2024-06-12 11:54:00
O000398,Zenith Hotels Co. - Support Plan,A0247,S018,Support Plan,Outbound,Closed Won,1.0,3800.0,USD,2023-05-04,17/08/2023,2023-08-03,2023-08-03 11:32:00
O002815,Atlas Foods GmbH - Security Bundle,A0187,S019,Security Bundle,Inbound,Closed Lost,0.0,9000.0,USD,2023-11-26,2024-03-19,2024-01-10,2024-01-10 08:11:00
O002925,Zenith Studios LLC - Collaboration Tools,A0448,S038,Collaboration Tools,Outbound,Closed Lost,0.0,18200.0,USD,2024-11-04,2025-01-21,2025-03-30,2025-03-30 10:01:00
O001029,Falcon Energy Co. - Cloud Suite,A0230,S008,Cloud Suite,Inbound,Closed Lost,0.0,8100.0,USD,2025-03-19,2025-06-12,2025-04-28,2025-04-28 13:16:00
O002691,Granite Retail Inc. - Cloud Suite,A0166,S037,Cloud Suite,Referral,Closed Lost,0.0,37600.0,USD,2024-11-15,2025-02-25,2024-12-15,2024-12-15 11:26:00
O001486,Granite Motors S.A. - Analytics Platform,A0119,S004,Analytics Platform,Inbound,Closed Won,1.0,38200.0,USD,2025-02-28,2025-04-18,2025-03-21,2025-03-21 14:40:00
O002661,Silver Media S.A. - Analytics Platform,A0398,S025,Analytics Platform,Inbound,Prospecting,0.1,131800.0,USD,2025-06-10,2025-10-16,,2025-06-26 10:30:00
O000961,Harbor Clinics LLC - Analytics Platform,A0462,S009,Analytics Platform,Outbound,Closed Lost,0.0,51000.0,USD,2024-09-23,2025-01-29,2024-11-01,2024-11-01 08:26:00
O001571,Zenith Hotels LLC 244 - Collaboration Tools,A0245,S007,Collaboration Tools,Inbound,Closed Lost,0.0,11600.0,USD,2024-12-13,2025-04-08,2024-12-30,2024-12-30 14:59:00
O002774,Summit Retail GmbH - Analytics Platform,A0361,S021,Analytics Platform,Partner,Closed Lost,0.0,32200.0,USD,2024-03-09,2024-07-12,2024-04-14,2024-04-14 08:08:00
O001896,Vertex Health GmbH - Security Bundle,A0316,S034,Security Bundle,Referral,Qualification,0.25,,USD,2025-05-21,2025-08-27,,2025-06-30 12:27:00
O002732,Nova Freight Ltd - Support Plan,A0298,S022,Support Plan,Outbound,Closed Lost,0.0,10800.0,USD,2025-03-11,2025-04-26,2025-04-10,2025-04-10 15:46:00
O002147,Falcon Foods Group - Analytics Platform,A0106,S019,Analytics Platform,Partner,Closed Won,1.0,19000.0,USD,2024-08-29,2025-01-04,2024-10-05,2024-10-05 12:04:00
O000805,Orbit Health S.A. - Security Bundle,A0124,S013,Security Bundle,Partner,Proposal,0.5,40300.0,USD,2025-05-12,2025-07-21,,2025-06-29 13:21:00
O001752,Sahara Labs Ltd - Analytics Platform,A0147,S019,Analytics Platform,Event,Closed Lost,0.0,9300.0,USD,2024-05-30,2024-09-22,2024-07-21,2024-07-21 11:23:00
O002455,Sahara Textiles LLC - Collaboration Tools,A0168,S034,Collaboration Tools,Partner,Closed Won,1.0,16500.0,USD,2025-02-25,2025-04-12,2025-04-16,2025-04-16 17:25:00
O000503,Nile Capital Co. 67 - Analytics Platform,A0068,S036,Analytics Platform,Partner,Closed Won,1.0,26800.0,USD,2025-04-12,2025-06-30,2025-05-23,2025-05-23 18:21:00
O000780,Prime Retail GmbH - Support Plan,A0261,S023,Support Plan,Partner,Prospecting,0.1,9600.0,USD,2025-06-13,2025-08-24,,2025-06-30 16:17:00
O001864,Sahara Textiles Ltd - Security Bundle,A0138,S005,Security Bundle,Partner,Closed Lost,0.0,24700.0,USD,2025-04-23,2025-06-25,2025-05-20,2025-05-20 09:58:00
O000201,Pioneer Industries LLC - Analytics Platform,A0373,S032,Analytics Platform,Event,Closed Lost,0.0,26100.0,USD,2024-12-20,2025-03-26,2025-02-10,2025-02-10 12:24:00
O002183,Atlas Capital Inc. - Collaboration Tools,A0218,S010,Collaboration Tools,Partner,Qualification,0.25,6900.0,USD,2025-05-03,2025-09-05,,2025-06-27 14:29:00
O002089,Granite Motors S.A. - Cloud Suite,A0119,S004,Cloud Suite,Outbound,Closed Lost,0.0,9200.0,USD,2023-04-02,2023-06-22,2023-06-25,2023-06-25 15:30:00
O002279,Granite Motors GmbH - Security Bundle,A0091,S005,Security Bundle,Referral,Closed Lost,0.0,22900.0,USD,2024-09-19,2024-12-20,2024-12-08,2024-12-08 11:27:00
O001797,Prime Learning GmbH - Cloud Suite,A0321,S016,Cloud Suite,Event,Closed Won,1.0,29400.0,USD,2025-04-01,2025-07-13,2025-06-08,2025-06-08 09:47:00
O000379,Nova Retail GmbH - Support Plan,A0092,S025,Support Plan,Inbound,Closed Lost,0.0,4800.0,USD,2023-03-26,2023-06-02,2023-07-19,2023-07-19 13:49:00
O002337,Atlas Motors Inc. - Security Bundle,A0040,S011,Security Bundle,Outbound,Closed Lost,0.0,27300.0,USD,2023-10-25,2024-01-24,2023-12-11,2023-12-11 15:40:00
O000419,Silver Systems Co. - Support Plan,A0342,S018,Support Plan,Outbound,Closed Lost,0.0,4900.0,USD,2024-06-16,2024-10-12,2024-07-04,2024-07-04 13:34:00
O001699,Falcon Capital Holdings - Security Bundle,A0008,S005,Security Bundle,Outbound,Closed Lost,0.0,18900.0,USD,2025-04-22,2025-06-25,2025-06-27,2025-06-27 14:30:00
O000392,North Labs S.A. - Security Bundle,A0053,S033,Security Bundle,Partner,Closed Lost,0.0,15800.0,USD,2025-04-23,2025-06-25,2025-06-21,2025-06-21 13:52:00
O002641,Zenith Industries GmbH - Cloud Suite,A0498,S009,Cloud Suite,Inbound,Proposal,0.5,24100.0,USD,2025-05-12,2025-07-27,,2025-06-25 16:30:00
O001523,Nile Health GmbH - Analytics Platform,A0015,S020,Analytics Platform,Inbound,Prospecting,0.1,45400.0,USD,2025-06-13,2025-09-26,,2025-06-26 18:53:00
O001163,Nova Learning GmbH - Cloud Suite,A0414,S032,Cloud Suite,Outbound,Closed Lost,0.0,22100.0,usd,2025-04-23,2025-06-28,2025-06-13,2025-06-13 12:04:00
O001496,Harbor Retail S.A. - Analytics Platform,A0066,S016,Analytics Platform,Referral,Qualification,0.25,26900.0,USD,2025-05-18,2025-09-05,,2025-06-27 12:24:00
O002696,Summit Freight Inc. - Support Plan,A0415,S022,Support Plan,Inbound,Closed Won,1.0,6100.0,USD,2024-05-13,2024-08-27,2024-07-05,2024-07-05 14:56:00
O002028,Summit Capital Co. - Collaboration Tools,A0022,S029,Collaboration Tools,Partner,Closed Lost,0.0,7700.0,USD,2023-08-08,2023-12-13,2023-10-25,2023-10-25 17:22:00
O001153,Falcon Foods Group - Cloud Suite,A0106,S019,Cloud Suite,Outbound,Closed Lost,0.0,16600.0,USD,2024-03-13,2024-05-22,2024-06-16,2024-06-16 18:39:00
O001368,Harbor Retail Holdings - Collaboration Tools,A0331,S019,Collaboration Tools,Event,CLOSED LOST,0.0,4100.0,USD,2025-04-26,2025-08-13,2025-05-07,2025-05-07 14:41:00
O002569,Nova Media LLC - Security Bundle,A0493,S026,Security Bundle,Partner,Prospecting,0.1,14200.0,USD,2025-06-22,2025-10-16,,2025-06-29 15:05:00
O000065,Coral Foods Ltd - Cloud Suite,A0213,S005,Cloud Suite,Referral,Closed Lost,0.0,14200.0,USD,2024-04-19,2024-08-04,2024-07-25,2024-07-25 12:09:00
O002063,Zenith Motors Inc. - Analytics Platform,A0268,S017,Analytics Platform,Referral,Closed Lost,0.0,51800.0,USD,2023-06-18,2023-09-28,2023-08-17,2023-08-17 15:42:00
O001181,Orbit Studios LLC - Support Plan,A0332,S017,Support Plan,Inbound,Prospecting,0.1,4100.0,usd,2025-06-07,2025-10-10,,2025-06-30 13:45:00
O000493,Blue Systems Ltd - Cloud Suite,A0404,S002,Cloud Suite,Inbound,Closed Lost,0.0,34200.0,USD,2023-10-26,2024-01-28,2024-02-02,2024-02-02 11:54:00
O000380,Delta Labs LLC - Analytics Platform,A0363,S008,Analytics Platform,Event,Closed Lost,0.0,27400.0,USD,2024-07-21,2024-11-27,2024-09-29,2024-09-29 12:53:00
O002236,Blue Logistics S.A. - Support Plan,A0255,S010,Support Plan,Inbound,Closed Lost,0.0,9800.0,USD,2025-03-08,2025-06-26,2025-04-09,2025-04-09 11:21:00
O000764,Nile Industries Ltd - Collaboration Tools,A0257,S010,Collaboration Tools,Outbound,Closed Lost,0.0,9400.0,USD,2023-05-21,2023-08-21,2023-07-20,2023-07-20 10:10:00
O002265,Atlas Capital Co. - Cloud Suite,A0130,S002,Cloud Suite,Partner,Closed Lost,0.0,23200.0,USD,2023-03-17,2023-06-17,2023-05-16,2023-05-16 12:45:00
O000792,Zenith Hotels Ltd - Collaboration Tools,A0152,S038,Collaboration Tools,Referral,Closed Lost,0.0,11700.0,USD,2023-01-28,2023-05-08,2023-05-10,2023-05-10 14:52:00
O001077,Blue Health S.A. - Collaboration Tools,A0497,S034,Collaboration Tools,Outbound,Proposal,0.5,19600.0,USD,2025-04-29,2025-08-09,,2025-06-30 11:38:00
O000879,Prime Freight Holdings - Cloud Suite,A0481,S008,Cloud Suite,Inbound,Closed Lost,0.0,16200.0,USD,2024-03-07,2024-05-30,2024-04-02,2024-04-02 10:39:00
O000338,Nile Consulting Co. - Analytics Platform,A0104,S020,Analytics Platform,Inbound,Closed Won,1.0,32700.0,USD,2024-04-09,2024-06-08,2024-07-04,2024-07-04 08:39:00
O002768,Granite Pharma Holdings - Security Bundle,A0326,S031,Security Bundle,Inbound,Closed Won,1.0,29800.0,USD,2023-05-20,2023-08-22,2023-07-07,2023-07-07 17:25:00
O002344,Summit Logistics Inc. - Cloud Suite,A0063,S004,Cloud Suite,Outbound,Closed Lost,0.0,28400.0,USD,2025-03-24,2025-05-20,2025-03-31,2025-03-31 08:11:00
O001017,Harbor Markets Ltd - Collaboration Tools,A0046,S005,Collaboration Tools,Event,Closed Lost,0.0,9700.0,usd,2023-06-09,2023-10-01,2023-08-05,2023-08-05 17:59:00
O001276,Harbor Pharma LLC - Collaboration Tools,A0098,S028,Collaboration Tools,Partner,Closed Lost,0.0,5500.0,USD,2023-02-28,2023-07-07,2023-05-12,2023-05-12 09:36:00
O000456,Sahara Logistics Group - Analytics Platform,A0488,S040,Analytics Platform,Referral,Closed Lost,0.0,22000.0,USD,2024-05-20,2024-07-27,2024-06-09,2024-06-09 09:24:00
O000816,Pioneer Learning Ltd - Analytics Platform,A0079,S023,Analytics Platform,Outbound,Closed Lost,0.0,12400.0,USD,2024-07-23,2024-10-14,2024-09-25,2024-09-25 11:01:00
O002318,Coral Energy Holdings - Support Plan,A0139,S002,Support Plan,Outbound,Closed Won,1.0,13300.0,USD,2024-07-13,2024-11-10,2025-01-14,2025-01-14 15:35:00
O000996,Nova Industries GmbH - Security Bundle,A0145,S032,Security Bundle,Inbound,Closed Lost,0.0,16700.0,USD,2025-04-29,2025-07-24,2025-06-12,2025-06-12 08:22:00
O001982,Vertex Textiles Ltd - Analytics Platform,A0112,S038,Analytics Platform,Event,CLOSED WON,1.0,42700.0,USD,2025-02-18,2025-06-18,2025-05-17,2025-05-17 18:35:00
O000202,Nova Energy Ltd - Cloud Suite,A0383,S040,Cloud Suite,Outbound,Closed Won,1.0,34000.0,USD,2023-07-08,2023-11-08,2023-09-18,2023-09-18 10:52:00
O000162,Sahara Foods Co. - Security Bundle,A0324,S017,Security Bundle,Partner,Prospecting,0.1,17800.0,USD,2025-06-22,2025-09-26,,2025-06-29 15:25:00
O001580,Atlas Energy Co. - Security Bundle,A0155,S004,Security Bundle,Event,Negotiation,0.75,3900.0,USD,2025-04-16,2025-06-23,,2025-06-26 16:31:00
O002778,Summit Freight Inc. - Cloud Suite,A0415,S022,Cloud Suite,Inbound,closed lost,0.0,16800.0,USD,2024-05-04,2024-07-12,2024-06-12,2024-06-12 13:41:00
O002450,Silver Industries Group - Collaboration Tools,A0225,S001,Collaboration Tools,Event,Closed  Won,1.0,6000.0,USD,2025-03-22,2025-07-20,2025-04-11,2025-04-11 09:51:00
O000703,Silver Systems Co. - Analytics Platform,A0342,S018,Analytics Platform,Inbound,Closed Won,1.0,18600.0,USD,2024-11-05,2025-02-26,2024-12-21,2024-12-21 16:12:00
O001501,Harbor Clinics Co. - Security Bundle,A0009,S031,Security Bundle,Partner,Closed Lost,0.0,35300.0,USD,2025-02-14,2025-06-05,2025-03-03,2025-03-03 12:09:00
O001130,Nile Media Ltd - Analytics Platform,A0374,S037,Analytics Platform,Inbound,Closed Lost,0.0,25800.0,USD,2023-11-03,2024-02-18,2023-12-01,2023-12-01 16:01:00
O002614,Vertex Hotels GmbH - Analytics Platform,A0121,S028,Analytics Platform,Inbound,Closed Lost,0.0,10800.0,USD,2023-01-03,2023-03-29,2023-03-04,2023-03-04 18:40:00
O001022,Harbor Textiles S.A. - Collaboration Tools,A0228,S009,Collaboration Tools,Partner,Closed Won,1.0,19400.0,USD,2023-11-14,2024-03-05,2024-06-14,2024-06-14 17:55:00
O001586,Nova Learning Inc. - Security Bundle,A0293,S040,Security Bundle,Event,Closed Lost,0.0,22400.0,USD,2023-12-09,2024-02-02,2024-01-03,2024-01-03 16:08:00
O001956,North Freight LLC - Security Bundle,A0016,S024,Security Bundle,Outbound,Negotiation,0.75,64400.0,USD,2025-03-14,2025-06-27,,2025-06-25 13:31:00
O002254,Cedar Studios S.A. 383 - Collaboration Tools,A0384,S024,Collaboration Tools,Partner,Proposal,0.5,27900.0,USD,2025-05-20,2025-07-27,,2025-06-27 10:47:00
O000035,Nile Energy Inc. - Security Bundle,A0205,S007,Security Bundle,Outbound,Closed Lost,0.0,9400.0,USD,2025-03-22,2025-05-27,2025-06-02,2025-06-02 13:32:00
O000776,North Freight Ltd - Security Bundle,A0449,S040,Security Bundle,Outbound,Closed Lost,0.0,28500.0,USD,2024-06-27,2024-09-04,2024-11-15,2024-11-15 15:15:00
O002557,Harbor Retail GmbH - Analytics Platform,A0071,S013,Analytics Platform,Outbound,Closed Lost,0.0,50800.0,USD,2024-07-28,2024-11-28,2024-08-29,2024-08-29 16:29:00
O001479,Coral Clinics Inc. - Analytics Platform,A0081,S021,Analytics Platform,Outbound,Closed Lost,0.0,67500.0,USD,2024-01-08,2024-04-29,2024-03-18,2024-03-18 13:51:00
O001391,Pioneer Pharma Holdings - Cloud Suite,A0013,S022,Cloud Suite,Outbound,Closed Lost,0.0,33900.0,usd,2023-01-03,2023-04-07,2023-03-19,2023-03-19 11:13:00
O002140,Summit Markets Inc. - Security Bundle,A0085,S004,Security Bundle,Inbound,Closed Lost,0.0,32000.0,USD,2025-05-18,2025-07-03,2025-06-10,2025-06-10 13:07:00
O001364,Delta Logistics LLC - Cloud Suite,A0018,S009,Cloud Suite,Outbound,Closed Lost,0.0,24900.0,USD,2024-05-14,2024-07-29,2024-06-19,2024-06-19 18:53:00
O002946,Granite Industries Holdings 369 - Security Bundle,A0370,S021,Security Bundle,Outbound,Closed Lost,0.0,15400.0,USD,2024-09-07,2024-11-12,2024-10-10,2024-10-10 10:59:00
O002613,Coral Textiles S.A. 322 - Cloud Suite,A0323,S010,Cloud Suite,Inbound,Proposal,0.5,17000.0,USD,2025-05-26,2025-07-31,,2025-06-25 13:37:00
O002825,Cedar Hotels S.A. - Support Plan,A0369,S008,Support Plan,Inbound,Closed Lost,0.0,5200.0,USD,2025-03-24,2025-07-31,2025-05-25,2025-05-25 11:25:00
O002042,Delta Freight LLC - Security Bundle,A0266,S005,Security Bundle,Event,Negotiation,0.75,32000.0,USD,2025-04-07,2025-07-28,,2025-06-30 14:53:00
O000242,Nova Learning GmbH - Analytics Platform,A0414,S032,Analytics Platform,Event,Closed Lost,0.0,14800.0,USD,2025-04-18,2025-07-25,2025-06-25,2025-06-25 15:03:00
O002062,Atlas Learning LLC - Cloud Suite,A0420,S016,Cloud Suite,Inbound,Closed Won,1.0,28300.0,USD,2023-08-08,2023-11-30,2024-03-26,2024-03-26 17:36:00
O002364,Sahara Systems Holdings - Collaboration Tools,A0419,S005,Collaboration Tools,Inbound,Closed Lost,0.0,16400.0,USD,2025-04-11,2025-06-18,2025-05-19,2025-05-19 10:18:00
O000601,Atlas Capital Co. - Cloud Suite,A0130,S002,Cloud Suite,Outbound,Closed Lost,0.0,43400.0,USD,2025-03-11,2025-05-25,2025-04-17,2025-04-17 12:20:00
O002436,Nile Energy Ltd - Analytics Platform,A0037,S007,Analytics Platform,Partner,Closed Won,1.0,23900.0,USD,2024-01-06,2024-05-02,2024-06-28,2024-06-28 12:06:00
O001298,Silver Energy S.A. - Security Bundle,A0111,S026,Security Bundle,Inbound,Proposal,0.5,30100.0,USD,2025-05-12,2025-07-29,,2025-06-26 10:49:00
O002215,Cedar Health GmbH - Collaboration Tools,A0304,S039,Collaboration Tools,Outbound,Prospecting,0.1,11900.0,USD,2025-06-24,2025-09-06,,2025-06-26 11:28:00
O002889,Coral Energy S.A. - Collaboration Tools,A0134,S011,Collaboration Tools,Partner,Closed Won,1.0,10000.0,USD,2025-02-24,2025-05-25,2025-03-16,2025-03-16 10:28:00
O002069,Harbor Capital LLC - Cloud Suite,A0164,S023,Cloud Suite,Inbound,Closed Won,1.0,21600.0,USD,2024-09-15,2024-12-14,2024-11-12,2024-11-12 15:34:00
O000647,Falcon Textiles Ltd - Support Plan,A0141,S032,Support Plan,Inbound,Qualification,0.25,5500.0,USD,2025-05-19,2025-09-21,,2025-06-30 18:55:00
O001529,North Labs LLC - Analytics Platform,A0107,S005,Analytics Platform,Event,Closed Lost,0.0,33700.0,USD,2025-01-26,2025-05-15,2025-05-13,2025-05-13 12:47:00
O002880,Orbit Learning Inc. - Cloud Suite,A0179,S012,Cloud Suite,Outbound,Closed Lost,0.0,22100.0,USD,2023-06-12,2023-10-10,2023-09-13,2023-09-13 14:30:00
O001268,Lumen Capital S.A. - Cloud Suite,A0055,S019,Cloud Suite,Outbound,Closed Lost,0.0,46700.0,USD,2023-06-12,2023-08-21,2023-07-16,2023-07-16 11:32:00
O001900,Granite Textiles Group 429 - Collaboration Tools,A0430,S033,Collaboration Tools,Partner,Closed Won,1.0,9700.0,USD,2023-04-05,2023-07-20,2023-05-18,2023-05-18 14:24:00
O000563,Cedar Markets GmbH - Security Bundle,A0064,S023,Security Bundle,Event,Closed Lost,0.0,12400.0,USD,2025-02-26,2025-06-18,2025-04-25,2025-04-25 18:18:00
O000409,North Textiles LLC - Analytics Platform,A0496,S016,Analytics Platform,Inbound,Prospecting,0.1,29500.0,USD,2025-06-26,2025-09-09,,2025-06-26 16:47:00
O002735,Granite Pharma Holdings - Security Bundle,A0326,S031,Security Bundle,Partner,Closed Won,1.0,9100.0,USD,2023-02-12,2023-05-10,2023-05-03,2023-05-03 15:17:00
O001118,Summit Freight Group - Support Plan,A0142,S035,Support Plan,Partner,Closed Lost,0.0,6900.0,USD,2023-10-01,2024-01-17,2023-10-20,2023-10-20 17:53:00
O000190,Harbor Clinics LLC - Collaboration Tools,A0462,S009,Collaboration Tools,Event,Closed Lost,0.0,9000.0,usd,2025-04-11,2025-08-16,2025-06-04,2025-06-04 13:00:00
O001807,North Pharma Group - Analytics Platform,A0340,S001,Analytics Platform,Partner,Closed Won,1.0,30600.0,USD,2025-02-06,2025-06-06,2025-03-21,2025-03-21 17:49:00
O000976,Summit Freight Inc. - Analytics Platform,A0415,S022,Analytics Platform,Inbound,Proposal,0.5,12800.0,USD,2025-05-17,2025-07-16,,2025-06-27 13:52:00
O002748,Summit Foods S.A. - Cloud Suite,A0443,S008,Cloud Suite,Outbound,Closed Lost,0.0,13800.0,USD,2025-03-31,2025-06-25,2025-05-31,2025-05-31 17:06:00
O002048,Silver Clinics S.A. - Collaboration Tools,A0099,S019,Collaboration Tools,Event,Closed Lost,0.0,6400.0,USD,2025-04-06,2025-05-23,2025-05-28,2025-05-28 18:50:00
O002559,Summit Motors Holdings - Security Bundle,A0237,S004,Security Bundle,Inbound,Closed Lost,0.0,14600.0,USD,2024-06-10,2024-09-06,2024-06-19,2024-06-19 17:54:00
O001083,Zenith Pharma Holdings - Cloud Suite,A0306,S011,Cloud Suite,Partner,Closed Lost,0.0,19900.0,USD,2025-03-13,2025-07-15,2025-05-26,2025-05-26 09:15:00
O000475,Pioneer Labs Inc. 481 - Collaboration Tools,A0482,S036,Collaboration Tools,Partner,Closed Lost,0.0,9700.0,USD,2023-01-18,2023-04-17,2023-04-05,2023-04-05 10:18:00
O002905,Prime Hotels LLC - Collaboration Tools,A0001,S040,Collaboration Tools,Inbound,Qualification,0.25,,USD,2025-06-05,2025-07-28,,2025-06-24 11:18:00
O000748,Pioneer Industries LLC - Analytics Platform,A0373,S032,Analytics Platform,Inbound,Closed Lost,0.0,19300.0,USD,2025-04-03,2025-08-08,2025-04-26,2025-04-26 10:21:00
O002301,Silver Energy LLC - Analytics Platform,A0020,S033,Analytics Platform,Partner,Closed Won,1.0,36400.0,USD,2023-08-20,2023-11-13,2023-11-26,2023-11-26 09:35:00
O000022,Orbit Learning Inc. - Cloud Suite,A0179,S012,Cloud Suite,Outbound,Closed Lost,0.0,12500.0,USD,2024-10-31,2025-02-24,2025-02-21,2025-02-21 08:48:00
O000460,Granite Motors GmbH - Cloud Suite,A0091,S005,Cloud Suite,Referral,Negotiation,0.75,18800.0,USD,2025-03-19,2025-05-18,,2025-06-26 09:08:00
O001185,Pioneer Industries LLC - Analytics Platform,A0373,S032,Analytics Platform,Partner,Negotiation,0.75,17200.0,USD,2025-04-12,2025-07-26,,2025-06-28 17:25:00
O002325,Granite Pharma Holdings - Analytics Platform,A0326,S031,Analytics Platform,Outbound,Closed Lost,0.0,23400.0,USD,2024-09-16,2024-12-07,2024-10-17,2024-10-17 09:02:00
O000956,North Textiles LLC - Cloud Suite,A0496,S005,Cloud Suite,Referral,Closed Won,1.0,61600.0,USD,2024-01-20,2024-05-26,2024-03-31,2024-03-31 08:05:00
O001216,Granite Retail Inc. - Cloud Suite,A0166,S037,Cloud Suite,Outbound,Closed Lost,0.0,30200.0,USD,2024-08-05,2024-12-11,2024-09-10,2024-09-10 13:51:00
O002434,Delta Markets LLC - Analytics Platform,A0465,S017,Analytics Platform,Inbound,Closed Won,1.0,10900.0,USD,2024-02-29,2024-06-02,2024-06-11,2024-06-11 08:21:00
O002854,North Pharma GmbH - Collaboration Tools,A0480,S021,Collaboration Tools,Outbound,Closed Lost,0.0,33300.0,USD,2024-01-09,2024-04-15,2024-02-09,2024-02-09 14:32:00
O001516,Harbor Labs Ltd - Security Bundle,A0435,S011,Security Bundle,Outbound,Closed Lost,0.0,30100.0,USD,2025-02-07,2025-04-06,2025-03-12,2025-03-12 13:31:00
O002392,Coral Retail Inc. - Collaboration Tools,A0012,S008,Collaboration Tools,Partner,Closed Lost,0.0,9900.0,USD,2024-04-01,2024-06-21,2024-05-08,2024-05-08 16:09:00
O000770,Summit Markets Inc. - Analytics Platform,A0085,S004,Analytics Platform,Outbound,Closed Lost,0.0,16800.0,USD,2024-10-06,2025-01-26,2024-12-25,2024-12-25 14:06:00
O001686,Prime Media GmbH - Analytics Platform,A0371,S027,Analytics Platform,Event,Closed Lost,0.0,24600.0,USD,2024-01-15,2024-03-22,2024-02-13,2024-02-13 18:57:00
O000131,Falcon Industries Holdings - Analytics Platform,A0093,S003,Analytics Platform,Inbound,Closed Lost,0.0,42000.0,USD,2024-11-12,2025-01-17,2025-01-14,2025-01-14 11:08:00
O002920,Coral Markets Co. - Cloud Suite,A0003,S027,Cloud Suite,Event,Closed Lost,0.0,15600.0,USD,2024-02-21,2024-05-18,2024-04-06,2024-04-06 09:48:00
O002136,Sahara Labs LLC - Collaboration Tools,A0302,S023,Collaboration Tools,Partner,Closed Lost,0.0,14300.0,USD,2023-06-22,2023-08-25,2023-07-15,2023-07-15 18:15:00
O001483,Summit Logistics Inc. - Support Plan,A0063,S004,Support Plan,Referral,Closed Lost,0.0,7000.0,USD,2024-10-12,2025-01-24,2024-11-09,2024-11-09 15:04:00
O000331,Falcon Capital Group - Analytics Platform,A0206,S012,Analytics Platform,Inbound,Negotiation,0.75,32400.0,USD,2025-04-14,2025-06-09,,2025-06-30 18:13:00
O001239,Delta Health S.A. - Security Bundle,A0077,S040,Security Bundle,Outbound,Closed Lost,0.0,23200.0,USD,2023-03-10,2023-06-02,2023-05-23,2023-05-23 16:46:00
O000467,Blue Studios GmbH - Analytics Platform,A0413,S022,Analytics Platform,Outbound,Closed Lost,0.0,32800.0,USD,2023-12-26,2024-03-15,2024-02-06,2024-02-06 13:30:00
O002170,Vertex Textiles Ltd - Cloud Suite,A0112,S038,Cloud Suite,Partner,Closed Won,1.0,50900.0,USD,2024-01-04,2024-04-01,2024-05-11,2024-05-11 08:06:00
O001639,Vertex Health S.A. - Security Bundle,A0090,S027,Security Bundle,Outbound,Closed Lost,0.0,22300.0,USD,2025-05-02,2025-07-22,2025-05-31,2025-05-31 15:20:00
O001096,Harbor Retail GmbH - Support Plan,A0071,S020,Support Plan,Partner,Closed Lost,0.0,7600.0,USD,2023-12-27,2024-05-02,2024-03-05,2024-03-05 09:57:00
O001131,Vertex Clinics Inc. - Analytics Platform,A0431,S008,Analytics Platform,Partner,Closed Lost,0.0,19600.0,USD,2025-02-11,2025-04-27,2025-03-08,2025-03-08 17:52:00
O001295,Sahara Studios Holdings - Collaboration Tools,A0086,S012,Collaboration Tools,Outbound,Closed Lost,0.0,17700.0,USD,2023-02-18,2023-05-01,2023-05-20,2023-05-20 10:32:00
O000861,Delta Systems Holdings - Cloud Suite,A0322,S032,Cloud Suite,Partner,Closed Lost,0.0,16900.0,USD,2023-11-22,2024-01-24,2024-01-24,2024-01-24 08:09:00
