history_id,opportunity_id,from_stage,to_stage,changed_at,changed_by_seller_id
H0000001,O000001,,Prospecting,2025-06-24 09:00:00,S011
H0000002,O000002,,Prospecting,2024-09-11 09:00:00,S038
H0000003,O000002,Prospecting,Qualification,2024-10-31 16:00:00,S038
H0000004,O000002,Qualification,Closed Lost,2024-11-09 10:00:00,S038
H0000005,O000003,,Prospecting,2025-05-07 09:00:00,S040
H0000006,O000003,Prospecting,Qualification,2025-05-11 12:00:00,S040
H0000007,O000003,Qualification,Proposal,2025-05-24 11:00:00,S040
H0000008,O000003,Proposal,Negotiation,2025-06-12 16:00:00,S040
H0000009,O000003,Negotiation,Closed Lost,2025-06-13 11:00:00,S040
H0000010,O000004,,Prospecting,2024-03-06 09:00:00,S005
H0000011,O000004,Prospecting,Qualification,2024-04-14 12:00:00,S005
H0000012,O000004,Qualification,Proposal,2024-04-17 10:00:00,S005
H0000013,O000004,Proposal,Negotiation,2024-05-31 15:00:00,S005
H0000014,O000004,Negotiation,Closed Won,2024-06-02 17:00:00,S005
H0000015,O000005,,Prospecting,2025-02-10 09:00:00,S024
H0000016,O000005,Prospecting,Qualification,2025-02-15 09:00:00,S024
H0000017,O000005,Qualification,Proposal,2025-02-21 08:00:00,S024
H0000018,O000005,Proposal,Negotiation,2025-02-26 14:00:00,S024
H0000019,O000005,Negotiation,Closed Lost,2025-02-27 17:00:00,S024
H0000020,O000006,,Prospecting,2024-09-28 09:00:00,S010
H0000021,O000006,Prospecting,Closed Lost,2024-11-07 14:00:00,S010
H0000022,O000007,,Prospecting,2025-06-20 09:00:00,S040
H0000023,O000008,,Prospecting,2023-08-22 09:00:00,S020
H0000024,O000008,Prospecting,Qualification,2023-08-22 17:00:00,S020
H0000025,O000008,Qualification,Proposal,2023-09-08 14:00:00,S020
H0000026,O000008,Proposal,Negotiation,2023-10-17 10:00:00,S020
H0000027,O000008,Negotiation,Closed Won,2023-10-22 17:00:00,S020
H0000028,O000009,,Prospecting,2025-05-29 09:00:00,S009
H0000029,O000009,Prospecting,Qualification,2025-06-20 10:00:00,S009
H0000030,O000010,,Prospecting,2025-05-12 09:00:00,S005
H0000031,O000010,Prospecting,Qualification,2025-05-15 10:00:00,S005
H0000032,O000010,Qualification,Proposal,2025-06-11 12:00:00,S005
H0000033,O000010,Proposal,Negotiation,2025-06-20 09:00:00,S005
H0000034,O000011,,Prospecting,2025-02-12 09:00:00,S040
H0000035,O000011,Prospecting,Qualification,2025-03-10 08:00:00,S040
H0000036,O000011,Qualification,Closed Lost,2025-04-27 12:00:00,S040
H0000037,O000012,,Prospecting,2023-02-19 09:00:00,S008
H0000038,O000012,Prospecting,Qualification,2023-03-19 12:00:00,S008
H0000039,O000012,Qualification,Closed Lost,2023-04-11 10:00:00,S008
H0000040,O000013,,Prospecting,2024-10-08 09:00:00,S011
H0000041,O000013,Prospecting,Qualification,2024-10-20 14:00:00,S011
H0000042,O000013,Qualification,Proposal,2024-11-26 12:00:00,S011
H0000043,O000013,Proposal,Negotiation,2024-12-01 15:00:00,S011
H0000044,O000013,Negotiation,Closed Won,2024-12-07 15:00:00,S011
H0000045,O000014,,Prospecting,2023-07-12 09:00:00,S012
H0000046,O000014,Prospecting,Qualification,2023-07-17 10:00:00,S012
H0000047,O000014,Qualification,Proposal,2023-07-20 12:00:00,S012
H0000048,O000014,Proposal,Negotiation,2023-07-27 10:00:00,S012
H0000049,O000014,Negotiation,Closed Lost,2023-07-28 16:00:00,S012
H0000050,O000015,,Prospecting,2024-06-04 09:00:00,S040
H0000051,O000015,Prospecting,Qualification,2024-07-18 16:00:00,S040
H0000052,O000015,Qualification,Closed Lost,2024-09-12 14:00:00,S040
H0000053,O000016,,Prospecting,2025-03-12 09:00:00,S031
H0000054,O000016,Prospecting,Qualification,2025-03-14 17:00:00,S031
H0000055,O000016,Qualification,Proposal,2025-03-16 13:00:00,S031
H0000056,O000016,Proposal,Negotiation,2025-03-18 08:00:00,S031
H0000057,O000016,Negotiation,Closed Lost,2025-03-19 16:00:00,S031
H0000058,O000017,,Prospecting,2024-03-15 09:00:00,S016
H0000059,O000017,Prospecting,Qualification,2024-04-05 08:00:00,S016
H0000060,O000017,Qualification,Proposal,2024-09-08 09:00:00,S016
H0000061,O000017,Proposal,Negotiation,2024-09-20 12:00:00,S016
H0000062,O000017,Negotiation,Closed Won,2024-10-19 16:00:00,S016
H0000063,O000018,,Prospecting,2025-02-14 09:00:00,S005
H0000064,O000018,Prospecting,Closed Lost,2025-04-04 15:00:00,S005
H0000065,O000019,,Prospecting,2025-02-08 09:00:00,S010
H0000066,O000019,Prospecting,Qualification,2025-02-22 15:00:00,S010
H0000067,O000019,Qualification,Closed Lost,2025-02-24 09:00:00,S010
H0000068,O000020,,Prospecting,2024-09-28 09:00:00,S008
H0000069,O000020,Prospecting,Qualification,2024-10-11 12:00:00,S008
H0000070,O000020,Qualification,Proposal,2024-10-21 14:00:00,S008
H0000071,O000020,Proposal,Closed Lost,2024-11-07 14:00:00,S008
H0000072,O000021,,Prospecting,2024-04-05 09:00:00,S011
H0000073,O000021,Prospecting,Qualification,2024-04-24 10:00:00,S011
H0000074,O000021,Qualification,Closed Lost,2024-06-20 13:00:00,S011
H0000075,O000022,,Prospecting,2024-10-31 09:00:00,S012
H0000076,O000022,Prospecting,Closed Lost,2025-02-21 17:00:00,S012
H0000077,O000023,,Prospecting,2024-07-26 09:00:00,S019
H0000078,O000023,Prospecting,Qualification,2024-08-12 14:00:00,S019
H0000079,O000023,Qualification,Proposal,2024-08-28 11:00:00,S019
H0000080,O000023,Proposal,Closed Lost,2024-09-01 17:00:00,S019
H0000081,O000024,,Prospecting,2023-07-18 09:00:00,S012
H0000082,O000024,Prospecting,Qualification,2023-08-04 15:00:00,S012
H0000083,O000024,Qualification,Proposal,2023-08-08 13:00:00,S012
H0000084,O000024,Proposal,Closed Lost,2023-09-04 17:00:00,S012
H0000085,O000025,,Prospecting,2023-07-22 09:00:00,S025
H0000086,O000025,Prospecting,Qualification,2023-09-30 09:00:00,S025
H0000087,O000025,Qualification,Proposal,2023-12-11 17:00:00,S025
H0000088,O000025,Proposal,Negotiation,2024-01-01 17:00:00,S025
H0000089,O000025,Negotiation,Closed Won,2024-01-09 11:00:00,S025
H0000090,O000026,,Prospecting,2023-08-02 09:00:00,S028
H0000091,O000026,Prospecting,Qualification,2023-08-04 16:00:00,S028
H0000092,O000026,Qualification,Proposal,2023-08-16 16:00:00,S028
H0000093,O000026,Proposal,Negotiation,2023-08-23 15:00:00,S028
H0000094,O000026,Negotiation,Closed Won,2023-08-30 10:00:00,S028
H0000095,O000027,,Prospecting,2024-11-12 09:00:00,S005
H0000096,O000027,Prospecting,Qualification,2024-12-22 10:00:00,S005
H0000097,O000027,Qualification,Proposal,2025-01-02 10:00:00,S005
H0000098,O000027,Proposal,Negotiation,2025-01-30 11:00:00,S005
H0000099,O000027,Negotiation,Closed Won,2025-02-27 13:00:00,S005
H0000100,O000028,,Prospecting,2025-04-21 09:00:00,S028
H0000101,O000028,Prospecting,Qualification,2025-04-24 13:00:00,S028
H0000102,O000028,Qualification,Proposal,2025-05-09 16:00:00,S028
H0000103,O000029,,Prospecting,2023-01-30 09:00:00,S039
H0000104,O000029,Prospecting,Qualification,2023-01-31 10:00:00,S039
H0000105,O000029,Qualification,Closed Lost,2023-02-06 09:00:00,S039
H0000106,O000030,,Prospecting,2024-10-24 09:00:00,S003
H0000107,O000030,Prospecting,Qualification,2024-11-08 08:00:00,S003
H0000108,O000030,Qualification,Proposal,2024-11-22 14:00:00,S003
H0000109,O000030,Proposal,Negotiation,2024-11-26 15:00:00,S003
H0000110,O000030,Negotiation,Closed Won,2024-12-22 17:00:00,S003
H0000111,O000031,,Prospecting,2025-06-17 09:00:00,S030
H0000112,O000032,,Prospecting,2024-11-28 09:00:00,S008
H0000113,O000032,Prospecting,Closed Lost,2024-12-31 13:00:00,S008
H0000114,O000033,,Prospecting,2023-09-03 09:00:00,S019
H0000115,O000033,Prospecting,Closed Lost,2023-09-19 15:00:00,S019
H0000116,O000034,,Prospecting,2023-07-04 09:00:00,S040
H0000117,O000034,Prospecting,Qualification,2023-07-15 11:00:00,S040
H0000118,O000034,Qualification,Proposal,2023-09-20 12:00:00,S040
H0000119,O000034,Proposal,Negotiation,2023-10-04 17:00:00,S040
H0000120,O000034,Negotiation,Closed Won,2023-10-17 09:00:00,S040
H0000121,O000035,,Prospecting,2025-03-22 09:00:00,S007
H0000122,O000035,Prospecting,Closed Lost,2025-06-02 15:00:00,S007
H0000123,O000036,,Prospecting,2025-05-02 09:00:00,S021
H0000124,O000036,Prospecting,Qualification,2025-05-16 11:00:00,S021
H0000125,O000036,Qualification,Proposal,2025-06-16 14:00:00,S021
H0000126,O000036,Proposal,Negotiation,2025-06-26 14:00:00,S021
H0000127,O000037,,Prospecting,2023-03-20 09:00:00,S009
H0000128,O000037,Prospecting,Closed Lost,2023-05-21 15:00:00,S009
H0000129,O000038,,Prospecting,2024-09-20 09:00:00,S022
H0000130,O000038,Prospecting,Qualification,2024-10-18 12:00:00,S022
H0000131,O000038,Qualification,Proposal,2024-10-24 13:00:00,S022
H0000132,O000038,Proposal,Negotiation,2024-11-07 13:00:00,S022
H0000133,O000038,Negotiation,Closed Lost,2024-11-11 10:00:00,S022
H0000134,O000039,,Prospecting,2025-02-18 09:00:00,S016
H0000135,O000039,Prospecting,Qualification,2025-02-25 13:00:00,S016
H0000136,O000039,Qualification,Proposal,2025-03-17 12:00:00,S016
H0000137,O000039,Proposal,Negotiation,2025-03-24 08:00:00,S016
H0000138,O000039,Negotiation,Closed Won,2025-04-10 17:00:00,S016
H0000139,O000040,,Prospecting,2024-08-31 09:00:00,S005
H0000140,O000040,Prospecting,Qualification,2024-10-08 14:00:00,S005
H0000141,O000040,Qualification,Proposal,2024-10-27 08:00:00,S005
H0000142,O000040,Proposal,Negotiation,2024-10-30 12:00:00,S005
H0000143,O000040,Negotiation,Closed Won,2024-11-11 13:00:00,S005
H0000144,O000041,,Prospecting,2025-05-06 09:00:00,S009
H0000145,O000041,Prospecting,Qualification,2025-05-22 14:00:00,S009
H0000146,O000041,Qualification,Proposal,2025-05-27 14:00:00,S009
H0000147,O000042,,Prospecting,2024-02-01 09:00:00,S004
H0000148,O000042,Prospecting,Closed Lost,2024-03-17 15:00:00,S004
H0000149,O000043,,Prospecting,2025-03-12 09:00:00,S002
H0000150,O000043,Prospecting,Closed Lost,2025-05-21 13:00:00,S002
H0000151,O000044,,Prospecting,2024-07-12 09:00:00,S017
H0000152,O000044,Prospecting,Qualification,2024-07-16 16:00:00,S017
H0000153,O000044,Qualification,Proposal,2024-07-29 17:00:00,S017
H0000154,O000044,Proposal,Negotiation,2024-08-15 08:00:00,S017
H0000155,O000044,Negotiation,Closed Won,2024-08-17 09:00:00,S017
H0000156,O000045,,Prospecting,2023-11-24 09:00:00,S028
H0000157,O000045,Prospecting,Qualification,2023-12-17 08:00:00,S028
H0000158,O000045,Qualification,Proposal,2024-01-10 12:00:00,S028
H0000159,O000045,Proposal,Negotiation,2024-01-10 11:00:00,S028
H0000160,O000045,Negotiation,Closed Won,2024-01-17 13:00:00,S028
H0000161,O000046,,Prospecting,2024-12-26 09:00:00,S029
H0000162,O000046,Prospecting,Qualification,2024-12-26 16:00:00,S029
H0000163,O000046,Qualification,Proposal,2025-01-02 14:00:00,S029
H0000164,O000046,Proposal,Closed Lost,2025-01-06 09:00:00,S029
H0000165,O000047,,Prospecting,2024-09-13 09:00:00,S005
H0000166,O000047,Prospecting,Qualification,2024-09-16 15:00:00,S005
H0000167,O000047,Qualification,Proposal,2024-09-21 10:00:00,S005
H0000168,O000047,Proposal,Negotiation,2024-11-30 17:00:00,S005
H0000169,O000047,Negotiation,Closed Won,2025-02-10 09:00:00,S005
H0000170,O000048,,Prospecting,2025-05-29 09:00:00,S017
H0000171,O000048,Prospecting,Qualification,2025-05-31 17:00:00,S017
H0000172,O000048,Qualification,Proposal,2025-06-13 12:00:00,S017
H0000173,O000048,Proposal,Negotiation,2025-06-14 16:00:00,S017
H0000174,O000048,Negotiation,Closed Won,2025-06-19 15:00:00,S017
H0000175,O000049,,Prospecting,2024-01-23 09:00:00,S038
H0000176,O000049,Prospecting,Closed Lost,2024-03-04 13:00:00,S038
H0000177,O000050,,Prospecting,2024-05-11 09:00:00,S016
H0000178,O000050,Prospecting,Qualification,2024-05-18 11:00:00,S016
H0000179,O000050,Qualification,Proposal,2024-07-20 10:00:00,S016
H0000180,O000050,Proposal,Negotiation,2024-08-14 15:00:00,S016
H0000181,O000050,Negotiation,Closed Lost,2024-09-04 12:00:00,S016
H0000182,O000051,,Prospecting,2023-04-12 09:00:00,S021
H0000183,O000051,Prospecting,Qualification,2023-07-12 17:00:00,S021
H0000184,O000051,Qualification,Proposal,2023-07-23 12:00:00,S021
H0000185,O000051,Proposal,Negotiation,2023-08-02 15:00:00,S021
H0000186,O000051,Negotiation,Closed Won,2023-08-10 17:00:00,S021
H0000187,O000052,,Prospecting,2023-02-02 09:00:00,S035
H0000188,O000052,Prospecting,Qualification,2023-02-02 16:00:00,S035
H0000189,O000052,Qualification,Proposal,2023-02-06 13:00:00,S035
H0000190,O000052,Proposal,Closed Lost,2023-02-19 16:00:00,S035
H0000191,O000053,,Prospecting,2025-03-05 09:00:00,S002
H0000192,O000053,Prospecting,Qualification,2025-03-30 08:00:00,S002
H0000193,O000053,Qualification,Proposal,2025-05-19 11:00:00,S002
H0000194,O000053,Proposal,Negotiation,2025-06-02 08:00:00,S002
H0000195,O000053,Negotiation,Closed Won,2025-06-27 14:00:00,S002
H0000196,O000054,,Prospecting,2024-08-31 09:00:00,S012
H0000197,O000054,Prospecting,Qualification,2024-09-01 11:00:00,S012
H0000198,O000054,Qualification,Proposal,2024-09-05 14:00:00,S012
H0000199,O000054,Proposal,Negotiation,2024-09-20 08:00:00,S012
H0000200,O000054,Negotiation,Closed Won,2024-09-22 15:00:00,S012
H0000201,O000055,,Prospecting,2023-08-08 09:00:00,S036
H0000202,O000055,Prospecting,Qualification,2023-09-16 13:00:00,S036
H0000203,O000055,Qualification,Proposal,2023-10-06 16:00:00,S036
H0000204,O000055,Proposal,Negotiation,2023-10-10 10:00:00,S036
H0000205,O000055,Negotiation,Closed Won,2023-12-12 15:00:00,S036
H0000206,O000056,,Prospecting,2023-09-01 09:00:00,S001
H0000207,O000056,Prospecting,Qualification,2023-09-25 14:00:00,S001
H0000208,O000056,Qualification,Proposal,2023-09-25 09:00:00,S001
H0000209,O000056,Proposal,Negotiation,2023-09-29 16:00:00,S001
H0000210,O000056,Negotiation,Closed Won,2023-11-29 10:00:00,S001
H0000211,O000057,,Prospecting,2023-02-09 09:00:00,S036
H0000212,O000057,Prospecting,Qualification,2023-03-03 16:00:00,S036
H0000213,O000057,Qualification,Closed Lost,2023-03-08 12:00:00,S036
H0000214,O000058,,Prospecting,2025-05-31 09:00:00,S021
H0000215,O000059,,Prospecting,2024-09-07 09:00:00,S038
H0000216,O000059,Prospecting,Qualification,2024-11-15 16:00:00,S038
H0000217,O000059,Qualification,Closed Lost,2024-11-28 14:00:00,S038
H0000218,O000060,,Prospecting,2023-04-20 09:00:00,S026
H0000219,O000060,Prospecting,Closed Lost,2023-05-12 15:00:00,S026
H0000220,O000061,,Prospecting,2023-03-29 09:00:00,S037
H0000221,O000061,Prospecting,Qualification,2023-04-22 16:00:00,S037
H0000222,O000061,Qualification,Proposal,2023-05-21 15:00:00,S037
H0000223,O000061,Proposal,Closed Lost,2023-06-18 11:00:00,S037
H0000224,O000062,,Prospecting,2023-09-27 09:00:00,S002
H0000225,O000062,Prospecting,Qualification,2023-11-01 17:00:00,S002
H0000226,O000062,Qualification,Closed Lost,2024-01-22 09:00:00,S002
H0000227,O000063,,Prospecting,2024-06-29 09:00:00,S021
H0000228,O000063,Prospecting,Qualification,2024-07-16 14:00:00,S021
H0000229,O000063,Qualification,Proposal,2024-07-31 14:00:00,S021
H0000230,O000063,Proposal,Negotiation,2024-08-02 15:00:00,S021
H0000231,O000063,Negotiation,Closed Won,2024-09-30 15:00:00,S021
H0000232,O000064,,Prospecting,2025-02-14 09:00:00,S008
H0000233,O000064,Prospecting,Qualification,2025-02-14 10:00:00,S008
H0000234,O000064,Qualification,Proposal,2025-03-16 14:00:00,S008
H0000235,O000064,Proposal,Negotiation,2025-03-17 10:00:00,S008
H0000236,O000064,Negotiation,Closed Won,2025-05-22 11:00:00,S008
H0000237,O000065,,Prospecting,2024-04-19 09:00:00,S005
H0000238,O000065,Prospecting,Qualification,2024-05-27 14:00:00,S005
H0000239,O000065,Qualification,Proposal,2024-07-23 13:00:00,S005
H0000240,O000065,Proposal,Closed Lost,2024-07-25 13:00:00,S005
H0000241,O000066,,Prospecting,2025-04-23 09:00:00,S034
H0000242,O000066,Prospecting,Qualification,2025-04-26 08:00:00,S034
H0000243,O000066,Qualification,Proposal,2025-06-12 15:00:00,S034
H0000244,O000066,Proposal,Negotiation,2025-06-14 12:00:00,S034
H0000245,O000066,Negotiation,Closed Won,2025-06-25 17:00:00,S034
H0000246,O000067,,Prospecting,2024-01-10 09:00:00,S026
H0000247,O000067,Prospecting,Qualification,2024-02-04 08:00:00,S026
H0000248,O000067,Qualification,Proposal,2024-02-23 15:00:00,S026
H0000249,O000067,Proposal,Negotiation,2024-02-29 12:00:00,S026
H0000250,O000067,Negotiation,Closed Won,2024-03-02 11:00:00,S026
H0000251,O000068,,Prospecting,2025-05-17 09:00:00,S019
H0000252,O000068,Prospecting,Qualification,2025-06-01 12:00:00,S019
H0000253,O000068,Qualification,Proposal,2025-06-02 15:00:00,S019
H0000254,O000068,Proposal,Negotiation,2025-06-20 08:00:00,S019
H0000255,O000069,,Prospecting,2025-02-02 09:00:00,S002
H0000256,O000069,Prospecting,Qualification,2025-02-23 08:00:00,S002
H0000257,O000069,Qualification,Proposal,2025-03-13 10:00:00,S002
H0000258,O000069,Proposal,Negotiation,2025-03-18 08:00:00,S002
H0000259,O000069,Negotiation,Closed Won,2025-04-23 12:00:00,S002
H0000260,O000070,,Prospecting,2024-12-20 09:00:00,S040
H0000261,O000070,Prospecting,Qualification,2025-01-12 13:00:00,S040
H0000262,O000070,Qualification,Proposal,2025-03-01 14:00:00,S040
H0000263,O000070,Proposal,Negotiation,2025-03-20 12:00:00,S040
H0000264,O000070,Negotiation,Closed Lost,2025-03-26 10:00:00,S040
H0000265,O000071,,Prospecting,2024-11-18 09:00:00,S010
H0000266,O000071,Prospecting,Qualification,2024-11-22 11:00:00,S010
H0000267,O000071,Qualification,Proposal,2024-12-03 17:00:00,S010
H0000268,O000071,Proposal,Negotiation,2024-12-14 14:00:00,S010
H0000269,O000071,Negotiation,Closed Won,2024-12-31 11:00:00,S010
H0000270,O000072,,Prospecting,2023-08-24 09:00:00,S031
H0000271,O000072,Prospecting,Closed Lost,2023-10-23 17:00:00,S031
H0000272,O000073,,Prospecting,2024-02-09 09:00:00,S034
H0000273,O000073,Prospecting,Closed Lost,2024-03-20 10:00:00,S034
H0000274,O000074,,Prospecting,2023-06-21 09:00:00,S017
H0000275,O000074,Prospecting,Qualification,2023-06-21 16:00:00,S017
H0000276,O000074,Qualification,Proposal,2023-07-21 11:00:00,S017
H0000277,O000074,Proposal,Negotiation,2023-08-07 11:00:00,S017
H0000278,O000074,Negotiation,Closed Won,2023-08-15 15:00:00,S017
H0000279,O000075,,Prospecting,2024-02-28 09:00:00,S015
H0000280,O000075,Prospecting,Qualification,2024-04-21 11:00:00,S015
H0000281,O000075,Qualification,Proposal,2024-06-15 15:00:00,S015
H0000282,O000075,Proposal,Negotiation,2024-06-28 12:00:00,S015
H0000283,O000075,Negotiation,Closed Won,2024-07-27 12:00:00,S015
H0000284,O000076,,Prospecting,2024-07-07 09:00:00,S018
H0000285,O000076,Prospecting,Closed Lost,2024-07-22 17:00:00,S018
H0000286,O000077,,Prospecting,2024-08-18 09:00:00,S017
H0000287,O000077,Prospecting,Qualification,2024-08-24 11:00:00,S017
H0000288,O000077,Qualification,Proposal,2024-08-31 15:00:00,S017
H0000289,O000077,Proposal,Closed Lost,2024-09-06 11:00:00,S017
H0000290,O000078,,Prospecting,2024-06-27 09:00:00,S026
H0000291,O000078,Prospecting,Qualification,2024-07-11 09:00:00,S026
H0000292,O000078,Qualification,Proposal,2024-07-17 10:00:00,S026
H0000293,O000078,Proposal,Negotiation,2024-07-19 08:00:00,S026
H0000294,O000078,Negotiation,Closed Won,2024-07-22 15:00:00,S026
H0000295,O000079,,Prospecting,2023-03-09 09:00:00,S033
H0000296,O000079,Prospecting,Closed Lost,2023-07-27 16:00:00,S033
H0000297,O000080,,Prospecting,2025-02-02 09:00:00,S002
H0000298,O000080,Prospecting,Qualification,2025-02-26 08:00:00,S002
H0000299,O000080,Qualification,Proposal,2025-03-16 12:00:00,S002
H0000300,O000080,Proposal,Negotiation,2025-04-18 12:00:00,S002
H0000301,O000080,Negotiation,Closed Won,2025-05-04 16:00:00,S002
H0000302,O000081,,Prospecting,2023-03-22 09:00:00,S022
H0000303,O000081,Prospecting,Qualification,2023-05-28 16:00:00,S022
H0000304,O000081,Qualification,Closed Lost,2023-06-03 14:00:00,S022
H0000305,O000082,,Prospecting,2023-11-07 09:00:00,S005
H0000306,O000082,Prospecting,Closed Lost,2023-11-24 12:00:00,S005
H0000307,O000083,,Prospecting,2024-12-22 09:00:00,S016
H0000308,O000083,Prospecting,Qualification,2025-02-05 08:00:00,S016
H0000309,O000083,Qualification,Proposal,2025-02-16 11:00:00,S016
H0000310,O000083,Proposal,Negotiation,2025-03-28 11:00:00,S016
H0000311,O000083,Negotiation,Closed Won,2025-03-30 15:00:00,S016
H0000312,O000084,,Prospecting,2023-11-02 09:00:00,S016
H0000313,O000084,Prospecting,Closed Lost,2023-12-12 15:00:00,S016
H0000314,O000085,,Prospecting,2023-09-04 09:00:00,S019
H0000315,O000085,Prospecting,Closed Lost,2023-09-29 14:00:00,S019
H0000316,O000086,,Prospecting,2023-12-01 09:00:00,S039
H0000317,O000086,Prospecting,Qualification,2024-01-09 10:00:00,S039
H0000318,O000086,Qualification,Closed Lost,2024-01-12 16:00:00,S039
H0000319,O000087,,Prospecting,2023-08-19 09:00:00,S026
H0000320,O000087,Prospecting,Qualification,2023-08-19 13:00:00,S026
H0000321,O000087,Qualification,Proposal,2023-09-29 14:00:00,S026
H0000322,O000087,Proposal,Negotiation,2023-10-24 17:00:00,S026
H0000323,O000087,Negotiation,Closed Won,2023-11-08 13:00:00,S026
H0000324,O000088,,Prospecting,2023-10-20 09:00:00,S004
H0000325,O000088,Prospecting,Qualification,2023-10-24 09:00:00,S004
H0000326,O000088,Qualification,Proposal,2023-11-16 08:00:00,S004
H0000327,O000088,Proposal,Closed Lost,2023-11-28 14:00:00,S004
H0000328,O000089,,Prospecting,2023-02-09 09:00:00,S005
H0000329,O000089,Prospecting,Qualification,2023-03-28 13:00:00,S005
H0000330,O000089,Qualification,Closed Lost,2023-08-27 11:00:00,S005
H0000331,O000090,,Prospecting,2024-12-06 09:00:00,S040
H0000332,O000090,Prospecting,Qualification,2024-12-11 13:00:00,S040
H0000333,O000090,Qualification,Proposal,2025-02-27 10:00:00,S040
H0000334,O000090,Proposal,Negotiation,2025-03-16 17:00:00,S040
H0000335,O000090,Negotiation,Closed Won,2025-04-21 14:00:00,S040
H0000336,O000091,,Prospecting,2024-07-24 09:00:00,S038
H0000337,O000091,Prospecting,Qualification,2024-09-10 08:00:00,S038
H0000338,O000091,Qualification,Proposal,2024-10-10 17:00:00,S038
H0000339,O000091,Proposal,Negotiation,2024-10-28 15:00:00,S038
H0000340,O000091,Negotiation,Closed Won,2024-10-29 16:00:00,S038
H0000341,O000092,,Prospecting,2025-05-21 09:00:00,S033
H0000342,O000092,Prospecting,Qualification,2025-05-23 16:00:00,S033
H0000343,O000092,Qualification,Proposal,2025-06-16 15:00:00,S033
H0000344,O000092,Proposal,Negotiation,2025-06-24 16:00:00,S033
H0000345,O000093,,Prospecting,2023-03-14 09:00:00,S012
H0000346,O000093,Prospecting,Qualification,2023-03-24 16:00:00,S012
H0000347,O000093,Qualification,Closed Lost,2023-04-21 13:00:00,S012
H0000348,O000094,,Prospecting,2025-05-01 09:00:00,S011
H0000349,O000094,Prospecting,Qualification,2025-05-12 11:00:00,S011
H0000350,O000094,Qualification,Proposal,2025-05-17 09:00:00,S011
H0000351,O000094,Proposal,Negotiation,2025-06-27 14:00:00,S011
H0000352,O000094,Negotiation,Closed Won,2025-06-29 09:00:00,S011
H0000353,O000095,,Prospecting,2025-06-20 09:00:00,S006
H0000354,O000096,,Prospecting,2024-07-14 09:00:00,S006
H0000355,O000096,Prospecting,Closed Lost,2024-08-19 13:00:00,S006
H0000356,O000097,,Prospecting,2024-01-14 09:00:00,S023
H0000357,O000097,Prospecting,Qualification,2024-01-21 14:00:00,S023
H0000358,O000097,Qualification,Proposal,2024-02-03 17:00:00,S023
H0000359,O000097,Proposal,Negotiation,2024-02-08 08:00:00,S023
H0000360,O000097,Negotiation,Closed Won,2024-02-18 12:00:00,S023
H0000361,O000098,,Prospecting,2024-05-01 09:00:00,S012
H0000362,O000098,Prospecting,Qualification,2024-05-03 15:00:00,S012
H0000363,O000098,Qualification,Proposal,2024-05-05 13:00:00,S012
H0000364,O000098,Proposal,Negotiation,2024-05-10 13:00:00,S012
H0000365,O000098,Negotiation,Closed Won,2024-05-22 14:00:00,S012
H0000366,O000099,,Prospecting,2023-01-26 09:00:00,S038
H0000367,O000099,Prospecting,Closed Lost,2023-06-02 09:00:00,S038
H0000368,O000100,,Prospecting,2023-06-29 09:00:00,S012
H0000369,O000100,Prospecting,Closed Lost,2023-08-21 16:00:00,S012
H0000370,O000101,,Prospecting,2025-06-01 09:00:00,S002
H0000371,O000101,Prospecting,Qualification,2025-06-10 15:00:00,S002
H0000372,O000102,,Prospecting,2023-05-23 09:00:00,S028
H0000373,O000102,Prospecting,Qualification,2023-06-21 10:00:00,S028
H0000374,O000102,Qualification,Proposal,2023-06-25 08:00:00,S028
H0000375,O000102,Proposal,Negotiation,2023-07-09 12:00:00,S028
H0000376,O000102,Negotiation,Closed Won,2023-07-10 13:00:00,S028
H0000377,O000103,,Prospecting,2025-02-17 09:00:00,S005
H0000378,O000103,Prospecting,Closed Lost,2025-03-27 10:00:00,S005
H0000379,O000104,,Prospecting,2023-08-23 09:00:00,S036
H0000380,O000104,Prospecting,Qualification,2023-08-24 12:00:00,S036
H0000381,O000104,Qualification,Proposal,2023-09-04 11:00:00,S036
H0000382,O000104,Proposal,Negotiation,2023-09-09 09:00:00,S036
H0000383,O000104,Negotiation,Closed Lost,2023-09-18 17:00:00,S036
H0000384,O000105,,Prospecting,2025-06-14 09:00:00,S027
H0000385,O000105,Prospecting,Qualification,2025-06-23 17:00:00,S027
H0000386,O000105,Qualification,Proposal,2025-06-25 08:00:00,S027
H0000387,O000105,Proposal,Closed Lost,2025-06-26 13:00:00,S027
H0000388,O000106,,Prospecting,2024-12-20 09:00:00,S024
H0000389,O000106,Prospecting,Qualification,2024-12-31 17:00:00,S024
H0000390,O000106,Qualification,Proposal,2025-03-18 15:00:00,S024
H0000391,O000106,Proposal,Negotiation,2025-04-21 12:00:00,S024
H0000392,O000106,Negotiation,Closed Won,2025-05-23 15:00:00,S024
H0000393,O000107,,Prospecting,2024-11-20 09:00:00,S035
H0000394,O000107,Prospecting,Qualification,2024-11-30 09:00:00,S035
H0000395,O000107,Qualification,Proposal,2024-12-05 17:00:00,S035
H0000396,O000107,Proposal,Negotiation,2024-12-23 08:00:00,S035
H0000397,O000107,Negotiation,Closed Won,2024-12-31 12:00:00,S035
H0000398,O000108,,Prospecting,2024-08-28 09:00:00,S018
H0000399,O000108,Prospecting,Qualification,2024-10-24 08:00:00,S018
H0000400,O000108,Qualification,Closed Lost,2024-10-31 11:00:00,S018
H0000401,O000109,,Prospecting,2025-06-12 09:00:00,S012
H0000402,O000110,,Prospecting,2025-06-15 09:00:00,S002
H0000403,O000111,,Prospecting,2025-03-03 09:00:00,S032
H0000404,O000111,Prospecting,Qualification,2025-03-21 12:00:00,S032
H0000405,O000111,Qualification,Proposal,2025-03-29 14:00:00,S032
H0000406,O000111,Proposal,Closed Lost,2025-03-31 15:00:00,S032
H0000407,O000112,,Prospecting,2023-12-24 09:00:00,S028
H0000408,O000112,Prospecting,Qualification,2024-01-09 13:00:00,S028
H0000409,O000112,Qualification,Proposal,2024-01-17 10:00:00,S028
H0000410,O000112,Proposal,Closed Lost,2024-01-27 15:00:00,S028
H0000411,O000113,,Prospecting,2023-03-05 09:00:00,S040
H0000412,O000113,Prospecting,Qualification,2023-04-16 16:00:00,S040
H0000413,O000113,Qualification,Closed Lost,2023-05-02 11:00:00,S040
H0000414,O000114,,Prospecting,2023-01-21 09:00:00,S022
H0000415,O000114,Prospecting,Qualification,2023-01-30 09:00:00,S022
H0000416,O000114,Qualification,Proposal,2023-02-04 08:00:00,S022
H0000417,O000114,Proposal,Negotiation,2023-02-11 11:00:00,S022
H0000418,O000114,Negotiation,Closed Won,2023-02-13 13:00:00,S022
H0000419,O000115,,Prospecting,2023-11-07 09:00:00,S034
H0000420,O000115,Prospecting,Qualification,2023-11-08 11:00:00,S034
H0000421,O000115,Qualification,Proposal,2023-11-28 13:00:00,S034
H0000422,O000115,Proposal,Closed Lost,2023-12-06 12:00:00,S034
H0000423,O000116,,Prospecting,2024-05-14 09:00:00,S038
H0000424,O000116,Prospecting,Qualification,2024-07-14 11:00:00,S038
H0000425,O000116,Qualification,Proposal,2024-07-24 15:00:00,S038
H0000426,O000116,Proposal,Negotiation,2024-07-31 08:00:00,S038
H0000427,O000116,Negotiation,Closed Won,2024-08-14 14:00:00,S038
H0000428,O000117,,Prospecting,2024-11-06 09:00:00,S034
H0000429,O000117,Prospecting,Qualification,2024-12-13 11:00:00,S034
H0000430,O000117,Qualification,Closed Lost,2025-02-08 16:00:00,S034
H0000431,O000118,,Prospecting,2024-12-06 09:00:00,S008
H0000432,O000118,Prospecting,Qualification,2024-12-19 08:00:00,S008
H0000433,O000118,Qualification,Proposal,2025-01-14 14:00:00,S008
H0000434,O000118,Proposal,Negotiation,2025-02-06 14:00:00,S008
H0000435,O000118,Negotiation,Closed Won,2025-02-14 17:00:00,S008
H0000436,O000119,,Prospecting,2025-06-21 09:00:00,S016
H0000437,O000120,,Prospecting,2024-07-18 09:00:00,S029
H0000438,O000120,Prospecting,Qualification,2024-08-14 14:00:00,S029
H0000439,O000120,Qualification,Closed Lost,2024-08-20 13:00:00,S029
H0000440,O000121,,Prospecting,2025-06-23 09:00:00,S005
H0000441,O000122,,Prospecting,2023-02-12 09:00:00,S040
H0000442,O000122,Prospecting,Closed Lost,2023-03-22 11:00:00,S040
H0000443,O000123,,Prospecting,2025-02-07 09:00:00,S027
H0000444,O000123,Prospecting,Qualification,2025-02-15 10:00:00,S027
H0000445,O000123,Qualification,Proposal,2025-04-12 13:00:00,S027
H0000446,O000123,Proposal,Negotiation,2025-05-04 09:00:00,S027
H0000447,O000123,Negotiation,Closed Won,2025-05-22 15:00:00,S027
H0000448,O000124,,Prospecting,2023-06-06 09:00:00,S039
H0000449,O000124,Prospecting,Qualification,2023-06-17 14:00:00,S039
H0000450,O000124,Qualification,Proposal,2023-06-26 14:00:00,S039
H0000451,O000124,Proposal,Closed Lost,2023-07-09 10:00:00,S039
H0000452,O000125,,Prospecting,2023-08-29 09:00:00,S020
H0000453,O000125,Prospecting,Qualification,2023-09-02 08:00:00,S020
H0000454,O000125,Qualification,Proposal,2023-09-17 16:00:00,S020
H0000455,O000125,Proposal,Negotiation,2023-10-02 13:00:00,S020
H0000456,O000125,Negotiation,Closed Won,2023-11-02 09:00:00,S020
H0000457,O000126,,Prospecting,2023-04-05 09:00:00,S001
H0000458,O000126,Prospecting,Qualification,2023-04-07 11:00:00,S001
H0000459,O000126,Qualification,Proposal,2023-04-11 10:00:00,S001
H0000460,O000126,Proposal,Negotiation,2023-04-14 16:00:00,S001
H0000461,O000126,Negotiation,Closed Lost,2023-04-19 13:00:00,S001
H0000462,O000127,,Prospecting,2024-02-01 09:00:00,S033
H0000463,O000127,Prospecting,Qualification,2024-02-11 12:00:00,S033
H0000464,O000127,Qualification,Proposal,2024-02-27 17:00:00,S033
H0000465,O000127,Proposal,Negotiation,2024-05-08 12:00:00,S033
H0000466,O000127,Negotiation,Closed Won,2024-05-16 13:00:00,S033
H0000467,O000128,,Prospecting,2023-04-22 09:00:00,S022
H0000468,O000128,Prospecting,Qualification,2023-05-07 11:00:00,S022
H0000469,O000128,Qualification,Proposal,2023-05-20 15:00:00,S022
H0000470,O000128,Proposal,Negotiation,2023-06-05 09:00:00,S022
H0000471,O000128,Negotiation,Closed Won,2023-07-19 09:00:00,S022
H0000472,O000129,,Prospecting,2024-12-01 09:00:00,S025
H0000473,O000129,Prospecting,Qualification,2024-12-18 15:00:00,S025
H0000474,O000129,Qualification,Proposal,2024-12-22 10:00:00,S025
H0000475,O000129,Proposal,Negotiation,2025-01-25 11:00:00,S025
H0000476,O000129,Negotiation,Closed Won,2025-02-01 09:00:00,S025
H0000477,O000130,,Prospecting,2024-12-25 09:00:00,S002
H0000478,O000130,Prospecting,Qualification,2025-01-02 17:00:00,S002
H0000479,O000130,Qualification,Proposal,2025-01-24 12:00:00,S002
H0000480,O000130,Proposal,Negotiation,2025-01-26 17:00:00,S002
H0000481,O000130,Negotiation,Closed Lost,2025-02-15 09:00:00,S002
H0000482,O000131,,Prospecting,2024-11-12 09:00:00,S003
H0000483,O000131,Prospecting,Qualification,2024-11-19 17:00:00,S003
H0000484,O000131,Qualification,Proposal,2024-12-08 13:00:00,S003
H0000485,O000131,Proposal,Closed Lost,2025-01-14 14:00:00,S003
H0000486,O000132,,Prospecting,2024-01-09 09:00:00,S019
H0000487,O000132,Prospecting,Qualification,2024-01-09 13:00:00,S019
H0000488,O000132,Qualification,Proposal,2024-02-10 16:00:00,S019
H0000489,O000132,Proposal,Negotiation,2024-02-16 16:00:00,S019
H0000490,O000132,Negotiation,Closed Lost,2024-03-02 16:00:00,S019
H0000491,O000133,,Prospecting,2024-08-25 09:00:00,S003
H0000492,O000133,Prospecting,Qualification,2024-08-29 09:00:00,S003
H0000493,O000133,Qualification,Proposal,2024-11-18 13:00:00,S003
H0000494,O000133,Proposal,Negotiation,2024-12-21 12:00:00,S003
H0000495,O000133,Negotiation,Closed Won,2024-12-29 10:00:00,S003
H0000496,O000134,,Prospecting,2025-02-04 09:00:00,S028
H0000497,O000134,Prospecting,Qualification,2025-02-06 15:00:00,S028
H0000498,O000134,Qualification,Proposal,2025-02-15 17:00:00,S028
H0000499,O000134,Proposal,Negotiation,2025-02-20 16:00:00,S028
H0000500,O000134,Negotiation,Closed Won,2025-02-21 14:00:00,S028
H0000501,O000135,,Prospecting,2023-01-03 09:00:00,S040
H0000502,O000135,Prospecting,Qualification,2023-02-25 11:00:00,S040
H0000503,O000135,Qualification,Proposal,2023-05-14 09:00:00,S040
H0000504,O000135,Proposal,Closed Lost,2023-06-16 09:00:00,S040
H0000505,O000136,,Prospecting,2023-07-28 09:00:00,S017
H0000506,O000136,Prospecting,Qualification,2023-08-17 11:00:00,S017
H0000507,O000136,Qualification,Proposal,2023-08-27 16:00:00,S017
H0000508,O000136,Proposal,Negotiation,2023-09-05 10:00:00,S017
H0000509,O000136,Negotiation,Closed Won,2023-09-10 12:00:00,S017
H0000510,O000137,,Prospecting,2025-03-01 09:00:00,S005
H0000511,O000137,Prospecting,Qualification,2025-04-01 09:00:00,S005
H0000512,O000137,Qualification,Proposal,2025-04-05 15:00:00,S005
H0000513,O000137,Proposal,Closed Lost,2025-04-30 16:00:00,S005
H0000514,O000138,,Prospecting,2024-04-01 09:00:00,S003
H0000515,O000138,Prospecting,Closed Lost,2024-05-18 09:00:00,S003
H0000516,O000139,,Prospecting,2023-12-03 09:00:00,S009
H0000517,O000139,Prospecting,Qualification,2023-12-21 11:00:00,S009
H0000518,O000139,Qualification,Proposal,2023-12-30 11:00:00,S009
H0000519,O000139,Proposal,Closed Lost,2024-03-02 15:00:00,S009
H0000520,O000140,,Prospecting,2024-08-31 09:00:00,S037
H0000521,O000140,Prospecting,Qualification,2024-09-03 16:00:00,S037
H0000522,O000140,Qualification,Proposal,2024-09-09 17:00:00,S037
H0000523,O000140,Proposal,Negotiation,2024-09-18 12:00:00,S037
H0000524,O000140,Negotiation,Closed Won,2024-10-05 11:00:00,S037
H0000525,O000141,,Prospecting,2023-02-12 09:00:00,S027
H0000526,O000141,Prospecting,Qualification,2023-02-22 17:00:00,S027
H0000527,O000141,Qualification,Proposal,2023-03-08 08:00:00,S027
H0000528,O000141,Proposal,Negotiation,2023-03-12 09:00:00,S027
H0000529,O000141,Negotiation,Closed Lost,2023-03-20 11:00:00,S027
H0000530,O000142,,Prospecting,2023-06-02 09:00:00,S034
H0000531,O000142,Prospecting,Qualification,2023-06-09 14:00:00,S034
H0000532,O000142,Qualification,Closed Lost,2023-08-11 15:00:00,S034
H0000533,O000143,,Prospecting,2023-01-07 09:00:00,S011
H0000534,O000143,Prospecting,Qualification,2023-02-02 14:00:00,S011
H0000535,O000143,Qualification,Proposal,2023-02-23 15:00:00,S011
H0000536,O000143,Proposal,Negotiation,2023-03-12 12:00:00,S011
H0000537,O000143,Negotiation,Closed Lost,2023-03-13 11:00:00,S011
H0000538,O000144,,Prospecting,2024-07-20 09:00:00,S021
H0000539,O000144,Prospecting,Qualification,2024-08-07 17:00:00,S021
H0000540,O000144,Qualification,Closed Lost,2024-09-08 14:00:00,S021
H0000541,O000145,,Prospecting,2023-05-21 09:00:00,S001
H0000542,O000145,Prospecting,Qualification,2023-05-21 14:00:00,S001
H0000543,O000145,Qualification,Proposal,2023-06-01 15:00:00,S001
H0000544,O000145,Proposal,Negotiation,2023-06-13 09:00:00,S001
H0000545,O000145,Negotiation,Closed Won,2023-06-28 14:00:00,S001
H0000546,O000146,,Prospecting,2024-12-14 09:00:00,S033
H0000547,O000146,Prospecting,Qualification,2024-12-17 14:00:00,S033
H0000548,O000146,Qualification,Closed Lost,2025-01-17 10:00:00,S033
H0000549,O000147,,Prospecting,2023-09-05 09:00:00,S020
H0000550,O000147,Prospecting,Qualification,2023-09-07 16:00:00,S020
H0000551,O000147,Qualification,Proposal,2023-09-29 16:00:00,S020
H0000552,O000147,Proposal,Closed Lost,2023-10-15 09:00:00,S020
H0000553,O000148,,Prospecting,2025-02-22 09:00:00,S004
H0000554,O000148,Prospecting,Qualification,2025-04-17 16:00:00,S004
H0000555,O000148,Qualification,Proposal,2025-05-24 17:00:00,S004
H0000556,O000148,Proposal,Negotiation,2025-06-27 17:00:00,S004
H0000557,O000149,,Prospecting,2024-02-18 09:00:00,S036
H0000558,O000149,Prospecting,Qualification,2024-03-06 14:00:00,S036
H0000559,O000149,Qualification,Proposal,2024-04-17 09:00:00,S036
H0000560,O000149,Proposal,Negotiation,2024-05-23 16:00:00,S036
H0000561,O000149,Negotiation,Closed Won,2024-05-28 14:00:00,S036
H0000562,O000150,,Prospecting,2023-12-10 09:00:00,S028
H0000563,O000150,Prospecting,Closed Lost,2023-12-31 11:00:00,S028
H0000564,O000151,,Prospecting,2024-07-18 09:00:00,S038
H0000565,O000151,Prospecting,Qualification,2024-08-09 08:00:00,S038
H0000566,O000151,Qualification,Proposal,2024-09-04 17:00:00,S038
H0000567,O000151,Proposal,Negotiation,2024-09-07 17:00:00,S038
H0000568,O000151,Negotiation,Closed Won,2024-12-08 10:00:00,S038
H0000569,O000152,,Prospecting,2025-05-10 09:00:00,S032
H0000570,O000152,Prospecting,Qualification,2025-05-15 17:00:00,S032
H0000571,O000152,Qualification,Proposal,2025-05-19 17:00:00,S032
H0000572,O000152,Proposal,Negotiation,2025-05-22 16:00:00,S032
H0000573,O000152,Negotiation,Closed Lost,2025-05-31 16:00:00,S032
H0000574,O000153,,Prospecting,2023-01-03 09:00:00,S008
H0000575,O000153,Prospecting,Qualification,2023-01-21 16:00:00,S008
H0000576,O000153,Qualification,Proposal,2023-01-31 09:00:00,S008
H0000577,O000153,Proposal,Negotiation,2023-02-04 16:00:00,S008
H0000578,O000153,Negotiation,Closed Won,2023-02-09 16:00:00,S008
H0000579,O000154,,Prospecting,2025-05-01 09:00:00,S009
H0000580,O000154,Prospecting,Qualification,2025-06-14 14:00:00,S009
H0000581,O000154,Qualification,Closed Lost,2025-06-28 10:00:00,S009
H0000582,O000155,,Prospecting,2023-09-30 09:00:00,S018
H0000583,O000155,Prospecting,Qualification,2023-10-18 13:00:00,S018
H0000584,O000155,Qualification,Proposal,2023-10-21 16:00:00,S018
H0000585,O000155,Proposal,Closed Lost,2023-12-13 09:00:00,S018
H0000586,O000156,,Prospecting,2023-04-28 09:00:00,S015
H0000587,O000156,Prospecting,Qualification,2023-05-08 13:00:00,S015
H0000588,O000156,Qualification,Closed Lost,2023-06-25 14:00:00,S015
H0000589,O000157,,Prospecting,2024-01-29 09:00:00,S037
H0000590,O000157,Prospecting,Qualification,2024-02-13 10:00:00,S037
H0000591,O000157,Qualification,Proposal,2024-02-14 12:00:00,S037
H0000592,O000157,Proposal,Negotiation,2024-02-15 17:00:00,S037
H0000593,O000157,Negotiation,Closed Lost,2024-02-24 15:00:00,S037
H0000594,O000158,,Prospecting,2025-05-04 09:00:00,S005
H0000595,O000158,Prospecting,Qualification,2025-06-03 10:00:00,S005
H0000596,O000158,Qualification,Proposal,2025-06-07 08:00:00,S005
H0000597,O000158,Proposal,Negotiation,2025-06-12 16:00:00,S005
H0000598,O000158,Negotiation,Closed Won,2025-06-13 17:00:00,S005
H0000599,O000159,,Prospecting,2024-09-19 09:00:00,S010
H0000600,O000159,Prospecting,Qualification,2024-09-26 08:00:00,S010
H0000601,O000159,Qualification,Proposal,2024-10-24 13:00:00,S010
H0000602,O000159,Proposal,Negotiation,2024-11-05 08:00:00,S010
H0000603,O000159,Negotiation,Closed Won,2024-11-28 11:00:00,S010
H0000604,O000160,,Prospecting,2025-03-06 09:00:00,S040
H0000605,O000160,Prospecting,Qualification,2025-05-17 08:00:00,S040
H0000606,O000160,Qualification,Proposal,2025-06-19 11:00:00,S040
H0000607,O000160,Proposal,Negotiation,2025-06-20 12:00:00,S040
H0000608,O000161,,Prospecting,2025-02-20 09:00:00,S038
H0000609,O000161,Prospecting,Qualification,2025-02-21 16:00:00,S038
H0000610,O000161,Qualification,Proposal,2025-02-23 10:00:00,S038
H0000611,O000161,Proposal,Negotiation,2025-03-25 17:00:00,S038
H0000612,O000161,Negotiation,Closed Lost,2025-03-27 16:00:00,S038
H0000613,O000162,,Prospecting,2025-06-22 09:00:00,S017
H0000614,O000163,,Prospecting,2024-10-06 09:00:00,S023
H0000615,O000163,Prospecting,Closed Lost,2024-10-25 16:00:00,S023
H0000616,O000164,,Prospecting,2023-01-26 09:00:00,S034
H0000617,O000164,Prospecting,Qualification,2023-02-16 09:00:00,S034
H0000618,O000164,Qualification,Proposal,2023-02-17 08:00:00,S034
H0000619,O000164,Proposal,Closed Lost,2023-03-08 14:00:00,S034
H0000620,O000165,,Prospecting,2025-02-14 09:00:00,S029
H0000621,O000165,Prospecting,Qualification,2025-03-03 13:00:00,S029
H0000622,O000165,Qualification,Proposal,2025-03-12 12:00:00,S029
H0000623,O000165,Proposal,Closed Lost,2025-03-15 09:00:00,S029
H0000624,O000166,,Prospecting,2023-04-21 09:00:00,S013
H0000625,O000166,Prospecting,Qualification,2023-05-01 14:00:00,S013
H0000626,O000166,Qualification,Proposal,2023-05-02 08:00:00,S013
H0000627,O000166,Proposal,Negotiation,2023-06-12 09:00:00,S013
H0000628,O000166,Negotiation,Closed Lost,2023-06-15 11:00:00,S013
H0000629,O000167,,Prospecting,2024-10-24 09:00:00,S011
H0000630,O000167,Prospecting,Closed Lost,2024-11-13 10:00:00,S011
H0000631,O000168,,Prospecting,2025-06-13 09:00:00,S020
H0000632,O000169,,Prospecting,2025-05-20 09:00:00,S031
H0000633,O000169,Prospecting,Qualification,2025-06-13 11:00:00,S031
H0000634,O000169,Qualification,Proposal,2025-06-15 09:00:00,S031
H0000635,O000169,Proposal,Negotiation,2025-06-19 09:00:00,S031
H0000636,O000169,Negotiation,Closed Won,2025-06-23 11:00:00,S031
H0000637,O000170,,Prospecting,2024-01-09 09:00:00,S005
H0000638,O000170,Prospecting,Closed Lost,2024-02-22 11:00:00,S005
H0000639,O000171,,Prospecting,2023-03-16 09:00:00,S001
H0000640,O000171,Prospecting,Qualification,2023-03-27 17:00:00,S001
H0000641,O000171,Qualification,Proposal,2023-04-04 14:00:00,S001
H0000642,O000171,Proposal,Closed Lost,2023-04-18 11:00:00,S001
H0000643,O000172,,Prospecting,2023-01-17 09:00:00,S021
H0000644,O000172,Prospecting,Qualification,2023-02-11 11:00:00,S021
H0000645,O000172,Qualification,Closed Lost,2023-02-22 11:00:00,S021
H0000646,O000173,,Prospecting,2025-01-02 09:00:00,S010
H0000647,O000173,Prospecting,Qualification,2025-02-09 12:00:00,S010
H0000648,O000173,Qualification,Proposal,2025-02-21 08:00:00,S010
H0000649,O000173,Proposal,Closed Lost,2025-03-24 15:00:00,S010
H0000650,O000174,,Prospecting,2023-12-04 09:00:00,S023
H0000651,O000174,Prospecting,Qualification,2023-12-08 10:00:00,S023
H0000652,O000174,Qualification,Proposal,2023-12-23 14:00:00,S023
H0000653,O000174,Proposal,Closed Lost,2023-12-31 09:00:00,S023
H0000654,O000175,,Prospecting,2024-09-28 09:00:00,S033
H0000655,O000175,Prospecting,Qualification,2024-10-28 09:00:00,S033
H0000656,O000175,Qualification,Proposal,2024-11-01 11:00:00,S033
H0000657,O000175,Proposal,Negotiation,2024-11-02 08:00:00,S033
H0000658,O000175,Negotiation,Closed Lost,2024-11-18 10:00:00,S033
H0000659,O000176,,Prospecting,2023-01-29 09:00:00,S023
H0000660,O000176,Prospecting,Qualification,2023-02-03 08:00:00,S023
H0000661,O000176,Qualification,Proposal,2023-02-09 15:00:00,S023
H0000662,O000176,Proposal,Negotiation,2023-02-14 13:00:00,S023
H0000663,O000176,Negotiation,Closed Won,2023-02-22 09:00:00,S023
H0000664,O000177,,Prospecting,2024-01-01 09:00:00,S010
H0000665,O000177,Prospecting,Qualification,2024-01-06 15:00:00,S010
H0000666,O000177,Qualification,Proposal,2024-02-11 12:00:00,S010
H0000667,O000177,Proposal,Negotiation,2024-02-12 11:00:00,S010
H0000668,O000177,Negotiation,Closed Won,2024-02-15 10:00:00,S010
H0000669,O000178,,Prospecting,2023-09-25 09:00:00,S008
H0000670,O000178,Prospecting,Qualification,2023-09-30 17:00:00,S008
H0000671,O000178,Qualification,Closed Lost,2023-10-05 09:00:00,S008
H0000672,O000179,,Prospecting,2025-03-16 09:00:00,S006
H0000673,O000179,Prospecting,Qualification,2025-04-27 15:00:00,S006
H0000674,O000179,Qualification,Proposal,2025-05-09 08:00:00,S006
H0000675,O000179,Proposal,Negotiation,2025-05-16 10:00:00,S006
H0000676,O000179,Negotiation,Closed Won,2025-05-18 09:00:00,S006
H0000677,O000180,,Prospecting,2023-02-16 09:00:00,S003
H0000678,O000180,Prospecting,Qualification,2023-02-19 10:00:00,S003
H0000679,O000180,Qualification,Proposal,2023-04-02 08:00:00,S003
H0000680,O000180,Proposal,Negotiation,2023-05-16 12:00:00,S003
H0000681,O000180,Negotiation,Closed Won,2023-05-29 14:00:00,S003
H0000682,O000181,,Prospecting,2024-02-29 09:00:00,S034
H0000683,O000181,Prospecting,Qualification,2024-03-03 08:00:00,S034
H0000684,O000181,Qualification,Proposal,2024-03-08 08:00:00,S034
H0000685,O000181,Proposal,Negotiation,2024-03-28 13:00:00,S034
H0000686,O000181,Negotiation,Closed Lost,2024-04-16 11:00:00,S034
H0000687,O000182,,Prospecting,2024-08-28 09:00:00,S005
H0000688,O000182,Prospecting,Qualification,2024-08-31 16:00:00,S005
H0000689,O000182,Qualification,Proposal,2024-09-25 17:00:00,S005
H0000690,O000182,Proposal,Negotiation,2024-10-23 11:00:00,S005
H0000691,O000182,Negotiation,Closed Lost,2024-11-14 11:00:00,S005
H0000692,O000183,,Prospecting,2023-02-28 09:00:00,S019
H0000693,O000183,Prospecting,Qualification,2023-04-17 12:00:00,S019
H0000694,O000183,Qualification,Proposal,2023-05-23 14:00:00,S019
H0000695,O000183,Proposal,Negotiation,2023-05-26 08:00:00,S019
H0000696,O000183,Negotiation,Closed Won,2023-06-04 13:00:00,S019
H0000697,O000184,,Prospecting,2024-06-06 09:00:00,S004
H0000698,O000184,Prospecting,Qualification,2024-06-27 17:00:00,S004
H0000699,O000184,Qualification,Proposal,2024-07-08 12:00:00,S004
H0000700,O000184,Proposal,Closed Lost,2024-08-05 12:00:00,S004
H0000701,O000185,,Prospecting,2023-04-11 09:00:00,S032
H0000702,O000185,Prospecting,Qualification,2023-04-16 13:00:00,S032
H0000703,O000185,Qualification,Proposal,2023-04-29 14:00:00,S032
H0000704,O000185,Proposal,Negotiation,2023-05-06 09:00:00,S032
H0000705,O000185,Negotiation,Closed Lost,2023-05-14 13:00:00,S032
H0000706,O000186,,Prospecting,2025-03-15 09:00:00,S004
H0000707,O000186,Prospecting,Qualification,2025-04-09 08:00:00,S004
H0000708,O000186,Qualification,Proposal,2025-05-06 17:00:00,S004
H0000709,O000186,Proposal,Negotiation,2025-05-09 14:00:00,S004
H0000710,O000186,Negotiation,Closed Won,2025-05-10 15:00:00,S004
H0000711,O000187,,Prospecting,2024-04-12 09:00:00,S028
H0000712,O000187,Prospecting,Closed Lost,2024-05-26 14:00:00,S028
H0000713,O000188,,Prospecting,2025-06-14 09:00:00,S023
H0000714,O000189,,Prospecting,2024-03-06 09:00:00,S009
H0000715,O000189,Prospecting,Qualification,2024-04-17 11:00:00,S009
H0000716,O000189,Qualification,Proposal,2024-06-02 11:00:00,S009
H0000717,O000189,Proposal,Closed Lost,2024-06-07 10:00:00,S009
H0000718,O000190,,Prospecting,2025-04-11 09:00:00,S009
H0000719,O000190,Prospecting,Qualification,2025-05-26 09:00:00,S009
H0000720,O000190,Qualification,Closed Lost,2025-06-04 11:00:00,S009
H0000721,O000191,,Prospecting,2025-04-22 09:00:00,S006
H0000722,O000191,Prospecting,Qualification,2025-06-04 11:00:00,S006
H0000723,O000191,Qualification,Proposal,2025-06-13 10:00:00,S006
H0000724,O000192,,Prospecting,2024-11-04 09:00:00,S028
H0000725,O000192,Prospecting,Qualification,2024-12-18 17:00:00,S028
H0000726,O000192,Qualification,Closed Lost,2024-12-26 16:00:00,S028
H0000727,O000193,,Prospecting,2025-06-13 09:00:00,S008
H0000728,O000193,Prospecting,Qualification,2025-06-14 09:00:00,S008
H0000729,O000193,Qualification,Proposal,2025-06-19 14:00:00,S008
H0000730,O000193,Proposal,Closed Lost,2025-06-23 11:00:00,S008
H0000731,O000194,,Prospecting,2025-05-04 09:00:00,S031
H0000732,O000194,Prospecting,Qualification,2025-05-06 11:00:00,S031
H0000733,O000194,Qualification,Proposal,2025-05-18 17:00:00,S031
H0000734,O000194,Proposal,Closed Lost,2025-05-19 13:00:00,S031
H0000735,O000195,,Prospecting,2023-05-18 09:00:00,S021
H0000736,O000195,Prospecting,Qualification,2023-07-06 12:00:00,S021
H0000737,O000195,Qualification,Proposal,2023-07-15 10:00:00,S021
H0000738,O000195,Proposal,Negotiation,2023-07-19 15:00:00,S021
H0000739,O000195,Negotiation,Closed Won,2023-11-03 15:00:00,S021
H0000740,O000196,,Prospecting,2025-04-20 09:00:00,S013
H0000741,O000196,Prospecting,Qualification,2025-05-18 16:00:00,S013
H0000742,O000196,Qualification,Proposal,2025-06-05 11:00:00,S013
H0000743,O000196,Proposal,Closed Lost,2025-06-11 10:00:00,S013
H0000744,O000197,,Prospecting,2023-03-05 09:00:00,S023
H0000745,O000197,Prospecting,Qualification,2023-04-16 13:00:00,S023
H0000746,O000197,Qualification,Proposal,2023-05-01 12:00:00,S023
H0000747,O000197,Proposal,Negotiation,2023-05-11 13:00:00,S023
H0000748,O000197,Negotiation,Closed Lost,2023-05-13 13:00:00,S023
H0000749,O000198,,Prospecting,2023-02-18 09:00:00,S027
H0000750,O000198,Prospecting,Qualification,2023-02-19 12:00:00,S027
H0000751,O000198,Qualification,Proposal,2023-02-21 16:00:00,S027
H0000752,O000198,Proposal,Negotiation,2023-03-01 09:00:00,S027
H0000753,O000198,Negotiation,Closed Lost,2023-03-23 09:00:00,S027
H0000754,O000199,,Prospecting,2023-07-19 09:00:00,S031
H0000755,O000199,Prospecting,Qualification,2023-07-26 08:00:00,S031
H0000756,O000199,Qualification,Proposal,2023-08-06 11:00:00,S031
H0000757,O000199,Proposal,Negotiation,2023-08-16 13:00:00,S031
H0000758,O000199,Negotiation,Closed Won,2023-08-17 09:00:00,S031
H0000759,O000200,,Prospecting,2025-03-29 09:00:00,S009
H0000760,O000200,Prospecting,Qualification,2025-06-05 11:00:00,S009
H0000761,O000200,Qualification,Proposal,2025-06-07 09:00:00,S009
H0000762,O000200,Proposal,Negotiation,2025-06-23 14:00:00,S009
H0000763,O000201,,Prospecting,2024-12-20 09:00:00,S032
H0000764,O000201,Prospecting,Qualification,2025-01-09 17:00:00,S032
H0000765,O000201,Qualification,Proposal,2025-02-05 15:00:00,S032
H0000766,O000201,Proposal,Closed Lost,2025-02-10 09:00:00,S032
H0000767,O000202,,Prospecting,2023-07-08 09:00:00,S040
H0000768,O000202,Prospecting,Qualification,2023-07-09 16:00:00,S040
H0000769,O000202,Qualification,Proposal,2023-08-06 10:00:00,S040
H0000770,O000202,Proposal,Negotiation,2023-08-31 14:00:00,S040
H0000771,O000202,Negotiation,Closed Won,2023-09-18 11:00:00,S040
H0000772,O000203,,Prospecting,2025-05-27 09:00:00,S013
H0000773,O000203,Prospecting,Qualification,2025-06-21 09:00:00,S013
H0000774,O000204,,Prospecting,2025-04-26 09:00:00,S038
H0000775,O000204,Prospecting,Closed Lost,2025-05-27 10:00:00,S038
H0000776,O000205,,Prospecting,2025-04-29 09:00:00,S031
H0000777,O000205,Prospecting,Qualification,2025-04-29 15:00:00,S031
H0000778,O000205,Qualification,Proposal,2025-05-23 15:00:00,S031
H0000779,O000205,Proposal,Negotiation,2025-05-26 12:00:00,S031
H0000780,O000205,Negotiation,Closed Lost,2025-06-03 17:00:00,S031
H0000781,O000206,,Prospecting,2025-03-08 09:00:00,S009
H0000782,O000206,Prospecting,Qualification,2025-05-14 08:00:00,S009
H0000783,O000206,Qualification,Proposal,2025-05-17 11:00:00,S009
H0000784,O000206,Proposal,Closed Lost,2025-05-20 09:00:00,S009
H0000785,O000207,,Prospecting,2025-02-16 09:00:00,S026
H0000786,O000207,Prospecting,Qualification,2025-03-15 12:00:00,S026
H0000787,O000207,Qualification,Proposal,2025-04-01 11:00:00,S026
H0000788,O000207,Proposal,Closed Lost,2025-04-11 09:00:00,S026
H0000789,O000208,,Prospecting,2025-02-16 09:00:00,S035
H0000790,O000208,Prospecting,Qualification,2025-02-23 12:00:00,S035
H0000791,O000208,Qualification,Proposal,2025-04-20 16:00:00,S035
H0000792,O000208,Proposal,Negotiation,2025-04-21 10:00:00,S035
H0000793,O000208,Negotiation,Closed Won,2025-04-27 10:00:00,S035
H0000794,O000209,,Prospecting,2025-04-24 09:00:00,S003
H0000795,O000209,Prospecting,Qualification,2025-05-04 13:00:00,S003
H0000796,O000209,Qualification,Proposal,2025-05-19 13:00:00,S003
H0000797,O000210,,Prospecting,2023-05-19 09:00:00,S010
H0000798,O000210,Prospecting,Closed Lost,2023-06-24 15:00:00,S010
H0000799,O000211,,Prospecting,2023-09-22 09:00:00,S038
H0000800,O000211,Prospecting,Qualification,2023-10-11 16:00:00,S038
H0000801,O000211,Qualification,Proposal,2023-10-26 09:00:00,S038
H0000802,O000211,Proposal,Negotiation,2023-11-21 08:00:00,S038
H0000803,O000211,Negotiation,Closed Won,2023-11-28 10:00:00,S038
H0000804,O000212,,Prospecting,2024-08-22 09:00:00,S001
H0000805,O000212,Prospecting,Qualification,2024-09-02 13:00:00,S001
H0000806,O000212,Qualification,Proposal,2024-10-03 08:00:00,S001
H0000807,O000212,Proposal,Negotiation,2024-10-11 10:00:00,S001
H0000808,O000212,Negotiation,Closed Won,2024-10-14 15:00:00,S001
H0000809,O000213,,Prospecting,2025-02-22 09:00:00,S005
H0000810,O000213,Prospecting,Qualification,2025-02-25 09:00:00,S005
H0000811,O000213,Qualification,Proposal,2025-03-04 16:00:00,S005
H0000812,O000213,Proposal,Negotiation,2025-03-20 12:00:00,S005
H0000813,O000213,Negotiation,Closed Lost,2025-04-08 12:00:00,S005
H0000814,O000214,,Prospecting,2025-02-16 09:00:00,S037
H0000815,O000214,Prospecting,Qualification,2025-03-09 12:00:00,S037
H0000816,O000214,Qualification,Closed Lost,2025-03-15 15:00:00,S037
H0000817,O000215,,Prospecting,2023-05-04 09:00:00,S034
H0000818,O000215,Prospecting,Closed Lost,2023-07-11 10:00:00,S034
H0000819,O000216,,Prospecting,2023-05-01 09:00:00,S014
H0000820,O000216,Prospecting,Qualification,2023-05-14 14:00:00,S014
H0000821,O000216,Qualification,Proposal,2023-08-16 15:00:00,S014
H0000822,O000216,Proposal,Negotiation,2023-10-06 17:00:00,S014
H0000823,O000216,Negotiation,Closed Won,2023-10-13 12:00:00,S014
H0000824,O000217,,Prospecting,2024-09-23 09:00:00,S010
H0000825,O000217,Prospecting,Closed Lost,2024-10-21 15:00:00,S010
H0000826,O000218,,Prospecting,2025-06-13 09:00:00,S036
H0000827,O000219,,Prospecting,2023-01-20 09:00:00,S002
H0000828,O000219,Prospecting,Qualification,2023-02-18 11:00:00,S002
H0000829,O000219,Qualification,Proposal,2023-03-04 15:00:00,S002
H0000830,O000219,Proposal,Negotiation,2023-05-18 10:00:00,S002
H0000831,O000219,Negotiation,Closed Won,2023-07-03 15:00:00,S002
H0000832,O000220,,Prospecting,2025-03-03 09:00:00,S022
H0000833,O000220,Prospecting,Qualification,2025-03-06 08:00:00,S022
H0000834,O000220,Qualification,Closed Lost,2025-03-14 16:00:00,S022
H0000835,O000221,,Prospecting,2024-04-13 09:00:00,S016
H0000836,O000221,Prospecting,Closed Lost,2024-07-10 13:00:00,S016
H0000837,O000222,,Prospecting,2025-05-24 09:00:00,S037
H0000838,O000222,Prospecting,Qualification,2025-05-29 17:00:00,S037
H0000839,O000222,Qualification,Proposal,2025-06-13 17:00:00,S037
H0000840,O000223,,Prospecting,2025-03-23 09:00:00,S002
H0000841,O000223,Prospecting,Qualification,2025-04-15 14:00:00,S002
H0000842,O000223,Qualification,Proposal,2025-04-26 17:00:00,S002
H0000843,O000223,Proposal,Negotiation,2025-04-29 14:00:00,S002
H0000844,O000224,,Prospecting,2024-03-29 09:00:00,S006
H0000845,O000224,Prospecting,Qualification,2024-04-03 12:00:00,S006
H0000846,O000224,Qualification,Proposal,2024-04-16 12:00:00,S006
H0000847,O000224,Proposal,Closed Lost,2024-07-05 15:00:00,S006
H0000848,O000225,,Prospecting,2023-10-04 09:00:00,S027
H0000849,O000225,Prospecting,Closed Lost,2023-10-22 17:00:00,S027
H0000850,O000226,,Prospecting,2023-06-13 09:00:00,S040
H0000851,O000226,Prospecting,Qualification,2023-07-18 14:00:00,S040
H0000852,O000226,Qualification,Proposal,2023-07-22 15:00:00,S040
H0000853,O000226,Proposal,Negotiation,2023-09-10 13:00:00,S040
H0000854,O000226,Negotiation,Closed Won,2023-10-05 17:00:00,S040
H0000855,O000227,,Prospecting,2023-01-04 09:00:00,S033
H0000856,O000227,Prospecting,Closed Lost,2023-02-15 16:00:00,S033
H0000857,O000228,,Prospecting,2025-01-23 09:00:00,S024
H0000858,O000228,Prospecting,Qualification,2025-02-06 09:00:00,S024
H0000859,O000228,Qualification,Closed Lost,2025-02-08 16:00:00,S024
H0000860,O000229,,Prospecting,2024-12-21 09:00:00,S012
H0000861,O000229,Prospecting,Qualification,2024-12-21 15:00:00,S012
H0000862,O000229,Qualification,Proposal,2024-12-21 13:00:00,S012
H0000863,O000229,Proposal,Negotiation,2024-12-26 08:00:00,S012
H0000864,O000229,Negotiation,Closed Lost,2024-12-28 15:00:00,S012
H0000865,O000230,,Prospecting,2025-02-10 09:00:00,S008
H0000866,O000230,Prospecting,Closed Lost,2025-03-27 15:00:00,S008
H0000867,O000231,,Prospecting,2024-09-03 09:00:00,S036
H0000868,O000231,Prospecting,Qualification,2024-09-06 12:00:00,S036
H0000869,O000231,Qualification,Proposal,2024-09-23 16:00:00,S036
H0000870,O000231,Proposal,Negotiation,2024-10-10 16:00:00,S036
H0000871,O000231,Negotiation,Closed Lost,2024-11-23 16:00:00,S036
H0000872,O000232,,Prospecting,2023-03-27 09:00:00,S004
H0000873,O000232,Prospecting,Qualification,2023-04-06 09:00:00,S004
H0000874,O000232,Qualification,Proposal,2023-04-17 16:00:00,S004
H0000875,O000232,Proposal,Negotiation,2023-04-21 17:00:00,S004
H0000876,O000232,Negotiation,Closed Won,2023-04-24 14:00:00,S004
H0000877,O000233,,Prospecting,2025-02-26 09:00:00,S009
H0000878,O000233,Prospecting,Closed Lost,2025-04-30 14:00:00,S009
H0000879,O000234,,Prospecting,2023-06-05 09:00:00,S014
H0000880,O000234,Prospecting,Closed Lost,2023-09-20 12:00:00,S014
H0000881,O000235,,Prospecting,2024-01-15 09:00:00,S016
H0000882,O000235,Prospecting,Qualification,2024-02-05 15:00:00,S016
H0000883,O000235,Qualification,Proposal,2024-03-05 10:00:00,S016
H0000884,O000235,Proposal,Negotiation,2024-03-19 10:00:00,S016
H0000885,O000235,Negotiation,Closed Won,2024-03-24 11:00:00,S016
H0000886,O000236,,Prospecting,2023-04-27 09:00:00,S040
H0000887,O000236,Prospecting,Qualification,2023-06-29 11:00:00,S040
H0000888,O000236,Qualification,Proposal,2023-08-18 14:00:00,S040
H0000889,O000236,Proposal,Negotiation,2023-08-20 12:00:00,S040
H0000890,O000236,Negotiation,Closed Won,2023-08-22 11:00:00,S040
H0000891,O000237,,Prospecting,2024-10-08 09:00:00,S031
H0000892,O000237,Prospecting,Qualification,2024-10-22 14:00:00,S031
H0000893,O000237,Qualification,Proposal,2024-11-19 12:00:00,S031
H0000894,O000237,Proposal,Negotiation,2024-12-02 09:00:00,S031
H0000895,O000237,Negotiation,Closed Won,2025-01-11 14:00:00,S031
H0000896,O000238,,Prospecting,2025-05-31 09:00:00,S031
H0000897,O000238,Prospecting,Qualification,2025-06-11 14:00:00,S031
H0000898,O000239,,Prospecting,2024-05-07 09:00:00,S008
H0000899,O000239,Prospecting,Qualification,2024-05-21 17:00:00,S008
H0000900,O000239,Qualification,Closed Lost,2024-05-24 10:00:00,S008
H0000901,O000240,,Prospecting,2023-04-25 09:00:00,S024
H0000902,O000240,Prospecting,Qualification,2023-05-10 17:00:00,S024
H0000903,O000240,Qualification,Proposal,2023-05-12 16:00:00,S024
H0000904,O000240,Proposal,Closed Lost,2023-05-23 09:00:00,S024
H0000905,O000241,,Prospecting,2023-03-04 09:00:00,S031
H0000906,O000241,Prospecting,Qualification,2023-05-08 09:00:00,S031
H0000907,O000241,Qualification,Proposal,2023-05-23 15:00:00,S031
H0000908,O000241,Proposal,Closed Lost,2023-06-01 13:00:00,S031
H0000909,O000242,,Prospecting,2025-04-18 09:00:00,S032
H0000910,O000242,Prospecting,Qualification,2025-06-11 09:00:00,S032
H0000911,O000242,Qualification,Closed Lost,2025-06-25 10:00:00,S032
H0000912,O000243,,Prospecting,2025-01-17 09:00:00,S008
H0000913,O000243,Prospecting,Qualification,2025-01-21 08:00:00,S008
H0000914,O000243,Qualification,Proposal,2025-01-27 17:00:00,S008
H0000915,O000243,Proposal,Negotiation,2025-02-02 16:00:00,S008
H0000916,O000243,Negotiation,Closed Lost,2025-02-11 10:00:00,S008
H0000917,O000244,,Prospecting,2025-01-31 09:00:00,S013
H0000918,O000244,Prospecting,Qualification,2025-02-06 08:00:00,S013
H0000919,O000244,Qualification,Proposal,2025-02-19 10:00:00,S013
H0000920,O000244,Proposal,Negotiation,2025-02-25 17:00:00,S013
H0000921,O000244,Negotiation,Closed Won,2025-03-08 14:00:00,S013
H0000922,O000245,,Prospecting,2024-05-20 09:00:00,S027
H0000923,O000245,Prospecting,Qualification,2024-05-20 17:00:00,S027
H0000924,O000245,Qualification,Proposal,2024-06-06 16:00:00,S027
H0000925,O000245,Proposal,Negotiation,2024-06-08 17:00:00,S027
H0000926,O000245,Negotiation,Closed Won,2024-06-10 14:00:00,S027
H0000927,O000246,,Prospecting,2024-05-02 09:00:00,S020
H0000928,O000246,Prospecting,Qualification,2024-05-06 10:00:00,S020
H0000929,O000246,Qualification,Proposal,2024-06-13 10:00:00,S020
H0000930,O000246,Proposal,Closed Lost,2024-06-15 09:00:00,S020
H0000931,O000247,,Prospecting,2024-11-20 09:00:00,S031
H0000932,O000247,Prospecting,Qualification,2024-12-06 09:00:00,S031
H0000933,O000247,Qualification,Proposal,2024-12-08 08:00:00,S031
H0000934,O000247,Proposal,Closed Lost,2024-12-15 11:00:00,S031
H0000935,O000248,,Prospecting,2025-03-07 09:00:00,S024
H0000936,O000248,Prospecting,Qualification,2025-04-07 15:00:00,S024
H0000937,O000248,Qualification,Closed Lost,2025-04-17 15:00:00,S024
H0000938,O000249,,Prospecting,2023-11-26 09:00:00,S011
H0000939,O000249,Prospecting,Qualification,2023-11-27 16:00:00,S011
H0000940,O000249,Qualification,Proposal,2023-12-27 08:00:00,S011
H0000941,O000249,Proposal,Negotiation,2024-01-02 13:00:00,S011
H0000942,O000249,Negotiation,Closed Won,2024-01-07 15:00:00,S011
H0000943,O000250,,Prospecting,2025-06-03 09:00:00,S011
H0000944,O000251,,Prospecting,2024-05-27 09:00:00,S031
H0000945,O000251,Prospecting,Qualification,2024-05-29 12:00:00,S031
H0000946,O000251,Qualification,Proposal,2024-06-10 12:00:00,S031
H0000947,O000251,Proposal,Negotiation,2024-07-17 13:00:00,S031
H0000948,O000251,Negotiation,Closed Won,2024-08-22 16:00:00,S031
H0000949,O000252,,Prospecting,2024-05-24 09:00:00,S016
H0000950,O000252,Prospecting,Closed Lost,2024-08-21 15:00:00,S016
H0000951,O000253,,Prospecting,2024-11-28 09:00:00,S005
H0000952,O000253,Prospecting,Qualification,2024-12-05 14:00:00,S005
H0000953,O000253,Qualification,Proposal,2025-01-21 15:00:00,S005
H0000954,O000253,Proposal,Negotiation,2025-01-24 11:00:00,S005
H0000955,O000253,Negotiation,Closed Won,2025-02-26 11:00:00,S005
H0000956,O000254,,Prospecting,2023-02-05 09:00:00,S007
H0000957,O000254,Prospecting,Qualification,2023-03-05 17:00:00,S007
H0000958,O000254,Qualification,Proposal,2023-03-10 08:00:00,S007
H0000959,O000254,Proposal,Negotiation,2023-03-25 15:00:00,S007
H0000960,O000254,Negotiation,Closed Won,2023-04-10 13:00:00,S007
H0000961,O000255,,Prospecting,2024-12-23 09:00:00,S037
H0000962,O000255,Prospecting,Qualification,2025-01-02 14:00:00,S037
H0000963,O000255,Qualification,Proposal,2025-01-20 16:00:00,S037
H0000964,O000255,Proposal,Negotiation,2025-02-26 09:00:00,S037
H0000965,O000255,Negotiation,Closed Lost,2025-03-01 13:00:00,S037
H0000966,O000256,,Prospecting,2024-12-29 09:00:00,S015
H0000967,O000256,Prospecting,Qualification,2025-02-02 09:00:00,S015
H0000968,O000256,Qualification,Closed Lost,2025-02-24 17:00:00,S015
H0000969,O000257,,Prospecting,2025-01-31 09:00:00,S023
H0000970,O000257,Prospecting,Closed Lost,2025-02-23 14:00:00,S023
H0000971,O000258,,Prospecting,2024-10-01 09:00:00,S008
H0000972,O000258,Prospecting,Qualification,2024-10-18 16:00:00,S008
H0000973,O000258,Qualification,Proposal,2024-11-18 12:00:00,S008
H0000974,O000258,Proposal,Negotiation,2024-11-30 17:00:00,S008
H0000975,O000258,Negotiation,Closed Won,2024-12-14 10:00:00,S008
H0000976,O000259,,Prospecting,2024-05-18 09:00:00,S021
H0000977,O000259,Prospecting,Qualification,2024-05-25 16:00:00,S021
H0000978,O000259,Qualification,Proposal,2024-05-27 11:00:00,S021
H0000979,O000259,Proposal,Negotiation,2024-06-01 16:00:00,S021
H0000980,O000259,Negotiation,Closed Lost,2024-06-07 16:00:00,S021
H0000981,O000260,,Prospecting,2023-05-03 09:00:00,S021
H0000982,O000260,Prospecting,Qualification,2023-05-08 11:00:00,S021
H0000983,O000260,Qualification,Proposal,2023-05-09 17:00:00,S021
H0000984,O000260,Proposal,Closed Lost,2023-05-29 12:00:00,S021
H0000985,O000261,,Prospecting,2023-09-08 09:00:00,S016
H0000986,O000261,Prospecting,Qualification,2023-10-23 14:00:00,S016
H0000987,O000261,Qualification,Closed Lost,2023-11-02 13:00:00,S016
H0000988,O000262,,Prospecting,2023-06-16 09:00:00,S013
H0000989,O000262,Prospecting,Qualification,2023-06-17 17:00:00,S013
H0000990,O000262,Qualification,Proposal,2023-06-18 11:00:00,S013
H0000991,O000262,Proposal,Negotiation,2023-06-28 16:00:00,S013
H0000992,O000262,Negotiation,Closed Won,2023-07-21 11:00:00,S013
H0000993,O000263,,Prospecting,2025-05-18 09:00:00,S022
H0000994,O000263,Prospecting,Qualification,2025-05-25 17:00:00,S022
H0000995,O000263,Qualification,Proposal,2025-05-30 16:00:00,S022
H0000996,O000264,,Prospecting,2024-03-30 09:00:00,S015
H0000997,O000264,Prospecting,Qualification,2024-04-19 14:00:00,S015
H0000998,O000264,Qualification,Proposal,2024-05-02 09:00:00,S015
H0000999,O000264,Proposal,Negotiation,2024-05-16 10:00:00,S015
H0001000,O000264,Negotiation,Closed Lost,2024-06-21 09:00:00,S015
H0001001,O000265,,Prospecting,2025-04-13 09:00:00,S009
H0001002,O000265,Prospecting,Qualification,2025-06-02 14:00:00,S009
H0001003,O000265,Qualification,Closed Lost,2025-06-22 14:00:00,S009
H0001004,O000266,,Prospecting,2023-04-17 09:00:00,S023
H0001005,O000266,Prospecting,Qualification,2023-04-18 11:00:00,S023
H0001006,O000266,Qualification,Proposal,2023-04-27 09:00:00,S023
H0001007,O000266,Proposal,Negotiation,2023-05-26 08:00:00,S023
H0001008,O000266,Negotiation,Closed Won,2023-06-21 16:00:00,S023
H0001009,O000267,,Prospecting,2023-08-17 09:00:00,S038
H0001010,O000267,Prospecting,Qualification,2023-09-02 09:00:00,S038
H0001011,O000267,Qualification,Proposal,2023-09-15 10:00:00,S038
H0001012,O000267,Proposal,Negotiation,2023-12-19 15:00:00,S038
H0001013,O000267,Negotiation,Closed Won,2023-12-21 09:00:00,S038
H0001014,O000268,,Prospecting,2024-02-20 09:00:00,S008
H0001015,O000268,Prospecting,Qualification,2024-02-25 11:00:00,S008
H0001016,O000268,Qualification,Closed Lost,2024-03-17 10:00:00,S008
H0001017,O000269,,Prospecting,2023-03-01 09:00:00,S033
H0001018,O000269,Prospecting,Qualification,2023-03-07 12:00:00,S033
H0001019,O000269,Qualification,Proposal,2023-03-11 12:00:00,S033
H0001020,O000269,Proposal,Negotiation,2023-04-21 10:00:00,S033
H0001021,O000269,Negotiation,Closed Won,2023-05-16 10:00:00,S033
H0001022,O000270,,Prospecting,2024-03-05 09:00:00,S013
H0001023,O000270,Prospecting,Qualification,2024-03-06 15:00:00,S013
H0001024,O000270,Qualification,Proposal,2024-03-14 17:00:00,S013
H0001025,O000270,Proposal,Negotiation,2024-04-04 08:00:00,S013
H0001026,O000270,Negotiation,Closed Lost,2024-05-15 12:00:00,S013
H0001027,O000271,,Prospecting,2024-10-10 09:00:00,S023
H0001028,O000271,Prospecting,Qualification,2024-10-11 17:00:00,S023
H0001029,O000271,Qualification,Proposal,2024-10-13 12:00:00,S023
H0001030,O000271,Proposal,Closed Lost,2024-10-30 15:00:00,S023
H0001031,O000272,,Prospecting,2024-02-11 09:00:00,S031
H0001032,O000272,Prospecting,Qualification,2024-02-17 16:00:00,S031
H0001033,O000272,Qualification,Proposal,2024-03-07 12:00:00,S031
H0001034,O000272,Proposal,Negotiation,2024-03-22 17:00:00,S031
H0001035,O000272,Negotiation,Closed Lost,2024-05-05 11:00:00,S031
H0001036,O000273,,Prospecting,2024-09-01 09:00:00,S011
H0001037,O000273,Prospecting,Qualification,2024-09-24 10:00:00,S011
H0001038,O000273,Qualification,Proposal,2024-10-06 16:00:00,S011
H0001039,O000273,Proposal,Negotiation,2024-11-05 16:00:00,S011
H0001040,O000273,Negotiation,Closed Won,2024-11-10 10:00:00,S011
H0001041,O000274,,Prospecting,2023-02-27 09:00:00,S008
H0001042,O000274,Prospecting,Qualification,2023-03-26 15:00:00,S008
H0001043,O000274,Qualification,Proposal,2023-04-25 12:00:00,S008
H0001044,O000274,Proposal,Closed Lost,2023-05-08 14:00:00,S008
H0001045,O000275,,Prospecting,2024-07-25 09:00:00,S018
H0001046,O000275,Prospecting,Qualification,2024-08-09 13:00:00,S018
H0001047,O000275,Qualification,Proposal,2024-08-23 13:00:00,S018
H0001048,O000275,Proposal,Negotiation,2024-08-24 16:00:00,S018
H0001049,O000275,Negotiation,Closed Won,2024-09-06 14:00:00,S018
H0001050,O000276,,Prospecting,2025-05-16 09:00:00,S013
H0001051,O000276,Prospecting,Closed Lost,2025-06-17 13:00:00,S013
H0001052,O000277,,Prospecting,2024-09-10 09:00:00,S002
H0001053,O000277,Prospecting,Qualification,2024-09-12 08:00:00,S002
H0001054,O000277,Qualification,Proposal,2024-09-28 12:00:00,S002
H0001055,O000277,Proposal,Closed Lost,2024-10-20 10:00:00,S002
H0001056,O000278,,Prospecting,2024-06-04 09:00:00,S017
H0001057,O000278,Prospecting,Qualification,2024-06-07 12:00:00,S017
H0001058,O000278,Qualification,Proposal,2024-06-29 09:00:00,S017
H0001059,O000278,Proposal,Negotiation,2024-07-03 17:00:00,S017
H0001060,O000278,Negotiation,Closed Won,2024-08-06 13:00:00,S017
H0001061,O000279,,Prospecting,2023-01-03 09:00:00,S038
H0001062,O000279,Prospecting,Qualification,2023-02-12 13:00:00,S038
H0001063,O000279,Qualification,Proposal,2023-03-08 12:00:00,S038
H0001064,O000279,Proposal,Negotiation,2023-03-24 10:00:00,S038
H0001065,O000279,Negotiation,Closed Won,2023-03-27 10:00:00,S038
H0001066,O000280,,Prospecting,2025-02-06 09:00:00,S019
H0001067,O000280,Prospecting,Qualification,2025-03-03 08:00:00,S019
H0001068,O000280,Qualification,Proposal,2025-03-07 10:00:00,S019
H0001069,O000280,Proposal,Negotiation,2025-04-19 11:00:00,S019
H0001070,O000280,Negotiation,Closed Lost,2025-04-26 11:00:00,S019
H0001071,O000281,,Prospecting,2024-12-08 09:00:00,S032
H0001072,O000281,Prospecting,Qualification,2025-01-30 14:00:00,S032
H0001073,O000281,Qualification,Proposal,2025-02-10 11:00:00,S032
H0001074,O000281,Proposal,Closed Lost,2025-03-06 17:00:00,S032
H0001075,O000282,,Prospecting,2024-02-26 09:00:00,S005
H0001076,O000282,Prospecting,Qualification,2024-03-08 17:00:00,S005
H0001077,O000282,Qualification,Proposal,2024-03-11 16:00:00,S005
H0001078,O000282,Proposal,Negotiation,2024-03-30 17:00:00,S005
H0001079,O000282,Negotiation,Closed Won,2024-04-06 14:00:00,S005
H0001080,O000283,,Prospecting,2023-06-13 09:00:00,S009
H0001081,O000283,Prospecting,Qualification,2023-07-03 17:00:00,S009
H0001082,O000283,Qualification,Proposal,2023-08-12 15:00:00,S009
H0001083,O000283,Proposal,Negotiation,2023-09-20 16:00:00,S009
H0001084,O000283,Negotiation,Closed Won,2023-10-05 17:00:00,S009
H0001085,O000284,,Prospecting,2023-01-27 09:00:00,S029
H0001086,O000284,Prospecting,Qualification,2023-02-03 12:00:00,S029
H0001087,O000284,Qualification,Proposal,2023-02-08 12:00:00,S029
H0001088,O000284,Proposal,Negotiation,2023-02-20 17:00:00,S029
H0001089,O000284,Negotiation,Closed Lost,2023-02-28 17:00:00,S029
H0001090,O000285,,Prospecting,2023-06-01 09:00:00,S010
H0001091,O000285,Prospecting,Qualification,2023-07-15 16:00:00,S010
H0001092,O000285,Qualification,Proposal,2023-09-14 15:00:00,S010
H0001093,O000285,Proposal,Negotiation,2023-09-22 14:00:00,S010
H0001094,O000285,Negotiation,Closed Won,2023-10-12 15:00:00,S010
H0001095,O000286,,Prospecting,2025-06-06 09:00:00,S002
H0001096,O000287,,Prospecting,2024-08-16 09:00:00,S028
H0001097,O000287,Prospecting,Qualification,2024-08-20 12:00:00,S028
H0001098,O000287,Qualification,Proposal,2024-08-29 13:00:00,S028
H0001099,O000287,Proposal,Negotiation,2024-09-18 09:00:00,S028
H0001100,O000287,Negotiation,Closed Lost,2024-09-30 09:00:00,S028
H0001101,O000288,,Prospecting,2025-05-24 09:00:00,S010
H0001102,O000288,Prospecting,Qualification,2025-06-05 08:00:00,S010
H0001103,O000288,Qualification,Proposal,2025-06-11 11:00:00,S010
H0001104,O000289,,Prospecting,2023-11-20 09:00:00,S018
H0001105,O000289,Prospecting,Qualification,2024-01-29 08:00:00,S018
H0001106,O000289,Qualification,Proposal,2024-02-03 08:00:00,S018
H0001107,O000289,Proposal,Negotiation,2024-03-11 13:00:00,S018
H0001108,O000289,Negotiation,Closed Won,2024-03-25 10:00:00,S018
H0001109,O000290,,Prospecting,2025-03-20 09:00:00,S019
H0001110,O000290,Prospecting,Closed Lost,2025-05-07 12:00:00,S019
H0001111,O000291,,Prospecting,2024-10-05 09:00:00,S004
H0001112,O000291,Prospecting,Qualification,2024-10-20 12:00:00,S004
H0001113,O000291,Qualification,Closed Lost,2024-10-30 16:00:00,S004
H0001114,O000292,,Prospecting,2024-10-13 09:00:00,S027
H0001115,O000292,Prospecting,Qualification,2024-10-18 16:00:00,S027
H0001116,O000292,Qualification,Proposal,2024-10-26 10:00:00,S027
H0001117,O000292,Proposal,Closed Lost,2024-11-11 15:00:00,S027
H0001118,O000293,,Prospecting,2025-02-02 09:00:00,S011
H0001119,O000293,Prospecting,Qualification,2025-04-09 17:00:00,S011
H0001120,O000293,Qualification,Proposal,2025-04-10 10:00:00,S011
H0001121,O000293,Proposal,Negotiation,2025-04-12 09:00:00,S011
H0001122,O000293,Negotiation,Closed Won,2025-04-13 16:00:00,S011
H0001123,O000294,,Prospecting,2024-08-17 09:00:00,S033
H0001124,O000294,Prospecting,Qualification,2024-08-18 08:00:00,S033
H0001125,O000294,Qualification,Closed Lost,2024-10-28 14:00:00,S033
H0001126,O000295,,Prospecting,2024-11-14 09:00:00,S020
H0001127,O000295,Prospecting,Qualification,2024-11-14 14:00:00,S020
H0001128,O000295,Qualification,Proposal,2024-11-19 11:00:00,S020
H0001129,O000295,Proposal,Negotiation,2024-12-03 08:00:00,S020
H0001130,O000295,Negotiation,Closed Won,2025-01-02 10:00:00,S020
H0001131,O000296,,Prospecting,2024-06-18 09:00:00,S016
H0001132,O000296,Prospecting,Closed Lost,2024-07-13 15:00:00,S016
H0001133,O000297,,Prospecting,2024-04-09 09:00:00,S004
H0001134,O000297,Prospecting,Qualification,2024-05-07 13:00:00,S004
H0001135,O000297,Qualification,Proposal,2024-05-27 10:00:00,S004
H0001136,O000297,Proposal,Negotiation,2024-06-03 08:00:00,S004
H0001137,O000297,Negotiation,Closed Won,2024-07-04 09:00:00,S004
H0001138,O000298,,Prospecting,2024-09-26 09:00:00,S025
H0001139,O000298,Prospecting,Qualification,2024-10-04 13:00:00,S025
H0001140,O000298,Qualification,Proposal,2025-01-26 17:00:00,S025
H0001141,O000298,Proposal,Negotiation,2025-02-09 10:00:00,S025
H0001142,O000298,Negotiation,Closed Lost,2025-02-13 13:00:00,S025
H0001143,O000299,,Prospecting,2025-06-18 09:00:00,S027
H0001144,O000300,,Prospecting,2023-02-15 09:00:00,S022
H0001145,O000300,Prospecting,Qualification,2023-02-17 16:00:00,S022
H0001146,O000300,Qualification,Proposal,2023-02-25 08:00:00,S022
H0001147,O000300,Proposal,Negotiation,2023-02-28 12:00:00,S022
H0001148,O000300,Negotiation,Closed Won,2023-03-01 13:00:00,S022
H0001149,O000301,,Prospecting,2025-02-26 09:00:00,S040
H0001150,O000301,Prospecting,Qualification,2025-03-27 12:00:00,S040
H0001151,O000301,Qualification,Proposal,2025-05-02 16:00:00,S040
H0001152,O000301,Proposal,Negotiation,2025-05-07 09:00:00,S040
H0001153,O000301,Negotiation,Closed Lost,2025-05-25 13:00:00,S040
H0001154,O000302,,Prospecting,2025-03-13 09:00:00,S002
H0001155,O000302,Prospecting,Qualification,2025-03-19 15:00:00,S002
H0001156,O000302,Qualification,Proposal,2025-05-01 13:00:00,S002
H0001157,O000302,Proposal,Negotiation,2025-05-18 12:00:00,S002
H0001158,O000302,Negotiation,Closed Lost,2025-05-20 11:00:00,S002
H0001159,O000303,,Prospecting,2023-12-21 09:00:00,S025
H0001160,O000303,Prospecting,Qualification,2024-02-10 08:00:00,S025
H0001161,O000303,Qualification,Closed Lost,2024-03-01 11:00:00,S025
H0001162,O000304,,Prospecting,2023-04-24 09:00:00,S026
H0001163,O000304,Prospecting,Closed Lost,2023-05-22 13:00:00,S026
H0001164,O000305,,Prospecting,2023-04-04 09:00:00,S016
H0001165,O000305,Prospecting,Qualification,2023-04-07 16:00:00,S016
H0001166,O000305,Qualification,Proposal,2023-04-08 15:00:00,S016
H0001167,O000305,Proposal,Negotiation,2023-04-12 16:00:00,S016
H0001168,O000305,Negotiation,Closed Lost,2023-04-19 10:00:00,S016
H0001169,O000306,,Prospecting,2025-03-28 09:00:00,S017
H0001170,O000306,Prospecting,Qualification,2025-04-07 10:00:00,S017
H0001171,O000306,Qualification,Proposal,2025-04-12 13:00:00,S017
H0001172,O000306,Proposal,Negotiation,2025-04-15 16:00:00,S017
H0001173,O000306,Negotiation,Closed Won,2025-04-28 09:00:00,S017
H0001174,O000307,,Prospecting,2024-06-02 09:00:00,S002
H0001175,O000307,Prospecting,Closed Lost,2024-09-10 09:00:00,S002
H0001176,O000308,,Prospecting,2024-06-08 09:00:00,S025
H0001177,O000308,Prospecting,Qualification,2024-06-09 10:00:00,S025
H0001178,O000308,Qualification,Closed Lost,2024-07-11 09:00:00,S025
H0001179,O000309,,Prospecting,2025-05-27 09:00:00,S029
H0001180,O000309,Prospecting,Qualification,2025-05-29 10:00:00,S029
H0001181,O000310,,Prospecting,2025-06-15 09:00:00,S036
H0001182,O000311,,Prospecting,2025-05-09 09:00:00,S033
H0001183,O000311,Prospecting,Qualification,2025-05-14 13:00:00,S033
H0001184,O000311,Qualification,Proposal,2025-05-30 15:00:00,S033
H0001185,O000311,Proposal,Negotiation,2025-06-05 08:00:00,S033
H0001186,O000312,,Prospecting,2023-09-09 09:00:00,S024
H0001187,O000312,Prospecting,Qualification,2023-09-13 15:00:00,S024
H0001188,O000312,Qualification,Proposal,2023-11-21 11:00:00,S024
H0001189,O000312,Proposal,Negotiation,2023-11-25 10:00:00,S024
H0001190,O000312,Negotiation,Closed Won,2024-01-24 10:00:00,S024
H0001191,O000313,,Prospecting,2024-01-30 09:00:00,S012
H0001192,O000313,Prospecting,Qualification,2024-02-12 17:00:00,S012
H0001193,O000313,Qualification,Proposal,2024-02-18 17:00:00,S012
H0001194,O000313,Proposal,Closed Lost,2024-02-21 13:00:00,S012
H0001195,O000314,,Prospecting,2025-06-24 09:00:00,S011
H0001196,O000315,,Prospecting,2025-04-08 09:00:00,S009
H0001197,O000315,Prospecting,Qualification,2025-04-20 10:00:00,S009
H0001198,O000315,Qualification,Proposal,2025-04-30 12:00:00,S009
H0001199,O000316,,Prospecting,2023-12-02 09:00:00,S010
H0001200,O000316,Prospecting,Qualification,2023-12-02 08:00:00,S010
H0001201,O000316,Qualification,Proposal,2023-12-17 15:00:00,S010
H0001202,O000316,Proposal,Negotiation,2024-01-02 17:00:00,S010
H0001203,O000316,Negotiation,Closed Won,2024-01-05 16:00:00,S010
H0001204,O000317,,Prospecting,2025-04-25 09:00:00,S012
H0001205,O000317,Prospecting,Qualification,2025-05-07 16:00:00,S012
H0001206,O000317,Qualification,Proposal,2025-05-30 10:00:00,S012
H0001207,O000317,Proposal,Negotiation,2025-06-08 16:00:00,S012
H0001208,O000317,Negotiation,Closed Won,2025-06-12 10:00:00,S012
H0001209,O000318,,Prospecting,2024-04-04 09:00:00,S028
H0001210,O000318,Prospecting,Qualification,2024-05-17 10:00:00,S028
H0001211,O000318,Qualification,Proposal,2024-05-18 17:00:00,S028
H0001212,O000318,Proposal,Closed Lost,2024-06-15 16:00:00,S028
H0001213,O000319,,Prospecting,2025-03-13 09:00:00,S026
H0001214,O000319,Prospecting,Qualification,2025-03-16 09:00:00,S026
H0001215,O000319,Qualification,Proposal,2025-03-21 16:00:00,S026
H0001216,O000319,Proposal,Negotiation,2025-03-26 14:00:00,S026
H0001217,O000319,Negotiation,Closed Lost,2025-04-30 09:00:00,S026
H0001218,O000320,,Prospecting,2024-11-14 09:00:00,S031
H0001219,O000320,Prospecting,Qualification,2024-12-12 14:00:00,S031
H0001220,O000320,Qualification,Proposal,2025-01-12 08:00:00,S031
H0001221,O000320,Proposal,Negotiation,2025-01-18 13:00:00,S031
H0001222,O000320,Negotiation,Closed Lost,2025-01-25 09:00:00,S031
H0001223,O000321,,Prospecting,2023-09-06 09:00:00,S021
H0001224,O000321,Prospecting,Qualification,2023-10-15 10:00:00,S021
H0001225,O000321,Qualification,Closed Lost,2023-10-23 11:00:00,S021
H0001226,O000322,,Prospecting,2025-01-21 09:00:00,S016
H0001227,O000322,Prospecting,Qualification,2025-03-10 13:00:00,S016
H0001228,O000322,Qualification,Proposal,2025-04-05 12:00:00,S016
H0001229,O000322,Proposal,Negotiation,2025-04-05 12:00:00,S016
H0001230,O000322,Negotiation,Closed Lost,2025-04-11 10:00:00,S016
H0001231,O000323,,Prospecting,2024-09-02 09:00:00,S012
H0001232,O000323,Prospecting,Qualification,2024-10-15 14:00:00,S012
H0001233,O000323,Qualification,Proposal,2024-10-25 14:00:00,S012
H0001234,O000323,Proposal,Negotiation,2024-10-27 16:00:00,S012
H0001235,O000323,Negotiation,Closed Won,2024-10-31 09:00:00,S012
H0001236,O000324,,Prospecting,2024-03-05 09:00:00,S002
H0001237,O000324,Prospecting,Closed Lost,2024-05-17 15:00:00,S002
H0001238,O000325,,Prospecting,2023-03-20 09:00:00,S027
H0001239,O000325,Prospecting,Qualification,2023-04-22 10:00:00,S027
H0001240,O000325,Qualification,Proposal,2023-04-25 16:00:00,S027
H0001241,O000325,Proposal,Negotiation,2023-04-29 11:00:00,S027
H0001242,O000325,Negotiation,Closed Won,2023-05-04 10:00:00,S027
H0001243,O000326,,Prospecting,2024-05-12 09:00:00,S004
H0001244,O000326,Prospecting,Qualification,2024-06-19 14:00:00,S004
H0001245,O000326,Qualification,Proposal,2024-07-02 13:00:00,S004
H0001246,O000326,Proposal,Negotiation,2024-07-08 17:00:00,S004
H0001247,O000326,Negotiation,Closed Won,2024-08-07 16:00:00,S004
H0001248,O000327,,Prospecting,2024-07-25 09:00:00,S008
H0001249,O000327,Prospecting,Qualification,2024-08-05 13:00:00,S008
H0001250,O000327,Qualification,Proposal,2024-08-06 09:00:00,S008
H0001251,O000327,Proposal,Negotiation,2024-08-25 14:00:00,S008
H0001252,O000327,Negotiation,Closed Won,2024-09-26 11:00:00,S008
H0001253,O000328,,Prospecting,2024-05-05 09:00:00,S035
H0001254,O000328,Prospecting,Qualification,2024-05-23 17:00:00,S035
H0001255,O000328,Qualification,Proposal,2024-05-25 13:00:00,S035
H0001256,O000328,Proposal,Negotiation,2024-05-29 12:00:00,S035
H0001257,O000328,Negotiation,Closed Won,2024-06-02 15:00:00,S035
H0001258,O000329,,Prospecting,2024-05-04 09:00:00,S016
H0001259,O000329,Prospecting,Qualification,2024-05-20 17:00:00,S016
H0001260,O000329,Qualification,Proposal,2024-05-25 08:00:00,S016
H0001261,O000329,Proposal,Closed Lost,2024-06-14 11:00:00,S016
H0001262,O000330,,Prospecting,2025-04-22 09:00:00,S040
H0001263,O000330,Prospecting,Qualification,2025-04-24 10:00:00,S040
H0001264,O000330,Qualification,Proposal,2025-05-04 12:00:00,S040
H0001265,O000330,Proposal,Closed Lost,2025-06-23 16:00:00,S040
H0001266,O000331,,Prospecting,2025-04-14 09:00:00,S012
H0001267,O000331,Prospecting,Qualification,2025-05-07 17:00:00,S012
H0001268,O000331,Qualification,Proposal,2025-05-16 09:00:00,S012
H0001269,O000331,Proposal,Negotiation,2025-06-14 10:00:00,S012
H0001270,O000332,,Prospecting,2025-03-24 09:00:00,S019
H0001271,O000332,Prospecting,Qualification,2025-03-26 13:00:00,S019
H0001272,O000332,Qualification,Proposal,2025-04-01 12:00:00,S019
H0001273,O000332,Proposal,Negotiation,2025-05-03 11:00:00,S019
H0001274,O000333,,Prospecting,2025-04-14 09:00:00,S004
H0001275,O000333,Prospecting,Qualification,2025-04-18 14:00:00,S004
H0001276,O000333,Qualification,Proposal,2025-05-05 10:00:00,S004
H0001277,O000334,,Prospecting,2024-08-17 09:00:00,S016
H0001278,O000334,Prospecting,Closed Lost,2024-12-10 09:00:00,S016
H0001279,O000335,,Prospecting,2023-11-28 09:00:00,S025
H0001280,O000335,Prospecting,Qualification,2023-12-22 15:00:00,S025
H0001281,O000335,Qualification,Proposal,2024-01-02 10:00:00,S025
H0001282,O000335,Proposal,Negotiation,2024-01-10 14:00:00,S025
H0001283,O000335,Negotiation,Closed Lost,2024-01-28 10:00:00,S025
H0001284,O000336,,Prospecting,2024-10-17 09:00:00,S008
H0001285,O000336,Prospecting,Qualification,2024-11-15 13:00:00,S008
H0001286,O000336,Qualification,Proposal,2025-01-11 12:00:00,S008
H0001287,O000336,Proposal,Negotiation,2025-01-12 10:00:00,S008
H0001288,O000336,Negotiation,Closed Lost,2025-01-22 13:00:00,S008
H0001289,O000337,,Prospecting,2025-04-19 09:00:00,S017
H0001290,O000337,Prospecting,Qualification,2025-04-20 11:00:00,S017
H0001291,O000337,Qualification,Proposal,2025-05-02 16:00:00,S017
H0001292,O000337,Proposal,Negotiation,2025-06-12 09:00:00,S017
H0001293,O000337,Negotiation,Closed Won,2025-06-15 15:00:00,S017
H0001294,O000338,,Prospecting,2024-04-09 09:00:00,S020
H0001295,O000338,Prospecting,Qualification,2024-04-28 08:00:00,S020
H0001296,O000338,Qualification,Proposal,2024-05-19 09:00:00,S020
H0001297,O000338,Proposal,Negotiation,2024-06-21 11:00:00,S020
H0001298,O000338,Negotiation,Closed Won,2024-07-04 12:00:00,S020
H0001299,O000339,,Prospecting,2025-03-29 09:00:00,S015
H0001300,O000339,Prospecting,Qualification,2025-04-08 09:00:00,S015
H0001301,O000339,Qualification,Proposal,2025-06-01 12:00:00,S015
H0001302,O000339,Proposal,Negotiation,2025-06-25 14:00:00,S015
H0001303,O000340,,Prospecting,2024-06-02 09:00:00,S012
H0001304,O000340,Prospecting,Qualification,2024-06-19 11:00:00,S012
H0001305,O000340,Qualification,Proposal,2024-06-19 08:00:00,S012
H0001306,O000340,Proposal,Negotiation,2024-06-29 10:00:00,S012
H0001307,O000340,Negotiation,Closed Won,2024-07-08 15:00:00,S012
H0001308,O000341,,Prospecting,2025-01-31 09:00:00,S011
H0001309,O000341,Prospecting,Qualification,2025-02-27 17:00:00,S011
H0001310,O000341,Qualification,Proposal,2025-03-10 16:00:00,S011
H0001311,O000341,Proposal,Negotiation,2025-04-10 08:00:00,S011
H0001312,O000341,Negotiation,Closed Won,2025-06-06 17:00:00,S011
H0001313,O000342,,Prospecting,2023-12-11 09:00:00,S032
H0001314,O000342,Prospecting,Qualification,2023-12-19 08:00:00,S032
H0001315,O000342,Qualification,Proposal,2024-01-12 10:00:00,S032
H0001316,O000342,Proposal,Negotiation,2024-01-17 12:00:00,S032
H0001317,O000342,Negotiation,Closed Lost,2024-01-29 10:00:00,S032
H0001318,O000343,,Prospecting,2025-02-04 09:00:00,S031
H0001319,O000343,Prospecting,Qualification,2025-02-11 16:00:00,S031
H0001320,O000343,Qualification,Proposal,2025-02-11 08:00:00,S031
H0001321,O000343,Proposal,Negotiation,2025-03-24 14:00:00,S031
H0001322,O000343,Negotiation,Closed Lost,2025-04-01 16:00:00,S031
H0001323,O000344,,Prospecting,2024-10-25 09:00:00,S008
H0001324,O000344,Prospecting,Qualification,2024-11-21 10:00:00,S008
H0001325,O000344,Qualification,Proposal,2024-11-29 15:00:00,S008
H0001326,O000344,Proposal,Negotiation,2024-12-10 14:00:00,S008
H0001327,O000344,Negotiation,Closed Won,2024-12-13 10:00:00,S008
H0001328,O000345,,Prospecting,2025-06-27 09:00:00,S008
H0001329,O000346,,Prospecting,2023-02-16 09:00:00,S013
H0001330,O000346,Prospecting,Qualification,2023-02-23 16:00:00,S013
H0001331,O000346,Qualification,Proposal,2023-03-23 17:00:00,S013
H0001332,O000346,Proposal,Negotiation,2023-04-24 12:00:00,S013
H0001333,O000346,Negotiation,Closed Won,2023-04-30 11:00:00,S013
H0001334,O000347,,Prospecting,2025-03-02 09:00:00,S011
H0001335,O000347,Prospecting,Closed Lost,2025-03-23 14:00:00,S011
H0001336,O000348,,Prospecting,2025-06-18 09:00:00,S011
H0001337,O000349,,Prospecting,2025-03-26 09:00:00,S026
H0001338,O000349,Prospecting,Qualification,2025-03-30 13:00:00,S026
H0001339,O000349,Qualification,Closed Lost,2025-06-04 11:00:00,S026
H0001340,O000350,,Prospecting,2024-04-29 09:00:00,S031
H0001341,O000350,Prospecting,Qualification,2024-06-03 13:00:00,S031
H0001342,O000350,Qualification,Proposal,2024-07-11 12:00:00,S031
H0001343,O000350,Proposal,Closed Lost,2024-07-17 09:00:00,S031
H0001344,O000351,,Prospecting,2023-09-23 09:00:00,S001
H0001345,O000351,Prospecting,Qualification,2023-10-17 10:00:00,S001
H0001346,O000351,Qualification,Proposal,2023-10-18 12:00:00,S001
H0001347,O000351,Proposal,Closed Lost,2023-10-24 11:00:00,S001
H0001348,O000352,,Prospecting,2024-05-10 09:00:00,S020
H0001349,O000352,Prospecting,Qualification,2024-06-08 15:00:00,S020
H0001350,O000352,Qualification,Closed Lost,2024-07-12 17:00:00,S020
H0001351,O000353,,Prospecting,2023-12-18 09:00:00,S030
H0001352,O000353,Prospecting,Closed Lost,2024-01-15 17:00:00,S030
H0001353,O000354,,Prospecting,2025-05-06 09:00:00,S009
H0001354,O000354,Prospecting,Closed Lost,2025-05-24 14:00:00,S009
H0001355,O000355,,Prospecting,2023-02-15 09:00:00,S019
H0001356,O000355,Prospecting,Qualification,2023-02-28 10:00:00,S019
H0001357,O000355,Qualification,Closed Lost,2023-03-02 09:00:00,S019
H0001358,O000356,,Prospecting,2024-05-04 09:00:00,S016
H0001359,O000356,Prospecting,Qualification,2024-05-16 09:00:00,S016
H0001360,O000356,Qualification,Proposal,2024-06-19 12:00:00,S016
H0001361,O000356,Proposal,Negotiation,2024-07-20 08:00:00,S016
H0001362,O000356,Negotiation,Closed Won,2024-08-25 14:00:00,S016
H0001363,O000357,,Prospecting,2025-06-01 09:00:00,S011
H0001364,O000357,Prospecting,Qualification,2025-06-09 12:00:00,S011
H0001365,O000357,Qualification,Closed Lost,2025-06-12 14:00:00,S011
H0001366,O000358,,Prospecting,2025-03-19 09:00:00,S008
H0001367,O000358,Prospecting,Qualification,2025-03-31 08:00:00,S008
H0001368,O000358,Qualification,Proposal,2025-05-01 09:00:00,S008
H0001369,O000358,Proposal,Closed Lost,2025-05-18 10:00:00,S008
H0001370,O000359,,Prospecting,2025-06-26 09:00:00,S008
H0001371,O000360,,Prospecting,2025-06-09 09:00:00,S036
H0001372,O000361,,Prospecting,2023-11-07 09:00:00,S014
H0001373,O000361,Prospecting,Qualification,2023-12-07 08:00:00,S014
H0001374,O000361,Qualification,Proposal,2023-12-19 09:00:00,S014
H0001375,O000361,Proposal,Negotiation,2024-01-15 13:00:00,S014
H0001376,O000361,Negotiation,Closed Lost,2024-01-16 12:00:00,S014
H0001377,O000362,,Prospecting,2025-04-04 09:00:00,S016
H0001378,O000362,Prospecting,Qualification,2025-05-16 12:00:00,S016
H0001379,O000362,Qualification,Proposal,2025-05-29 15:00:00,S016
H0001380,O000362,Proposal,Closed Lost,2025-06-28 16:00:00,S016
H0001381,O000363,,Prospecting,2023-08-25 09:00:00,S005
H0001382,O000363,Prospecting,Closed Lost,2023-11-07 09:00:00,S005
H0001383,O000364,,Prospecting,2024-02-20 09:00:00,S039
H0001384,O000364,Prospecting,Qualification,2024-03-15 12:00:00,S039
H0001385,O000364,Qualification,Closed Lost,2024-05-10 16:00:00,S039
H0001386,O000365,,Prospecting,2024-09-25 09:00:00,S002
H0001387,O000365,Prospecting,Qualification,2024-10-22 15:00:00,S002
H0001388,O000365,Qualification,Proposal,2024-10-31 09:00:00,S002
H0001389,O000365,Proposal,Negotiation,2024-11-15 15:00:00,S002
H0001390,O000365,Negotiation,Closed Lost,2024-11-28 10:00:00,S002
H0001391,O000366,,Prospecting,2025-06-21 09:00:00,S022
H0001392,O000367,,Prospecting,2023-11-07 09:00:00,S032
H0001393,O000367,Prospecting,Qualification,2023-12-10 08:00:00,S032
H0001394,O000367,Qualification,Closed Lost,2023-12-11 12:00:00,S032
H0001395,O000368,,Prospecting,2024-09-17 09:00:00,S028
H0001396,O000368,Prospecting,Qualification,2024-11-12 13:00:00,S028
H0001397,O000368,Qualification,Closed Lost,2024-11-24 10:00:00,S028
H0001398,O000369,,Prospecting,2025-01-22 09:00:00,S025
H0001399,O000369,Prospecting,Qualification,2025-02-19 16:00:00,S025
H0001400,O000369,Qualification,Proposal,2025-02-25 14:00:00,S025
H0001401,O000369,Proposal,Closed Lost,2025-04-01 17:00:00,S025
H0001402,O000370,,Prospecting,2024-05-15 09:00:00,S039
H0001403,O000370,Prospecting,Qualification,2024-05-20 12:00:00,S039
H0001404,O000370,Qualification,Proposal,2024-06-11 12:00:00,S039
H0001405,O000370,Proposal,Negotiation,2024-06-21 14:00:00,S039
H0001406,O000370,Negotiation,Closed Won,2024-07-01 13:00:00,S039
H0001407,O000371,,Prospecting,2023-08-07 09:00:00,S019
H0001408,O000371,Prospecting,Closed Lost,2023-09-01 09:00:00,S019
H0001409,O000372,,Prospecting,2025-05-30 09:00:00,S011
H0001410,O000373,,Prospecting,2025-02-17 09:00:00,S012
H0001411,O000373,Prospecting,Qualification,2025-02-20 09:00:00,S012
H0001412,O000373,Qualification,Proposal,2025-02-24 10:00:00,S012
H0001413,O000373,Proposal,Closed Lost,2025-03-04 17:00:00,S012
H0001414,O000374,,Prospecting,2025-05-23 09:00:00,S026
H0001415,O000374,Prospecting,Qualification,2025-06-15 11:00:00,S026
H0001416,O000375,,Prospecting,2025-03-10 09:00:00,S010
H0001417,O000375,Prospecting,Qualification,2025-03-15 12:00:00,S010
H0001418,O000375,Qualification,Proposal,2025-04-02 10:00:00,S010
H0001419,O000375,Proposal,Negotiation,2025-04-27 11:00:00,S010
H0001420,O000375,Negotiation,Closed Lost,2025-04-28 17:00:00,S010
H0001421,O000376,,Prospecting,2024-04-27 09:00:00,S011
H0001422,O000376,Prospecting,Qualification,2024-05-05 13:00:00,S011
H0001423,O000376,Qualification,Proposal,2024-05-08 13:00:00,S011
H0001424,O000376,Proposal,Negotiation,2024-05-21 16:00:00,S011
H0001425,O000376,Negotiation,Closed Won,2024-05-27 15:00:00,S011
H0001426,O000377,,Prospecting,2024-08-14 09:00:00,S025
H0001427,O000377,Prospecting,Qualification,2024-08-18 10:00:00,S025
H0001428,O000377,Qualification,Proposal,2024-10-08 10:00:00,S025
H0001429,O000377,Proposal,Closed Lost,2024-10-18 16:00:00,S025
H0001430,O000378,,Prospecting,2024-02-26 09:00:00,S036
H0001431,O000378,Prospecting,Qualification,2024-02-28 13:00:00,S036
H0001432,O000378,Qualification,Proposal,2024-03-07 08:00:00,S036
H0001433,O000378,Proposal,Closed Lost,2024-03-18 15:00:00,S036
H0001434,O000379,,Prospecting,2023-03-26 09:00:00,S025
H0001435,O000379,Prospecting,Qualification,2023-07-09 12:00:00,S025
H0001436,O000379,Qualification,Proposal,2023-07-13 11:00:00,S025
H0001437,O000379,Proposal,Closed Lost,2023-07-19 15:00:00,S025
H0001438,O000380,,Prospecting,2024-07-21 09:00:00,S008
H0001439,O000380,Prospecting,Closed Lost,2024-09-29 15:00:00,S008
H0001440,O000381,,Prospecting,2024-07-26 09:00:00,S016
H0001441,O000381,Prospecting,Qualification,2024-08-31 10:00:00,S016
H0001442,O000381,Qualification,Proposal,2024-09-01 11:00:00,S016
H0001443,O000381,Proposal,Negotiation,2024-09-16 14:00:00,S016
H0001444,O000381,Negotiation,Closed Lost,2024-09-28 12:00:00,S016
H0001445,O000382,,Prospecting,2024-08-10 09:00:00,S023
H0001446,O000382,Prospecting,Qualification,2024-08-17 17:00:00,S023
H0001447,O000382,Qualification,Proposal,2024-08-21 17:00:00,S023
H0001448,O000382,Proposal,Negotiation,2024-08-23 11:00:00,S023
H0001449,O000382,Negotiation,Closed Won,2024-08-26 12:00:00,S023
H0001450,O000383,,Prospecting,2024-10-29 09:00:00,S009
H0001451,O000383,Prospecting,Closed Lost,2024-11-19 17:00:00,S009
H0001452,O000384,,Prospecting,2023-07-22 09:00:00,S012
H0001453,O000384,Prospecting,Qualification,2023-08-02 14:00:00,S012
H0001454,O000384,Qualification,Proposal,2023-08-03 10:00:00,S012
H0001455,O000384,Proposal,Negotiation,2023-08-27 12:00:00,S012
H0001456,O000384,Negotiation,Closed Won,2023-08-30 15:00:00,S012
H0001457,O000385,,Prospecting,2025-04-13 09:00:00,S037
H0001458,O000385,Prospecting,Qualification,2025-06-01 16:00:00,S037
H0001459,O000385,Qualification,Proposal,2025-06-03 17:00:00,S037
H0001460,O000385,Proposal,Negotiation,2025-06-13 11:00:00,S037
H0001461,O000385,Negotiation,Closed Won,2025-06-19 14:00:00,S037
H0001462,O000386,,Prospecting,2023-07-02 09:00:00,S009
H0001463,O000386,Prospecting,Qualification,2023-07-04 10:00:00,S009
H0001464,O000386,Qualification,Proposal,2023-07-09 10:00:00,S009
H0001465,O000386,Proposal,Negotiation,2023-08-22 09:00:00,S009
H0001466,O000386,Negotiation,Closed Won,2023-08-29 17:00:00,S009
H0001467,O000387,,Prospecting,2023-09-07 09:00:00,S031
H0001468,O000387,Prospecting,Qualification,2023-09-07 09:00:00,S031
H0001469,O000387,Qualification,Proposal,2023-09-08 13:00:00,S031
H0001470,O000387,Proposal,Negotiation,2023-09-12 13:00:00,S031
H0001471,O000387,Negotiation,Closed Lost,2023-09-22 10:00:00,S031
H0001472,O000388,,Prospecting,2023-06-14 09:00:00,S009
H0001473,O000388,Prospecting,Closed Lost,2023-07-17 12:00:00,S009
H0001474,O000389,,Prospecting,2025-06-24 09:00:00,S039
H0001475,O000390,,Prospecting,2024-04-16 09:00:00,S002
H0001476,O000390,Prospecting,Qualification,2024-04-30 17:00:00,S002
H0001477,O000390,Qualification,Proposal,2024-05-09 16:00:00,S002
H0001478,O000390,Proposal,Negotiation,2024-05-18 13:00:00,S002
H0001479,O000390,Negotiation,Closed Lost,2024-05-23 13:00:00,S002
H0001480,O000391,,Prospecting,2023-10-15 09:00:00,S011
H0001481,O000391,Prospecting,Closed Lost,2024-02-22 10:00:00,S011
H0001482,O000392,,Prospecting,2025-04-23 09:00:00,S033
H0001483,O000392,Prospecting,Qualification,2025-05-14 11:00:00,S033
H0001484,O000392,Qualification,Proposal,2025-05-16 12:00:00,S033
H0001485,O000392,Proposal,Negotiation,2025-05-27 16:00:00,S033
H0001486,O000392,Negotiation,Closed Lost,2025-06-21 16:00:00,S033
H0001487,O000393,,Prospecting,2024-10-25 09:00:00,S040
H0001488,O000393,Prospecting,Qualification,2024-11-17 12:00:00,S040
H0001489,O000393,Qualification,Proposal,2024-12-01 15:00:00,S040
H0001490,O000393,Proposal,Closed Lost,2025-01-26 12:00:00,S040
H0001491,O000394,,Prospecting,2023-05-29 09:00:00,S020
H0001492,O000394,Prospecting,Qualification,2023-06-02 10:00:00,S020
H0001493,O000394,Qualification,Proposal,2023-06-16 10:00:00,S020
H0001494,O000394,Proposal,Negotiation,2023-06-30 09:00:00,S020
H0001495,O000394,Negotiation,Closed Won,2023-07-14 10:00:00,S020
H0001496,O000395,,Prospecting,2023-06-04 09:00:00,S024
H0001497,O000395,Prospecting,Qualification,2023-06-26 08:00:00,S024
H0001498,O000395,Qualification,Closed Lost,2023-07-15 09:00:00,S024
H0001499,O000396,,Prospecting,2025-06-04 09:00:00,S022
H0001500,O000396,Prospecting,Qualification,2025-06-24 14:00:00,S022
H0001501,O000397,,Prospecting,2023-11-14 09:00:00,S040
H0001502,O000397,Prospecting,Qualification,2023-11-14 12:00:00,S040
H0001503,O000397,Qualification,Proposal,2023-11-26 13:00:00,S040
H0001504,O000397,Proposal,Negotiation,2023-12-02 17:00:00,S040
H0001505,O000397,Negotiation,Closed Won,2023-12-05 11:00:00,S040
H0001506,O000398,,Prospecting,2023-05-04 09:00:00,S018
H0001507,O000398,Prospecting,Qualification,2023-06-10 10:00:00,S018
H0001508,O000398,Qualification,Proposal,2023-07-03 09:00:00,S018
H0001509,O000398,Proposal,Negotiation,2023-07-26 15:00:00,S018
H0001510,O000398,Negotiation,Closed Won,2023-08-03 15:00:00,S018
H0001511,O000399,,Prospecting,2023-12-14 09:00:00,S010
H0001512,O000399,Prospecting,Qualification,2023-12-21 14:00:00,S010
H0001513,O000399,Qualification,Proposal,2024-02-12 12:00:00,S010
H0001514,O000399,Proposal,Negotiation,2024-02-18 13:00:00,S010
H0001515,O000399,Negotiation,Closed Won,2024-03-06 16:00:00,S010
H0001516,O000400,,Prospecting,2025-03-14 09:00:00,S005
H0001517,O000400,Prospecting,Qualification,2025-03-27 10:00:00,S005
H0001518,O000400,Qualification,Proposal,2025-04-08 11:00:00,S005
H0001519,O000400,Proposal,Negotiation,2025-04-14 10:00:00,S005
H0001520,O000401,,Prospecting,2023-01-27 09:00:00,S012
H0001521,O000401,Prospecting,Qualification,2023-01-30 08:00:00,S012
H0001522,O000401,Qualification,Proposal,2023-01-31 14:00:00,S012
H0001523,O000401,Proposal,Closed Lost,2023-02-03 10:00:00,S012
H0001524,O000402,,Prospecting,2024-12-19 09:00:00,S019
H0001525,O000402,Prospecting,Qualification,2025-01-01 14:00:00,S019
H0001526,O000402,Qualification,Proposal,2025-01-24 08:00:00,S019
H0001527,O000402,Proposal,Closed Lost,2025-03-03 17:00:00,S019
H0001528,O000403,,Prospecting,2025-05-17 09:00:00,S009
H0001529,O000403,Prospecting,Qualification,2025-06-19 16:00:00,S009
H0001530,O000404,,Prospecting,2023-11-24 09:00:00,S010
H0001531,O000404,Prospecting,Qualification,2023-11-29 16:00:00,S010
H0001532,O000404,Qualification,Proposal,2024-01-15 12:00:00,S010
H0001533,O000404,Proposal,Closed Lost,2024-02-21 13:00:00,S010
H0001534,O000405,,Prospecting,2023-01-10 09:00:00,S039
H0001535,O000405,Prospecting,Qualification,2023-02-09 11:00:00,S039
H0001536,O000405,Qualification,Proposal,2023-03-01 17:00:00,S039
H0001537,O000405,Proposal,Negotiation,2023-03-11 14:00:00,S039
H0001538,O000405,Negotiation,Closed Won,2023-03-15 12:00:00,S039
H0001539,O000406,,Prospecting,2024-02-04 09:00:00,S038
H0001540,O000406,Prospecting,Qualification,2024-03-10 10:00:00,S038
H0001541,O000406,Qualification,Proposal,2024-03-31 16:00:00,S038
H0001542,O000406,Proposal,Closed Lost,2024-04-21 14:00:00,S038
H0001543,O000407,,Prospecting,2023-05-31 09:00:00,S012
H0001544,O000407,Prospecting,Qualification,2023-05-31 14:00:00,S012
H0001545,O000407,Qualification,Proposal,2023-07-11 14:00:00,S012
H0001546,O000407,Proposal,Negotiation,2023-07-27 11:00:00,S012
H0001547,O000407,Negotiation,Closed Won,2023-08-17 16:00:00,S012
H0001548,O000408,,Prospecting,2025-05-09 09:00:00,S040
H0001549,O000408,Prospecting,Closed Lost,2025-05-24 12:00:00,S040
H0001550,O000409,,Prospecting,2025-06-26 09:00:00,S016
H0001551,O000410,,Prospecting,2024-09-08 09:00:00,S031
H0001552,O000410,Prospecting,Qualification,2024-09-13 16:00:00,S031
H0001553,O000410,Qualification,Proposal,2024-09-14 08:00:00,S031
H0001554,O000410,Proposal,Closed Lost,2024-09-15 14:00:00,S031
H0001555,O000411,,Prospecting,2025-05-05 09:00:00,S020
H0001556,O000411,Prospecting,Closed Lost,2025-06-02 14:00:00,S020
H0001557,O000412,,Prospecting,2025-02-27 09:00:00,S035
H0001558,O000412,Prospecting,Qualification,2025-03-01 11:00:00,S035
H0001559,O000412,Qualification,Proposal,2025-03-02 14:00:00,S035
H0001560,O000412,Proposal,Negotiation,2025-03-20 11:00:00,S035
H0001561,O000412,Negotiation,Closed Won,2025-05-29 17:00:00,S035
H0001562,O000413,,Prospecting,2025-02-23 09:00:00,S011
H0001563,O000413,Prospecting,Closed Lost,2025-03-28 14:00:00,S011
H0001564,O000414,,Prospecting,2023-01-12 09:00:00,S008
H0001565,O000414,Prospecting,Qualification,2023-03-18 09:00:00,S008
H0001566,O000414,Qualification,Proposal,2023-03-24 12:00:00,S008
H0001567,O000414,Proposal,Negotiation,2023-04-03 10:00:00,S008
H0001568,O000414,Negotiation,Closed Won,2023-04-04 12:00:00,S008
H0001569,O000415,,Prospecting,2025-04-12 09:00:00,S027
H0001570,O000415,Prospecting,Closed Lost,2025-04-29 14:00:00,S027
H0001571,O000416,,Prospecting,2023-07-30 09:00:00,S013
H0001572,O000416,Prospecting,Qualification,2023-09-26 13:00:00,S013
H0001573,O000416,Qualification,Proposal,2023-10-07 11:00:00,S013
H0001574,O000416,Proposal,Negotiation,2023-10-09 12:00:00,S013
H0001575,O000416,Negotiation,Closed Won,2023-10-27 10:00:00,S013
H0001576,O000417,,Prospecting,2023-10-05 09:00:00,S038
H0001577,O000417,Prospecting,Qualification,2023-10-11 13:00:00,S038
H0001578,O000417,Qualification,Proposal,2023-11-20 13:00:00,S038
H0001579,O000417,Proposal,Negotiation,2024-01-13 15:00:00,S038
H0001580,O000417,Negotiation,Closed Lost,2024-02-10 11:00:00,S038
H0001581,O000418,,Prospecting,2024-12-03 09:00:00,S003
H0001582,O000418,Prospecting,Qualification,2024-12-19 12:00:00,S003
H0001583,O000418,Qualification,Proposal,2024-12-21 10:00:00,S003
H0001584,O000418,Proposal,Negotiation,2024-12-28 10:00:00,S003
H0001585,O000418,Negotiation,Closed Lost,2025-01-02 17:00:00,S003
H0001586,O000419,,Prospecting,2024-06-16 09:00:00,S018
H0001587,O000419,Prospecting,Qualification,2024-06-20 10:00:00,S018
H0001588,O000419,Qualification,Proposal,2024-06-21 13:00:00,S018
H0001589,O000419,Proposal,Negotiation,2024-07-02 09:00:00,S018
H0001590,O000419,Negotiation,Closed Lost,2024-07-04 17:00:00,S018
H0001591,O000420,,Prospecting,2023-01-24 09:00:00,S030
H0001592,O000420,Prospecting,Qualification,2023-02-25 10:00:00,S030
H0001593,O000420,Qualification,Closed Lost,2023-03-03 17:00:00,S030
H0001594,O000421,,Prospecting,2025-06-25 09:00:00,S016
H0001595,O000422,,Prospecting,2025-06-24 09:00:00,S002
H0001596,O000423,,Prospecting,2025-01-30 09:00:00,S011
H0001597,O000423,Prospecting,Qualification,2025-03-02 08:00:00,S011
H0001598,O000423,Qualification,Proposal,2025-03-20 09:00:00,S011
H0001599,O000423,Proposal,Closed Lost,2025-04-14 11:00:00,S011
H0001600,O000424,,Prospecting,2024-10-26 09:00:00,S033
H0001601,O000424,Prospecting,Qualification,2024-11-11 14:00:00,S033
H0001602,O000424,Qualification,Proposal,2024-12-21 12:00:00,S033
H0001603,O000424,Proposal,Negotiation,2024-12-30 09:00:00,S033
H0001604,O000424,Negotiation,Closed Won,2025-01-26 10:00:00,S033
H0001605,O000425,,Prospecting,2023-01-16 09:00:00,S037
H0001606,O000425,Prospecting,Closed Lost,2023-04-18 13:00:00,S037
H0001607,O000426,,Prospecting,2024-04-02 09:00:00,S038
H0001608,O000426,Prospecting,Qualification,2024-04-07 17:00:00,S038
H0001609,O000426,Qualification,Proposal,2024-05-02 17:00:00,S038
H0001610,O000426,Proposal,Closed Lost,2024-05-21 17:00:00,S038
H0001611,O000427,,Prospecting,2023-04-07 09:00:00,S020
H0001612,O000427,Prospecting,Qualification,2023-06-08 09:00:00,S020
H0001613,O000427,Qualification,Proposal,2023-08-06 08:00:00,S020
H0001614,O000427,Proposal,Negotiation,2023-08-07 08:00:00,S020
H0001615,O000427,Negotiation,Closed Won,2023-08-16 12:00:00,S020
H0001616,O000428,,Prospecting,2024-08-22 09:00:00,S037
H0001617,O000428,Prospecting,Qualification,2024-09-11 16:00:00,S037
H0001618,O000428,Qualification,Proposal,2024-09-21 08:00:00,S037
H0001619,O000428,Proposal,Negotiation,2024-10-25 10:00:00,S037
H0001620,O000428,Negotiation,Closed Won,2024-11-16 11:00:00,S037
H0001621,O000429,,Prospecting,2024-08-29 09:00:00,S040
H0001622,O000429,Prospecting,Qualification,2024-09-16 12:00:00,S040
H0001623,O000429,Qualification,Proposal,2024-10-10 15:00:00,S040
H0001624,O000429,Proposal,Negotiation,2024-10-13 17:00:00,S040
H0001625,O000429,Negotiation,Closed Won,2024-12-14 13:00:00,S040
H0001626,O000430,,Prospecting,2023-06-22 09:00:00,S035
H0001627,O000430,Prospecting,Qualification,2023-06-29 13:00:00,S035
H0001628,O000430,Qualification,Proposal,2023-07-21 17:00:00,S035
H0001629,O000430,Proposal,Closed Lost,2023-08-03 11:00:00,S035
H0001630,O000431,,Prospecting,2024-10-22 09:00:00,S031
H0001631,O000431,Prospecting,Qualification,2024-10-26 12:00:00,S031
H0001632,O000431,Qualification,Proposal,2024-11-09 16:00:00,S031
H0001633,O000431,Proposal,Negotiation,2024-11-26 10:00:00,S031
H0001634,O000431,Negotiation,Closed Won,2024-12-19 13:00:00,S031
H0001635,O000432,,Prospecting,2023-07-25 09:00:00,S005
H0001636,O000432,Prospecting,Qualification,2023-08-10 11:00:00,S005
H0001637,O000432,Qualification,Closed Lost,2023-08-31 11:00:00,S005
H0001638,O000433,,Prospecting,2025-04-30 09:00:00,S035
H0001639,O000433,Prospecting,Qualification,2025-05-06 15:00:00,S035
H0001640,O000433,Qualification,Proposal,2025-05-08 16:00:00,S035
H0001641,O000433,Proposal,Closed Lost,2025-06-15 09:00:00,S035
H0001642,O000434,,Prospecting,2023-02-09 09:00:00,S005
H0001643,O000434,Prospecting,Closed Lost,2023-06-22 12:00:00,S005
H0001644,O000435,,Prospecting,2025-05-16 09:00:00,S016
H0001645,O000435,Prospecting,Qualification,2025-05-21 09:00:00,S016
H0001646,O000436,,Prospecting,2024-11-23 09:00:00,S001
H0001647,O000436,Prospecting,Qualification,2024-11-23 08:00:00,S001
H0001648,O000436,Qualification,Proposal,2024-12-08 17:00:00,S001
H0001649,O000436,Proposal,Negotiation,2025-01-14 08:00:00,S001
H0001650,O000436,Negotiation,Closed Won,2025-01-16 14:00:00,S001
H0001651,O000437,,Prospecting,2024-06-02 09:00:00,S032
H0001652,O000437,Prospecting,Qualification,2024-06-03 12:00:00,S032
H0001653,O000437,Qualification,Proposal,2024-06-08 16:00:00,S032
H0001654,O000437,Proposal,Closed Lost,2024-06-15 14:00:00,S032
H0001655,O000438,,Prospecting,2024-03-11 09:00:00,S023
H0001656,O000438,Prospecting,Qualification,2024-04-05 14:00:00,S023
H0001657,O000438,Qualification,Proposal,2024-04-08 15:00:00,S023
H0001658,O000438,Proposal,Negotiation,2024-04-21 08:00:00,S023
H0001659,O000438,Negotiation,Closed Won,2024-05-02 12:00:00,S023
H0001660,O000439,,Prospecting,2023-06-28 09:00:00,S019
H0001661,O000439,Prospecting,Qualification,2023-07-09 17:00:00,S019
H0001662,O000439,Qualification,Proposal,2023-07-23 12:00:00,S019
H0001663,O000439,Proposal,Negotiation,2023-08-13 14:00:00,S019
H0001664,O000439,Negotiation,Closed Won,2023-10-08 11:00:00,S019
H0001665,O000440,,Prospecting,2025-02-26 09:00:00,S012
H0001666,O000440,Prospecting,Qualification,2025-03-01 16:00:00,S012
H0001667,O000440,Qualification,Proposal,2025-03-07 17:00:00,S012
H0001668,O000440,Proposal,Negotiation,2025-03-10 17:00:00,S012
H0001669,O000440,Negotiation,Closed Lost,2025-03-14 10:00:00,S012
H0001670,O000441,,Prospecting,2023-11-20 09:00:00,S032
H0001671,O000441,Prospecting,Qualification,2023-12-06 12:00:00,S032
H0001672,O000441,Qualification,Proposal,2023-12-23 09:00:00,S032
H0001673,O000441,Proposal,Negotiation,2024-01-06 08:00:00,S032
H0001674,O000441,Negotiation,Closed Won,2024-01-23 09:00:00,S032
H0001675,O000442,,Prospecting,2024-07-14 09:00:00,S012
H0001676,O000442,Prospecting,Qualification,2024-07-22 13:00:00,S012
H0001677,O000442,Qualification,Proposal,2024-07-30 14:00:00,S012
H0001678,O000442,Proposal,Negotiation,2024-08-05 16:00:00,S012
H0001679,O000442,Negotiation,Closed Lost,2024-08-11 11:00:00,S012
H0001680,O000443,,Prospecting,2023-02-15 09:00:00,S015
H0001681,O000443,Prospecting,Closed Lost,2023-03-07 14:00:00,S015
H0001682,O000444,,Prospecting,2025-06-20 09:00:00,S001
H0001683,O000445,,Prospecting,2025-03-03 09:00:00,S039
H0001684,O000445,Prospecting,Qualification,2025-03-17 11:00:00,S039
H0001685,O000445,Qualification,Proposal,2025-04-04 08:00:00,S039
H0001686,O000445,Proposal,Negotiation,2025-04-07 16:00:00,S039
H0001687,O000445,Negotiation,Closed Won,2025-04-21 11:00:00,S039
H0001688,O000446,,Prospecting,2025-03-17 09:00:00,S006
H0001689,O000446,Prospecting,Qualification,2025-04-03 17:00:00,S006
H0001690,O000446,Qualification,Proposal,2025-04-19 11:00:00,S006
H0001691,O000446,Proposal,Closed Lost,2025-06-03 17:00:00,S006
H0001692,O000447,,Prospecting,2023-07-02 09:00:00,S006
H0001693,O000447,Prospecting,Qualification,2023-08-04 11:00:00,S006
H0001694,O000447,Qualification,Proposal,2023-09-09 14:00:00,S006
H0001695,O000447,Proposal,Closed Lost,2023-09-13 10:00:00,S006
H0001696,O000448,,Prospecting,2024-03-04 09:00:00,S039
H0001697,O000448,Prospecting,Qualification,2024-03-25 09:00:00,S039
H0001698,O000448,Qualification,Proposal,2024-03-31 13:00:00,S039
H0001699,O000448,Proposal,Negotiation,2024-04-02 17:00:00,S039
H0001700,O000448,Negotiation,Closed Won,2024-04-11 14:00:00,S039
H0001701,O000449,,Prospecting,2023-06-02 09:00:00,S009
H0001702,O000449,Prospecting,Qualification,2023-07-30 17:00:00,S009
H0001703,O000449,Qualification,Proposal,2023-08-24 13:00:00,S009
H0001704,O000449,Proposal,Negotiation,2023-09-07 12:00:00,S009
H0001705,O000449,Negotiation,Closed Lost,2023-09-23 09:00:00,S009
H0001706,O000450,,Prospecting,2025-06-21 09:00:00,S003
H0001707,O000451,,Prospecting,2024-03-15 09:00:00,S034
H0001708,O000451,Prospecting,Qualification,2024-04-27 17:00:00,S034
H0001709,O000451,Qualification,Proposal,2024-06-04 15:00:00,S034
H0001710,O000451,Proposal,Closed Lost,2024-06-07 12:00:00,S034
H0001711,O000452,,Prospecting,2023-02-16 09:00:00,S025
H0001712,O000452,Prospecting,Qualification,2023-02-22 09:00:00,S025
H0001713,O000452,Qualification,Proposal,2023-04-01 10:00:00,S025
H0001714,O000452,Proposal,Negotiation,2023-05-14 13:00:00,S025
H0001715,O000452,Negotiation,Closed Lost,2023-06-05 11:00:00,S025
H0001716,O000453,,Prospecting,2025-05-04 09:00:00,S031
H0001717,O000453,Prospecting,Qualification,2025-05-16 11:00:00,S031
H0001718,O000453,Qualification,Proposal,2025-05-19 14:00:00,S031
H0001719,O000453,Proposal,Negotiation,2025-05-21 12:00:00,S031
H0001720,O000453,Negotiation,Closed Won,2025-05-24 12:00:00,S031
H0001721,O000454,,Prospecting,2023-07-24 09:00:00,S018
H0001722,O000454,Prospecting,Qualification,2023-07-26 13:00:00,S018
H0001723,O000454,Qualification,Closed Lost,2023-08-23 16:00:00,S018
H0001724,O000455,,Prospecting,2024-12-04 09:00:00,S005
H0001725,O000455,Prospecting,Qualification,2024-12-06 16:00:00,S005
H0001726,O000455,Qualification,Proposal,2024-12-08 10:00:00,S005
H0001727,O000455,Proposal,Closed Lost,2024-12-18 15:00:00,S005
H0001728,O000456,,Prospecting,2024-05-20 09:00:00,S040
H0001729,O000456,Prospecting,Closed Lost,2024-06-09 15:00:00,S040
H0001730,O000457,,Prospecting,2025-01-16 09:00:00,S036
H0001731,O000457,Prospecting,Qualification,2025-01-22 17:00:00,S036
H0001732,O000457,Qualification,Proposal,2025-03-23 13:00:00,S036
H0001733,O000457,Proposal,Negotiation,2025-04-16 12:00:00,S036
H0001734,O000457,Negotiation,Closed Won,2025-04-18 14:00:00,S036
H0001735,O000458,,Prospecting,2025-06-08 09:00:00,S016
H0001736,O000458,Prospecting,Qualification,2025-06-08 11:00:00,S016
H0001737,O000459,,Prospecting,2023-07-02 09:00:00,S016
H0001738,O000459,Prospecting,Qualification,2023-07-09 08:00:00,S016
H0001739,O000459,Qualification,Proposal,2023-07-23 10:00:00,S016
H0001740,O000459,Proposal,Negotiation,2023-08-23 15:00:00,S016
H0001741,O000459,Negotiation,Closed Won,2023-08-27 09:00:00,S016
H0001742,O000460,,Prospecting,2025-03-19 09:00:00,S005
H0001743,O000460,Prospecting,Qualification,2025-03-29 17:00:00,S005
H0001744,O000460,Qualification,Proposal,2025-05-28 10:00:00,S005
H0001745,O000460,Proposal,Negotiation,2025-05-29 14:00:00,S005
H0001746,O000461,,Prospecting,2023-09-11 09:00:00,S018
H0001747,O000461,Prospecting,Qualification,2023-09-29 16:00:00,S018
H0001748,O000461,Qualification,Proposal,2023-10-22 14:00:00,S018
H0001749,O000461,Proposal,Negotiation,2023-11-05 15:00:00,S018
H0001750,O000461,Negotiation,Closed Lost,2023-11-26 10:00:00,S018
H0001751,O000462,,Prospecting,2024-05-31 09:00:00,S005
H0001752,O000462,Prospecting,Qualification,2024-06-01 10:00:00,S005
H0001753,O000462,Qualification,Proposal,2024-06-07 16:00:00,S005
H0001754,O000462,Proposal,Closed Lost,2024-06-17 15:00:00,S005
H0001755,O000463,,Prospecting,2023-05-16 09:00:00,S029
H0001756,O000463,Prospecting,Qualification,2023-06-17 10:00:00,S029
H0001757,O000463,Qualification,Closed Lost,2023-06-30 11:00:00,S029
H0001758,O000464,,Prospecting,2024-04-04 09:00:00,S034
H0001759,O000464,Prospecting,Qualification,2024-04-11 15:00:00,S034
H0001760,O000464,Qualification,Proposal,2024-04-22 11:00:00,S034
H0001761,O000464,Proposal,Negotiation,2024-04-22 09:00:00,S034
H0001762,O000464,Negotiation,Closed Won,2024-05-29 15:00:00,S034
H0001763,O000465,,Prospecting,2023-01-28 09:00:00,S015
H0001764,O000465,Prospecting,Closed Lost,2023-05-28 12:00:00,S015
H0001765,O000466,,Prospecting,2024-12-14 09:00:00,S040
H0001766,O000466,Prospecting,Qualification,2024-12-23 10:00:00,S040
H0001767,O000466,Qualification,Proposal,2024-12-24 09:00:00,S040
H0001768,O000466,Proposal,Negotiation,2024-12-28 15:00:00,S040
H0001769,O000466,Negotiation,Closed Lost,2025-01-04 15:00:00,S040
H0001770,O000467,,Prospecting,2023-12-26 09:00:00,S022
H0001771,O000467,Prospecting,Qualification,2024-01-17 15:00:00,S022
H0001772,O000467,Qualification,Closed Lost,2024-02-06 09:00:00,S022
H0001773,O000468,,Prospecting,2024-10-15 09:00:00,S035
H0001774,O000468,Prospecting,Qualification,2024-10-18 11:00:00,S035
H0001775,O000468,Qualification,Closed Lost,2024-10-28 14:00:00,S035
H0001776,O000469,,Prospecting,2024-08-22 09:00:00,S039
H0001777,O000469,Prospecting,Qualification,2024-08-23 15:00:00,S039
H0001778,O000469,Qualification,Proposal,2024-10-09 11:00:00,S039
H0001779,O000469,Proposal,Negotiation,2024-10-13 11:00:00,S039
H0001780,O000469,Negotiation,Closed Lost,2024-10-30 11:00:00,S039
H0001781,O000470,,Prospecting,2024-10-06 09:00:00,S001
H0001782,O000470,Prospecting,Qualification,2024-10-07 09:00:00,S001
H0001783,O000470,Qualification,Proposal,2024-10-12 08:00:00,S001
H0001784,O000470,Proposal,Closed Lost,2024-10-13 09:00:00,S001
H0001785,O000471,,Prospecting,2023-01-21 09:00:00,S001
H0001786,O000471,Prospecting,Qualification,2023-02-19 12:00:00,S001
H0001787,O000471,Qualification,Closed Lost,2023-05-14 14:00:00,S001
H0001788,O000472,,Prospecting,2023-12-22 09:00:00,S023
H0001789,O000472,Prospecting,Qualification,2023-12-23 14:00:00,S023
H0001790,O000472,Qualification,Proposal,2023-12-28 17:00:00,S023
H0001791,O000472,Proposal,Negotiation,2023-12-28 17:00:00,S023
H0001792,O000472,Negotiation,Closed Won,2024-01-09 11:00:00,S023
H0001793,O000473,,Prospecting,2025-02-25 09:00:00,S009
H0001794,O000473,Prospecting,Qualification,2025-03-01 14:00:00,S009
H0001795,O000473,Qualification,Proposal,2025-04-12 15:00:00,S009
H0001796,O000473,Proposal,Closed Lost,2025-04-28 11:00:00,S009
H0001797,O000474,,Prospecting,2024-12-06 09:00:00,S037
H0001798,O000474,Prospecting,Qualification,2024-12-30 08:00:00,S037
H0001799,O000474,Qualification,Closed Lost,2024-12-31 11:00:00,S037
H0001800,O000475,,Prospecting,2023-01-18 09:00:00,S036
H0001801,O000475,Prospecting,Qualification,2023-03-24 16:00:00,S036
H0001802,O000475,Qualification,Closed Lost,2023-04-05 14:00:00,S036
H0001803,O000476,,Prospecting,2023-12-16 09:00:00,S012
H0001804,O000476,Prospecting,Qualification,2023-12-17 08:00:00,S012
H0001805,O000476,Qualification,Proposal,2023-12-23 09:00:00,S012
H0001806,O000476,Proposal,Closed Lost,2023-12-29 11:00:00,S012
H0001807,O000477,,Prospecting,2025-04-25 09:00:00,S007
H0001808,O000477,Prospecting,Qualification,2025-05-09 12:00:00,S007
H0001809,O000477,Qualification,Proposal,2025-05-26 14:00:00,S007
H0001810,O000477,Proposal,Negotiation,2025-06-24 08:00:00,S007
H0001811,O000478,,Prospecting,2025-02-26 09:00:00,S036
H0001812,O000478,Prospecting,Qualification,2025-03-07 14:00:00,S036
H0001813,O000478,Qualification,Proposal,2025-03-09 09:00:00,S036
H0001814,O000478,Proposal,Negotiation,2025-03-28 13:00:00,S036
H0001815,O000478,Negotiation,Closed Won,2025-03-30 09:00:00,S036
H0001816,O000479,,Prospecting,2023-05-08 09:00:00,S032
H0001817,O000479,Prospecting,Qualification,2023-05-15 08:00:00,S032
H0001818,O000479,Qualification,Proposal,2023-05-27 17:00:00,S032
H0001819,O000479,Proposal,Negotiation,2023-05-27 10:00:00,S032
H0001820,O000479,Negotiation,Closed Lost,2023-06-14 15:00:00,S032
H0001821,O000480,,Prospecting,2023-01-06 09:00:00,S007
H0001822,O000480,Prospecting,Qualification,2023-01-06 15:00:00,S007
H0001823,O000480,Qualification,Closed Lost,2023-02-22 16:00:00,S007
H0001824,O000481,,Prospecting,2025-04-16 09:00:00,S028
H0001825,O000481,Prospecting,Qualification,2025-04-29 15:00:00,S028
H0001826,O000481,Qualification,Closed Lost,2025-05-29 14:00:00,S028
H0001827,O000482,,Prospecting,2024-08-04 09:00:00,S026
H0001828,O000482,Prospecting,Qualification,2024-08-05 13:00:00,S026
H0001829,O000482,Qualification,Proposal,2024-08-22 13:00:00,S026
H0001830,O000482,Proposal,Closed Lost,2024-09-30 13:00:00,S026
H0001831,O000483,,Prospecting,2024-06-26 09:00:00,S016
H0001832,O000483,Prospecting,Qualification,2024-07-10 08:00:00,S016
H0001833,O000483,Qualification,Proposal,2024-07-16 10:00:00,S016
H0001834,O000483,Proposal,Closed Lost,2024-08-27 15:00:00,S016
H0001835,O000484,,Prospecting,2024-04-03 09:00:00,S026
H0001836,O000484,Prospecting,Qualification,2024-04-17 09:00:00,S026
H0001837,O000484,Qualification,Closed Lost,2024-05-03 15:00:00,S026
H0001838,O000485,,Prospecting,2024-08-29 09:00:00,S013
H0001839,O000485,Prospecting,Qualification,2024-09-11 08:00:00,S013
H0001840,O000485,Qualification,Proposal,2024-10-14 09:00:00,S013
H0001841,O000485,Proposal,Negotiation,2024-10-31 10:00:00,S013
H0001842,O000485,Negotiation,Closed Won,2024-11-03 13:00:00,S013
H0001843,O000486,,Prospecting,2023-01-27 09:00:00,S016
H0001844,O000486,Prospecting,Qualification,2023-03-28 11:00:00,S016
H0001845,O000486,Qualification,Proposal,2023-04-25 08:00:00,S016
H0001846,O000486,Proposal,Closed Lost,2023-05-07 16:00:00,S016
H0001847,O000487,,Prospecting,2024-03-16 09:00:00,S033
H0001848,O000487,Prospecting,Qualification,2024-05-08 12:00:00,S033
H0001849,O000487,Qualification,Proposal,2024-06-02 09:00:00,S033
H0001850,O000487,Proposal,Negotiation,2024-06-04 16:00:00,S033
H0001851,O000487,Negotiation,Closed Lost,2024-06-28 16:00:00,S033
H0001852,O000488,,Prospecting,2023-12-28 09:00:00,S015
H0001853,O000488,Prospecting,Qualification,2024-01-01 17:00:00,S015
H0001854,O000488,Qualification,Proposal,2024-01-16 15:00:00,S015
H0001855,O000488,Proposal,Closed Lost,2024-03-15 10:00:00,S015
H0001856,O000489,,Prospecting,2023-04-26 09:00:00,S012
H0001857,O000489,Prospecting,Closed Lost,2023-05-03 17:00:00,S012
H0001858,O000490,,Prospecting,2024-09-08 09:00:00,S012
H0001859,O000490,Prospecting,Qualification,2024-11-03 13:00:00,S012
H0001860,O000490,Qualification,Proposal,2024-11-22 17:00:00,S012
H0001861,O000490,Proposal,Negotiation,2024-11-23 08:00:00,S012
H0001862,O000490,Negotiation,Closed Won,2024-12-10 16:00:00,S012
H0001863,O000491,,Prospecting,2025-01-03 09:00:00,S029
H0001864,O000491,Prospecting,Qualification,2025-01-07 14:00:00,S029
H0001865,O000491,Qualification,Proposal,2025-01-24 16:00:00,S029
H0001866,O000491,Proposal,Negotiation,2025-02-07 14:00:00,S029
H0001867,O000491,Negotiation,Closed Won,2025-02-17 14:00:00,S029
H0001868,O000492,,Prospecting,2025-05-30 09:00:00,S023
H0001869,O000492,Prospecting,Qualification,2025-06-10 11:00:00,S023
H0001870,O000493,,Prospecting,2023-10-26 09:00:00,S002
H0001871,O000493,Prospecting,Qualification,2024-01-10 09:00:00,S002
H0001872,O000493,Qualification,Closed Lost,2024-02-02 11:00:00,S002
H0001873,O000494,,Prospecting,2024-08-18 09:00:00,S011
H0001874,O000494,Prospecting,Qualification,2024-08-22 10:00:00,S011
H0001875,O000494,Qualification,Proposal,2024-09-08 17:00:00,S011
H0001876,O000494,Proposal,Negotiation,2024-09-12 12:00:00,S011
H0001877,O000494,Negotiation,Closed Won,2024-10-07 11:00:00,S011
H0001878,O000495,,Prospecting,2025-05-08 09:00:00,S020
H0001879,O000495,Prospecting,Qualification,2025-05-20 09:00:00,S020
H0001880,O000495,Qualification,Proposal,2025-05-26 09:00:00,S020
H0001881,O000496,,Prospecting,2024-05-07 09:00:00,S029
H0001882,O000496,Prospecting,Qualification,2024-06-04 15:00:00,S029
H0001883,O000496,Qualification,Closed Lost,2024-07-12 09:00:00,S029
H0001884,O000497,,Prospecting,2025-01-31 09:00:00,S005
H0001885,O000497,Prospecting,Qualification,2025-02-01 11:00:00,S005
H0001886,O000497,Qualification,Closed Lost,2025-03-10 11:00:00,S005
H0001887,O000498,,Prospecting,2024-01-11 09:00:00,S033
H0001888,O000498,Prospecting,Qualification,2024-01-18 12:00:00,S033
H0001889,O000498,Qualification,Closed Lost,2024-04-08 10:00:00,S033
H0001890,O000499,,Prospecting,2024-02-29 09:00:00,S027
H0001891,O000499,Prospecting,Qualification,2024-03-17 13:00:00,S027
H0001892,O000499,Qualification,Proposal,2024-05-04 13:00:00,S027
H0001893,O000499,Proposal,Negotiation,2024-05-22 08:00:00,S027
H0001894,O000499,Negotiation,Closed Lost,2024-05-29 15:00:00,S027
H0001895,O000500,,Prospecting,2024-01-11 09:00:00,S026
H0001896,O000500,Prospecting,Qualification,2024-01-22 12:00:00,S026
H0001897,O000500,Qualification,Closed Lost,2024-02-09 09:00:00,S026
H0001898,O000501,,Prospecting,2024-12-30 09:00:00,S022
H0001899,O000501,Prospecting,Qualification,2025-01-14 08:00:00,S022
H0001900,O000501,Qualification,Proposal,2025-03-05 13:00:00,S022
H0001901,O000501,Proposal,Negotiation,2025-03-22 12:00:00,S022
H0001902,O000501,Negotiation,Closed Won,2025-04-12 15:00:00,S022
H0001903,O000502,,Prospecting,2025-04-14 09:00:00,S022
H0001904,O000502,Prospecting,Qualification,2025-04-25 12:00:00,S022
H0001905,O000502,Qualification,Proposal,2025-05-05 12:00:00,S022
H0001906,O000502,Proposal,Negotiation,2025-05-31 08:00:00,S022
H0001907,O000502,Negotiation,Closed Won,2025-06-21 14:00:00,S022
H0001908,O000503,,Prospecting,2025-04-12 09:00:00,S036
H0001909,O000503,Prospecting,Qualification,2025-04-28 14:00:00,S036
H0001910,O000503,Qualification,Proposal,2025-05-08 10:00:00,S036
H0001911,O000503,Proposal,Negotiation,2025-05-09 11:00:00,S036
H0001912,O000503,Negotiation,Closed Won,2025-05-23 16:00:00,S036
H0001913,O000504,,Prospecting,2023-11-21 09:00:00,S031
H0001914,O000504,Prospecting,Qualification,2023-11-28 12:00:00,S031
H0001915,O000504,Qualification,Proposal,2023-12-04 15:00:00,S031
H0001916,O000504,Proposal,Negotiation,2024-04-09 17:00:00,S031
H0001917,O000504,Negotiation,Closed Won,2024-05-31 14:00:00,S031
H0001918,O000505,,Prospecting,2023-03-09 09:00:00,S020
H0001919,O000505,Prospecting,Qualification,2023-03-13 17:00:00,S020
H0001920,O000505,Qualification,Proposal,2023-03-24 12:00:00,S020
H0001921,O000505,Proposal,Closed Lost,2023-04-01 09:00:00,S020
H0001922,O000506,,Prospecting,2025-04-04 09:00:00,S010
H0001923,O000506,Prospecting,Qualification,2025-04-14 13:00:00,S010
H0001924,O000506,Qualification,Closed Lost,2025-04-26 14:00:00,S010
H0001925,O000507,,Prospecting,2024-07-25 09:00:00,S002
H0001926,O000507,Prospecting,Qualification,2024-10-20 17:00:00,S002
H0001927,O000507,Qualification,Proposal,2024-10-26 10:00:00,S002
H0001928,O000507,Proposal,Negotiation,2024-11-12 14:00:00,S002
H0001929,O000507,Negotiation,Closed Won,2024-11-25 11:00:00,S002
H0001930,O000508,,Prospecting,2023-11-24 09:00:00,S040
H0001931,O000508,Prospecting,Qualification,2024-01-26 12:00:00,S040
H0001932,O000508,Qualification,Proposal,2024-02-05 16:00:00,S040
H0001933,O000508,Proposal,Closed Lost,2024-03-29 09:00:00,S040
H0001934,O000509,,Prospecting,2025-02-17 09:00:00,S032
H0001935,O000509,Prospecting,Qualification,2025-03-26 10:00:00,S032
H0001936,O000509,Qualification,Proposal,2025-04-05 16:00:00,S032
H0001937,O000509,Proposal,Negotiation,2025-05-05 10:00:00,S032
H0001938,O000509,Negotiation,Closed Won,2025-05-13 17:00:00,S032
H0001939,O000510,,Prospecting,2024-07-11 09:00:00,S005
H0001940,O000510,Prospecting,Qualification,2024-08-16 10:00:00,S005
H0001941,O000510,Qualification,Closed Lost,2024-09-11 10:00:00,S005
H0001942,O000511,,Prospecting,2023-03-11 09:00:00,S008
H0001943,O000511,Prospecting,Qualification,2023-03-28 08:00:00,S008
H0001944,O000511,Qualification,Closed Lost,2023-05-16 12:00:00,S008
H0001945,O000512,,Prospecting,2025-02-14 09:00:00,S033
H0001946,O000512,Prospecting,Qualification,2025-05-28 11:00:00,S033
H0001947,O000512,Qualification,Closed Lost,2025-06-04 14:00:00,S033
H0001948,O000513,,Prospecting,2023-01-31 09:00:00,S003
H0001949,O000513,Prospecting,Qualification,2023-03-27 12:00:00,S003
H0001950,O000513,Qualification,Closed Lost,2023-03-28 14:00:00,S003
H0001951,O000514,,Prospecting,2023-09-22 09:00:00,S032
H0001952,O000514,Prospecting,Qualification,2023-10-10 14:00:00,S032
H0001953,O000514,Qualification,Closed Lost,2023-10-11 17:00:00,S032
H0001954,O000515,,Prospecting,2023-09-12 09:00:00,S007
H0001955,O000515,Prospecting,Qualification,2023-10-07 14:00:00,S007
H0001956,O000515,Qualification,Proposal,2023-10-22 15:00:00,S007
H0001957,O000515,Proposal,Closed Lost,2023-10-31 11:00:00,S007
H0001958,O000516,,Prospecting,2023-08-15 09:00:00,S028
H0001959,O000516,Prospecting,Qualification,2023-08-31 11:00:00,S028
H0001960,O000516,Qualification,Closed Lost,2023-11-02 14:00:00,S028
H0001961,O000517,,Prospecting,2025-04-05 09:00:00,S023
H0001962,O000517,Prospecting,Qualification,2025-04-05 10:00:00,S023
H0001963,O000517,Qualification,Proposal,2025-04-14 10:00:00,S023
H0001964,O000517,Proposal,Negotiation,2025-05-31 12:00:00,S023
H0001965,O000517,Negotiation,Closed Won,2025-06-10 10:00:00,S023
H0001966,O000518,,Prospecting,2024-03-01 09:00:00,S024
H0001967,O000518,Prospecting,Qualification,2024-04-24 13:00:00,S024
H0001968,O000518,Qualification,Closed Lost,2024-07-20 16:00:00,S024
H0001969,O000519,,Prospecting,2024-11-06 09:00:00,S005
H0001970,O000519,Prospecting,Closed Lost,2025-02-23 16:00:00,S005
H0001971,O000520,,Prospecting,2024-06-08 09:00:00,S040
H0001972,O000520,Prospecting,Qualification,2024-10-18 14:00:00,S040
H0001973,O000520,Qualification,Closed Lost,2024-12-18 11:00:00,S040
H0001974,O000521,,Prospecting,2024-09-18 09:00:00,S032
H0001975,O000521,Prospecting,Qualification,2024-09-30 14:00:00,S032
H0001976,O000521,Qualification,Proposal,2024-10-07 10:00:00,S032
H0001977,O000521,Proposal,Negotiation,2024-10-10 13:00:00,S032
H0001978,O000521,Negotiation,Closed Lost,2024-11-08 17:00:00,S032
H0001979,O000522,,Prospecting,2024-10-09 09:00:00,S016
H0001980,O000522,Prospecting,Qualification,2024-10-11 15:00:00,S016
H0001981,O000522,Qualification,Proposal,2024-11-01 16:00:00,S016
H0001982,O000522,Proposal,Negotiation,2024-11-16 17:00:00,S016
H0001983,O000522,Negotiation,Closed Lost,2024-11-30 10:00:00,S016
H0001984,O000523,,Prospecting,2024-08-09 09:00:00,S040
H0001985,O000523,Prospecting,Qualification,2024-08-21 13:00:00,S040
H0001986,O000523,Qualification,Proposal,2024-10-12 08:00:00,S040
H0001987,O000523,Proposal,Negotiation,2024-10-19 14:00:00,S040
H0001988,O000523,Negotiation,Closed Lost,2024-11-17 11:00:00,S040
H0001989,O000524,,Prospecting,2023-07-30 09:00:00,S009
H0001990,O000524,Prospecting,Qualification,2023-10-05 15:00:00,S009
H0001991,O000524,Qualification,Proposal,2023-11-10 11:00:00,S009
H0001992,O000524,Proposal,Negotiation,2023-11-15 13:00:00,S009
H0001993,O000524,Negotiation,Closed Won,2023-11-26 12:00:00,S009
H0001994,O000525,,Prospecting,2025-02-10 09:00:00,S004
H0001995,O000525,Prospecting,Closed Lost,2025-03-28 11:00:00,S004
H0001996,O000526,,Prospecting,2023-03-22 09:00:00,S005
H0001997,O000526,Prospecting,Qualification,2023-05-06 17:00:00,S005
H0001998,O000526,Qualification,Proposal,2023-05-28 16:00:00,S005
H0001999,O000526,Proposal,Negotiation,2023-05-30 12:00:00,S005
H0002000,O000526,Negotiation,Closed Won,2023-06-16 13:00:00,S005
H0002001,O000527,,Prospecting,2025-01-07 09:00:00,S005
H0002002,O000527,Prospecting,Qualification,2025-01-15 14:00:00,S005
H0002003,O000527,Qualification,Proposal,2025-02-09 16:00:00,S005
H0002004,O000527,Proposal,Negotiation,2025-02-22 11:00:00,S005
H0002005,O000527,Negotiation,Closed Lost,2025-02-25 16:00:00,S005
H0002006,O000528,,Prospecting,2023-09-16 09:00:00,S011
H0002007,O000528,Prospecting,Qualification,2023-09-23 08:00:00,S011
H0002008,O000528,Qualification,Proposal,2023-10-20 12:00:00,S011
H0002009,O000528,Proposal,Negotiation,2023-11-06 09:00:00,S011
H0002010,O000528,Negotiation,Closed Won,2023-11-25 13:00:00,S011
H0002011,O000529,,Prospecting,2024-12-04 09:00:00,S012
H0002012,O000529,Prospecting,Qualification,2024-12-19 11:00:00,S012
H0002013,O000529,Qualification,Proposal,2024-12-31 10:00:00,S012
H0002014,O000529,Proposal,Negotiation,2025-02-10 08:00:00,S012
H0002015,O000529,Negotiation,Closed Won,2025-02-24 12:00:00,S012
H0002016,O000530,,Prospecting,2025-04-14 09:00:00,S016
H0002017,O000530,Prospecting,Qualification,2025-04-14 10:00:00,S016
H0002018,O000530,Qualification,Proposal,2025-05-09 15:00:00,S016
H0002019,O000530,Proposal,Closed Lost,2025-06-02 16:00:00,S016
H0002020,O000531,,Prospecting,2025-04-13 09:00:00,S016
H0002021,O000531,Prospecting,Qualification,2025-05-24 11:00:00,S016
H0002022,O000531,Qualification,Closed Lost,2025-06-28 15:00:00,S016
H0002023,O000532,,Prospecting,2024-05-08 09:00:00,S024
H0002024,O000532,Prospecting,Qualification,2024-05-16 12:00:00,S024
H0002025,O000532,Qualification,Proposal,2024-06-06 09:00:00,S024
H0002026,O000532,Proposal,Negotiation,2024-07-25 17:00:00,S024
H0002027,O000532,Negotiation,Closed Won,2024-10-25 10:00:00,S024
H0002028,O000533,,Prospecting,2023-05-10 09:00:00,S018
H0002029,O000533,Prospecting,Qualification,2023-06-22 08:00:00,S018
H0002030,O000533,Qualification,Proposal,2023-07-06 13:00:00,S018
H0002031,O000533,Proposal,Negotiation,2023-09-01 13:00:00,S018
H0002032,O000533,Negotiation,Closed Won,2023-09-22 17:00:00,S018
H0002033,O000534,,Prospecting,2025-06-16 09:00:00,S033
H0002034,O000535,,Prospecting,2024-11-29 09:00:00,S027
H0002035,O000535,Prospecting,Qualification,2024-12-15 15:00:00,S027
H0002036,O000535,Qualification,Proposal,2024-12-23 08:00:00,S027
H0002037,O000535,Proposal,Negotiation,2024-12-24 17:00:00,S027
H0002038,O000535,Negotiation,Closed Won,2025-01-21 10:00:00,S027
H0002039,O000536,,Prospecting,2024-12-06 09:00:00,S019
H0002040,O000536,Prospecting,Qualification,2024-12-11 08:00:00,S019
H0002041,O000536,Qualification,Proposal,2025-01-04 08:00:00,S019
H0002042,O000536,Proposal,Negotiation,2025-02-03 17:00:00,S019
H0002043,O000536,Negotiation,Closed Won,2025-03-01 15:00:00,S019
H0002044,O000537,,Prospecting,2025-06-07 09:00:00,S029
H0002045,O000537,Prospecting,Qualification,2025-06-18 10:00:00,S029
H0002046,O000537,Qualification,Closed Lost,2025-06-20 14:00:00,S029
H0002047,O000538,,Prospecting,2025-06-23 09:00:00,S040
H0002048,O000539,,Prospecting,2023-02-12 09:00:00,S027
H0002049,O000539,Prospecting,Qualification,2023-02-20 11:00:00,S027
H0002050,O000539,Qualification,Proposal,2023-02-23 16:00:00,S027
H0002051,O000539,Proposal,Negotiation,2023-03-20 11:00:00,S027
H0002052,O000539,Negotiation,Closed Lost,2023-03-21 17:00:00,S027
H0002053,O000540,,Prospecting,2025-04-17 09:00:00,S021
H0002054,O000540,Prospecting,Qualification,2025-04-18 11:00:00,S021
H0002055,O000540,Qualification,Proposal,2025-05-31 10:00:00,S021
H0002056,O000541,,Prospecting,2023-04-17 09:00:00,S004
H0002057,O000541,Prospecting,Qualification,2023-04-21 09:00:00,S004
H0002058,O000541,Qualification,Proposal,2023-05-05 13:00:00,S004
H0002059,O000541,Proposal,Negotiation,2023-05-24 15:00:00,S004
H0002060,O000541,Negotiation,Closed Won,2023-06-06 16:00:00,S004
H0002061,O000542,,Prospecting,2023-11-19 09:00:00,S001
H0002062,O000542,Prospecting,Qualification,2023-11-22 16:00:00,S001
H0002063,O000542,Qualification,Proposal,2023-11-28 17:00:00,S001
H0002064,O000542,Proposal,Negotiation,2023-12-14 12:00:00,S001
H0002065,O000542,Negotiation,Closed Won,2023-12-15 15:00:00,S001
H0002066,O000543,,Prospecting,2025-05-29 09:00:00,S040
H0002067,O000543,Prospecting,Qualification,2025-06-01 14:00:00,S040
H0002068,O000543,Qualification,Proposal,2025-06-23 13:00:00,S040
H0002069,O000544,,Prospecting,2023-02-25 09:00:00,S035
H0002070,O000544,Prospecting,Qualification,2023-03-05 09:00:00,S035
H0002071,O000544,Qualification,Proposal,2023-04-10 12:00:00,S035
H0002072,O000544,Proposal,Negotiation,2023-04-12 13:00:00,S035
H0002073,O000544,Negotiation,Closed Lost,2023-04-13 09:00:00,S035
H0002074,O000545,,Prospecting,2023-03-11 09:00:00,S002
H0002075,O000545,Prospecting,Qualification,2023-04-23 09:00:00,S002
H0002076,O000545,Qualification,Proposal,2023-05-20 12:00:00,S002
H0002077,O000545,Proposal,Negotiation,2023-07-14 12:00:00,S002
H0002078,O000545,Negotiation,Closed Won,2023-10-04 14:00:00,S002
H0002079,O000546,,Prospecting,2024-11-01 09:00:00,S018
H0002080,O000546,Prospecting,Qualification,2024-12-16 09:00:00,S018
H0002081,O000546,Qualification,Closed Lost,2024-12-28 17:00:00,S018
H0002082,O000547,,Prospecting,2025-06-13 09:00:00,S017
H0002083,O000548,,Prospecting,2025-06-08 09:00:00,S016
H0002084,O000548,Prospecting,Qualification,2025-06-12 16:00:00,S016
H0002085,O000549,,Prospecting,2024-02-25 09:00:00,S033
H0002086,O000549,Prospecting,Qualification,2024-03-18 12:00:00,S033
H0002087,O000549,Qualification,Closed Lost,2024-04-07 11:00:00,S033
H0002088,O000550,,Prospecting,2025-05-17 09:00:00,S002
H0002089,O000550,Prospecting,Qualification,2025-05-18 10:00:00,S002
H0002090,O000550,Qualification,Proposal,2025-05-19 15:00:00,S002
H0002091,O000550,Proposal,Negotiation,2025-06-03 17:00:00,S002
H0002092,O000551,,Prospecting,2023-09-13 09:00:00,S028
H0002093,O000551,Prospecting,Qualification,2023-09-15 11:00:00,S028
H0002094,O000551,Qualification,Proposal,2023-10-02 10:00:00,S028
H0002095,O000551,Proposal,Negotiation,2023-10-03 14:00:00,S028
H0002096,O000551,Negotiation,Closed Won,2023-10-12 17:00:00,S028
H0002097,O000552,,Prospecting,2023-07-19 09:00:00,S038
H0002098,O000552,Prospecting,Qualification,2023-08-04 16:00:00,S038
H0002099,O000552,Qualification,Proposal,2023-09-02 10:00:00,S038
H0002100,O000552,Proposal,Negotiation,2023-10-01 09:00:00,S038
H0002101,O000552,Negotiation,Closed Lost,2023-10-10 10:00:00,S038
H0002102,O000553,,Prospecting,2023-02-19 09:00:00,S027
H0002103,O000553,Prospecting,Qualification,2023-02-23 13:00:00,S027
H0002104,O000553,Qualification,Proposal,2023-03-01 09:00:00,S027
H0002105,O000553,Proposal,Negotiation,2023-03-19 16:00:00,S027
H0002106,O000553,Negotiation,Closed Won,2023-03-21 17:00:00,S027
H0002107,O000554,,Prospecting,2025-05-28 09:00:00,S031
H0002108,O000554,Prospecting,Qualification,2025-06-09 14:00:00,S031
H0002109,O000555,,Prospecting,2023-04-17 09:00:00,S039
H0002110,O000555,Prospecting,Closed Lost,2023-06-13 09:00:00,S039
H0002111,O000556,,Prospecting,2024-06-09 09:00:00,S020
H0002112,O000556,Prospecting,Qualification,2024-06-09 14:00:00,S020
H0002113,O000556,Qualification,Proposal,2024-06-17 08:00:00,S020
H0002114,O000556,Proposal,Closed Lost,2024-06-30 16:00:00,S020
H0002115,O000557,,Prospecting,2023-10-07 09:00:00,S005
H0002116,O000557,Prospecting,Qualification,2023-10-07 13:00:00,S005
H0002117,O000557,Qualification,Proposal,2023-11-26 15:00:00,S005
H0002118,O000557,Proposal,Negotiation,2023-12-07 17:00:00,S005
H0002119,O000557,Negotiation,Closed Won,2024-01-13 09:00:00,S005
H0002120,O000558,,Prospecting,2025-02-08 09:00:00,S036
H0002121,O000558,Prospecting,Qualification,2025-04-24 10:00:00,S036
H0002122,O000558,Qualification,Closed Lost,2025-04-28 17:00:00,S036
H0002123,O000559,,Prospecting,2025-06-26 09:00:00,S027
H0002124,O000560,,Prospecting,2024-08-22 09:00:00,S029
H0002125,O000560,Prospecting,Qualification,2024-08-28 10:00:00,S029
H0002126,O000560,Qualification,Proposal,2024-08-30 12:00:00,S029
H0002127,O000560,Proposal,Negotiation,2024-08-31 15:00:00,S029
H0002128,O000560,Negotiation,Closed Lost,2024-09-03 10:00:00,S029
H0002129,O000561,,Prospecting,2025-06-22 09:00:00,S027
H0002130,O000562,,Prospecting,2024-06-26 09:00:00,S008
H0002131,O000562,Prospecting,Qualification,2024-07-14 11:00:00,S008
H0002132,O000562,Qualification,Closed Lost,2024-07-16 11:00:00,S008
H0002133,O000563,,Prospecting,2025-02-26 09:00:00,S023
H0002134,O000563,Prospecting,Qualification,2025-03-18 14:00:00,S023
H0002135,O000563,Qualification,Proposal,2025-04-18 17:00:00,S023
H0002136,O000563,Proposal,Closed Lost,2025-04-25 13:00:00,S023
H0002137,O000564,,Prospecting,2024-05-11 09:00:00,S002
H0002138,O000564,Prospecting,Qualification,2024-05-30 14:00:00,S002
H0002139,O000564,Qualification,Proposal,2024-06-05 17:00:00,S002
H0002140,O000564,Proposal,Negotiation,2024-06-19 09:00:00,S002
H0002141,O000564,Negotiation,Closed Lost,2024-06-23 11:00:00,S002
H0002142,O000565,,Prospecting,2023-07-10 09:00:00,S017
H0002143,O000565,Prospecting,Qualification,2023-07-11 08:00:00,S017
H0002144,O000565,Qualification,Proposal,2023-08-02 10:00:00,S017
H0002145,O000565,Proposal,Negotiation,2023-08-05 08:00:00,S017
H0002146,O000565,Negotiation,Closed Won,2023-08-28 16:00:00,S017
H0002147,O000566,,Prospecting,2023-08-19 09:00:00,S032
H0002148,O000566,Prospecting,Closed Lost,2023-09-20 15:00:00,S032
H0002149,O000567,,Prospecting,2023-01-27 09:00:00,S037
H0002150,O000567,Prospecting,Qualification,2023-03-12 17:00:00,S037
H0002151,O000567,Qualification,Closed Lost,2023-03-18 09:00:00,S037
H0002152,O000568,,Prospecting,2023-04-15 09:00:00,S019
H0002153,O000568,Prospecting,Qualification,2023-06-07 12:00:00,S019
H0002154,O000568,Qualification,Proposal,2023-06-13 11:00:00,S019
H0002155,O000568,Proposal,Closed Lost,2023-06-22 15:00:00,S019
H0002156,O000569,,Prospecting,2023-03-25 09:00:00,S022
H0002157,O000569,Prospecting,Closed Lost,2023-06-02 11:00:00,S022
H0002158,O000570,,Prospecting,2024-08-27 09:00:00,S029
H0002159,O000570,Prospecting,Closed Lost,2024-09-20 10:00:00,S029
H0002160,O000571,,Prospecting,2025-04-12 09:00:00,S010
H0002161,O000571,Prospecting,Qualification,2025-04-22 09:00:00,S010
H0002162,O000571,Qualification,Proposal,2025-04-23 16:00:00,S010
H0002163,O000571,Proposal,Negotiation,2025-05-08 09:00:00,S010
H0002164,O000571,Negotiation,Closed Lost,2025-05-17 15:00:00,S010
H0002165,O000572,,Prospecting,2025-03-04 09:00:00,S009
H0002166,O000572,Prospecting,Qualification,2025-03-23 14:00:00,S009
H0002167,O000572,Qualification,Closed Lost,2025-05-01 12:00:00,S009
H0002168,O000573,,Prospecting,2023-07-29 09:00:00,S006
H0002169,O000573,Prospecting,Qualification,2023-08-06 08:00:00,S006
H0002170,O000573,Qualification,Proposal,2023-09-02 10:00:00,S006
H0002171,O000573,Proposal,Closed Lost,2023-10-14 13:00:00,S006
H0002172,O000574,,Prospecting,2024-08-13 09:00:00,S025
H0002173,O000574,Prospecting,Qualification,2024-09-01 14:00:00,S025
H0002174,O000574,Qualification,Proposal,2024-10-24 16:00:00,S025
H0002175,O000574,Proposal,Negotiation,2024-11-02 12:00:00,S025
H0002176,O000574,Negotiation,Closed Lost,2024-12-23 17:00:00,S025
H0002177,O000575,,Prospecting,2024-05-15 09:00:00,S002
H0002178,O000575,Prospecting,Qualification,2024-05-24 12:00:00,S002
H0002179,O000575,Qualification,Closed Lost,2024-07-16 17:00:00,S002
H0002180,O000576,,Prospecting,2025-05-09 09:00:00,S032
H0002181,O000576,Prospecting,Qualification,2025-05-13 16:00:00,S032
H0002182,O000576,Qualification,Proposal,2025-05-29 14:00:00,S032
H0002183,O000576,Proposal,Negotiation,2025-06-01 09:00:00,S032
H0002184,O000577,,Prospecting,2024-09-08 09:00:00,S033
H0002185,O000577,Prospecting,Qualification,2024-10-22 09:00:00,S033
H0002186,O000577,Qualification,Closed Lost,2024-11-07 09:00:00,S033
H0002187,O000578,,Prospecting,2025-02-03 09:00:00,S021
H0002188,O000578,Prospecting,Qualification,2025-02-27 09:00:00,S021
H0002189,O000578,Qualification,Proposal,2025-03-07 08:00:00,S021
H0002190,O000578,Proposal,Negotiation,2025-04-05 17:00:00,S021
H0002191,O000578,Negotiation,Closed Won,2025-04-27 16:00:00,S021
H0002192,O000579,,Prospecting,2023-04-23 09:00:00,S037
H0002193,O000579,Prospecting,Qualification,2023-04-28 17:00:00,S037
H0002194,O000579,Qualification,Proposal,2023-04-28 08:00:00,S037
H0002195,O000579,Proposal,Negotiation,2023-05-01 13:00:00,S037
H0002196,O000579,Negotiation,Closed Lost,2023-05-07 15:00:00,S037
H0002197,O000580,,Prospecting,2024-06-13 09:00:00,S040
H0002198,O000580,Prospecting,Qualification,2024-06-28 10:00:00,S040
H0002199,O000580,Qualification,Proposal,2024-07-14 09:00:00,S040
H0002200,O000580,Proposal,Closed Lost,2024-08-02 09:00:00,S040
H0002201,O000581,,Prospecting,2023-12-02 09:00:00,S025
H0002202,O000581,Prospecting,Qualification,2023-12-12 17:00:00,S025
H0002203,O000581,Qualification,Proposal,2023-12-13 09:00:00,S025
H0002204,O000581,Proposal,Closed Lost,2023-12-20 09:00:00,S025
H0002205,O000582,,Prospecting,2025-03-05 09:00:00,S016
H0002206,O000582,Prospecting,Qualification,2025-03-28 11:00:00,S016
H0002207,O000582,Qualification,Closed Lost,2025-04-05 10:00:00,S016
H0002208,O000583,,Prospecting,2023-09-24 09:00:00,S025
H0002209,O000583,Prospecting,Closed Lost,2023-12-14 16:00:00,S025
H0002210,O000584,,Prospecting,2025-02-04 09:00:00,S038
H0002211,O000584,Prospecting,Qualification,2025-02-10 16:00:00,S038
H0002212,O000584,Qualification,Proposal,2025-02-13 11:00:00,S038
H0002213,O000584,Proposal,Negotiation,2025-02-19 17:00:00,S038
H0002214,O000584,Negotiation,Closed Won,2025-02-24 17:00:00,S038
H0002215,O000585,,Prospecting,2025-03-30 09:00:00,S032
H0002216,O000585,Prospecting,Qualification,2025-03-31 10:00:00,S032
H0002217,O000585,Qualification,Proposal,2025-04-07 11:00:00,S032
H0002218,O000585,Proposal,Negotiation,2025-04-13 16:00:00,S032
H0002219,O000585,Negotiation,Closed Won,2025-04-14 15:00:00,S032
H0002220,O000586,,Prospecting,2025-04-18 09:00:00,S025
H0002221,O000586,Prospecting,Qualification,2025-04-24 09:00:00,S025
H0002222,O000586,Qualification,Proposal,2025-06-03 11:00:00,S025
H0002223,O000586,Proposal,Negotiation,2025-06-08 08:00:00,S025
H0002224,O000586,Negotiation,Closed Won,2025-06-11 10:00:00,S025
H0002225,O000587,,Prospecting,2024-07-22 09:00:00,S023
H0002226,O000587,Prospecting,Closed Lost,2024-09-24 14:00:00,S023
H0002227,O000588,,Prospecting,2023-11-25 09:00:00,S013
H0002228,O000588,Prospecting,Qualification,2023-11-29 12:00:00,S013
H0002229,O000588,Qualification,Proposal,2023-12-06 09:00:00,S013
H0002230,O000588,Proposal,Negotiation,2023-12-11 12:00:00,S013
H0002231,O000588,Negotiation,Closed Won,2023-12-21 17:00:00,S013
H0002232,O000589,,Prospecting,2023-10-31 09:00:00,S010
H0002233,O000589,Prospecting,Qualification,2023-11-16 13:00:00,S010
H0002234,O000589,Qualification,Proposal,2023-11-19 16:00:00,S010
H0002235,O000589,Proposal,Negotiation,2023-12-02 08:00:00,S010
H0002236,O000589,Negotiation,Closed Won,2023-12-16 13:00:00,S010
H0002237,O000590,,Prospecting,2024-12-22 09:00:00,S023
H0002238,O000590,Prospecting,Qualification,2024-12-24 17:00:00,S023
H0002239,O000590,Qualification,Closed Lost,2025-01-28 15:00:00,S023
H0002240,O000591,,Prospecting,2025-06-22 09:00:00,S034
H0002241,O000592,,Prospecting,2023-10-06 09:00:00,S017
H0002242,O000592,Prospecting,Qualification,2023-10-27 17:00:00,S017
H0002243,O000592,Qualification,Closed Lost,2023-11-16 10:00:00,S017
H0002244,O000593,,Prospecting,2025-04-26 09:00:00,S040
H0002245,O000593,Prospecting,Qualification,2025-05-12 10:00:00,S040
H0002246,O000593,Qualification,Proposal,2025-05-19 09:00:00,S040
H0002247,O000593,Proposal,Negotiation,2025-05-29 14:00:00,S040
H0002248,O000594,,Prospecting,2024-12-03 09:00:00,S026
H0002249,O000594,Prospecting,Qualification,2024-12-03 15:00:00,S026
H0002250,O000594,Qualification,Closed Lost,2024-12-10 10:00:00,S026
H0002251,O000595,,Prospecting,2024-10-04 09:00:00,S027
H0002252,O000595,Prospecting,Qualification,2024-10-08 16:00:00,S027
H0002253,O000595,Qualification,Proposal,2024-10-14 08:00:00,S027
H0002254,O000595,Proposal,Negotiation,2024-12-06 11:00:00,S027
H0002255,O000595,Negotiation,Closed Won,2024-12-10 17:00:00,S027
H0002256,O000596,,Prospecting,2023-07-01 09:00:00,S009
H0002257,O000596,Prospecting,Qualification,2023-07-13 15:00:00,S009
H0002258,O000596,Qualification,Closed Lost,2023-08-18 11:00:00,S009
H0002259,O000597,,Prospecting,2023-05-20 09:00:00,S034
H0002260,O000597,Prospecting,Qualification,2023-06-26 11:00:00,S034
H0002261,O000597,Qualification,Proposal,2023-07-05 13:00:00,S034
H0002262,O000597,Proposal,Negotiation,2023-07-13 15:00:00,S034
H0002263,O000597,Negotiation,Closed Lost,2023-07-22 17:00:00,S034
H0002264,O000598,,Prospecting,2025-04-17 09:00:00,S012
H0002265,O000598,Prospecting,Qualification,2025-04-24 12:00:00,S012
H0002266,O000598,Qualification,Proposal,2025-05-31 10:00:00,S012
H0002267,O000598,Proposal,Negotiation,2025-06-07 17:00:00,S012
H0002268,O000598,Negotiation,Closed Lost,2025-06-20 17:00:00,S012
H0002269,O000599,,Prospecting,2025-01-25 09:00:00,S019
H0002270,O000599,Prospecting,Closed Lost,2025-03-10 12:00:00,S019
H0002271,O000600,,Prospecting,2023-12-15 09:00:00,S022
H0002272,O000600,Prospecting,Qualification,2024-02-23 10:00:00,S022
H0002273,O000600,Qualification,Proposal,2024-02-23 14:00:00,S022
H0002274,O000600,Proposal,Negotiation,2024-02-28 17:00:00,S022
H0002275,O000600,Negotiation,Closed Won,2024-03-20 13:00:00,S022
H0002276,O000601,,Prospecting,2025-03-11 09:00:00,S002
H0002277,O000601,Prospecting,Closed Lost,2025-04-17 12:00:00,S002
H0002278,O000602,,Prospecting,2024-11-19 09:00:00,S030
H0002279,O000602,Prospecting,Qualification,2024-11-24 16:00:00,S030
H0002280,O000602,Qualification,Proposal,2024-12-06 10:00:00,S030
H0002281,O000602,Proposal,Closed Lost,2024-12-16 09:00:00,S030
H0002282,O000603,,Prospecting,2025-06-13 09:00:00,S028
H0002283,O000603,Prospecting,Qualification,2025-06-19 11:00:00,S028
H0002284,O000603,Qualification,Proposal,2025-06-19 12:00:00,S028
H0002285,O000603,Proposal,Closed Lost,2025-06-23 10:00:00,S028
H0002286,O000604,,Prospecting,2024-02-02 09:00:00,S003
H0002287,O000604,Prospecting,Qualification,2024-02-23 15:00:00,S003
H0002288,O000604,Qualification,Proposal,2024-03-02 13:00:00,S003
H0002289,O000604,Proposal,Closed Lost,2024-05-03 14:00:00,S003
H0002290,O000605,,Prospecting,2024-07-26 09:00:00,S023
H0002291,O000605,Prospecting,Qualification,2024-08-12 13:00:00,S023
H0002292,O000605,Qualification,Proposal,2024-08-28 15:00:00,S023
H0002293,O000605,Proposal,Closed Lost,2024-09-05 09:00:00,S023
H0002294,O000606,,Prospecting,2025-05-31 09:00:00,S022
H0002295,O000606,Prospecting,Qualification,2025-06-12 17:00:00,S022
H0002296,O000607,,Prospecting,2025-05-08 09:00:00,S002
H0002297,O000607,Prospecting,Qualification,2025-06-05 11:00:00,S002
H0002298,O000607,Qualification,Proposal,2025-06-25 11:00:00,S002
H0002299,O000608,,Prospecting,2023-05-20 09:00:00,S032
H0002300,O000608,Prospecting,Closed Lost,2023-06-21 15:00:00,S032
H0002301,O000609,,Prospecting,2025-05-26 09:00:00,S012
H0002302,O000609,Prospecting,Qualification,2025-05-28 13:00:00,S012
H0002303,O000609,Qualification,Proposal,2025-06-02 17:00:00,S012
H0002304,O000609,Proposal,Negotiation,2025-06-11 08:00:00,S012
H0002305,O000609,Negotiation,Closed Lost,2025-06-14 10:00:00,S012
H0002306,O000610,,Prospecting,2023-05-20 09:00:00,S038
H0002307,O000610,Prospecting,Qualification,2023-06-23 10:00:00,S038
H0002308,O000610,Qualification,Proposal,2023-07-26 10:00:00,S038
H0002309,O000610,Proposal,Negotiation,2023-08-14 10:00:00,S038
H0002310,O000610,Negotiation,Closed Won,2023-08-27 11:00:00,S038
H0002311,O000611,,Prospecting,2025-04-11 09:00:00,S020
H0002312,O000611,Prospecting,Qualification,2025-04-30 12:00:00,S020
H0002313,O000611,Qualification,Proposal,2025-05-11 13:00:00,S020
H0002314,O000611,Proposal,Negotiation,2025-05-22 10:00:00,S020
H0002315,O000612,,Prospecting,2023-05-30 09:00:00,S037
H0002316,O000612,Prospecting,Closed Lost,2023-07-22 09:00:00,S037
H0002317,O000613,,Prospecting,2024-04-21 09:00:00,S013
H0002318,O000613,Prospecting,Qualification,2024-04-26 12:00:00,S013
H0002319,O000613,Qualification,Proposal,2024-05-24 15:00:00,S013
H0002320,O000613,Proposal,Closed Lost,2024-06-19 12:00:00,S013
H0002321,O000614,,Prospecting,2024-08-05 09:00:00,S016
H0002322,O000614,Prospecting,Qualification,2024-09-06 12:00:00,S016
H0002323,O000614,Qualification,Proposal,2024-09-24 09:00:00,S016
H0002324,O000614,Proposal,Closed Lost,2024-09-28 17:00:00,S016
H0002325,O000615,,Prospecting,2024-06-17 09:00:00,S008
H0002326,O000615,Prospecting,Qualification,2024-07-27 13:00:00,S008
H0002327,O000615,Qualification,Closed Lost,2024-08-06 11:00:00,S008
H0002328,O000616,,Prospecting,2025-02-23 09:00:00,S006
H0002329,O000616,Prospecting,Qualification,2025-03-31 08:00:00,S006
H0002330,O000616,Qualification,Proposal,2025-04-22 11:00:00,S006
H0002331,O000616,Proposal,Negotiation,2025-05-09 16:00:00,S006
H0002332,O000616,Negotiation,Closed Won,2025-06-07 12:00:00,S006
H0002333,O000617,,Prospecting,2024-04-12 09:00:00,S001
H0002334,O000617,Prospecting,Qualification,2024-04-15 17:00:00,S001
H0002335,O000617,Qualification,Proposal,2024-05-09 15:00:00,S001
H0002336,O000617,Proposal,Closed Lost,2024-05-26 14:00:00,S001
H0002337,O000618,,Prospecting,2023-08-21 09:00:00,S021
H0002338,O000618,Prospecting,Closed Lost,2024-03-07 16:00:00,S021
H0002339,O000619,,Prospecting,2023-07-09 09:00:00,S012
H0002340,O000619,Prospecting,Qualification,2023-07-11 09:00:00,S012
H0002341,O000619,Qualification,Proposal,2023-07-20 11:00:00,S012
H0002342,O000619,Proposal,Negotiation,2023-08-03 16:00:00,S012
H0002343,O000619,Negotiation,Closed Won,2023-08-16 10:00:00,S012
H0002344,O000620,,Prospecting,2025-05-06 09:00:00,S004
H0002345,O000620,Prospecting,Qualification,2025-05-17 16:00:00,S004
H0002346,O000620,Qualification,Proposal,2025-05-31 13:00:00,S004
H0002347,O000620,Proposal,Negotiation,2025-06-04 15:00:00,S004
H0002348,O000620,Negotiation,Closed Lost,2025-06-05 15:00:00,S004
H0002349,O000621,,Prospecting,2025-06-01 09:00:00,S035
H0002350,O000621,Prospecting,Qualification,2025-06-22 11:00:00,S035
H0002351,O000621,Qualification,Proposal,2025-06-28 11:00:00,S035
H0002352,O000622,,Prospecting,2023-08-11 09:00:00,S001
H0002353,O000622,Prospecting,Qualification,2023-09-12 09:00:00,S001
H0002354,O000622,Qualification,Closed Lost,2023-10-25 15:00:00,S001
H0002355,O000623,,Prospecting,2023-03-29 09:00:00,S009
H0002356,O000623,Prospecting,Closed Lost,2023-05-02 15:00:00,S009
H0002357,O000624,,Prospecting,2024-02-23 09:00:00,S008
H0002358,O000624,Prospecting,Qualification,2024-03-01 08:00:00,S008
H0002359,O000624,Qualification,Proposal,2024-03-19 16:00:00,S008
H0002360,O000624,Proposal,Negotiation,2024-03-29 16:00:00,S008
H0002361,O000624,Negotiation,Closed Won,2024-05-10 16:00:00,S008
H0002362,O000625,,Prospecting,2023-03-12 09:00:00,S015
H0002363,O000625,Prospecting,Qualification,2023-04-22 09:00:00,S015
H0002364,O000625,Qualification,Proposal,2023-04-27 10:00:00,S015
H0002365,O000625,Proposal,Negotiation,2023-05-22 10:00:00,S015
H0002366,O000625,Negotiation,Closed Won,2023-05-24 15:00:00,S015
H0002367,O000626,,Prospecting,2025-02-01 09:00:00,S016
H0002368,O000626,Prospecting,Closed Lost,2025-02-23 17:00:00,S016
H0002369,O000627,,Prospecting,2025-03-07 09:00:00,S014
H0002370,O000627,Prospecting,Qualification,2025-03-26 14:00:00,S014
H0002371,O000627,Qualification,Proposal,2025-05-10 16:00:00,S014
H0002372,O000627,Proposal,Negotiation,2025-06-08 11:00:00,S014
H0002373,O000628,,Prospecting,2025-02-06 09:00:00,S004
H0002374,O000628,Prospecting,Qualification,2025-02-06 12:00:00,S004
H0002375,O000628,Qualification,Proposal,2025-02-23 10:00:00,S004
H0002376,O000628,Proposal,Negotiation,2025-03-16 15:00:00,S004
H0002377,O000628,Negotiation,Closed Won,2025-03-31 14:00:00,S004
H0002378,O000629,,Prospecting,2024-03-07 09:00:00,S003
H0002379,O000629,Prospecting,Qualification,2024-03-08 10:00:00,S003
H0002380,O000629,Qualification,Proposal,2024-03-14 14:00:00,S003
H0002381,O000629,Proposal,Closed Lost,2024-04-09 16:00:00,S003
H0002382,O000630,,Prospecting,2023-04-01 09:00:00,S035
H0002383,O000630,Prospecting,Qualification,2023-05-20 08:00:00,S035
H0002384,O000630,Qualification,Proposal,2023-05-22 17:00:00,S035
H0002385,O000630,Proposal,Negotiation,2023-06-02 17:00:00,S035
H0002386,O000630,Negotiation,Closed Won,2023-07-15 09:00:00,S035
H0002387,O000631,,Prospecting,2023-07-30 09:00:00,S022
H0002388,O000631,Prospecting,Qualification,2023-08-06 14:00:00,S022
H0002389,O000631,Qualification,Proposal,2023-08-23 17:00:00,S022
H0002390,O000631,Proposal,Negotiation,2023-09-06 16:00:00,S022
H0002391,O000631,Negotiation,Closed Won,2023-09-13 15:00:00,S022
H0002392,O000632,,Prospecting,2025-05-29 09:00:00,S015
H0002393,O000632,Prospecting,Qualification,2025-06-21 14:00:00,S015
H0002394,O000633,,Prospecting,2025-03-01 09:00:00,S027
H0002395,O000633,Prospecting,Qualification,2025-03-01 17:00:00,S027
H0002396,O000633,Qualification,Proposal,2025-03-28 13:00:00,S027
H0002397,O000633,Proposal,Closed Lost,2025-03-31 17:00:00,S027
H0002398,O000634,,Prospecting,2025-03-14 09:00:00,S003
H0002399,O000634,Prospecting,Qualification,2025-04-05 08:00:00,S003
H0002400,O000634,Qualification,Proposal,2025-04-13 13:00:00,S003
H0002401,O000634,Proposal,Negotiation,2025-04-20 08:00:00,S003
H0002402,O000635,,Prospecting,2025-05-14 09:00:00,S016
H0002403,O000635,Prospecting,Qualification,2025-05-27 08:00:00,S016
H0002404,O000636,,Prospecting,2024-09-05 09:00:00,S006
H0002405,O000636,Prospecting,Qualification,2024-09-06 16:00:00,S006
H0002406,O000636,Qualification,Proposal,2024-09-09 15:00:00,S006
H0002407,O000636,Proposal,Negotiation,2024-09-13 14:00:00,S006
H0002408,O000636,Negotiation,Closed Lost,2024-09-20 15:00:00,S006
H0002409,O000637,,Prospecting,2024-07-18 09:00:00,S036
H0002410,O000637,Prospecting,Qualification,2024-08-07 08:00:00,S036
H0002411,O000637,Qualification,Proposal,2024-08-07 09:00:00,S036
H0002412,O000637,Proposal,Negotiation,2024-10-02 11:00:00,S036
H0002413,O000637,Negotiation,Closed Lost,2024-10-03 12:00:00,S036
H0002414,O000638,,Prospecting,2023-11-20 09:00:00,S005
H0002415,O000638,Prospecting,Qualification,2023-12-05 15:00:00,S005
H0002416,O000638,Qualification,Proposal,2023-12-10 11:00:00,S005
H0002417,O000638,Proposal,Negotiation,2023-12-16 12:00:00,S005
H0002418,O000638,Negotiation,Closed Lost,2023-12-22 12:00:00,S005
H0002419,O000639,,Prospecting,2024-07-31 09:00:00,S022
H0002420,O000639,Prospecting,Qualification,2024-08-30 11:00:00,S022
H0002421,O000639,Qualification,Closed Lost,2024-09-04 16:00:00,S022
H0002422,O000640,,Prospecting,2023-06-26 09:00:00,S023
H0002423,O000640,Prospecting,Qualification,2023-07-04 08:00:00,S023
H0002424,O000640,Qualification,Proposal,2023-07-15 09:00:00,S023
H0002425,O000640,Proposal,Closed Lost,2023-07-16 16:00:00,S023
H0002426,O000641,,Prospecting,2025-02-19 09:00:00,S009
H0002427,O000641,Prospecting,Qualification,2025-02-22 08:00:00,S009
H0002428,O000641,Qualification,Proposal,2025-04-08 13:00:00,S009
H0002429,O000641,Proposal,Negotiation,2025-06-27 08:00:00,S009
H0002430,O000642,,Prospecting,2023-04-13 09:00:00,S013
H0002431,O000642,Prospecting,Qualification,2023-05-10 11:00:00,S013
H0002432,O000642,Qualification,Proposal,2023-06-06 13:00:00,S013
H0002433,O000642,Proposal,Negotiation,2023-07-01 16:00:00,S013
H0002434,O000642,Negotiation,Closed Lost,2023-07-03 11:00:00,S013
H0002435,O000643,,Prospecting,2025-05-29 09:00:00,S004
H0002436,O000643,Prospecting,Qualification,2025-05-30 17:00:00,S004
H0002437,O000643,Qualification,Proposal,2025-05-31 10:00:00,S004
H0002438,O000643,Proposal,Closed Lost,2025-06-17 17:00:00,S004
H0002439,O000644,,Prospecting,2023-06-19 09:00:00,S002
H0002440,O000644,Prospecting,Qualification,2023-06-27 15:00:00,S002
H0002441,O000644,Qualification,Proposal,2023-07-07 09:00:00,S002
H0002442,O000644,Proposal,Negotiation,2023-07-27 09:00:00,S002
H0002443,O000644,Negotiation,Closed Won,2023-08-06 16:00:00,S002
H0002444,O000645,,Prospecting,2025-03-25 09:00:00,S026
H0002445,O000645,Prospecting,Qualification,2025-03-31 08:00:00,S026
H0002446,O000645,Qualification,Closed Lost,2025-04-11 17:00:00,S026
H0002447,O000646,,Prospecting,2023-11-05 09:00:00,S008
H0002448,O000646,Prospecting,Qualification,2023-11-09 15:00:00,S008
H0002449,O000646,Qualification,Proposal,2023-12-11 17:00:00,S008
H0002450,O000646,Proposal,Negotiation,2023-12-23 08:00:00,S008
H0002451,O000646,Negotiation,Closed Won,2024-02-06 12:00:00,S008
H0002452,O000647,,Prospecting,2025-05-19 09:00:00,S032
H0002453,O000647,Prospecting,Qualification,2025-06-22 12:00:00,S032
H0002454,O000648,,Prospecting,2024-10-07 09:00:00,S016
H0002455,O000648,Prospecting,Qualification,2024-11-22 14:00:00,S016
H0002456,O000648,Qualification,Closed Lost,2024-12-28 13:00:00,S016
H0002457,O000649,,Prospecting,2025-03-02 09:00:00,S037
H0002458,O000649,Prospecting,Qualification,2025-04-02 08:00:00,S037
H0002459,O000649,Qualification,Proposal,2025-04-18 15:00:00,S037
H0002460,O000649,Proposal,Negotiation,2025-05-14 15:00:00,S037
H0002461,O000649,Negotiation,Closed Won,2025-05-25 09:00:00,S037
H0002462,O000650,,Prospecting,2023-07-14 09:00:00,S035
H0002463,O000650,Prospecting,Qualification,2023-07-18 10:00:00,S035
H0002464,O000650,Qualification,Closed Lost,2023-07-29 15:00:00,S035
H0002465,O000651,,Prospecting,2025-03-06 09:00:00,S012
H0002466,O000651,Prospecting,Qualification,2025-04-05 14:00:00,S012
H0002467,O000651,Qualification,Proposal,2025-04-20 12:00:00,S012
H0002468,O000651,Proposal,Closed Lost,2025-04-30 17:00:00,S012
H0002469,O000652,,Prospecting,2023-07-29 09:00:00,S008
H0002470,O000652,Prospecting,Closed Lost,2024-01-03 17:00:00,S008
H0002471,O000653,,Prospecting,2024-01-16 09:00:00,S002
H0002472,O000653,Prospecting,Qualification,2024-01-23 15:00:00,S002
H0002473,O000653,Qualification,Proposal,2024-02-02 16:00:00,S002
H0002474,O000653,Proposal,Negotiation,2024-03-04 11:00:00,S002
H0002475,O000653,Negotiation,Closed Lost,2024-03-14 11:00:00,S002
H0002476,O000654,,Prospecting,2024-10-18 09:00:00,S009
H0002477,O000654,Prospecting,Qualification,2024-10-20 13:00:00,S009
H0002478,O000654,Qualification,Proposal,2025-01-20 15:00:00,S009
H0002479,O000654,Proposal,Negotiation,2025-02-14 11:00:00,S009
H0002480,O000654,Negotiation,Closed Lost,2025-02-16 10:00:00,S009
H0002481,O000655,,Prospecting,2025-02-06 09:00:00,S019
H0002482,O000655,Prospecting,Qualification,2025-02-08 14:00:00,S019
H0002483,O000655,Qualification,Closed Lost,2025-03-29 09:00:00,S019
H0002484,O000656,,Prospecting,2024-11-20 09:00:00,S012
H0002485,O000656,Prospecting,Qualification,2024-11-28 08:00:00,S012
H0002486,O000656,Qualification,Proposal,2024-12-14 13:00:00,S012
H0002487,O000656,Proposal,Negotiation,2025-01-29 15:00:00,S012
H0002488,O000656,Negotiation,Closed Won,2025-02-04 11:00:00,S012
H0002489,O000657,,Prospecting,2024-12-27 09:00:00,S037
H0002490,O000657,Prospecting,Qualification,2024-12-31 12:00:00,S037
H0002491,O000657,Qualification,Proposal,2025-01-04 15:00:00,S037
H0002492,O000657,Proposal,Negotiation,2025-01-05 11:00:00,S037
H0002493,O000657,Negotiation,Closed Lost,2025-01-12 10:00:00,S037
H0002494,O000658,,Prospecting,2025-02-01 09:00:00,S013
H0002495,O000658,Prospecting,Qualification,2025-02-26 14:00:00,S013
H0002496,O000658,Qualification,Proposal,2025-03-11 14:00:00,S013
H0002497,O000658,Proposal,Negotiation,2025-03-25 10:00:00,S013
H0002498,O000658,Negotiation,Closed Won,2025-04-07 10:00:00,S013
H0002499,O000659,,Prospecting,2024-07-25 09:00:00,S016
H0002500,O000659,Prospecting,Closed Lost,2024-09-21 11:00:00,S016
H0002501,O000660,,Prospecting,2025-04-03 09:00:00,S034
H0002502,O000660,Prospecting,Qualification,2025-05-26 10:00:00,S034
H0002503,O000660,Qualification,Proposal,2025-06-01 11:00:00,S034
H0002504,O000660,Proposal,Negotiation,2025-06-05 15:00:00,S034
H0002505,O000660,Negotiation,Closed Won,2025-06-07 16:00:00,S034
H0002506,O000661,,Prospecting,2023-05-11 09:00:00,S019
H0002507,O000661,Prospecting,Qualification,2023-05-19 10:00:00,S019
H0002508,O000661,Qualification,Proposal,2023-05-20 16:00:00,S019
H0002509,O000661,Proposal,Negotiation,2023-05-26 17:00:00,S019
H0002510,O000661,Negotiation,Closed Lost,2023-06-05 17:00:00,S019
H0002511,O000662,,Prospecting,2024-05-14 09:00:00,S028
H0002512,O000662,Prospecting,Qualification,2024-06-04 15:00:00,S028
H0002513,O000662,Qualification,Closed Lost,2024-06-10 12:00:00,S028
H0002514,O000663,,Prospecting,2023-11-15 09:00:00,S023
H0002515,O000663,Prospecting,Qualification,2023-11-17 14:00:00,S023
H0002516,O000663,Qualification,Proposal,2023-11-25 14:00:00,S023
H0002517,O000663,Proposal,Negotiation,2023-11-30 17:00:00,S023
H0002518,O000663,Negotiation,Closed Lost,2023-12-06 13:00:00,S023
H0002519,O000664,,Prospecting,2025-02-11 09:00:00,S035
H0002520,O000664,Prospecting,Qualification,2025-02-20 11:00:00,S035
H0002521,O000664,Qualification,Proposal,2025-02-27 15:00:00,S035
H0002522,O000664,Proposal,Negotiation,2025-03-22 15:00:00,S035
H0002523,O000664,Negotiation,Closed Won,2025-03-26 14:00:00,S035
H0002524,O000665,,Prospecting,2024-07-06 09:00:00,S027
H0002525,O000665,Prospecting,Qualification,2024-07-11 16:00:00,S027
H0002526,O000665,Qualification,Proposal,2024-07-13 09:00:00,S027
H0002527,O000665,Proposal,Negotiation,2024-08-04 11:00:00,S027
H0002528,O000665,Negotiation,Closed Won,2024-09-13 10:00:00,S027
H0002529,O000666,,Prospecting,2023-10-05 09:00:00,S033
H0002530,O000666,Prospecting,Qualification,2023-11-03 08:00:00,S033
H0002531,O000666,Qualification,Closed Lost,2024-01-13 13:00:00,S033
H0002532,O000667,,Prospecting,2024-06-03 09:00:00,S039
H0002533,O000667,Prospecting,Closed Lost,2024-08-25 11:00:00,S039
H0002534,O000668,,Prospecting,2025-02-03 09:00:00,S023
H0002535,O000668,Prospecting,Qualification,2025-03-01 15:00:00,S023
H0002536,O000668,Qualification,Proposal,2025-03-06 13:00:00,S023
H0002537,O000668,Proposal,Negotiation,2025-03-27 12:00:00,S023
H0002538,O000668,Negotiation,Closed Won,2025-03-28 11:00:00,S023
H0002539,O000669,,Prospecting,2024-06-04 09:00:00,S008
H0002540,O000669,Prospecting,Qualification,2024-06-11 16:00:00,S008
H0002541,O000669,Qualification,Proposal,2024-06-15 08:00:00,S008
H0002542,O000669,Proposal,Negotiation,2024-06-17 17:00:00,S008
H0002543,O000669,Negotiation,Closed Won,2024-07-16 14:00:00,S008
H0002544,O000670,,Prospecting,2023-05-10 09:00:00,S028
H0002545,O000670,Prospecting,Qualification,2023-05-29 13:00:00,S028
H0002546,O000670,Qualification,Proposal,2023-06-17 13:00:00,S028
H0002547,O000670,Proposal,Negotiation,2023-07-20 16:00:00,S028
H0002548,O000670,Negotiation,Closed Lost,2023-08-03 10:00:00,S028
H0002549,O000671,,Prospecting,2024-03-12 09:00:00,S010
H0002550,O000671,Prospecting,Qualification,2024-03-18 13:00:00,S010
H0002551,O000671,Qualification,Closed Lost,2024-04-10 14:00:00,S010
H0002552,O000672,,Prospecting,2025-06-20 09:00:00,S033
H0002553,O000673,,Prospecting,2024-12-07 09:00:00,S031
H0002554,O000673,Prospecting,Qualification,2025-01-20 16:00:00,S031
H0002555,O000673,Qualification,Proposal,2025-02-02 09:00:00,S031
H0002556,O000673,Proposal,Closed Lost,2025-03-20 15:00:00,S031
H0002557,O000674,,Prospecting,2024-11-11 09:00:00,S027
H0002558,O000674,Prospecting,Qualification,2024-11-15 13:00:00,S027
H0002559,O000674,Qualification,Proposal,2024-11-19 13:00:00,S027
H0002560,O000674,Proposal,Closed Lost,2024-12-09 11:00:00,S027
H0002561,O000675,,Prospecting,2023-04-30 09:00:00,S012
H0002562,O000675,Prospecting,Qualification,2023-05-25 09:00:00,S012
H0002563,O000675,Qualification,Proposal,2023-06-02 12:00:00,S012
H0002564,O000675,Proposal,Negotiation,2023-06-11 12:00:00,S012
H0002565,O000675,Negotiation,Closed Won,2023-07-17 11:00:00,S012
H0002566,O000676,,Prospecting,2025-01-15 09:00:00,S024
H0002567,O000676,Prospecting,Qualification,2025-01-23 09:00:00,S024
H0002568,O000676,Qualification,Proposal,2025-01-31 09:00:00,S024
H0002569,O000676,Proposal,Negotiation,2025-02-08 08:00:00,S024
H0002570,O000676,Negotiation,Closed Won,2025-02-13 17:00:00,S024
H0002571,O000677,,Prospecting,2023-10-22 09:00:00,S017
H0002572,O000677,Prospecting,Closed Lost,2023-11-27 15:00:00,S017
H0002573,O000678,,Prospecting,2024-07-05 09:00:00,S016
H0002574,O000678,Prospecting,Qualification,2024-07-12 10:00:00,S016
H0002575,O000678,Qualification,Proposal,2024-07-13 17:00:00,S016
H0002576,O000678,Proposal,Negotiation,2024-07-16 12:00:00,S016
H0002577,O000678,Negotiation,Closed Lost,2024-08-07 13:00:00,S016
H0002578,O000679,,Prospecting,2024-07-26 09:00:00,S030
H0002579,O000679,Prospecting,Qualification,2024-08-04 10:00:00,S030
H0002580,O000679,Qualification,Proposal,2024-08-11 09:00:00,S030
H0002581,O000679,Proposal,Negotiation,2024-08-20 13:00:00,S030
H0002582,O000679,Negotiation,Closed Won,2024-09-26 17:00:00,S030
H0002583,O000680,,Prospecting,2023-02-13 09:00:00,S009
H0002584,O000680,Prospecting,Closed Lost,2023-05-26 13:00:00,S009
H0002585,O000681,,Prospecting,2024-01-23 09:00:00,S017
H0002586,O000681,Prospecting,Qualification,2024-01-30 12:00:00,S017
H0002587,O000681,Qualification,Proposal,2024-02-17 09:00:00,S017
H0002588,O000681,Proposal,Negotiation,2024-02-25 12:00:00,S017
H0002589,O000681,Negotiation,Closed Won,2024-02-29 11:00:00,S017
H0002590,O000682,,Prospecting,2025-05-17 09:00:00,S006
H0002591,O000682,Prospecting,Qualification,2025-05-21 15:00:00,S006
H0002592,O000682,Qualification,Closed Lost,2025-05-29 15:00:00,S006
H0002593,O000683,,Prospecting,2025-02-06 09:00:00,S010
H0002594,O000683,Prospecting,Qualification,2025-02-07 12:00:00,S010
H0002595,O000683,Qualification,Closed Lost,2025-04-18 09:00:00,S010
H0002596,O000684,,Prospecting,2025-02-20 09:00:00,S015
H0002597,O000684,Prospecting,Qualification,2025-03-11 12:00:00,S015
H0002598,O000684,Qualification,Proposal,2025-04-13 17:00:00,S015
H0002599,O000684,Proposal,Negotiation,2025-06-02 08:00:00,S015
H0002600,O000685,,Prospecting,2025-03-16 09:00:00,S033
H0002601,O000685,Prospecting,Qualification,2025-04-05 17:00:00,S033
H0002602,O000685,Qualification,Proposal,2025-04-18 10:00:00,S033
H0002603,O000685,Proposal,Negotiation,2025-04-19 09:00:00,S033
H0002604,O000685,Negotiation,Closed Won,2025-05-27 15:00:00,S033
H0002605,O000686,,Prospecting,2024-01-29 09:00:00,S025
H0002606,O000686,Prospecting,Qualification,2024-02-21 14:00:00,S025
H0002607,O000686,Qualification,Proposal,2024-03-24 10:00:00,S025
H0002608,O000686,Proposal,Negotiation,2024-04-01 08:00:00,S025
H0002609,O000686,Negotiation,Closed Lost,2024-04-21 15:00:00,S025
H0002610,O000687,,Prospecting,2025-03-25 09:00:00,S033
H0002611,O000687,Prospecting,Qualification,2025-04-03 12:00:00,S033
H0002612,O000687,Qualification,Proposal,2025-04-19 16:00:00,S033
H0002613,O000687,Proposal,Negotiation,2025-04-23 13:00:00,S033
H0002614,O000687,Negotiation,Closed Lost,2025-04-24 12:00:00,S033
H0002615,O000688,,Prospecting,2024-03-04 09:00:00,S024
H0002616,O000688,Prospecting,Closed Lost,2024-05-12 15:00:00,S024
H0002617,O000689,,Prospecting,2025-03-04 09:00:00,S025
H0002618,O000689,Prospecting,Qualification,2025-04-14 16:00:00,S025
H0002619,O000689,Qualification,Proposal,2025-05-18 10:00:00,S025
H0002620,O000689,Proposal,Negotiation,2025-05-26 12:00:00,S025
H0002621,O000689,Negotiation,Closed Lost,2025-05-28 10:00:00,S025
H0002622,O000690,,Prospecting,2024-06-13 09:00:00,S034
H0002623,O000690,Prospecting,Closed Lost,2024-08-10 14:00:00,S034
H0002624,O000691,,Prospecting,2024-10-02 09:00:00,S002
H0002625,O000691,Prospecting,Closed Lost,2024-11-07 11:00:00,S002
H0002626,O000692,,Prospecting,2024-11-04 09:00:00,S020
H0002627,O000692,Prospecting,Closed Lost,2024-12-02 11:00:00,S020
H0002628,O000693,,Prospecting,2024-10-04 09:00:00,S021
H0002629,O000693,Prospecting,Qualification,2024-11-19 14:00:00,S021
H0002630,O000693,Qualification,Proposal,2024-11-19 10:00:00,S021
H0002631,O000693,Proposal,Negotiation,2024-11-19 11:00:00,S021
H0002632,O000693,Negotiation,Closed Won,2024-12-29 10:00:00,S021
H0002633,O000694,,Prospecting,2024-11-15 09:00:00,S022
H0002634,O000694,Prospecting,Qualification,2024-12-03 17:00:00,S022
H0002635,O000694,Qualification,Proposal,2025-01-02 12:00:00,S022
H0002636,O000694,Proposal,Negotiation,2025-01-28 15:00:00,S022
H0002637,O000694,Negotiation,Closed Won,2025-02-26 17:00:00,S022
H0002638,O000695,,Prospecting,2023-09-28 09:00:00,S025
H0002639,O000695,Prospecting,Qualification,2023-10-07 17:00:00,S025
H0002640,O000695,Qualification,Proposal,2024-01-25 14:00:00,S025
H0002641,O000695,Proposal,Closed Lost,2024-02-25 11:00:00,S025
H0002642,O000696,,Prospecting,2023-10-03 09:00:00,S002
H0002643,O000696,Prospecting,Qualification,2023-10-07 15:00:00,S002
H0002644,O000696,Qualification,Closed Lost,2023-10-27 13:00:00,S002
H0002645,O000697,,Prospecting,2024-03-19 09:00:00,S029
H0002646,O000697,Prospecting,Qualification,2024-04-08 09:00:00,S029
H0002647,O000697,Qualification,Proposal,2024-04-20 16:00:00,S029
H0002648,O000697,Proposal,Negotiation,2024-05-13 16:00:00,S029
H0002649,O000697,Negotiation,Closed Won,2024-05-17 09:00:00,S029
H0002650,O000698,,Prospecting,2025-03-13 09:00:00,S026
H0002651,O000698,Prospecting,Qualification,2025-03-15 13:00:00,S026
H0002652,O000698,Qualification,Closed Lost,2025-04-14 12:00:00,S026
H0002653,O000699,,Prospecting,2024-07-12 09:00:00,S038
H0002654,O000699,Prospecting,Qualification,2024-07-21 15:00:00,S038
H0002655,O000699,Qualification,Closed Lost,2024-07-26 14:00:00,S038
H0002656,O000700,,Prospecting,2025-03-08 09:00:00,S023
H0002657,O000700,Prospecting,Qualification,2025-04-09 10:00:00,S023
H0002658,O000700,Qualification,Closed Lost,2025-05-11 13:00:00,S023
H0002659,O000701,,Prospecting,2024-04-03 09:00:00,S031
H0002660,O000701,Prospecting,Qualification,2024-04-06 11:00:00,S031
H0002661,O000701,Qualification,Closed Lost,2024-05-13 16:00:00,S031
H0002662,O000702,,Prospecting,2024-05-24 09:00:00,S004
H0002663,O000702,Prospecting,Qualification,2024-06-17 09:00:00,S004
H0002664,O000702,Qualification,Proposal,2024-07-07 11:00:00,S004
H0002665,O000702,Proposal,Negotiation,2024-07-13 11:00:00,S004
H0002666,O000702,Negotiation,Closed Won,2024-07-25 16:00:00,S004
H0002667,O000703,,Prospecting,2024-11-05 09:00:00,S018
H0002668,O000703,Prospecting,Qualification,2024-11-06 14:00:00,S018
H0002669,O000703,Qualification,Proposal,2024-11-26 10:00:00,S018
H0002670,O000703,Proposal,Negotiation,2024-12-01 12:00:00,S018
H0002671,O000703,Negotiation,Closed Won,2024-12-21 15:00:00,S018
H0002672,O000704,,Prospecting,2025-03-17 09:00:00,S016
H0002673,O000704,Prospecting,Closed Lost,2025-04-13 14:00:00,S016
H0002674,O000705,,Prospecting,2025-05-26 09:00:00,S034
H0002675,O000705,Prospecting,Qualification,2025-05-29 14:00:00,S034
H0002676,O000705,Qualification,Proposal,2025-06-01 15:00:00,S034
H0002677,O000705,Proposal,Negotiation,2025-06-08 14:00:00,S034
H0002678,O000705,Negotiation,Closed Lost,2025-06-30 15:00:00,S034
H0002679,O000706,,Prospecting,2023-06-28 09:00:00,S002
H0002680,O000706,Prospecting,Qualification,2023-08-07 13:00:00,S002
H0002681,O000706,Qualification,Proposal,2023-08-12 08:00:00,S002
H0002682,O000706,Proposal,Negotiation,2023-08-15 11:00:00,S002
H0002683,O000706,Negotiation,Closed Won,2023-09-24 11:00:00,S002
H0002684,O000707,,Prospecting,2023-07-02 09:00:00,S016
H0002685,O000707,Prospecting,Qualification,2023-08-09 11:00:00,S016
H0002686,O000707,Qualification,Proposal,2023-08-17 15:00:00,S016
H0002687,O000707,Proposal,Closed Lost,2023-09-10 17:00:00,S016
H0002688,O000708,,Prospecting,2025-05-29 09:00:00,S019
H0002689,O000708,Prospecting,Qualification,2025-06-14 12:00:00,S019
H0002690,O000708,Qualification,Proposal,2025-06-19 17:00:00,S019
H0002691,O000709,,Prospecting,2023-12-11 09:00:00,S009
H0002692,O000709,Prospecting,Qualification,2024-01-08 10:00:00,S009
H0002693,O000709,Qualification,Proposal,2024-01-25 14:00:00,S009
H0002694,O000709,Proposal,Closed Lost,2024-02-12 14:00:00,S009
H0002695,O000710,,Prospecting,2024-03-04 09:00:00,S005
H0002696,O000710,Prospecting,Qualification,2024-04-07 13:00:00,S005
H0002697,O000710,Qualification,Proposal,2024-04-27 09:00:00,S005
H0002698,O000710,Proposal,Negotiation,2024-04-29 15:00:00,S005
H0002699,O000710,Negotiation,Closed Won,2024-05-04 16:00:00,S005
H0002700,O000711,,Prospecting,2024-08-17 09:00:00,S034
H0002701,O000711,Prospecting,Qualification,2024-08-18 10:00:00,S034
H0002702,O000711,Qualification,Proposal,2024-08-21 11:00:00,S034
H0002703,O000711,Proposal,Negotiation,2024-09-09 10:00:00,S034
H0002704,O000711,Negotiation,Closed Lost,2024-09-26 13:00:00,S034
H0002705,O000712,,Prospecting,2023-05-03 09:00:00,S024
H0002706,O000712,Prospecting,Closed Lost,2023-12-21 12:00:00,S024
H0002707,O000713,,Prospecting,2025-04-29 09:00:00,S009
H0002708,O000713,Prospecting,Qualification,2025-05-01 09:00:00,S009
H0002709,O000713,Qualification,Proposal,2025-05-02 13:00:00,S009
H0002710,O000713,Proposal,Closed Lost,2025-05-06 10:00:00,S009
H0002711,O000714,,Prospecting,2023-04-28 09:00:00,S022
H0002712,O000714,Prospecting,Qualification,2023-05-05 09:00:00,S022
H0002713,O000714,Qualification,Proposal,2023-05-08 16:00:00,S022
H0002714,O000714,Proposal,Negotiation,2023-05-10 11:00:00,S022
H0002715,O000714,Negotiation,Closed Lost,2023-05-13 12:00:00,S022
H0002716,O000715,,Prospecting,2024-08-17 09:00:00,S014
H0002717,O000715,Prospecting,Qualification,2024-08-20 09:00:00,S014
H0002718,O000715,Qualification,Proposal,2024-09-05 15:00:00,S014
H0002719,O000715,Proposal,Negotiation,2024-09-14 08:00:00,S014
H0002720,O000715,Negotiation,Closed Lost,2024-09-16 10:00:00,S014
H0002721,O000716,,Prospecting,2023-08-21 09:00:00,S031
H0002722,O000716,Prospecting,Qualification,2023-09-18 12:00:00,S031
H0002723,O000716,Qualification,Proposal,2023-11-07 11:00:00,S031
H0002724,O000716,Proposal,Negotiation,2023-12-25 15:00:00,S031
H0002725,O000716,Negotiation,Closed Won,2024-01-16 15:00:00,S031
H0002726,O000717,,Prospecting,2024-01-17 09:00:00,S012
H0002727,O000717,Prospecting,Qualification,2024-02-16 17:00:00,S012
H0002728,O000717,Qualification,Proposal,2024-02-27 13:00:00,S012
H0002729,O000717,Proposal,Negotiation,2024-03-12 14:00:00,S012
H0002730,O000717,Negotiation,Closed Won,2024-03-19 17:00:00,S012
H0002731,O000718,,Prospecting,2023-03-23 09:00:00,S029
H0002732,O000718,Prospecting,Qualification,2023-03-27 11:00:00,S029
H0002733,O000718,Qualification,Proposal,2023-03-27 16:00:00,S029
H0002734,O000718,Proposal,Negotiation,2023-03-31 09:00:00,S029
H0002735,O000718,Negotiation,Closed Lost,2023-04-25 09:00:00,S029
H0002736,O000719,,Prospecting,2025-04-03 09:00:00,S012
H0002737,O000719,Prospecting,Qualification,2025-04-27 16:00:00,S012
H0002738,O000719,Qualification,Proposal,2025-05-08 09:00:00,S012
H0002739,O000719,Proposal,Negotiation,2025-05-11 12:00:00,S012
H0002740,O000719,Negotiation,Closed Lost,2025-05-25 16:00:00,S012
H0002741,O000720,,Prospecting,2024-06-04 09:00:00,S025
H0002742,O000720,Prospecting,Qualification,2024-06-08 09:00:00,S025
H0002743,O000720,Qualification,Proposal,2024-09-15 17:00:00,S025
H0002744,O000720,Proposal,Negotiation,2024-11-10 10:00:00,S025
H0002745,O000720,Negotiation,Closed Won,2024-11-18 14:00:00,S025
H0002746,O000721,,Prospecting,2025-01-07 09:00:00,S029
H0002747,O000721,Prospecting,Qualification,2025-01-07 16:00:00,S029
H0002748,O000721,Qualification,Proposal,2025-01-09 10:00:00,S029
H0002749,O000721,Proposal,Negotiation,2025-02-11 15:00:00,S029
H0002750,O000721,Negotiation,Closed Won,2025-02-16 09:00:00,S029
H0002751,O000722,,Prospecting,2024-09-10 09:00:00,S022
H0002752,O000722,Prospecting,Qualification,2024-11-07 14:00:00,S022
H0002753,O000722,Qualification,Closed Lost,2024-11-10 15:00:00,S022
H0002754,O000723,,Prospecting,2023-09-28 09:00:00,S009
H0002755,O000723,Prospecting,Qualification,2023-10-07 12:00:00,S009
H0002756,O000723,Qualification,Proposal,2023-11-04 14:00:00,S009
H0002757,O000723,Proposal,Negotiation,2023-12-07 11:00:00,S009
H0002758,O000723,Negotiation,Closed Won,2023-12-19 14:00:00,S009
H0002759,O000724,,Prospecting,2025-04-05 09:00:00,S033
H0002760,O000724,Prospecting,Closed Lost,2025-06-18 12:00:00,S033
H0002761,O000725,,Prospecting,2023-04-05 09:00:00,S033
H0002762,O000725,Prospecting,Qualification,2023-04-09 10:00:00,S033
H0002763,O000725,Qualification,Closed Lost,2023-04-13 16:00:00,S033
H0002764,O000726,,Prospecting,2025-01-17 09:00:00,S009
H0002765,O000726,Prospecting,Closed Lost,2025-03-14 12:00:00,S009
H0002766,O000727,,Prospecting,2024-02-26 09:00:00,S018
H0002767,O000727,Prospecting,Qualification,2024-03-01 11:00:00,S018
H0002768,O000727,Qualification,Proposal,2024-03-04 16:00:00,S018
H0002769,O000727,Proposal,Negotiation,2024-03-09 11:00:00,S018
H0002770,O000727,Negotiation,Closed Lost,2024-04-28 13:00:00,S018
H0002771,O000728,,Prospecting,2023-09-19 09:00:00,S023
H0002772,O000728,Prospecting,Qualification,2023-09-22 11:00:00,S023
H0002773,O000728,Qualification,Proposal,2023-09-23 17:00:00,S023
H0002774,O000728,Proposal,Negotiation,2023-09-25 11:00:00,S023
H0002775,O000728,Negotiation,Closed Lost,2023-09-26 10:00:00,S023
H0002776,O000729,,Prospecting,2024-11-17 09:00:00,S032
H0002777,O000729,Prospecting,Closed Lost,2024-12-26 16:00:00,S032
H0002778,O000730,,Prospecting,2025-04-19 09:00:00,S011
H0002779,O000730,Prospecting,Qualification,2025-04-21 17:00:00,S011
H0002780,O000730,Qualification,Proposal,2025-04-27 16:00:00,S011
H0002781,O000730,Proposal,Negotiation,2025-04-29 17:00:00,S011
H0002782,O000730,Negotiation,Closed Lost,2025-05-07 17:00:00,S011
H0002783,O000731,,Prospecting,2025-06-25 09:00:00,S033
H0002784,O000732,,Prospecting,2023-10-09 09:00:00,S022
H0002785,O000732,Prospecting,Closed Lost,2023-11-10 13:00:00,S022
H0002786,O000733,,Prospecting,2023-09-07 09:00:00,S002
H0002787,O000733,Prospecting,Qualification,2023-09-09 08:00:00,S002
H0002788,O000733,Qualification,Closed Lost,2023-11-21 15:00:00,S002
H0002789,O000734,,Prospecting,2024-12-21 09:00:00,S033
H0002790,O000734,Prospecting,Qualification,2025-02-12 11:00:00,S033
H0002791,O000734,Qualification,Proposal,2025-02-19 10:00:00,S033
H0002792,O000734,Proposal,Negotiation,2025-02-28 10:00:00,S033
H0002793,O000734,Negotiation,Closed Won,2025-04-23 15:00:00,S033
H0002794,O000735,,Prospecting,2025-04-30 09:00:00,S012
H0002795,O000735,Prospecting,Qualification,2025-05-08 10:00:00,S012
H0002796,O000735,Qualification,Proposal,2025-05-28 14:00:00,S012
H0002797,O000735,Proposal,Negotiation,2025-05-29 13:00:00,S012
H0002798,O000735,Negotiation,Closed Won,2025-05-30 14:00:00,S012
H0002799,O000736,,Prospecting,2023-04-22 09:00:00,S029
H0002800,O000736,Prospecting,Qualification,2023-05-06 08:00:00,S029
H0002801,O000736,Qualification,Proposal,2023-05-12 14:00:00,S029
H0002802,O000736,Proposal,Negotiation,2023-05-16 11:00:00,S029
H0002803,O000736,Negotiation,Closed Won,2023-05-17 16:00:00,S029
H0002804,O000737,,Prospecting,2023-06-30 09:00:00,S005
H0002805,O000737,Prospecting,Qualification,2023-07-09 08:00:00,S005
H0002806,O000737,Qualification,Proposal,2023-07-28 13:00:00,S005
H0002807,O000737,Proposal,Negotiation,2023-08-12 17:00:00,S005
H0002808,O000737,Negotiation,Closed Won,2023-10-03 17:00:00,S005
H0002809,O000738,,Prospecting,2025-02-21 09:00:00,S027
H0002810,O000738,Prospecting,Qualification,2025-03-15 08:00:00,S027
H0002811,O000738,Qualification,Proposal,2025-03-25 09:00:00,S027
H0002812,O000738,Proposal,Closed Lost,2025-04-04 16:00:00,S027
H0002813,O000739,,Prospecting,2025-04-28 09:00:00,S001
H0002814,O000739,Prospecting,Qualification,2025-05-07 09:00:00,S001
H0002815,O000739,Qualification,Proposal,2025-05-08 16:00:00,S001
H0002816,O000739,Proposal,Negotiation,2025-05-14 09:00:00,S001
H0002817,O000739,Negotiation,Closed Won,2025-05-19 14:00:00,S001
H0002818,O000740,,Prospecting,2025-04-15 09:00:00,S009
H0002819,O000740,Prospecting,Qualification,2025-04-22 14:00:00,S009
H0002820,O000740,Qualification,Closed Lost,2025-06-10 10:00:00,S009
H0002821,O000741,,Prospecting,2025-03-12 09:00:00,S037
H0002822,O000741,Prospecting,Qualification,2025-03-22 16:00:00,S037
H0002823,O000741,Qualification,Proposal,2025-03-24 10:00:00,S037
H0002824,O000741,Proposal,Negotiation,2025-03-25 13:00:00,S037
H0002825,O000741,Negotiation,Closed Lost,2025-03-27 09:00:00,S037
H0002826,O000742,,Prospecting,2023-09-27 09:00:00,S023
H0002827,O000742,Prospecting,Qualification,2023-09-28 11:00:00,S023
H0002828,O000742,Qualification,Proposal,2023-10-27 10:00:00,S023
H0002829,O000742,Proposal,Negotiation,2023-11-16 16:00:00,S023
H0002830,O000742,Negotiation,Closed Won,2023-11-28 09:00:00,S023
H0002831,O000743,,Prospecting,2024-02-11 09:00:00,S010
H0002832,O000743,Prospecting,Qualification,2024-02-13 12:00:00,S010
H0002833,O000743,Qualification,Proposal,2024-02-15 08:00:00,S010
H0002834,O000743,Proposal,Closed Lost,2024-02-24 10:00:00,S010
H0002835,O000744,,Prospecting,2024-03-10 09:00:00,S037
H0002836,O000744,Prospecting,Qualification,2024-06-21 08:00:00,S037
H0002837,O000744,Qualification,Closed Lost,2024-06-28 09:00:00,S037
H0002838,O000745,,Prospecting,2025-02-04 09:00:00,S015
H0002839,O000745,Prospecting,Qualification,2025-02-17 15:00:00,S015
H0002840,O000745,Qualification,Proposal,2025-02-20 09:00:00,S015
H0002841,O000745,Proposal,Negotiation,2025-03-05 08:00:00,S015
H0002842,O000745,Negotiation,Closed Won,2025-03-07 09:00:00,S015
H0002843,O000746,,Prospecting,2024-12-11 09:00:00,S036
H0002844,O000746,Prospecting,Qualification,2025-01-12 09:00:00,S036
H0002845,O000746,Qualification,Proposal,2025-01-20 10:00:00,S036
H0002846,O000746,Proposal,Negotiation,2025-01-24 14:00:00,S036
H0002847,O000746,Negotiation,Closed Won,2025-02-23 09:00:00,S036
H0002848,O000747,,Prospecting,2023-07-26 09:00:00,S009
H0002849,O000747,Prospecting,Qualification,2023-08-11 12:00:00,S009
H0002850,O000747,Qualification,Proposal,2023-09-02 09:00:00,S009
H0002851,O000747,Proposal,Negotiation,2023-09-09 08:00:00,S009
H0002852,O000747,Negotiation,Closed Won,2023-09-27 16:00:00,S009
H0002853,O000748,,Prospecting,2025-04-03 09:00:00,S032
H0002854,O000748,Prospecting,Qualification,2025-04-14 09:00:00,S032
H0002855,O000748,Qualification,Proposal,2025-04-21 11:00:00,S032
H0002856,O000748,Proposal,Closed Lost,2025-04-26 15:00:00,S032
H0002857,O000749,,Prospecting,2023-01-08 09:00:00,S032
H0002858,O000749,Prospecting,Qualification,2023-01-11 13:00:00,S032
H0002859,O000749,Qualification,Proposal,2023-02-05 09:00:00,S032
H0002860,O000749,Proposal,Negotiation,2023-02-06 10:00:00,S032
H0002861,O000749,Negotiation,Closed Won,2023-02-17 10:00:00,S032
H0002862,O000750,,Prospecting,2024-01-28 09:00:00,S040
H0002863,O000750,Prospecting,Closed Lost,2024-04-13 15:00:00,S040
H0002864,O000751,,Prospecting,2024-02-12 09:00:00,S037
H0002865,O000751,Prospecting,Qualification,2024-02-27 12:00:00,S037
H0002866,O000751,Qualification,Closed Lost,2024-03-07 16:00:00,S037
H0002867,O000752,,Prospecting,2025-02-15 09:00:00,S001
H0002868,O000752,Prospecting,Closed Lost,2025-05-11 17:00:00,S001
H0002869,O000753,,Prospecting,2025-03-09 09:00:00,S032
H0002870,O000753,Prospecting,Closed Lost,2025-05-12 17:00:00,S032
H0002871,O000754,,Prospecting,2024-12-23 09:00:00,S016
H0002872,O000754,Prospecting,Qualification,2025-01-02 15:00:00,S016
H0002873,O000754,Qualification,Proposal,2025-01-13 08:00:00,S016
H0002874,O000754,Proposal,Negotiation,2025-01-16 16:00:00,S016
H0002875,O000754,Negotiation,Closed Won,2025-04-27 15:00:00,S016
H0002876,O000755,,Prospecting,2025-03-20 09:00:00,S038
H0002877,O000755,Prospecting,Qualification,2025-05-09 14:00:00,S038
H0002878,O000755,Qualification,Closed Lost,2025-06-23 14:00:00,S038
H0002879,O000756,,Prospecting,2023-05-18 09:00:00,S029
H0002880,O000756,Prospecting,Qualification,2023-05-23 11:00:00,S029
H0002881,O000756,Qualification,Closed Lost,2023-07-13 12:00:00,S029
H0002882,O000757,,Prospecting,2025-02-08 09:00:00,S032
H0002883,O000757,Prospecting,Qualification,2025-02-14 08:00:00,S032
H0002884,O000757,Qualification,Closed Lost,2025-03-24 17:00:00,S032
H0002885,O000758,,Prospecting,2024-07-01 09:00:00,S024
H0002886,O000758,Prospecting,Qualification,2024-07-01 15:00:00,S024
H0002887,O000758,Qualification,Proposal,2024-07-18 16:00:00,S024
H0002888,O000758,Proposal,Negotiation,2024-07-19 15:00:00,S024
H0002889,O000758,Negotiation,Closed Lost,2024-07-23 17:00:00,S024
H0002890,O000759,,Prospecting,2024-11-26 09:00:00,S004
H0002891,O000759,Prospecting,Qualification,2024-12-16 12:00:00,S004
H0002892,O000759,Qualification,Proposal,2025-01-08 08:00:00,S004
H0002893,O000759,Proposal,Negotiation,2025-01-18 14:00:00,S004
H0002894,O000759,Negotiation,Closed Won,2025-01-21 09:00:00,S004
H0002895,O000760,,Prospecting,2025-03-21 09:00:00,S021
H0002896,O000760,Prospecting,Qualification,2025-03-27 10:00:00,S021
H0002897,O000760,Qualification,Closed Lost,2025-03-28 11:00:00,S021
H0002898,O000761,,Prospecting,2023-04-14 09:00:00,S009
H0002899,O000761,Prospecting,Closed Lost,2023-06-10 12:00:00,S009
H0002900,O000762,,Prospecting,2023-05-15 09:00:00,S040
H0002901,O000762,Prospecting,Qualification,2023-05-23 16:00:00,S040
H0002902,O000762,Qualification,Proposal,2023-06-24 14:00:00,S040
H0002903,O000762,Proposal,Closed Lost,2023-08-05 14:00:00,S040
H0002904,O000763,,Prospecting,2023-03-29 09:00:00,S005
H0002905,O000763,Prospecting,Qualification,2023-03-30 13:00:00,S005
H0002906,O000763,Qualification,Proposal,2023-04-01 16:00:00,S005
H0002907,O000763,Proposal,Negotiation,2023-04-10 12:00:00,S005
H0002908,O000763,Negotiation,Closed Lost,2023-04-28 12:00:00,S005
H0002909,O000764,,Prospecting,2023-05-21 09:00:00,S010
H0002910,O000764,Prospecting,Qualification,2023-06-02 15:00:00,S010
H0002911,O000764,Qualification,Proposal,2023-06-25 17:00:00,S010
H0002912,O000764,Proposal,Negotiation,2023-07-05 08:00:00,S010
H0002913,O000764,Negotiation,Closed Lost,2023-07-20 10:00:00,S010
H0002914,O000765,,Prospecting,2024-08-22 09:00:00,S034
H0002915,O000765,Prospecting,Closed Lost,2024-09-17 17:00:00,S034
H0002916,O000766,,Prospecting,2025-05-20 09:00:00,S002
H0002917,O000766,Prospecting,Qualification,2025-06-27 13:00:00,S002
H0002918,O000766,Qualification,Proposal,2025-06-29 10:00:00,S002
H0002919,O000767,,Prospecting,2024-08-05 09:00:00,S030
H0002920,O000767,Prospecting,Qualification,2024-08-09 16:00:00,S030
H0002921,O000767,Qualification,Proposal,2024-08-18 11:00:00,S030
H0002922,O000767,Proposal,Negotiation,2024-08-24 11:00:00,S030
H0002923,O000767,Negotiation,Closed Won,2024-09-05 14:00:00,S030
H0002924,O000768,,Prospecting,2025-02-04 09:00:00,S010
H0002925,O000768,Prospecting,Qualification,2025-03-05 13:00:00,S010
H0002926,O000768,Qualification,Proposal,2025-03-05 14:00:00,S010
H0002927,O000768,Proposal,Negotiation,2025-04-06 12:00:00,S010
H0002928,O000768,Negotiation,Closed Won,2025-05-04 09:00:00,S010
H0002929,O000769,,Prospecting,2023-03-25 09:00:00,S019
H0002930,O000769,Prospecting,Qualification,2023-04-29 08:00:00,S019
H0002931,O000769,Qualification,Proposal,2023-05-04 15:00:00,S019
H0002932,O000769,Proposal,Negotiation,2023-05-08 17:00:00,S019
H0002933,O000769,Negotiation,Closed Won,2023-05-15 13:00:00,S019
H0002934,O000770,,Prospecting,2024-10-06 09:00:00,S004
H0002935,O000770,Prospecting,Qualification,2024-11-14 16:00:00,S004
H0002936,O000770,Qualification,Proposal,2024-12-07 08:00:00,S004
H0002937,O000770,Proposal,Closed Lost,2024-12-25 09:00:00,S004
H0002938,O000771,,Prospecting,2024-08-26 09:00:00,S005
H0002939,O000771,Prospecting,Qualification,2024-08-28 10:00:00,S005
H0002940,O000771,Qualification,Proposal,2024-09-01 13:00:00,S005
H0002941,O000771,Proposal,Negotiation,2024-10-16 11:00:00,S005
H0002942,O000771,Negotiation,Closed Won,2024-11-07 10:00:00,S005
H0002943,O000772,,Prospecting,2024-01-11 09:00:00,S006
H0002944,O000772,Prospecting,Qualification,2024-01-22 11:00:00,S006
H0002945,O000772,Qualification,Proposal,2024-01-27 08:00:00,S006
H0002946,O000772,Proposal,Closed Lost,2024-02-01 15:00:00,S006
H0002947,O000773,,Prospecting,2024-07-18 09:00:00,S019
H0002948,O000773,Prospecting,Qualification,2024-08-20 15:00:00,S019
H0002949,O000773,Qualification,Proposal,2024-09-24 09:00:00,S019
H0002950,O000773,Proposal,Closed Lost,2024-09-25 10:00:00,S019
H0002951,O000774,,Prospecting,2025-02-04 09:00:00,S028
H0002952,O000774,Prospecting,Qualification,2025-02-08 08:00:00,S028
H0002953,O000774,Qualification,Proposal,2025-02-20 10:00:00,S028
H0002954,O000774,Proposal,Negotiation,2025-03-14 12:00:00,S028
H0002955,O000774,Negotiation,Closed Lost,2025-03-27 15:00:00,S028
H0002956,O000775,,Prospecting,2024-01-06 09:00:00,S008
H0002957,O000775,Prospecting,Qualification,2024-01-17 14:00:00,S008
H0002958,O000775,Qualification,Proposal,2024-01-17 10:00:00,S008
H0002959,O000775,Proposal,Closed Lost,2024-01-20 12:00:00,S008
H0002960,O000776,,Prospecting,2024-06-27 09:00:00,S040
H0002961,O000776,Prospecting,Qualification,2024-10-01 11:00:00,S040
H0002962,O000776,Qualification,Closed Lost,2024-11-15 16:00:00,S040
H0002963,O000777,,Prospecting,2025-06-27 09:00:00,S017
H0002964,O000778,,Prospecting,2023-09-11 09:00:00,S039
H0002965,O000778,Prospecting,Closed Lost,2023-11-10 10:00:00,S039
H0002966,O000779,,Prospecting,2023-01-06 09:00:00,S001
H0002967,O000779,Prospecting,Qualification,2023-01-20 16:00:00,S001
H0002968,O000779,Qualification,Proposal,2023-01-24 11:00:00,S001
H0002969,O000779,Proposal,Negotiation,2023-03-04 17:00:00,S001
H0002970,O000779,Negotiation,Closed Won,2023-03-26 16:00:00,S001
H0002971,O000780,,Prospecting,2025-06-13 09:00:00,S023
H0002972,O000781,,Prospecting,2025-04-14 09:00:00,S012
H0002973,O000781,Prospecting,Qualification,2025-05-14 10:00:00,S012
H0002974,O000781,Qualification,Proposal,2025-05-29 12:00:00,S012
H0002975,O000781,Proposal,Negotiation,2025-05-31 17:00:00,S012
H0002976,O000781,Negotiation,Closed Won,2025-06-17 10:00:00,S012
H0002977,O000782,,Prospecting,2025-06-10 09:00:00,S024
H0002978,O000783,,Prospecting,2025-05-25 09:00:00,S030
H0002979,O000783,Prospecting,Qualification,2025-05-26 16:00:00,S030
H0002980,O000783,Qualification,Proposal,2025-06-24 17:00:00,S030
H0002981,O000784,,Prospecting,2025-03-02 09:00:00,S025
H0002982,O000784,Prospecting,Qualification,2025-04-16 15:00:00,S025
H0002983,O000784,Qualification,Proposal,2025-04-28 13:00:00,S025
H0002984,O000784,Proposal,Closed Lost,2025-05-21 16:00:00,S025
H0002985,O000785,,Prospecting,2023-05-07 09:00:00,S011
H0002986,O000785,Prospecting,Qualification,2023-05-08 09:00:00,S011
H0002987,O000785,Qualification,Proposal,2023-05-18 14:00:00,S011
H0002988,O000785,Proposal,Negotiation,2023-06-02 11:00:00,S011
H0002989,O000785,Negotiation,Closed Won,2023-06-20 15:00:00,S011
H0002990,O000786,,Prospecting,2023-09-05 09:00:00,S027
H0002991,O000786,Prospecting,Qualification,2023-09-07 10:00:00,S027
H0002992,O000786,Qualification,Proposal,2023-09-13 16:00:00,S027
H0002993,O000786,Proposal,Closed Lost,2023-09-20 17:00:00,S027
H0002994,O000787,,Prospecting,2024-04-06 09:00:00,S033
H0002995,O000787,Prospecting,Qualification,2024-05-02 14:00:00,S033
H0002996,O000787,Qualification,Proposal,2024-05-26 14:00:00,S033
H0002997,O000787,Proposal,Closed Lost,2024-05-30 16:00:00,S033
H0002998,O000788,,Prospecting,2025-03-10 09:00:00,S016
H0002999,O000788,Prospecting,Qualification,2025-04-27 13:00:00,S016
H0003000,O000788,Qualification,Proposal,2025-05-04 10:00:00,S016
H0003001,O000788,Proposal,Negotiation,2025-05-31 16:00:00,S016
H0003002,O000789,,Prospecting,2024-07-04 09:00:00,S008
H0003003,O000789,Prospecting,Qualification,2024-07-05 13:00:00,S008
H0003004,O000789,Qualification,Proposal,2024-07-08 13:00:00,S008
H0003005,O000789,Proposal,Negotiation,2024-07-10 15:00:00,S008
H0003006,O000789,Negotiation,Closed Lost,2024-07-11 10:00:00,S008
H0003007,O000790,,Prospecting,2024-03-26 09:00:00,S040
H0003008,O000790,Prospecting,Qualification,2024-05-07 08:00:00,S040
H0003009,O000790,Qualification,Closed Lost,2024-05-28 17:00:00,S040
H0003010,O000791,,Prospecting,2025-04-28 09:00:00,S027
H0003011,O000791,Prospecting,Closed Lost,2025-05-14 16:00:00,S027
H0003012,O000792,,Prospecting,2023-01-28 09:00:00,S038
H0003013,O000792,Prospecting,Closed Lost,2023-05-10 09:00:00,S038
H0003014,O000793,,Prospecting,2025-01-15 09:00:00,S036
H0003015,O000793,Prospecting,Qualification,2025-02-26 09:00:00,S036
H0003016,O000793,Qualification,Closed Lost,2025-03-29 13:00:00,S036
H0003017,O000794,,Prospecting,2025-04-12 09:00:00,S018
H0003018,O000794,Prospecting,Qualification,2025-04-18 08:00:00,S018
H0003019,O000794,Qualification,Proposal,2025-04-26 12:00:00,S018
H0003020,O000794,Proposal,Negotiation,2025-05-03 17:00:00,S018
H0003021,O000794,Negotiation,Closed Won,2025-05-18 16:00:00,S018
H0003022,O000795,,Prospecting,2025-03-07 09:00:00,S034
H0003023,O000795,Prospecting,Qualification,2025-03-10 09:00:00,S034
H0003024,O000795,Qualification,Proposal,2025-03-15 09:00:00,S034
H0003025,O000795,Proposal,Negotiation,2025-04-02 08:00:00,S034
H0003026,O000795,Negotiation,Closed Won,2025-04-26 14:00:00,S034
H0003027,O000796,,Prospecting,2024-07-29 09:00:00,S021
H0003028,O000796,Prospecting,Qualification,2024-09-11 14:00:00,S021
H0003029,O000796,Qualification,Closed Lost,2024-10-10 10:00:00,S021
H0003030,O000797,,Prospecting,2025-04-04 09:00:00,S029
H0003031,O000797,Prospecting,Qualification,2025-04-10 08:00:00,S029
H0003032,O000797,Qualification,Proposal,2025-04-24 14:00:00,S029
H0003033,O000797,Proposal,Negotiation,2025-04-29 14:00:00,S029
H0003034,O000797,Negotiation,Closed Lost,2025-05-06 14:00:00,S029
H0003035,O000798,,Prospecting,2023-07-03 09:00:00,S035
H0003036,O000798,Prospecting,Qualification,2023-07-22 12:00:00,S035
H0003037,O000798,Qualification,Proposal,2023-07-23 15:00:00,S035
H0003038,O000798,Proposal,Negotiation,2023-08-14 13:00:00,S035
H0003039,O000798,Negotiation,Closed Won,2023-08-17 13:00:00,S035
H0003040,O000799,,Prospecting,2023-05-16 09:00:00,S016
H0003041,O000799,Prospecting,Qualification,2023-05-16 15:00:00,S016
H0003042,O000799,Qualification,Proposal,2023-06-17 12:00:00,S016
H0003043,O000799,Proposal,Negotiation,2023-07-20 16:00:00,S016
H0003044,O000799,Negotiation,Closed Won,2023-08-07 13:00:00,S016
H0003045,O000800,,Prospecting,2025-05-01 09:00:00,S014
H0003046,O000800,Prospecting,Qualification,2025-05-28 09:00:00,S014
H0003047,O000800,Qualification,Closed Lost,2025-06-12 10:00:00,S014
H0003048,O000801,,Prospecting,2023-08-15 09:00:00,S020
H0003049,O000801,Prospecting,Qualification,2023-09-03 16:00:00,S020
H0003050,O000801,Qualification,Proposal,2023-09-05 16:00:00,S020
H0003051,O000801,Proposal,Negotiation,2023-09-30 12:00:00,S020
H0003052,O000801,Negotiation,Closed Lost,2023-10-07 17:00:00,S020
H0003053,O000802,,Prospecting,2024-05-29 09:00:00,S013
H0003054,O000802,Prospecting,Closed Lost,2024-10-21 09:00:00,S013
H0003055,O000803,,Prospecting,2023-04-22 09:00:00,S022
H0003056,O000803,Prospecting,Closed Lost,2023-04-29 09:00:00,S022
H0003057,O000804,,Prospecting,2024-04-11 09:00:00,S031
H0003058,O000804,Prospecting,Closed Lost,2024-06-22 09:00:00,S031
H0003059,O000805,,Prospecting,2025-05-12 09:00:00,S013
H0003060,O000805,Prospecting,Qualification,2025-06-03 14:00:00,S013
H0003061,O000805,Qualification,Proposal,2025-06-19 08:00:00,S013
H0003062,O000806,,Prospecting,2023-03-10 09:00:00,S011
H0003063,O000806,Prospecting,Closed Lost,2023-06-01 15:00:00,S011
H0003064,O000807,,Prospecting,2025-06-08 09:00:00,S039
H0003065,O000807,Prospecting,Qualification,2025-06-11 14:00:00,S039
H0003066,O000808,,Prospecting,2023-03-27 09:00:00,S035
H0003067,O000808,Prospecting,Qualification,2023-04-16 08:00:00,S035
H0003068,O000808,Qualification,Proposal,2023-05-09 15:00:00,S035
H0003069,O000808,Proposal,Negotiation,2023-05-09 11:00:00,S035
H0003070,O000808,Negotiation,Closed Won,2023-06-08 15:00:00,S035
H0003071,O000809,,Prospecting,2023-03-06 09:00:00,S039
H0003072,O000809,Prospecting,Qualification,2023-04-11 11:00:00,S039
H0003073,O000809,Qualification,Proposal,2023-05-04 13:00:00,S039
H0003074,O000809,Proposal,Negotiation,2023-05-09 17:00:00,S039
H0003075,O000809,Negotiation,Closed Won,2023-05-14 11:00:00,S039
H0003076,O000810,,Prospecting,2025-06-08 09:00:00,S002
H0003077,O000810,Prospecting,Qualification,2025-06-10 13:00:00,S002
H0003078,O000811,,Prospecting,2025-04-09 09:00:00,S022
H0003079,O000811,Prospecting,Qualification,2025-05-11 08:00:00,S022
H0003080,O000811,Qualification,Proposal,2025-05-23 17:00:00,S022
H0003081,O000811,Proposal,Negotiation,2025-06-07 16:00:00,S022
H0003082,O000811,Negotiation,Closed Won,2025-06-15 13:00:00,S022
H0003083,O000812,,Prospecting,2024-08-31 09:00:00,S005
H0003084,O000812,Prospecting,Qualification,2025-04-10 15:00:00,S005
H0003085,O000812,Qualification,Proposal,2025-04-26 17:00:00,S005
H0003086,O000812,Proposal,Negotiation,2025-05-22 14:00:00,S005
H0003087,O000812,Negotiation,Closed Won,2025-06-17 11:00:00,S005
H0003088,O000813,,Prospecting,2025-04-09 09:00:00,S016
H0003089,O000813,Prospecting,Qualification,2025-04-25 14:00:00,S016
H0003090,O000813,Qualification,Proposal,2025-05-16 10:00:00,S016
H0003091,O000813,Proposal,Negotiation,2025-06-02 09:00:00,S016
H0003092,O000813,Negotiation,Closed Lost,2025-06-12 15:00:00,S016
H0003093,O000814,,Prospecting,2024-11-18 09:00:00,S036
H0003094,O000814,Prospecting,Qualification,2024-11-21 12:00:00,S036
H0003095,O000814,Qualification,Proposal,2024-11-25 12:00:00,S036
H0003096,O000814,Proposal,Negotiation,2024-12-08 17:00:00,S036
H0003097,O000814,Negotiation,Closed Won,2025-01-01 17:00:00,S036
H0003098,O000815,,Prospecting,2024-02-21 09:00:00,S003
H0003099,O000815,Prospecting,Qualification,2024-02-28 13:00:00,S003
H0003100,O000815,Qualification,Proposal,2024-03-09 09:00:00,S003
H0003101,O000815,Proposal,Negotiation,2024-04-06 17:00:00,S003
H0003102,O000815,Negotiation,Closed Won,2024-04-07 14:00:00,S003
H0003103,O000816,,Prospecting,2024-07-23 09:00:00,S023
H0003104,O000816,Prospecting,Qualification,2024-07-27 10:00:00,S023
H0003105,O000816,Qualification,Proposal,2024-09-17 09:00:00,S023
H0003106,O000816,Proposal,Closed Lost,2024-09-25 14:00:00,S023
H0003107,O000817,,Prospecting,2024-05-10 09:00:00,S011
H0003108,O000817,Prospecting,Qualification,2024-08-09 10:00:00,S011
H0003109,O000817,Qualification,Proposal,2024-08-16 09:00:00,S011
H0003110,O000817,Proposal,Negotiation,2024-08-19 08:00:00,S011
H0003111,O000817,Negotiation,Closed Won,2024-09-26 17:00:00,S011
H0003112,O000818,,Prospecting,2024-12-11 09:00:00,S023
H0003113,O000818,Prospecting,Qualification,2024-12-13 10:00:00,S023
H0003114,O000818,Qualification,Proposal,2024-12-21 12:00:00,S023
H0003115,O000818,Proposal,Negotiation,2024-12-23 14:00:00,S023
H0003116,O000818,Negotiation,Closed Won,2025-01-11 15:00:00,S023
H0003117,O000819,,Prospecting,2023-12-18 09:00:00,S035
H0003118,O000819,Prospecting,Qualification,2023-12-28 13:00:00,S035
H0003119,O000819,Qualification,Proposal,2024-01-30 13:00:00,S035
H0003120,O000819,Proposal,Negotiation,2024-02-09 12:00:00,S035
H0003121,O000819,Negotiation,Closed Lost,2024-02-10 17:00:00,S035
H0003122,O000820,,Prospecting,2025-03-08 09:00:00,S013
H0003123,O000820,Prospecting,Qualification,2025-03-15 08:00:00,S013
H0003124,O000820,Qualification,Proposal,2025-04-03 14:00:00,S013
H0003125,O000820,Proposal,Negotiation,2025-04-07 12:00:00,S013
H0003126,O000821,,Prospecting,2024-02-18 09:00:00,S023
H0003127,O000821,Prospecting,Qualification,2024-02-29 10:00:00,S023
H0003128,O000821,Qualification,Proposal,2024-03-01 16:00:00,S023
H0003129,O000821,Proposal,Negotiation,2024-03-03 14:00:00,S023
H0003130,O000821,Negotiation,Closed Lost,2024-03-12 11:00:00,S023
H0003131,O000822,,Prospecting,2024-08-09 09:00:00,S037
H0003132,O000822,Prospecting,Qualification,2024-09-21 16:00:00,S037
H0003133,O000822,Qualification,Proposal,2024-10-11 11:00:00,S037
H0003134,O000822,Proposal,Negotiation,2024-10-12 16:00:00,S037
H0003135,O000822,Negotiation,Closed Won,2024-10-17 10:00:00,S037
H0003136,O000823,,Prospecting,2023-04-11 09:00:00,S010
H0003137,O000823,Prospecting,Qualification,2023-04-14 17:00:00,S010
H0003138,O000823,Qualification,Proposal,2023-04-14 10:00:00,S010
H0003139,O000823,Proposal,Negotiation,2023-05-15 09:00:00,S010
H0003140,O000823,Negotiation,Closed Lost,2023-05-18 13:00:00,S010
H0003141,O000824,,Prospecting,2023-03-15 09:00:00,S020
H0003142,O000824,Prospecting,Qualification,2023-03-22 14:00:00,S020
H0003143,O000824,Qualification,Proposal,2023-03-24 11:00:00,S020
H0003144,O000824,Proposal,Negotiation,2023-04-10 10:00:00,S020
H0003145,O000824,Negotiation,Closed Won,2023-04-17 16:00:00,S020
H0003146,O000825,,Prospecting,2024-05-14 09:00:00,S032
H0003147,O000825,Prospecting,Qualification,2024-06-24 08:00:00,S032
H0003148,O000825,Qualification,Proposal,2024-06-26 09:00:00,S032
H0003149,O000825,Proposal,Negotiation,2024-08-15 10:00:00,S032
H0003150,O000825,Negotiation,Closed Lost,2024-08-21 10:00:00,S032
H0003151,O000826,,Prospecting,2024-02-26 09:00:00,S015
H0003152,O000826,Prospecting,Closed Lost,2024-08-02 12:00:00,S015
H0003153,O000827,,Prospecting,2024-01-21 09:00:00,S016
H0003154,O000827,Prospecting,Qualification,2024-03-30 13:00:00,S016
H0003155,O000827,Qualification,Closed Lost,2024-06-05 13:00:00,S016
H0003156,O000828,,Prospecting,2024-03-17 09:00:00,S016
H0003157,O000828,Prospecting,Qualification,2024-03-18 10:00:00,S016
H0003158,O000828,Qualification,Proposal,2024-03-24 13:00:00,S016
H0003159,O000828,Proposal,Negotiation,2024-05-01 15:00:00,S016
H0003160,O000828,Negotiation,Closed Lost,2024-05-02 17:00:00,S016
H0003161,O000829,,Prospecting,2024-08-14 09:00:00,S026
H0003162,O000829,Prospecting,Qualification,2024-08-22 15:00:00,S026
H0003163,O000829,Qualification,Proposal,2024-08-24 17:00:00,S026
H0003164,O000829,Proposal,Negotiation,2024-08-27 13:00:00,S026
H0003165,O000829,Negotiation,Closed Won,2024-09-19 10:00:00,S026
H0003166,O000830,,Prospecting,2025-05-06 09:00:00,S022
H0003167,O000830,Prospecting,Qualification,2025-05-06 13:00:00,S022
H0003168,O000830,Qualification,Proposal,2025-05-15 10:00:00,S022
H0003169,O000830,Proposal,Closed Lost,2025-05-22 12:00:00,S022
H0003170,O000831,,Prospecting,2025-05-27 09:00:00,S028
H0003171,O000831,Prospecting,Qualification,2025-06-15 14:00:00,S028
H0003172,O000832,,Prospecting,2025-05-05 09:00:00,S009
H0003173,O000832,Prospecting,Closed Lost,2025-06-06 13:00:00,S009
H0003174,O000833,,Prospecting,2024-05-29 09:00:00,S025
H0003175,O000833,Prospecting,Closed Lost,2024-07-20 10:00:00,S025
H0003176,O000834,,Prospecting,2025-02-12 09:00:00,S026
H0003177,O000834,Prospecting,Closed Lost,2025-03-13 14:00:00,S026
H0003178,O000835,,Prospecting,2025-04-19 09:00:00,S022
H0003179,O000835,Prospecting,Qualification,2025-04-21 16:00:00,S022
H0003180,O000835,Qualification,Proposal,2025-04-25 11:00:00,S022
H0003181,O000835,Proposal,Negotiation,2025-05-04 12:00:00,S022
H0003182,O000835,Negotiation,Closed Won,2025-05-10 14:00:00,S022
H0003183,O000836,,Prospecting,2023-01-16 09:00:00,S033
H0003184,O000836,Prospecting,Closed Lost,2023-02-01 09:00:00,S033
H0003185,O000837,,Prospecting,2023-04-22 09:00:00,S036
H0003186,O000837,Prospecting,Qualification,2023-04-29 16:00:00,S036
H0003187,O000837,Qualification,Proposal,2023-05-04 13:00:00,S036
H0003188,O000837,Proposal,Negotiation,2023-05-05 17:00:00,S036
H0003189,O000837,Negotiation,Closed Won,2023-05-12 17:00:00,S036
H0003190,O000838,,Prospecting,2023-03-01 09:00:00,S011
H0003191,O000838,Prospecting,Qualification,2023-03-02 08:00:00,S011
H0003192,O000838,Qualification,Proposal,2023-03-07 12:00:00,S011
H0003193,O000838,Proposal,Closed Lost,2023-04-14 09:00:00,S011
H0003194,O000839,,Prospecting,2024-06-22 09:00:00,S018
H0003195,O000839,Prospecting,Closed Lost,2024-07-10 13:00:00,S018
H0003196,O000840,,Prospecting,2025-05-01 09:00:00,S022
H0003197,O000840,Prospecting,Qualification,2025-05-24 10:00:00,S022
H0003198,O000840,Qualification,Closed Lost,2025-05-25 10:00:00,S022
H0003199,O000841,,Prospecting,2024-12-08 09:00:00,S017
H0003200,O000841,Prospecting,Qualification,2024-12-11 14:00:00,S017
H0003201,O000841,Qualification,Proposal,2025-01-04 08:00:00,S017
H0003202,O000841,Proposal,Negotiation,2025-02-21 08:00:00,S017
H0003203,O000841,Negotiation,Closed Won,2025-03-25 09:00:00,S017
H0003204,O000842,,Prospecting,2025-02-05 09:00:00,S016
H0003205,O000842,Prospecting,Qualification,2025-02-26 10:00:00,S016
H0003206,O000842,Qualification,Proposal,2025-03-09 17:00:00,S016
H0003207,O000842,Proposal,Closed Lost,2025-03-11 10:00:00,S016
H0003208,O000843,,Prospecting,2023-04-08 09:00:00,S032
H0003209,O000843,Prospecting,Qualification,2023-05-14 08:00:00,S032
H0003210,O000843,Qualification,Closed Lost,2023-05-16 11:00:00,S032
H0003211,O000844,,Prospecting,2025-03-18 09:00:00,S003
H0003212,O000844,Prospecting,Qualification,2025-04-06 09:00:00,S003
H0003213,O000844,Qualification,Proposal,2025-04-26 16:00:00,S003
H0003214,O000844,Proposal,Negotiation,2025-05-17 10:00:00,S003
H0003215,O000844,Negotiation,Closed Won,2025-05-29 16:00:00,S003
H0003216,O000845,,Prospecting,2025-02-01 09:00:00,S017
H0003217,O000845,Prospecting,Qualification,2025-02-09 16:00:00,S017
H0003218,O000845,Qualification,Proposal,2025-02-14 08:00:00,S017
H0003219,O000845,Proposal,Closed Lost,2025-02-25 10:00:00,S017
H0003220,O000846,,Prospecting,2023-10-10 09:00:00,S026
H0003221,O000846,Prospecting,Qualification,2023-10-10 16:00:00,S026
H0003222,O000846,Qualification,Proposal,2023-12-02 08:00:00,S026
H0003223,O000846,Proposal,Negotiation,2023-12-05 11:00:00,S026
H0003224,O000846,Negotiation,Closed Won,2024-01-13 16:00:00,S026
H0003225,O000847,,Prospecting,2023-09-27 09:00:00,S005
H0003226,O000847,Prospecting,Qualification,2023-10-14 15:00:00,S005
H0003227,O000847,Qualification,Proposal,2023-11-08 10:00:00,S005
H0003228,O000847,Proposal,Negotiation,2024-01-02 11:00:00,S005
H0003229,O000847,Negotiation,Closed Lost,2024-02-02 11:00:00,S005
H0003230,O000848,,Prospecting,2025-05-13 09:00:00,S006
H0003231,O000848,Prospecting,Qualification,2025-05-21 15:00:00,S006
H0003232,O000848,Qualification,Proposal,2025-05-30 13:00:00,S006
H0003233,O000848,Proposal,Closed Lost,2025-06-06 13:00:00,S006
H0003234,O000849,,Prospecting,2025-05-21 09:00:00,S030
H0003235,O000849,Prospecting,Qualification,2025-06-12 17:00:00,S030
H0003236,O000849,Qualification,Proposal,2025-06-25 14:00:00,S030
H0003237,O000850,,Prospecting,2024-01-18 09:00:00,S002
H0003238,O000850,Prospecting,Qualification,2024-01-29 13:00:00,S002
H0003239,O000850,Qualification,Proposal,2024-02-03 10:00:00,S002
H0003240,O000850,Proposal,Negotiation,2024-02-17 14:00:00,S002
H0003241,O000850,Negotiation,Closed Lost,2024-02-24 11:00:00,S002
H0003242,O000851,,Prospecting,2024-01-23 09:00:00,S021
H0003243,O000851,Prospecting,Qualification,2024-01-25 12:00:00,S021
H0003244,O000851,Qualification,Proposal,2024-01-29 17:00:00,S021
H0003245,O000851,Proposal,Negotiation,2024-01-30 14:00:00,S021
H0003246,O000851,Negotiation,Closed Won,2024-02-05 14:00:00,S021
H0003247,O000852,,Prospecting,2023-01-12 09:00:00,S017
H0003248,O000852,Prospecting,Qualification,2023-01-15 09:00:00,S017
H0003249,O000852,Qualification,Proposal,2023-01-15 15:00:00,S017
H0003250,O000852,Proposal,Negotiation,2023-02-16 10:00:00,S017
H0003251,O000852,Negotiation,Closed Lost,2023-02-20 14:00:00,S017
H0003252,O000853,,Prospecting,2023-07-02 09:00:00,S006
H0003253,O000853,Prospecting,Qualification,2023-07-20 10:00:00,S006
H0003254,O000853,Qualification,Proposal,2023-07-22 08:00:00,S006
H0003255,O000853,Proposal,Negotiation,2023-08-12 09:00:00,S006
H0003256,O000853,Negotiation,Closed Won,2023-08-16 13:00:00,S006
H0003257,O000854,,Prospecting,2025-05-14 09:00:00,S004
H0003258,O000854,Prospecting,Qualification,2025-05-16 13:00:00,S004
H0003259,O000854,Qualification,Proposal,2025-05-27 08:00:00,S004
H0003260,O000854,Proposal,Negotiation,2025-06-12 11:00:00,S004
H0003261,O000854,Negotiation,Closed Lost,2025-06-22 17:00:00,S004
H0003262,O000855,,Prospecting,2024-12-06 09:00:00,S032
H0003263,O000855,Prospecting,Qualification,2024-12-10 11:00:00,S032
H0003264,O000855,Qualification,Proposal,2024-12-12 10:00:00,S032
H0003265,O000855,Proposal,Closed Lost,2024-12-14 11:00:00,S032
H0003266,O000856,,Prospecting,2025-01-30 09:00:00,S016
H0003267,O000856,Prospecting,Qualification,2025-03-18 13:00:00,S016
H0003268,O000856,Qualification,Proposal,2025-04-05 16:00:00,S016
H0003269,O000856,Proposal,Negotiation,2025-06-26 17:00:00,S016
H0003270,O000857,,Prospecting,2024-08-31 09:00:00,S036
H0003271,O000857,Prospecting,Qualification,2024-09-08 16:00:00,S036
H0003272,O000857,Qualification,Proposal,2024-09-22 08:00:00,S036
H0003273,O000857,Proposal,Negotiation,2024-10-04 11:00:00,S036
H0003274,O000857,Negotiation,Closed Won,2024-10-31 15:00:00,S036
H0003275,O000858,,Prospecting,2024-04-30 09:00:00,S002
H0003276,O000858,Prospecting,Closed Lost,2024-05-12 10:00:00,S002
H0003277,O000859,,Prospecting,2023-11-06 09:00:00,S016
H0003278,O000859,Prospecting,Qualification,2023-11-16 16:00:00,S016
H0003279,O000859,Qualification,Proposal,2023-12-05 09:00:00,S016
H0003280,O000859,Proposal,Closed Lost,2024-01-16 11:00:00,S016
H0003281,O000860,,Prospecting,2025-02-10 09:00:00,S040
H0003282,O000860,Prospecting,Qualification,2025-02-17 16:00:00,S040
H0003283,O000860,Qualification,Closed Lost,2025-03-01 16:00:00,S040
H0003284,O000861,,Prospecting,2023-11-22 09:00:00,S032
H0003285,O000861,Prospecting,Qualification,2023-12-07 09:00:00,S032
H0003286,O000861,Qualification,Closed Lost,2024-01-24 14:00:00,S032
H0003287,O000862,,Prospecting,2023-04-26 09:00:00,S005
H0003288,O000862,Prospecting,Qualification,2023-05-01 15:00:00,S005
H0003289,O000862,Qualification,Proposal,2023-05-25 09:00:00,S005
H0003290,O000862,Proposal,Negotiation,2023-08-09 17:00:00,S005
H0003291,O000862,Negotiation,Closed Won,2023-08-17 12:00:00,S005
H0003292,O000863,,Prospecting,2025-03-14 09:00:00,S009
H0003293,O000863,Prospecting,Qualification,2025-04-05 17:00:00,S009
H0003294,O000863,Qualification,Proposal,2025-06-06 14:00:00,S009
H0003295,O000863,Proposal,Negotiation,2025-06-20 15:00:00,S009
H0003296,O000864,,Prospecting,2025-05-22 09:00:00,S022
H0003297,O000864,Prospecting,Qualification,2025-06-22 16:00:00,S022
H0003298,O000865,,Prospecting,2024-02-18 09:00:00,S032
H0003299,O000865,Prospecting,Closed Lost,2024-03-21 10:00:00,S032
H0003300,O000866,,Prospecting,2025-06-27 09:00:00,S040
H0003301,O000867,,Prospecting,2025-03-09 09:00:00,S005
H0003302,O000867,Prospecting,Qualification,2025-04-01 08:00:00,S005
H0003303,O000867,Qualification,Closed Lost,2025-04-16 12:00:00,S005
H0003304,O000868,,Prospecting,2025-03-17 09:00:00,S018
H0003305,O000868,Prospecting,Qualification,2025-03-18 17:00:00,S018
H0003306,O000868,Qualification,Proposal,2025-03-25 15:00:00,S018
H0003307,O000868,Proposal,Negotiation,2025-03-27 10:00:00,S018
H0003308,O000868,Negotiation,Closed Lost,2025-03-30 15:00:00,S018
H0003309,O000869,,Prospecting,2023-10-08 09:00:00,S036
H0003310,O000869,Prospecting,Qualification,2023-10-11 17:00:00,S036
H0003311,O000869,Qualification,Proposal,2023-11-01 14:00:00,S036
H0003312,O000869,Proposal,Negotiation,2023-11-08 14:00:00,S036
H0003313,O000869,Negotiation,Closed Won,2023-11-11 12:00:00,S036
H0003314,O000870,,Prospecting,2025-02-12 09:00:00,S006
H0003315,O000870,Prospecting,Qualification,2025-04-11 12:00:00,S006
H0003316,O000870,Qualification,Proposal,2025-05-06 17:00:00,S006
H0003317,O000870,Proposal,Closed Lost,2025-05-16 15:00:00,S006
H0003318,O000871,,Prospecting,2024-05-18 09:00:00,S011
H0003319,O000871,Prospecting,Qualification,2024-05-18 09:00:00,S011
H0003320,O000871,Qualification,Proposal,2024-05-21 14:00:00,S011
H0003321,O000871,Proposal,Negotiation,2024-05-27 14:00:00,S011
H0003322,O000871,Negotiation,Closed Won,2024-06-12 14:00:00,S011
H0003323,O000872,,Prospecting,2025-03-04 09:00:00,S009
H0003324,O000872,Prospecting,Qualification,2025-03-09 13:00:00,S009
H0003325,O000872,Qualification,Proposal,2025-03-28 12:00:00,S009
H0003326,O000872,Proposal,Negotiation,2025-04-18 13:00:00,S009
H0003327,O000872,Negotiation,Closed Lost,2025-05-01 15:00:00,S009
H0003328,O000873,,Prospecting,2023-03-28 09:00:00,S034
H0003329,O000873,Prospecting,Qualification,2023-04-07 10:00:00,S034
H0003330,O000873,Qualification,Proposal,2023-04-11 09:00:00,S034
H0003331,O000873,Proposal,Negotiation,2023-05-03 13:00:00,S034
H0003332,O000873,Negotiation,Closed Lost,2023-05-21 13:00:00,S034
H0003333,O000874,,Prospecting,2024-10-16 09:00:00,S038
H0003334,O000874,Prospecting,Qualification,2024-10-19 17:00:00,S038
H0003335,O000874,Qualification,Proposal,2024-12-06 11:00:00,S038
H0003336,O000874,Proposal,Closed Lost,2024-12-12 10:00:00,S038
H0003337,O000875,,Prospecting,2023-12-03 09:00:00,S028
H0003338,O000875,Prospecting,Qualification,2023-12-08 12:00:00,S028
H0003339,O000875,Qualification,Closed Lost,2024-01-16 09:00:00,S028
H0003340,O000876,,Prospecting,2023-03-09 09:00:00,S004
H0003341,O000876,Prospecting,Qualification,2023-03-19 15:00:00,S004
H0003342,O000876,Qualification,Proposal,2023-04-10 09:00:00,S004
H0003343,O000876,Proposal,Negotiation,2023-04-12 15:00:00,S004
H0003344,O000876,Negotiation,Closed Won,2023-04-13 16:00:00,S004
H0003345,O000877,,Prospecting,2024-01-19 09:00:00,S016
H0003346,O000877,Prospecting,Qualification,2024-02-28 16:00:00,S016
H0003347,O000877,Qualification,Proposal,2024-02-29 15:00:00,S016
H0003348,O000877,Proposal,Negotiation,2024-03-16 09:00:00,S016
H0003349,O000877,Negotiation,Closed Lost,2024-03-20 16:00:00,S016
H0003350,O000878,,Prospecting,2024-03-16 09:00:00,S020
H0003351,O000878,Prospecting,Qualification,2024-03-23 14:00:00,S020
H0003352,O000878,Qualification,Proposal,2024-03-28 10:00:00,S020
H0003353,O000878,Proposal,Negotiation,2024-04-13 09:00:00,S020
H0003354,O000878,Negotiation,Closed Won,2024-04-29 12:00:00,S020
H0003355,O000879,,Prospecting,2024-03-07 09:00:00,S008
H0003356,O000879,Prospecting,Qualification,2024-03-23 16:00:00,S008
H0003357,O000879,Qualification,Closed Lost,2024-04-02 16:00:00,S008
H0003358,O000880,,Prospecting,2025-04-26 09:00:00,S004
H0003359,O000880,Prospecting,Qualification,2025-04-29 17:00:00,S004
H0003360,O000880,Qualification,Proposal,2025-04-30 14:00:00,S004
H0003361,O000880,Proposal,Negotiation,2025-05-01 17:00:00,S004
H0003362,O000880,Negotiation,Closed Won,2025-05-11 11:00:00,S004
H0003363,O000881,,Prospecting,2025-03-08 09:00:00,S016
H0003364,O000881,Prospecting,Qualification,2025-03-22 08:00:00,S016
H0003365,O000881,Qualification,Closed Lost,2025-03-24 12:00:00,S016
H0003366,O000882,,Prospecting,2025-04-14 09:00:00,S012
H0003367,O000882,Prospecting,Qualification,2025-05-06 13:00:00,S012
H0003368,O000882,Qualification,Proposal,2025-05-31 13:00:00,S012
H0003369,O000882,Proposal,Negotiation,2025-06-12 15:00:00,S012
H0003370,O000883,,Prospecting,2024-09-07 09:00:00,S024
H0003371,O000883,Prospecting,Qualification,2024-10-09 17:00:00,S024
H0003372,O000883,Qualification,Closed Lost,2024-11-15 16:00:00,S024
H0003373,O000884,,Prospecting,2023-01-25 09:00:00,S006
H0003374,O000884,Prospecting,Closed Lost,2023-02-14 10:00:00,S006
H0003375,O000885,,Prospecting,2023-10-24 09:00:00,S009
H0003376,O000885,Prospecting,Qualification,2023-10-24 15:00:00,S009
H0003377,O000885,Qualification,Proposal,2023-10-31 16:00:00,S009
H0003378,O000885,Proposal,Negotiation,2024-01-03 09:00:00,S009
H0003379,O000885,Negotiation,Closed Won,2024-03-16 15:00:00,S009
H0003380,O000886,,Prospecting,2024-08-24 09:00:00,S019
H0003381,O000886,Prospecting,Qualification,2024-08-31 17:00:00,S019
H0003382,O000886,Qualification,Proposal,2024-09-02 13:00:00,S019
H0003383,O000886,Proposal,Closed Lost,2024-09-08 14:00:00,S019
H0003384,O000887,,Prospecting,2024-04-08 09:00:00,S037
H0003385,O000887,Prospecting,Qualification,2024-04-08 16:00:00,S037
H0003386,O000887,Qualification,Proposal,2024-05-03 12:00:00,S037
H0003387,O000887,Proposal,Negotiation,2024-05-06 17:00:00,S037
H0003388,O000887,Negotiation,Closed Lost,2024-06-08 12:00:00,S037
H0003389,O000888,,Prospecting,2025-06-22 09:00:00,S013
H0003390,O000889,,Prospecting,2023-12-29 09:00:00,S027
H0003391,O000889,Prospecting,Closed Lost,2024-02-08 12:00:00,S027
H0003392,O000890,,Prospecting,2025-03-23 09:00:00,S039
H0003393,O000890,Prospecting,Qualification,2025-04-08 08:00:00,S039
H0003394,O000890,Qualification,Proposal,2025-04-23 13:00:00,S039
H0003395,O000890,Proposal,Negotiation,2025-04-24 13:00:00,S039
H0003396,O000890,Negotiation,Closed Won,2025-05-13 14:00:00,S039
H0003397,O000891,,Prospecting,2024-06-13 09:00:00,S011
H0003398,O000891,Prospecting,Qualification,2024-06-18 13:00:00,S011
H0003399,O000891,Qualification,Proposal,2024-06-27 13:00:00,S011
H0003400,O000891,Proposal,Negotiation,2024-06-30 15:00:00,S011
H0003401,O000891,Negotiation,Closed Won,2024-07-25 12:00:00,S011
H0003402,O000892,,Prospecting,2023-01-27 09:00:00,S022
H0003403,O000892,Prospecting,Qualification,2023-02-18 13:00:00,S022
H0003404,O000892,Qualification,Closed Lost,2023-03-03 12:00:00,S022
H0003405,O000893,,Prospecting,2024-07-06 09:00:00,S017
H0003406,O000893,Prospecting,Closed Lost,2024-10-20 10:00:00,S017
H0003407,O000894,,Prospecting,2023-05-13 09:00:00,S004
H0003408,O000894,Prospecting,Qualification,2023-06-16 15:00:00,S004
H0003409,O000894,Qualification,Closed Lost,2023-08-04 11:00:00,S004
H0003410,O000895,,Prospecting,2023-08-26 09:00:00,S004
H0003411,O000895,Prospecting,Qualification,2023-09-16 09:00:00,S004
H0003412,O000895,Qualification,Proposal,2023-09-21 10:00:00,S004
H0003413,O000895,Proposal,Negotiation,2023-09-23 13:00:00,S004
H0003414,O000895,Negotiation,Closed Won,2023-09-25 11:00:00,S004
H0003415,O000896,,Prospecting,2024-05-25 09:00:00,S006
H0003416,O000896,Prospecting,Qualification,2024-06-07 12:00:00,S006
H0003417,O000896,Qualification,Proposal,2024-06-12 13:00:00,S006
H0003418,O000896,Proposal,Closed Lost,2024-07-15 16:00:00,S006
H0003419,O000897,,Prospecting,2024-02-18 09:00:00,S037
H0003420,O000897,Prospecting,Qualification,2024-03-03 16:00:00,S037
H0003421,O000897,Qualification,Proposal,2024-03-15 11:00:00,S037
H0003422,O000897,Proposal,Closed Lost,2024-03-19 14:00:00,S037
H0003423,O000898,,Prospecting,2024-11-13 09:00:00,S005
H0003424,O000898,Prospecting,Qualification,2024-12-15 16:00:00,S005
H0003425,O000898,Qualification,Closed Lost,2025-01-29 15:00:00,S005
H0003426,O000899,,Prospecting,2024-08-12 09:00:00,S008
H0003427,O000899,Prospecting,Qualification,2024-08-13 12:00:00,S008
H0003428,O000899,Qualification,Proposal,2024-08-30 13:00:00,S008
H0003429,O000899,Proposal,Negotiation,2024-09-20 14:00:00,S008
H0003430,O000899,Negotiation,Closed Won,2024-10-04 11:00:00,S008
H0003431,O000900,,Prospecting,2025-05-14 09:00:00,S023
H0003432,O000900,Prospecting,Qualification,2025-05-31 14:00:00,S023
H0003433,O000900,Qualification,Proposal,2025-06-14 15:00:00,S023
H0003434,O000900,Proposal,Closed Lost,2025-06-18 15:00:00,S023
H0003435,O000901,,Prospecting,2025-06-23 09:00:00,S005
H0003436,O000902,,Prospecting,2023-06-19 09:00:00,S008
H0003437,O000902,Prospecting,Qualification,2023-06-29 11:00:00,S008
H0003438,O000902,Qualification,Proposal,2023-07-05 17:00:00,S008
H0003439,O000902,Proposal,Negotiation,2023-07-15 09:00:00,S008
H0003440,O000902,Negotiation,Closed Won,2023-08-13 10:00:00,S008
H0003441,O000903,,Prospecting,2025-01-25 09:00:00,S040
H0003442,O000903,Prospecting,Qualification,2025-02-25 17:00:00,S040
H0003443,O000903,Qualification,Proposal,2025-03-04 15:00:00,S040
H0003444,O000903,Proposal,Closed Lost,2025-04-13 13:00:00,S040
H0003445,O000904,,Prospecting,2023-09-01 09:00:00,S022
H0003446,O000904,Prospecting,Closed Lost,2023-10-16 11:00:00,S022
H0003447,O000905,,Prospecting,2023-10-22 09:00:00,S012
H0003448,O000905,Prospecting,Qualification,2023-10-26 10:00:00,S012
H0003449,O000905,Qualification,Proposal,2023-10-30 10:00:00,S012
H0003450,O000905,Proposal,Closed Lost,2023-11-03 15:00:00,S012
H0003451,O000906,,Prospecting,2024-02-16 09:00:00,S015
H0003452,O000906,Prospecting,Qualification,2024-03-08 08:00:00,S015
H0003453,O000906,Qualification,Proposal,2024-08-15 09:00:00,S015
H0003454,O000906,Proposal,Negotiation,2024-10-11 11:00:00,S015
H0003455,O000906,Negotiation,Closed Won,2024-10-12 13:00:00,S015
H0003456,O000907,,Prospecting,2025-06-07 09:00:00,S018
H0003457,O000908,,Prospecting,2024-12-25 09:00:00,S019
H0003458,O000908,Prospecting,Qualification,2025-02-01 09:00:00,S019
H0003459,O000908,Qualification,Proposal,2025-03-05 11:00:00,S019
H0003460,O000908,Proposal,Closed Lost,2025-03-10 13:00:00,S019
H0003461,O000909,,Prospecting,2024-07-31 09:00:00,S026
H0003462,O000909,Prospecting,Qualification,2024-08-03 16:00:00,S026
H0003463,O000909,Qualification,Proposal,2024-08-08 14:00:00,S026
H0003464,O000909,Proposal,Negotiation,2024-08-12 11:00:00,S026
H0003465,O000909,Negotiation,Closed Won,2024-08-28 14:00:00,S026
H0003466,O000910,,Prospecting,2023-09-10 09:00:00,S008
H0003467,O000910,Prospecting,Qualification,2023-09-11 12:00:00,S008
H0003468,O000910,Qualification,Proposal,2023-09-11 12:00:00,S008
H0003469,O000910,Proposal,Negotiation,2023-09-14 12:00:00,S008
H0003470,O000910,Negotiation,Closed Won,2023-09-26 11:00:00,S008
H0003471,O000911,,Prospecting,2025-05-01 09:00:00,S016
H0003472,O000911,Prospecting,Qualification,2025-05-06 14:00:00,S016
H0003473,O000911,Qualification,Proposal,2025-05-08 14:00:00,S016
H0003474,O000911,Proposal,Negotiation,2025-05-19 09:00:00,S016
H0003475,O000912,,Prospecting,2025-02-19 09:00:00,S040
H0003476,O000912,Prospecting,Qualification,2025-03-05 14:00:00,S040
H0003477,O000912,Qualification,Proposal,2025-03-14 12:00:00,S040
H0003478,O000912,Proposal,Negotiation,2025-03-24 11:00:00,S040
H0003479,O000912,Negotiation,Closed Won,2025-04-13 13:00:00,S040
H0003480,O000913,,Prospecting,2023-06-04 09:00:00,S008
H0003481,O000913,Prospecting,Qualification,2023-06-26 10:00:00,S008
H0003482,O000913,Qualification,Proposal,2023-06-30 12:00:00,S008
H0003483,O000913,Proposal,Negotiation,2023-07-05 09:00:00,S008
H0003484,O000913,Negotiation,Closed Lost,2023-07-19 11:00:00,S008
H0003485,O000914,,Prospecting,2025-04-17 09:00:00,S031
H0003486,O000914,Prospecting,Closed Lost,2025-05-02 09:00:00,S031
H0003487,O000915,,Prospecting,2024-11-03 09:00:00,S021
H0003488,O000915,Prospecting,Closed Lost,2025-03-12 16:00:00,S021
H0003489,O000916,,Prospecting,2024-08-07 09:00:00,S039
H0003490,O000916,Prospecting,Qualification,2024-08-28 09:00:00,S039
H0003491,O000916,Qualification,Proposal,2024-09-23 17:00:00,S039
H0003492,O000916,Proposal,Negotiation,2024-09-27 17:00:00,S039
H0003493,O000916,Negotiation,Closed Won,2024-09-29 15:00:00,S039
H0003494,O000917,,Prospecting,2025-05-06 09:00:00,S026
H0003495,O000917,Prospecting,Qualification,2025-05-22 16:00:00,S026
H0003496,O000917,Qualification,Proposal,2025-06-11 13:00:00,S026
H0003497,O000917,Proposal,Negotiation,2025-06-13 10:00:00,S026
H0003498,O000917,Negotiation,Closed Won,2025-06-15 16:00:00,S026
H0003499,O000918,,Prospecting,2023-02-20 09:00:00,S019
H0003500,O000918,Prospecting,Qualification,2023-03-16 15:00:00,S019
H0003501,O000918,Qualification,Proposal,2023-03-27 12:00:00,S019
H0003502,O000918,Proposal,Closed Lost,2023-04-20 10:00:00,S019
H0003503,O000919,,Prospecting,2024-07-05 09:00:00,S016
H0003504,O000919,Prospecting,Closed Lost,2024-09-13 17:00:00,S016
H0003505,O000920,,Prospecting,2023-02-11 09:00:00,S034
H0003506,O000920,Prospecting,Closed Lost,2023-04-19 09:00:00,S034
H0003507,O000921,,Prospecting,2023-05-28 09:00:00,S034
H0003508,O000921,Prospecting,Qualification,2023-05-31 09:00:00,S034
H0003509,O000921,Qualification,Proposal,2023-06-01 14:00:00,S034
H0003510,O000921,Proposal,Negotiation,2023-06-01 08:00:00,S034
H0003511,O000921,Negotiation,Closed Lost,2023-06-09 11:00:00,S034
H0003512,O000922,,Prospecting,2024-07-12 09:00:00,S016
H0003513,O000922,Prospecting,Qualification,2024-09-15 12:00:00,S016
H0003514,O000922,Qualification,Proposal,2024-11-01 12:00:00,S016
H0003515,O000922,Proposal,Negotiation,2024-11-13 10:00:00,S016
H0003516,O000922,Negotiation,Closed Lost,2024-11-17 12:00:00,S016
H0003517,O000923,,Prospecting,2023-08-29 09:00:00,S012
H0003518,O000923,Prospecting,Qualification,2023-09-17 10:00:00,S012
H0003519,O000923,Qualification,Proposal,2023-09-29 10:00:00,S012
H0003520,O000923,Proposal,Closed Lost,2023-09-30 16:00:00,S012
H0003521,O000924,,Prospecting,2023-12-11 09:00:00,S011
H0003522,O000924,Prospecting,Qualification,2024-01-05 17:00:00,S011
H0003523,O000924,Qualification,Proposal,2024-03-10 13:00:00,S011
H0003524,O000924,Proposal,Negotiation,2024-03-25 12:00:00,S011
H0003525,O000924,Negotiation,Closed Lost,2024-04-03 10:00:00,S011
H0003526,O000925,,Prospecting,2023-01-18 09:00:00,S036
H0003527,O000925,Prospecting,Qualification,2023-01-25 17:00:00,S036
H0003528,O000925,Qualification,Proposal,2023-02-05 14:00:00,S036
H0003529,O000925,Proposal,Negotiation,2023-02-15 15:00:00,S036
H0003530,O000925,Negotiation,Closed Won,2023-03-07 11:00:00,S036
H0003531,O000926,,Prospecting,2025-05-20 09:00:00,S019
H0003532,O000926,Prospecting,Qualification,2025-05-21 17:00:00,S019
H0003533,O000926,Qualification,Proposal,2025-05-26 13:00:00,S019
H0003534,O000926,Proposal,Negotiation,2025-05-30 14:00:00,S019
H0003535,O000926,Negotiation,Closed Lost,2025-06-18 14:00:00,S019
H0003536,O000927,,Prospecting,2023-06-25 09:00:00,S012
H0003537,O000927,Prospecting,Qualification,2023-06-28 16:00:00,S012
H0003538,O000927,Qualification,Proposal,2023-07-09 08:00:00,S012
H0003539,O000927,Proposal,Negotiation,2023-10-03 10:00:00,S012
H0003540,O000927,Negotiation,Closed Won,2023-10-22 17:00:00,S012
H0003541,O000928,,Prospecting,2025-03-09 09:00:00,S031
H0003542,O000928,Prospecting,Qualification,2025-03-18 13:00:00,S031
H0003543,O000928,Qualification,Closed Lost,2025-04-15 11:00:00,S031
H0003544,O000929,,Prospecting,2025-02-13 09:00:00,S002
H0003545,O000929,Prospecting,Closed Lost,2025-04-13 16:00:00,S002
H0003546,O000930,,Prospecting,2025-01-02 09:00:00,S034
H0003547,O000930,Prospecting,Closed Lost,2025-03-23 17:00:00,S034
H0003548,O000931,,Prospecting,2025-01-02 09:00:00,S035
H0003549,O000931,Prospecting,Qualification,2025-01-27 15:00:00,S035
H0003550,O000931,Qualification,Proposal,2025-02-16 09:00:00,S035
H0003551,O000931,Proposal,Negotiation,2025-03-12 12:00:00,S035
H0003552,O000931,Negotiation,Closed Won,2025-04-07 13:00:00,S035
H0003553,O000932,,Prospecting,2023-04-24 09:00:00,S005
H0003554,O000932,Prospecting,Qualification,2023-05-23 09:00:00,S005
H0003555,O000932,Qualification,Proposal,2023-06-03 09:00:00,S005
H0003556,O000932,Proposal,Closed Lost,2023-09-11 16:00:00,S005
H0003557,O000933,,Prospecting,2024-07-31 09:00:00,S023
H0003558,O000933,Prospecting,Qualification,2024-09-04 16:00:00,S023
H0003559,O000933,Qualification,Proposal,2024-09-15 13:00:00,S023
H0003560,O000933,Proposal,Closed Lost,2024-10-18 09:00:00,S023
H0003561,O000934,,Prospecting,2023-11-15 09:00:00,S004
H0003562,O000934,Prospecting,Closed Lost,2024-03-10 13:00:00,S004
H0003563,O000935,,Prospecting,2024-05-29 09:00:00,S004
H0003564,O000935,Prospecting,Qualification,2024-06-09 11:00:00,S004
H0003565,O000935,Qualification,Proposal,2024-07-17 11:00:00,S004
H0003566,O000935,Proposal,Negotiation,2024-07-25 12:00:00,S004
H0003567,O000935,Negotiation,Closed Lost,2024-08-02 13:00:00,S004
H0003568,O000936,,Prospecting,2025-02-06 09:00:00,S009
H0003569,O000936,Prospecting,Qualification,2025-03-04 13:00:00,S009
H0003570,O000936,Qualification,Closed Lost,2025-03-11 15:00:00,S009
H0003571,O000937,,Prospecting,2025-06-27 09:00:00,S001
H0003572,O000938,,Prospecting,2023-03-23 09:00:00,S034
H0003573,O000938,Prospecting,Qualification,2023-04-04 09:00:00,S034
H0003574,O000938,Qualification,Proposal,2023-05-06 14:00:00,S034
H0003575,O000938,Proposal,Negotiation,2023-05-06 16:00:00,S034
H0003576,O000938,Negotiation,Closed Won,2023-05-09 13:00:00,S034
H0003577,O000939,,Prospecting,2023-12-25 09:00:00,S019
H0003578,O000939,Prospecting,Closed Lost,2024-03-24 10:00:00,S019
H0003579,O000940,,Prospecting,2023-08-22 09:00:00,S032
H0003580,O000940,Prospecting,Qualification,2023-08-23 16:00:00,S032
H0003581,O000940,Qualification,Proposal,2023-08-27 08:00:00,S032
H0003582,O000940,Proposal,Closed Lost,2023-09-04 11:00:00,S032
H0003583,O000941,,Prospecting,2025-03-27 09:00:00,S011
H0003584,O000941,Prospecting,Qualification,2025-04-02 09:00:00,S011
H0003585,O000941,Qualification,Proposal,2025-04-07 13:00:00,S011
H0003586,O000941,Proposal,Negotiation,2025-04-16 17:00:00,S011
H0003587,O000941,Negotiation,Closed Lost,2025-06-12 15:00:00,S011
H0003588,O000942,,Prospecting,2024-11-07 09:00:00,S029
H0003589,O000942,Prospecting,Qualification,2024-11-09 10:00:00,S029
H0003590,O000942,Qualification,Proposal,2024-11-17 12:00:00,S029
H0003591,O000942,Proposal,Closed Lost,2024-11-20 12:00:00,S029
H0003592,O000943,,Prospecting,2025-04-09 09:00:00,S035
H0003593,O000943,Prospecting,Qualification,2025-05-06 10:00:00,S035
H0003594,O000943,Qualification,Proposal,2025-05-23 12:00:00,S035
H0003595,O000943,Proposal,Negotiation,2025-06-06 10:00:00,S035
H0003596,O000943,Negotiation,Closed Lost,2025-06-08 14:00:00,S035
H0003597,O000944,,Prospecting,2025-02-13 09:00:00,S023
H0003598,O000944,Prospecting,Qualification,2025-03-29 17:00:00,S023
H0003599,O000944,Qualification,Proposal,2025-04-20 09:00:00,S023
H0003600,O000944,Proposal,Negotiation,2025-05-12 15:00:00,S023
H0003601,O000944,Negotiation,Closed Won,2025-05-21 13:00:00,S023
H0003602,O000945,,Prospecting,2023-08-21 09:00:00,S019
H0003603,O000945,Prospecting,Qualification,2023-08-23 10:00:00,S019
H0003604,O000945,Qualification,Proposal,2023-08-25 16:00:00,S019
H0003605,O000945,Proposal,Closed Lost,2023-09-13 09:00:00,S019
H0003606,O000946,,Prospecting,2025-06-03 09:00:00,S039
H0003607,O000946,Prospecting,Qualification,2025-06-25 14:00:00,S039
H0003608,O000947,,Prospecting,2025-03-29 09:00:00,S019
H0003609,O000947,Prospecting,Qualification,2025-04-15 17:00:00,S019
H0003610,O000947,Qualification,Proposal,2025-05-03 11:00:00,S019
H0003611,O000947,Proposal,Negotiation,2025-05-10 13:00:00,S019
H0003612,O000947,Negotiation,Closed Won,2025-05-15 11:00:00,S019
H0003613,O000948,,Prospecting,2023-04-30 09:00:00,S013
H0003614,O000948,Prospecting,Qualification,2023-05-10 09:00:00,S013
H0003615,O000948,Qualification,Proposal,2023-06-12 16:00:00,S013
H0003616,O000948,Proposal,Negotiation,2023-06-14 14:00:00,S013
H0003617,O000948,Negotiation,Closed Lost,2023-07-30 10:00:00,S013
H0003618,O000949,,Prospecting,2025-03-15 09:00:00,S007
H0003619,O000949,Prospecting,Qualification,2025-04-04 08:00:00,S007
H0003620,O000949,Qualification,Closed Lost,2025-04-28 13:00:00,S007
H0003621,O000950,,Prospecting,2023-09-05 09:00:00,S026
H0003622,O000950,Prospecting,Closed Lost,2023-10-27 11:00:00,S026
H0003623,O000951,,Prospecting,2023-10-13 09:00:00,S018
H0003624,O000951,Prospecting,Qualification,2023-11-09 16:00:00,S018
H0003625,O000951,Qualification,Proposal,2023-11-14 12:00:00,S018
H0003626,O000951,Proposal,Negotiation,2023-11-25 13:00:00,S018
H0003627,O000951,Negotiation,Closed Won,2023-12-15 09:00:00,S018
H0003628,O000952,,Prospecting,2023-06-10 09:00:00,S002
H0003629,O000952,Prospecting,Qualification,2024-01-06 15:00:00,S002
H0003630,O000952,Qualification,Closed Lost,2024-01-14 16:00:00,S002
H0003631,O000953,,Prospecting,2025-05-29 09:00:00,S009
H0003632,O000953,Prospecting,Qualification,2025-06-07 09:00:00,S009
H0003633,O000954,,Prospecting,2025-02-24 09:00:00,S037
H0003634,O000954,Prospecting,Qualification,2025-03-05 16:00:00,S037
H0003635,O000954,Qualification,Proposal,2025-03-16 08:00:00,S037
H0003636,O000954,Proposal,Negotiation,2025-03-18 17:00:00,S037
H0003637,O000954,Negotiation,Closed Lost,2025-03-28 15:00:00,S037
H0003638,O000955,,Prospecting,2025-05-04 09:00:00,S029
H0003639,O000955,Prospecting,Closed Lost,2025-06-03 11:00:00,S029
H0003640,O000956,,Prospecting,2024-01-20 09:00:00,S005
H0003641,O000956,Prospecting,Qualification,2024-01-26 14:00:00,S005
H0003642,O000956,Qualification,Proposal,2024-03-17 11:00:00,S005
H0003643,O000956,Proposal,Negotiation,2024-03-26 17:00:00,S005
H0003644,O000956,Negotiation,Closed Won,2024-03-31 15:00:00,S005
H0003645,O000957,,Prospecting,2025-06-14 09:00:00,S038
H0003646,O000957,Prospecting,Qualification,2025-06-22 15:00:00,S038
H0003647,O000958,,Prospecting,2024-10-10 09:00:00,S002
H0003648,O000958,Prospecting,Qualification,2024-10-24 14:00:00,S002
H0003649,O000958,Qualification,Proposal,2024-12-05 10:00:00,S002
H0003650,O000958,Proposal,Negotiation,2024-12-09 13:00:00,S002
H0003651,O000958,Negotiation,Closed Won,2025-01-11 09:00:00,S002
H0003652,O000959,,Prospecting,2024-03-05 09:00:00,S037
H0003653,O000959,Prospecting,Qualification,2024-04-05 11:00:00,S037
H0003654,O000959,Qualification,Closed Lost,2024-04-16 14:00:00,S037
H0003655,O000960,,Prospecting,2025-06-19 09:00:00,S026
H0003656,O000961,,Prospecting,2024-09-23 09:00:00,S009
H0003657,O000961,Prospecting,Qualification,2024-10-07 17:00:00,S009
H0003658,O000961,Qualification,Proposal,2024-10-16 12:00:00,S009
H0003659,O000961,Proposal,Negotiation,2024-10-17 13:00:00,S009
H0003660,O000961,Negotiation,Closed Lost,2024-11-01 15:00:00,S009
H0003661,O000962,,Prospecting,2025-04-15 09:00:00,S040
H0003662,O000962,Prospecting,Closed Lost,2025-05-31 10:00:00,S040
H0003663,O000963,,Prospecting,2025-05-03 09:00:00,S020
H0003664,O000963,Prospecting,Qualification,2025-05-06 08:00:00,S020
H0003665,O000963,Qualification,Closed Lost,2025-05-14 14:00:00,S020
H0003666,O000964,,Prospecting,2025-05-12 09:00:00,S017
H0003667,O000964,Prospecting,Qualification,2025-06-02 17:00:00,S017
H0003668,O000964,Qualification,Proposal,2025-06-05 14:00:00,S017
H0003669,O000964,Proposal,Negotiation,2025-06-17 11:00:00,S017
H0003670,O000964,Negotiation,Closed Lost,2025-06-19 12:00:00,S017
H0003671,O000965,,Prospecting,2023-08-13 09:00:00,S012
H0003672,O000965,Prospecting,Qualification,2023-08-13 09:00:00,S012
H0003673,O000965,Qualification,Proposal,2023-08-13 17:00:00,S012
H0003674,O000965,Proposal,Negotiation,2023-08-25 16:00:00,S012
H0003675,O000965,Negotiation,Closed Won,2023-09-25 15:00:00,S012
H0003676,O000966,,Prospecting,2025-05-12 09:00:00,S023
H0003677,O000966,Prospecting,Qualification,2025-06-01 14:00:00,S023
H0003678,O000966,Qualification,Proposal,2025-06-03 08:00:00,S023
H0003679,O000966,Proposal,Negotiation,2025-06-08 15:00:00,S023
H0003680,O000966,Negotiation,Closed Lost,2025-06-14 16:00:00,S023
H0003681,O000967,,Prospecting,2023-05-06 09:00:00,S027
H0003682,O000967,Prospecting,Closed Lost,2023-07-15 17:00:00,S027
H0003683,O000968,,Prospecting,2025-04-06 09:00:00,S008
H0003684,O000968,Prospecting,Closed Lost,2025-05-06 09:00:00,S008
H0003685,O000969,,Prospecting,2023-06-13 09:00:00,S006
H0003686,O000969,Prospecting,Qualification,2023-06-15 08:00:00,S006
H0003687,O000969,Qualification,Proposal,2023-06-30 16:00:00,S006
H0003688,O000969,Proposal,Closed Lost,2023-07-09 11:00:00,S006
H0003689,O000970,,Prospecting,2023-02-20 09:00:00,S033
H0003690,O000970,Prospecting,Qualification,2023-02-28 16:00:00,S033
H0003691,O000970,Qualification,Proposal,2023-03-05 17:00:00,S033
H0003692,O000970,Proposal,Negotiation,2023-04-02 09:00:00,S033
H0003693,O000970,Negotiation,Closed Lost,2023-04-04 11:00:00,S033
H0003694,O000971,,Prospecting,2023-06-17 09:00:00,S003
H0003695,O000971,Prospecting,Qualification,2023-08-05 15:00:00,S003
H0003696,O000971,Qualification,Proposal,2023-10-24 11:00:00,S003
H0003697,O000971,Proposal,Negotiation,2023-10-26 10:00:00,S003
H0003698,O000971,Negotiation,Closed Won,2023-11-11 17:00:00,S003
H0003699,O000972,,Prospecting,2025-06-17 09:00:00,S016
H0003700,O000973,,Prospecting,2024-11-16 09:00:00,S036
H0003701,O000973,Prospecting,Qualification,2024-11-28 15:00:00,S036
H0003702,O000973,Qualification,Proposal,2024-12-06 12:00:00,S036
H0003703,O000973,Proposal,Closed Lost,2024-12-07 16:00:00,S036
H0003704,O000974,,Prospecting,2025-05-10 09:00:00,S004
H0003705,O000974,Prospecting,Qualification,2025-05-13 11:00:00,S004
H0003706,O000975,,Prospecting,2023-09-22 09:00:00,S017
H0003707,O000975,Prospecting,Qualification,2023-09-30 08:00:00,S017
H0003708,O000975,Qualification,Closed Lost,2023-10-01 10:00:00,S017
H0003709,O000976,,Prospecting,2025-05-17 09:00:00,S022
H0003710,O000976,Prospecting,Qualification,2025-05-20 16:00:00,S022
H0003711,O000976,Qualification,Proposal,2025-06-23 15:00:00,S022
H0003712,O000977,,Prospecting,2023-03-21 09:00:00,S038
H0003713,O000977,Prospecting,Qualification,2023-03-25 10:00:00,S038
H0003714,O000977,Qualification,Proposal,2023-03-25 10:00:00,S038
H0003715,O000977,Proposal,Negotiation,2023-04-10 10:00:00,S038
H0003716,O000977,Negotiation,Closed Won,2023-04-15 10:00:00,S038
H0003717,O000978,,Prospecting,2024-10-24 09:00:00,S029
H0003718,O000978,Prospecting,Qualification,2024-12-11 17:00:00,S029
H0003719,O000978,Qualification,Proposal,2025-01-07 16:00:00,S029
H0003720,O000978,Proposal,Negotiation,2025-01-28 12:00:00,S029
H0003721,O000978,Negotiation,Closed Lost,2025-02-21 14:00:00,S029
H0003722,O000979,,Prospecting,2023-02-27 09:00:00,S001
H0003723,O000979,Prospecting,Qualification,2023-03-20 09:00:00,S001
H0003724,O000979,Qualification,Closed Lost,2023-03-21 13:00:00,S001
H0003725,O000980,,Prospecting,2025-01-03 09:00:00,S008
H0003726,O000980,Prospecting,Qualification,2025-01-15 10:00:00,S008
H0003727,O000980,Qualification,Proposal,2025-01-18 10:00:00,S008
H0003728,O000980,Proposal,Negotiation,2025-01-22 08:00:00,S008
H0003729,O000980,Negotiation,Closed Won,2025-02-02 12:00:00,S008
H0003730,O000981,,Prospecting,2023-07-30 09:00:00,S008
H0003731,O000981,Prospecting,Qualification,2023-09-05 14:00:00,S008
H0003732,O000981,Qualification,Proposal,2023-09-06 16:00:00,S008
H0003733,O000981,Proposal,Closed Lost,2023-09-15 09:00:00,S008
H0003734,O000982,,Prospecting,2024-05-24 09:00:00,S027
H0003735,O000982,Prospecting,Closed Lost,2024-08-05 13:00:00,S027
H0003736,O000983,,Prospecting,2023-01-26 09:00:00,S011
H0003737,O000983,Prospecting,Qualification,2023-03-20 11:00:00,S011
H0003738,O000983,Qualification,Proposal,2023-04-04 14:00:00,S011
H0003739,O000983,Proposal,Negotiation,2023-04-13 11:00:00,S011
H0003740,O000983,Negotiation,Closed Lost,2023-04-24 14:00:00,S011
H0003741,O000984,,Prospecting,2024-02-20 09:00:00,S002
H0003742,O000984,Prospecting,Qualification,2024-02-27 09:00:00,S002
H0003743,O000984,Qualification,Proposal,2024-02-29 10:00:00,S002
H0003744,O000984,Proposal,Closed Lost,2024-05-06 17:00:00,S002
H0003745,O000985,,Prospecting,2025-05-09 09:00:00,S008
H0003746,O000985,Prospecting,Qualification,2025-05-28 08:00:00,S008
H0003747,O000985,Qualification,Closed Lost,2025-06-16 12:00:00,S008
H0003748,O000986,,Prospecting,2023-06-21 09:00:00,S028
H0003749,O000986,Prospecting,Qualification,2023-06-27 15:00:00,S028
H0003750,O000986,Qualification,Proposal,2023-07-17 10:00:00,S028
H0003751,O000986,Proposal,Negotiation,2023-07-22 09:00:00,S028
H0003752,O000986,Negotiation,Closed Won,2023-08-10 12:00:00,S028
H0003753,O000987,,Prospecting,2023-03-12 09:00:00,S019
H0003754,O000987,Prospecting,Closed Lost,2023-04-25 13:00:00,S019
H0003755,O000988,,Prospecting,2023-03-24 09:00:00,S007
H0003756,O000988,Prospecting,Qualification,2023-04-25 09:00:00,S007
H0003757,O000988,Qualification,Proposal,2023-05-26 12:00:00,S007
H0003758,O000988,Proposal,Closed Lost,2023-06-16 11:00:00,S007
H0003759,O000989,,Prospecting,2024-10-04 09:00:00,S031
H0003760,O000989,Prospecting,Qualification,2024-10-19 16:00:00,S031
H0003761,O000989,Qualification,Proposal,2024-11-22 09:00:00,S031
H0003762,O000989,Proposal,Negotiation,2024-11-23 10:00:00,S031
H0003763,O000989,Negotiation,Closed Won,2024-12-09 17:00:00,S031
H0003764,O000990,,Prospecting,2023-11-09 09:00:00,S032
H0003765,O000990,Prospecting,Qualification,2023-11-14 13:00:00,S032
H0003766,O000990,Qualification,Proposal,2023-11-17 15:00:00,S032
H0003767,O000990,Proposal,Negotiation,2023-12-13 12:00:00,S032
H0003768,O000990,Negotiation,Closed Won,2023-12-14 11:00:00,S032
H0003769,O000991,,Prospecting,2024-06-16 09:00:00,S023
H0003770,O000991,Prospecting,Qualification,2024-06-17 16:00:00,S023
H0003771,O000991,Qualification,Proposal,2024-06-20 12:00:00,S023
H0003772,O000991,Proposal,Negotiation,2024-06-23 09:00:00,S023
H0003773,O000991,Negotiation,Closed Won,2024-08-07 14:00:00,S023
H0003774,O000992,,Prospecting,2025-03-19 09:00:00,S002
H0003775,O000992,Prospecting,Qualification,2025-05-09 12:00:00,S002
H0003776,O000992,Qualification,Closed Lost,2025-06-09 09:00:00,S002
H0003777,O000993,,Prospecting,2024-07-23 09:00:00,S027
H0003778,O000993,Prospecting,Closed Lost,2024-09-18 15:00:00,S027
H0003779,O000994,,Prospecting,2023-01-28 09:00:00,S006
H0003780,O000994,Prospecting,Qualification,2023-02-10 14:00:00,S006
H0003781,O000994,Qualification,Proposal,2023-03-16 17:00:00,S006
H0003782,O000994,Proposal,Negotiation,2023-03-16 10:00:00,S006
H0003783,O000994,Negotiation,Closed Won,2023-03-29 14:00:00,S006
H0003784,O000995,,Prospecting,2025-04-05 09:00:00,S040
H0003785,O000995,Prospecting,Qualification,2025-05-01 09:00:00,S040
H0003786,O000995,Qualification,Closed Lost,2025-05-08 15:00:00,S040
H0003787,O000996,,Prospecting,2025-04-29 09:00:00,S032
H0003788,O000996,Prospecting,Closed Lost,2025-06-12 13:00:00,S032
H0003789,O000997,,Prospecting,2023-03-01 09:00:00,S040
H0003790,O000997,Prospecting,Qualification,2023-03-31 16:00:00,S040
H0003791,O000997,Qualification,Proposal,2023-04-12 17:00:00,S040
H0003792,O000997,Proposal,Negotiation,2023-04-16 10:00:00,S040
H0003793,O000997,Negotiation,Closed Won,2023-05-22 16:00:00,S040
H0003794,O000998,,Prospecting,2023-02-15 09:00:00,S003
H0003795,O000998,Prospecting,Closed Lost,2023-07-31 10:00:00,S003
H0003796,O000999,,Prospecting,2023-08-27 09:00:00,S008
H0003797,O000999,Prospecting,Qualification,2023-09-25 17:00:00,S008
H0003798,O000999,Qualification,Proposal,2023-10-07 09:00:00,S008
H0003799,O000999,Proposal,Negotiation,2023-10-16 17:00:00,S008
H0003800,O000999,Negotiation,Closed Won,2023-11-06 16:00:00,S008
H0003801,O001000,,Prospecting,2024-08-12 09:00:00,S040
H0003802,O001000,Prospecting,Qualification,2024-08-14 09:00:00,S040
H0003803,O001000,Qualification,Proposal,2024-08-14 14:00:00,S040
H0003804,O001000,Proposal,Negotiation,2024-09-06 08:00:00,S040
H0003805,O001000,Negotiation,Closed Won,2024-09-22 15:00:00,S040
H0003806,O001001,,Prospecting,2023-10-05 09:00:00,S031
H0003807,O001001,Prospecting,Closed Lost,2023-11-07 11:00:00,S031
H0003808,O001002,,Prospecting,2024-08-29 09:00:00,S012
H0003809,O001002,Prospecting,Qualification,2024-09-19 09:00:00,S012
H0003810,O001002,Qualification,Closed Lost,2024-12-06 10:00:00,S012
H0003811,O001003,,Prospecting,2025-06-09 09:00:00,S019
H0003812,O001003,Prospecting,Qualification,2025-06-22 11:00:00,S019
H0003813,O001004,,Prospecting,2025-03-30 09:00:00,S008
H0003814,O001004,Prospecting,Qualification,2025-04-10 13:00:00,S008
H0003815,O001004,Qualification,Proposal,2025-04-14 16:00:00,S008
H0003816,O001004,Proposal,Negotiation,2025-05-17 15:00:00,S008
H0003817,O001004,Negotiation,Closed Won,2025-05-30 17:00:00,S008
H0003818,O001005,,Prospecting,2023-02-04 09:00:00,S006
H0003819,O001005,Prospecting,Closed Lost,2023-02-11 10:00:00,S006
H0003820,O001006,,Prospecting,2023-10-30 09:00:00,S032
H0003821,O001006,Prospecting,Qualification,2023-11-26 17:00:00,S032
H0003822,O001006,Qualification,Proposal,2023-12-25 14:00:00,S032
H0003823,O001006,Proposal,Negotiation,2024-01-08 16:00:00,S032
H0003824,O001006,Negotiation,Closed Lost,2024-01-18 16:00:00,S032
H0003825,O001007,,Prospecting,2024-11-09 09:00:00,S040
H0003826,O001007,Prospecting,Qualification,2024-11-13 12:00:00,S040
H0003827,O001007,Qualification,Closed Lost,2024-12-02 17:00:00,S040
H0003828,O001008,,Prospecting,2025-04-30 09:00:00,S023
H0003829,O001008,Prospecting,Closed Lost,2025-05-10 17:00:00,S023
H0003830,O001009,,Prospecting,2025-03-09 09:00:00,S031
H0003831,O001009,Prospecting,Qualification,2025-04-09 09:00:00,S031
H0003832,O001009,Qualification,Closed Lost,2025-05-18 15:00:00,S031
H0003833,O001010,,Prospecting,2025-02-10 09:00:00,S012
H0003834,O001010,Prospecting,Qualification,2025-02-20 13:00:00,S012
H0003835,O001010,Qualification,Proposal,2025-03-09 12:00:00,S012
H0003836,O001010,Proposal,Negotiation,2025-03-12 15:00:00,S012
H0003837,O001010,Negotiation,Closed Lost,2025-04-06 13:00:00,S012
H0003838,O001011,,Prospecting,2023-08-18 09:00:00,S008
H0003839,O001011,Prospecting,Qualification,2023-09-11 08:00:00,S008
H0003840,O001011,Qualification,Proposal,2023-09-21 09:00:00,S008
H0003841,O001011,Proposal,Negotiation,2023-09-25 16:00:00,S008
H0003842,O001011,Negotiation,Closed Won,2023-10-11 15:00:00,S008
H0003843,O001012,,Prospecting,2025-05-13 09:00:00,S008
H0003844,O001012,Prospecting,Qualification,2025-05-30 08:00:00,S008
H0003845,O001012,Qualification,Closed Lost,2025-06-09 15:00:00,S008
H0003846,O001013,,Prospecting,2024-02-02 09:00:00,S008
H0003847,O001013,Prospecting,Qualification,2024-02-11 16:00:00,S008
H0003848,O001013,Qualification,Proposal,2024-03-22 16:00:00,S008
H0003849,O001013,Proposal,Negotiation,2024-03-27 08:00:00,S008
H0003850,O001013,Negotiation,Closed Won,2024-04-06 10:00:00,S008
H0003851,O001014,,Prospecting,2025-02-04 09:00:00,S018
H0003852,O001014,Prospecting,Closed Lost,2025-02-11 15:00:00,S018
H0003853,O001015,,Prospecting,2024-04-19 09:00:00,S021
H0003854,O001015,Prospecting,Qualification,2024-05-07 16:00:00,S021
H0003855,O001015,Qualification,Proposal,2024-06-02 16:00:00,S021
H0003856,O001015,Proposal,Negotiation,2024-07-20 10:00:00,S021
H0003857,O001015,Negotiation,Closed Won,2024-07-27 12:00:00,S021
H0003858,O001016,,Prospecting,2024-04-05 09:00:00,S025
H0003859,O001016,Prospecting,Qualification,2024-04-28 15:00:00,S025
H0003860,O001016,Qualification,Proposal,2024-05-02 16:00:00,S025
H0003861,O001016,Proposal,Negotiation,2024-05-09 12:00:00,S025
H0003862,O001016,Negotiation,Closed Won,2024-06-03 16:00:00,S025
H0003863,O001017,,Prospecting,2023-06-09 09:00:00,S005
H0003864,O001017,Prospecting,Qualification,2023-06-30 10:00:00,S005
H0003865,O001017,Qualification,Proposal,2023-07-18 13:00:00,S005
H0003866,O001017,Proposal,Negotiation,2023-07-25 16:00:00,S005
H0003867,O001017,Negotiation,Closed Lost,2023-08-05 15:00:00,S005
H0003868,O001018,,Prospecting,2023-09-06 09:00:00,S013
H0003869,O001018,Prospecting,Qualification,2023-09-15 08:00:00,S013
H0003870,O001018,Qualification,Proposal,2023-09-15 15:00:00,S013
H0003871,O001018,Proposal,Closed Lost,2023-10-05 14:00:00,S013
H0003872,O001019,,Prospecting,2024-07-19 09:00:00,S037
H0003873,O001019,Prospecting,Qualification,2024-08-12 10:00:00,S037
H0003874,O001019,Qualification,Closed Lost,2024-09-03 16:00:00,S037
H0003875,O001020,,Prospecting,2023-05-27 09:00:00,S020
H0003876,O001020,Prospecting,Qualification,2023-05-27 09:00:00,S020
H0003877,O001020,Qualification,Proposal,2023-05-29 13:00:00,S020
H0003878,O001020,Proposal,Negotiation,2023-06-06 10:00:00,S020
H0003879,O001020,Negotiation,Closed Lost,2023-06-16 11:00:00,S020
H0003880,O001021,,Prospecting,2023-04-13 09:00:00,S027
H0003881,O001021,Prospecting,Qualification,2023-05-03 17:00:00,S027
H0003882,O001021,Qualification,Closed Lost,2023-06-18 15:00:00,S027
H0003883,O001022,,Prospecting,2023-11-14 09:00:00,S009
H0003884,O001022,Prospecting,Qualification,2023-11-14 17:00:00,S009
H0003885,O001022,Qualification,Proposal,2024-01-08 17:00:00,S009
H0003886,O001022,Proposal,Negotiation,2024-05-09 10:00:00,S009
H0003887,O001022,Negotiation,Closed Won,2024-06-14 13:00:00,S009
H0003888,O001023,,Prospecting,2025-05-14 09:00:00,S013
H0003889,O001023,Prospecting,Qualification,2025-05-28 16:00:00,S013
H0003890,O001023,Qualification,Proposal,2025-06-10 14:00:00,S013
H0003891,O001023,Proposal,Negotiation,2025-06-17 12:00:00,S013
H0003892,O001024,,Prospecting,2024-08-04 09:00:00,S035
H0003893,O001024,Prospecting,Qualification,2024-08-08 15:00:00,S035
H0003894,O001024,Qualification,Proposal,2024-09-02 16:00:00,S035
H0003895,O001024,Proposal,Negotiation,2024-09-15 10:00:00,S035
H0003896,O001024,Negotiation,Closed Won,2024-09-19 15:00:00,S035
H0003897,O001025,,Prospecting,2025-03-02 09:00:00,S009
H0003898,O001025,Prospecting,Closed Lost,2025-03-24 15:00:00,S009
H0003899,O001026,,Prospecting,2025-03-06 09:00:00,S020
H0003900,O001026,Prospecting,Qualification,2025-03-06 09:00:00,S020
H0003901,O001026,Qualification,Proposal,2025-05-01 16:00:00,S020
H0003902,O001026,Proposal,Negotiation,2025-05-29 15:00:00,S020
H0003903,O001026,Negotiation,Closed Won,2025-06-10 15:00:00,S020
H0003904,O001027,,Prospecting,2023-11-02 09:00:00,S040
H0003905,O001027,Prospecting,Qualification,2023-11-10 16:00:00,S040
H0003906,O001027,Qualification,Closed Lost,2023-12-16 16:00:00,S040
H0003907,O001028,,Prospecting,2025-02-01 09:00:00,S016
H0003908,O001028,Prospecting,Qualification,2025-02-13 10:00:00,S016
H0003909,O001028,Qualification,Proposal,2025-03-07 14:00:00,S016
H0003910,O001028,Proposal,Negotiation,2025-03-24 09:00:00,S016
H0003911,O001028,Negotiation,Closed Won,2025-04-21 11:00:00,S016
H0003912,O001029,,Prospecting,2025-03-19 09:00:00,S008
H0003913,O001029,Prospecting,Qualification,2025-04-01 10:00:00,S008
H0003914,O001029,Qualification,Proposal,2025-04-07 10:00:00,S008
H0003915,O001029,Proposal,Closed Lost,2025-04-28 13:00:00,S008
H0003916,O001030,,Prospecting,2023-03-28 09:00:00,S013
H0003917,O001030,Prospecting,Closed Lost,2023-05-29 15:00:00,S013
H0003918,O001031,,Prospecting,2025-01-15 09:00:00,S025
H0003919,O001031,Prospecting,Qualification,2025-01-23 12:00:00,S025
H0003920,O001031,Qualification,Proposal,2025-01-29 15:00:00,S025
H0003921,O001031,Proposal,Negotiation,2025-01-30 17:00:00,S025
H0003922,O001031,Negotiation,Closed Won,2025-02-22 13:00:00,S025
H0003923,O001032,,Prospecting,2024-01-26 09:00:00,S012
H0003924,O001032,Prospecting,Closed Lost,2024-03-05 12:00:00,S012
H0003925,O001033,,Prospecting,2025-02-18 09:00:00,S008
H0003926,O001033,Prospecting,Qualification,2025-03-04 10:00:00,S008
H0003927,O001033,Qualification,Proposal,2025-03-13 12:00:00,S008
H0003928,O001033,Proposal,Negotiation,2025-03-28 15:00:00,S008
H0003929,O001033,Negotiation,Closed Won,2025-04-07 15:00:00,S008
H0003930,O001034,,Prospecting,2023-03-28 09:00:00,S009
H0003931,O001034,Prospecting,Closed Lost,2023-07-02 11:00:00,S009
H0003932,O001035,,Prospecting,2024-10-02 09:00:00,S023
H0003933,O001035,Prospecting,Qualification,2024-10-28 13:00:00,S023
H0003934,O001035,Qualification,Proposal,2024-11-15 16:00:00,S023
H0003935,O001035,Proposal,Negotiation,2024-11-24 12:00:00,S023
H0003936,O001035,Negotiation,Closed Lost,2024-11-29 10:00:00,S023
H0003937,O001036,,Prospecting,2025-02-16 09:00:00,S036
H0003938,O001036,Prospecting,Qualification,2025-03-15 16:00:00,S036
H0003939,O001036,Qualification,Proposal,2025-03-23 15:00:00,S036
H0003940,O001036,Proposal,Negotiation,2025-03-24 14:00:00,S036
H0003941,O001036,Negotiation,Closed Won,2025-04-23 12:00:00,S036
H0003942,O001037,,Prospecting,2025-02-20 09:00:00,S010
H0003943,O001037,Prospecting,Qualification,2025-03-05 12:00:00,S010
H0003944,O001037,Qualification,Closed Lost,2025-03-14 10:00:00,S010
H0003945,O001038,,Prospecting,2024-03-22 09:00:00,S024
H0003946,O001038,Prospecting,Qualification,2024-05-10 15:00:00,S024
H0003947,O001038,Qualification,Closed Lost,2024-06-11 10:00:00,S024
H0003948,O001039,,Prospecting,2023-12-30 09:00:00,S040
H0003949,O001039,Prospecting,Qualification,2024-01-01 14:00:00,S040
H0003950,O001039,Qualification,Proposal,2024-01-12 10:00:00,S040
H0003951,O001039,Proposal,Closed Lost,2024-01-16 10:00:00,S040
H0003952,O001040,,Prospecting,2025-06-21 09:00:00,S016
H0003953,O001041,,Prospecting,2023-05-16 09:00:00,S023
H0003954,O001041,Prospecting,Qualification,2023-07-07 14:00:00,S023
H0003955,O001041,Qualification,Closed Lost,2023-08-15 12:00:00,S023
H0003956,O001042,,Prospecting,2023-10-29 09:00:00,S009
H0003957,O001042,Prospecting,Qualification,2023-11-07 12:00:00,S009
H0003958,O001042,Qualification,Proposal,2023-12-21 08:00:00,S009
H0003959,O001042,Proposal,Negotiation,2024-01-07 14:00:00,S009
H0003960,O001042,Negotiation,Closed Won,2024-01-20 12:00:00,S009
H0003961,O001043,,Prospecting,2024-03-06 09:00:00,S039
H0003962,O001043,Prospecting,Qualification,2024-04-29 12:00:00,S039
H0003963,O001043,Qualification,Proposal,2024-04-30 16:00:00,S039
H0003964,O001043,Proposal,Negotiation,2024-05-17 09:00:00,S039
H0003965,O001043,Negotiation,Closed Won,2024-05-28 17:00:00,S039
H0003966,O001044,,Prospecting,2023-01-12 09:00:00,S022
H0003967,O001044,Prospecting,Qualification,2023-02-04 16:00:00,S022
H0003968,O001044,Qualification,Closed Lost,2023-02-23 10:00:00,S022
H0003969,O001045,,Prospecting,2025-02-03 09:00:00,S027
H0003970,O001045,Prospecting,Closed Lost,2025-03-17 14:00:00,S027
H0003971,O001046,,Prospecting,2024-10-29 09:00:00,S020
H0003972,O001046,Prospecting,Qualification,2024-11-12 11:00:00,S020
H0003973,O001046,Qualification,Proposal,2025-01-21 15:00:00,S020
H0003974,O001046,Proposal,Negotiation,2025-01-26 16:00:00,S020
H0003975,O001046,Negotiation,Closed Won,2025-02-24 12:00:00,S020
H0003976,O001047,,Prospecting,2023-12-23 09:00:00,S010
H0003977,O001047,Prospecting,Qualification,2024-01-03 10:00:00,S010
H0003978,O001047,Qualification,Proposal,2024-01-19 12:00:00,S010
H0003979,O001047,Proposal,Negotiation,2024-01-22 11:00:00,S010
H0003980,O001047,Negotiation,Closed Won,2024-02-14 16:00:00,S010
H0003981,O001048,,Prospecting,2024-09-04 09:00:00,S002
H0003982,O001048,Prospecting,Qualification,2024-09-08 09:00:00,S002
H0003983,O001048,Qualification,Proposal,2024-09-26 17:00:00,S002
H0003984,O001048,Proposal,Negotiation,2024-10-07 11:00:00,S002
H0003985,O001048,Negotiation,Closed Lost,2024-11-26 11:00:00,S002
H0003986,O001049,,Prospecting,2023-07-01 09:00:00,S040
H0003987,O001049,Prospecting,Qualification,2023-07-16 13:00:00,S040
H0003988,O001049,Qualification,Proposal,2023-07-20 12:00:00,S040
H0003989,O001049,Proposal,Closed Lost,2023-08-07 10:00:00,S040
H0003990,O001050,,Prospecting,2024-10-12 09:00:00,S005
H0003991,O001050,Prospecting,Qualification,2024-10-22 11:00:00,S005
H0003992,O001050,Qualification,Proposal,2024-11-30 12:00:00,S005
H0003993,O001050,Proposal,Negotiation,2024-12-19 15:00:00,S005
H0003994,O001050,Negotiation,Closed Won,2025-01-04 15:00:00,S005
H0003995,O001051,,Prospecting,2024-04-21 09:00:00,S017
H0003996,O001051,Prospecting,Closed Lost,2024-07-07 11:00:00,S017
H0003997,O001052,,Prospecting,2024-07-28 09:00:00,S024
H0003998,O001052,Prospecting,Qualification,2024-08-14 17:00:00,S024
H0003999,O001052,Qualification,Closed Lost,2024-08-29 16:00:00,S024
H0004000,O001053,,Prospecting,2023-02-16 09:00:00,S007
H0004001,O001053,Prospecting,Qualification,2023-02-16 09:00:00,S007
H0004002,O001053,Qualification,Proposal,2023-02-22 15:00:00,S007
H0004003,O001053,Proposal,Closed Lost,2023-02-23 10:00:00,S007
H0004004,O001054,,Prospecting,2023-11-11 09:00:00,S001
H0004005,O001054,Prospecting,Qualification,2023-12-03 17:00:00,S001
H0004006,O001054,Qualification,Proposal,2023-12-07 13:00:00,S001
H0004007,O001054,Proposal,Closed Lost,2023-12-26 10:00:00,S001
H0004008,O001055,,Prospecting,2025-06-14 09:00:00,S031
H0004009,O001055,Prospecting,Qualification,2025-06-27 09:00:00,S031
H0004010,O001056,,Prospecting,2025-06-25 09:00:00,S024
H0004011,O001057,,Prospecting,2025-03-20 09:00:00,S022
H0004012,O001057,Prospecting,Closed Lost,2025-04-02 14:00:00,S022
H0004013,O001058,,Prospecting,2025-01-12 09:00:00,S009
H0004014,O001058,Prospecting,Qualification,2025-01-13 15:00:00,S009
H0004015,O001058,Qualification,Closed Lost,2025-02-12 09:00:00,S009
H0004016,O001059,,Prospecting,2025-01-02 09:00:00,S026
H0004017,O001059,Prospecting,Qualification,2025-01-07 10:00:00,S026
H0004018,O001059,Qualification,Proposal,2025-01-17 15:00:00,S026
H0004019,O001059,Proposal,Negotiation,2025-01-20 09:00:00,S026
H0004020,O001059,Negotiation,Closed Won,2025-01-27 13:00:00,S026
H0004021,O001060,,Prospecting,2024-12-02 09:00:00,S009
H0004022,O001060,Prospecting,Closed Lost,2025-04-01 14:00:00,S009
H0004023,O001061,,Prospecting,2025-03-18 09:00:00,S011
H0004024,O001061,Prospecting,Qualification,2025-04-20 10:00:00,S011
H0004025,O001061,Qualification,Closed Lost,2025-04-28 16:00:00,S011
H0004026,O001062,,Prospecting,2024-05-14 09:00:00,S025
H0004027,O001062,Prospecting,Closed Lost,2024-07-31 10:00:00,S025
H0004028,O001063,,Prospecting,2024-01-13 09:00:00,S013
H0004029,O001063,Prospecting,Qualification,2024-01-18 13:00:00,S013
H0004030,O001063,Qualification,Proposal,2024-04-14 09:00:00,S013
H0004031,O001063,Proposal,Negotiation,2024-04-19 11:00:00,S013
H0004032,O001063,Negotiation,Closed Won,2024-05-09 15:00:00,S013
H0004033,O001064,,Prospecting,2023-12-18 09:00:00,S016
H0004034,O001064,Prospecting,Qualification,2023-12-20 16:00:00,S016
H0004035,O001064,Qualification,Proposal,2024-01-03 12:00:00,S016
H0004036,O001064,Proposal,Negotiation,2024-01-09 15:00:00,S016
H0004037,O001064,Negotiation,Closed Lost,2024-01-13 17:00:00,S016
H0004038,O001065,,Prospecting,2025-06-20 09:00:00,S029
H0004039,O001065,Prospecting,Qualification,2025-06-24 09:00:00,S029
H0004040,O001065,Qualification,Proposal,2025-06-28 14:00:00,S029
H0004041,O001065,Proposal,Closed Lost,2025-06-30 15:00:00,S029
H0004042,O001066,,Prospecting,2025-04-13 09:00:00,S012
H0004043,O001066,Prospecting,Closed Lost,2025-04-29 09:00:00,S012
H0004044,O001067,,Prospecting,2023-05-24 09:00:00,S012
H0004045,O001067,Prospecting,Qualification,2023-06-07 08:00:00,S012
H0004046,O001067,Qualification,Proposal,2023-07-05 17:00:00,S012
H0004047,O001067,Proposal,Closed Lost,2023-07-12 15:00:00,S012
H0004048,O001068,,Prospecting,2023-02-05 09:00:00,S026
H0004049,O001068,Prospecting,Qualification,2023-03-07 08:00:00,S026
H0004050,O001068,Qualification,Proposal,2023-03-30 16:00:00,S026
H0004051,O001068,Proposal,Negotiation,2023-05-03 08:00:00,S026
H0004052,O001068,Negotiation,Closed Won,2023-05-04 09:00:00,S026
H0004053,O001069,,Prospecting,2024-07-30 09:00:00,S024
H0004054,O001069,Prospecting,Closed Lost,2024-10-08 10:00:00,S024
H0004055,O001070,,Prospecting,2025-02-11 09:00:00,S012
H0004056,O001070,Prospecting,Qualification,2025-02-15 12:00:00,S012
H0004057,O001070,Qualification,Proposal,2025-03-13 15:00:00,S012
H0004058,O001070,Proposal,Negotiation,2025-03-24 17:00:00,S012
H0004059,O001070,Negotiation,Closed Lost,2025-03-26 17:00:00,S012
H0004060,O001071,,Prospecting,2023-12-30 09:00:00,S019
H0004061,O001071,Prospecting,Qualification,2024-01-06 11:00:00,S019
H0004062,O001071,Qualification,Proposal,2024-01-09 09:00:00,S019
H0004063,O001071,Proposal,Negotiation,2024-01-12 12:00:00,S019
H0004064,O001071,Negotiation,Closed Lost,2024-01-18 14:00:00,S019
H0004065,O001072,,Prospecting,2024-04-14 09:00:00,S008
H0004066,O001072,Prospecting,Qualification,2024-04-19 11:00:00,S008
H0004067,O001072,Qualification,Proposal,2024-05-08 13:00:00,S008
H0004068,O001072,Proposal,Negotiation,2024-05-10 08:00:00,S008
H0004069,O001072,Negotiation,Closed Won,2024-05-29 16:00:00,S008
H0004070,O001073,,Prospecting,2023-12-20 09:00:00,S037
H0004071,O001073,Prospecting,Qualification,2023-12-21 13:00:00,S037
H0004072,O001073,Qualification,Proposal,2024-01-02 10:00:00,S037
H0004073,O001073,Proposal,Negotiation,2024-01-03 11:00:00,S037
H0004074,O001073,Negotiation,Closed Won,2024-01-22 09:00:00,S037
H0004075,O001074,,Prospecting,2023-04-07 09:00:00,S035
H0004076,O001074,Prospecting,Qualification,2023-04-11 14:00:00,S035
H0004077,O001074,Qualification,Proposal,2023-04-19 17:00:00,S035
H0004078,O001074,Proposal,Negotiation,2023-04-20 10:00:00,S035
H0004079,O001074,Negotiation,Closed Won,2023-05-08 10:00:00,S035
H0004080,O001075,,Prospecting,2024-03-12 09:00:00,S016
H0004081,O001075,Prospecting,Qualification,2024-03-13 09:00:00,S016
H0004082,O001075,Qualification,Proposal,2024-04-28 13:00:00,S016
H0004083,O001075,Proposal,Closed Lost,2024-05-14 14:00:00,S016
H0004084,O001076,,Prospecting,2024-10-30 09:00:00,S002
H0004085,O001076,Prospecting,Qualification,2024-11-20 13:00:00,S002
H0004086,O001076,Qualification,Proposal,2024-12-16 09:00:00,S002
H0004087,O001076,Proposal,Negotiation,2024-12-25 12:00:00,S002
H0004088,O001076,Negotiation,Closed Won,2025-01-13 17:00:00,S002
H0004089,O001077,,Prospecting,2025-04-29 09:00:00,S034
H0004090,O001077,Prospecting,Qualification,2025-06-13 15:00:00,S034
H0004091,O001077,Qualification,Proposal,2025-06-21 09:00:00,S034
H0004092,O001078,,Prospecting,2023-05-01 09:00:00,S028
H0004093,O001078,Prospecting,Closed Lost,2023-06-24 12:00:00,S028
H0004094,O001079,,Prospecting,2025-05-14 09:00:00,S012
H0004095,O001079,Prospecting,Qualification,2025-05-16 15:00:00,S012
H0004096,O001079,Qualification,Proposal,2025-06-03 09:00:00,S012
H0004097,O001079,Proposal,Closed Lost,2025-06-04 17:00:00,S012
H0004098,O001080,,Prospecting,2024-11-01 09:00:00,S013
H0004099,O001080,Prospecting,Qualification,2024-11-04 09:00:00,S013
H0004100,O001080,Qualification,Proposal,2024-11-06 16:00:00,S013
H0004101,O001080,Proposal,Negotiation,2024-11-08 12:00:00,S013
H0004102,O001080,Negotiation,Closed Lost,2024-11-17 10:00:00,S013
H0004103,O001081,,Prospecting,2025-04-09 09:00:00,S011
H0004104,O001081,Prospecting,Qualification,2025-04-15 15:00:00,S011
H0004105,O001081,Qualification,Proposal,2025-04-24 10:00:00,S011
H0004106,O001081,Proposal,Closed Lost,2025-05-12 09:00:00,S011
H0004107,O001082,,Prospecting,2025-04-21 09:00:00,S015
H0004108,O001082,Prospecting,Qualification,2025-05-21 12:00:00,S015
H0004109,O001082,Qualification,Closed Lost,2025-06-18 17:00:00,S015
H0004110,O001083,,Prospecting,2025-03-13 09:00:00,S011
H0004111,O001083,Prospecting,Qualification,2025-05-11 08:00:00,S011
H0004112,O001083,Qualification,Closed Lost,2025-05-26 11:00:00,S011
H0004113,O001084,,Prospecting,2025-06-21 09:00:00,S011
H0004114,O001085,,Prospecting,2025-02-02 09:00:00,S025
H0004115,O001085,Prospecting,Qualification,2025-02-23 09:00:00,S025
H0004116,O001085,Qualification,Closed Lost,2025-03-04 11:00:00,S025
H0004117,O001086,,Prospecting,2024-02-22 09:00:00,S018
H0004118,O001086,Prospecting,Qualification,2024-02-29 11:00:00,S018
H0004119,O001086,Qualification,Proposal,2024-03-01 09:00:00,S018
H0004120,O001086,Proposal,Negotiation,2024-03-07 08:00:00,S018
H0004121,O001086,Negotiation,Closed Won,2024-03-12 12:00:00,S018
H0004122,O001087,,Prospecting,2023-10-15 09:00:00,S020
H0004123,O001087,Prospecting,Closed Lost,2023-12-08 13:00:00,S020
H0004124,O001088,,Prospecting,2023-03-18 09:00:00,S027
H0004125,O001088,Prospecting,Qualification,2023-03-24 10:00:00,S027
H0004126,O001088,Qualification,Proposal,2023-03-25 15:00:00,S027
H0004127,O001088,Proposal,Negotiation,2023-05-10 13:00:00,S027
H0004128,O001088,Negotiation,Closed Won,2023-06-08 12:00:00,S027
H0004129,O001089,,Prospecting,2023-03-16 09:00:00,S002
H0004130,O001089,Prospecting,Qualification,2023-03-25 17:00:00,S002
H0004131,O001089,Qualification,Proposal,2023-03-31 17:00:00,S002
H0004132,O001089,Proposal,Negotiation,2023-04-20 10:00:00,S002
H0004133,O001089,Negotiation,Closed Won,2023-05-14 15:00:00,S002
H0004134,O001090,,Prospecting,2024-06-18 09:00:00,S028
H0004135,O001090,Prospecting,Closed Lost,2024-09-02 16:00:00,S028
H0004136,O001091,,Prospecting,2024-07-15 09:00:00,S019
H0004137,O001091,Prospecting,Qualification,2024-07-15 14:00:00,S019
H0004138,O001091,Qualification,Proposal,2024-07-17 16:00:00,S019
H0004139,O001091,Proposal,Negotiation,2024-07-21 16:00:00,S019
H0004140,O001091,Negotiation,Closed Lost,2024-07-22 12:00:00,S019
H0004141,O001092,,Prospecting,2024-01-03 09:00:00,S019
H0004142,O001092,Prospecting,Qualification,2024-02-13 15:00:00,S019
H0004143,O001092,Qualification,Closed Lost,2024-03-11 17:00:00,S019
H0004144,O001093,,Prospecting,2023-07-31 09:00:00,S034
H0004145,O001093,Prospecting,Qualification,2023-08-05 16:00:00,S034
H0004146,O001093,Qualification,Closed Lost,2023-08-07 11:00:00,S034
H0004147,O001094,,Prospecting,2024-09-04 09:00:00,S007
H0004148,O001094,Prospecting,Qualification,2024-10-03 16:00:00,S007
H0004149,O001094,Qualification,Proposal,2024-10-07 09:00:00,S007
H0004150,O001094,Proposal,Negotiation,2024-10-12 10:00:00,S007
H0004151,O001094,Negotiation,Closed Won,2024-11-17 16:00:00,S007
H0004152,O001095,,Prospecting,2024-04-21 09:00:00,S034
H0004153,O001095,Prospecting,Qualification,2024-04-26 15:00:00,S034
H0004154,O001095,Qualification,Closed Lost,2024-06-05 17:00:00,S034
H0004155,O001096,,Prospecting,2023-12-27 09:00:00,S020
H0004156,O001096,Prospecting,Qualification,2023-12-31 15:00:00,S020
H0004157,O001096,Qualification,Proposal,2024-02-10 14:00:00,S020
H0004158,O001096,Proposal,Negotiation,2024-02-17 16:00:00,S020
H0004159,O001096,Negotiation,Closed Lost,2024-03-05 11:00:00,S020
H0004160,O001097,,Prospecting,2025-05-13 09:00:00,S009
H0004161,O001097,Prospecting,Qualification,2025-05-26 11:00:00,S009
H0004162,O001097,Qualification,Proposal,2025-06-12 10:00:00,S009
H0004163,O001097,Proposal,Negotiation,2025-06-22 16:00:00,S009
H0004164,O001098,,Prospecting,2025-04-17 09:00:00,S001
H0004165,O001098,Prospecting,Qualification,2025-04-22 09:00:00,S001
H0004166,O001098,Qualification,Proposal,2025-04-24 11:00:00,S001
H0004167,O001098,Proposal,Negotiation,2025-05-07 15:00:00,S001
H0004168,O001098,Negotiation,Closed Won,2025-06-27 09:00:00,S001
H0004169,O001099,,Prospecting,2023-07-24 09:00:00,S016
H0004170,O001099,Prospecting,Qualification,2023-08-05 15:00:00,S016
H0004171,O001099,Qualification,Proposal,2023-08-08 15:00:00,S016
H0004172,O001099,Proposal,Closed Lost,2023-08-22 15:00:00,S016
H0004173,O001100,,Prospecting,2025-03-14 09:00:00,S039
H0004174,O001100,Prospecting,Qualification,2025-04-03 11:00:00,S039
H0004175,O001100,Qualification,Proposal,2025-04-30 14:00:00,S039
H0004176,O001100,Proposal,Negotiation,2025-05-04 09:00:00,S039
H0004177,O001100,Negotiation,Closed Won,2025-05-19 10:00:00,S039
H0004178,O001101,,Prospecting,2025-05-25 09:00:00,S009
H0004179,O001101,Prospecting,Qualification,2025-05-26 12:00:00,S009
H0004180,O001101,Qualification,Proposal,2025-06-21 09:00:00,S009
H0004181,O001102,,Prospecting,2023-07-15 09:00:00,S020
H0004182,O001102,Prospecting,Qualification,2023-07-30 09:00:00,S020
H0004183,O001102,Qualification,Proposal,2023-08-19 16:00:00,S020
H0004184,O001102,Proposal,Closed Lost,2023-08-22 15:00:00,S020
H0004185,O001103,,Prospecting,2023-09-30 09:00:00,S025
H0004186,O001103,Prospecting,Qualification,2023-11-18 11:00:00,S025
H0004187,O001103,Qualification,Proposal,2024-02-24 12:00:00,S025
H0004188,O001103,Proposal,Negotiation,2024-03-02 17:00:00,S025
H0004189,O001103,Negotiation,Closed Won,2024-04-02 17:00:00,S025
H0004190,O001104,,Prospecting,2023-10-18 09:00:00,S030
H0004191,O001104,Prospecting,Qualification,2023-11-19 10:00:00,S030
H0004192,O001104,Qualification,Proposal,2023-11-21 17:00:00,S030
H0004193,O001104,Proposal,Negotiation,2023-12-09 12:00:00,S030
H0004194,O001104,Negotiation,Closed Won,2023-12-14 09:00:00,S030
H0004195,O001105,,Prospecting,2024-12-29 09:00:00,S018
H0004196,O001105,Prospecting,Qualification,2025-04-05 10:00:00,S018
H0004197,O001105,Qualification,Closed Lost,2025-06-05 11:00:00,S018
H0004198,O001106,,Prospecting,2023-05-25 09:00:00,S018
H0004199,O001106,Prospecting,Closed Lost,2023-07-07 12:00:00,S018
H0004200,O001107,,Prospecting,2023-06-07 09:00:00,S009
H0004201,O001107,Prospecting,Qualification,2023-06-10 13:00:00,S009
H0004202,O001107,Qualification,Closed Lost,2023-06-23 13:00:00,S009
H0004203,O001108,,Prospecting,2024-09-02 09:00:00,S028
H0004204,O001108,Prospecting,Qualification,2024-09-08 13:00:00,S028
H0004205,O001108,Qualification,Proposal,2024-09-19 17:00:00,S028
H0004206,O001108,Proposal,Closed Lost,2024-10-05 12:00:00,S028
H0004207,O001109,,Prospecting,2025-05-30 09:00:00,S040
H0004208,O001109,Prospecting,Qualification,2025-06-01 14:00:00,S040
H0004209,O001109,Qualification,Proposal,2025-06-29 16:00:00,S040
H0004210,O001110,,Prospecting,2023-08-23 09:00:00,S037
H0004211,O001110,Prospecting,Qualification,2023-10-21 17:00:00,S037
H0004212,O001110,Qualification,Proposal,2023-11-05 08:00:00,S037
H0004213,O001110,Proposal,Closed Lost,2023-12-10 10:00:00,S037
H0004214,O001111,,Prospecting,2023-02-27 09:00:00,S001
H0004215,O001111,Prospecting,Qualification,2023-03-11 13:00:00,S001
H0004216,O001111,Qualification,Proposal,2023-03-23 17:00:00,S001
H0004217,O001111,Proposal,Negotiation,2023-04-09 12:00:00,S001
H0004218,O001111,Negotiation,Closed Won,2023-05-09 09:00:00,S001
H0004219,O001112,,Prospecting,2025-04-25 09:00:00,S022
H0004220,O001112,Prospecting,Qualification,2025-05-11 15:00:00,S022
H0004221,O001112,Qualification,Proposal,2025-05-14 13:00:00,S022
H0004222,O001112,Proposal,Negotiation,2025-05-23 15:00:00,S022
H0004223,O001112,Negotiation,Closed Won,2025-06-03 13:00:00,S022
H0004224,O001113,,Prospecting,2025-06-09 09:00:00,S030
H0004225,O001114,,Prospecting,2025-06-07 09:00:00,S002
H0004226,O001114,Prospecting,Qualification,2025-06-20 11:00:00,S002
H0004227,O001115,,Prospecting,2025-06-22 09:00:00,S023
H0004228,O001116,,Prospecting,2023-12-20 09:00:00,S008
H0004229,O001116,Prospecting,Closed Lost,2024-01-04 15:00:00,S008
H0004230,O001117,,Prospecting,2023-03-10 09:00:00,S020
H0004231,O001117,Prospecting,Qualification,2023-03-13 08:00:00,S020
H0004232,O001117,Qualification,Proposal,2023-03-18 13:00:00,S020
H0004233,O001117,Proposal,Closed Lost,2023-03-27 16:00:00,S020
H0004234,O001118,,Prospecting,2023-10-01 09:00:00,S035
H0004235,O001118,Prospecting,Qualification,2023-10-12 11:00:00,S035
H0004236,O001118,Qualification,Closed Lost,2023-10-20 14:00:00,S035
H0004237,O001119,,Prospecting,2024-02-09 09:00:00,S030
H0004238,O001119,Prospecting,Qualification,2024-02-22 13:00:00,S030
H0004239,O001119,Qualification,Proposal,2024-02-24 12:00:00,S030
H0004240,O001119,Proposal,Negotiation,2024-03-09 11:00:00,S030
H0004241,O001119,Negotiation,Closed Won,2024-03-18 12:00:00,S030
H0004242,O001120,,Prospecting,2023-04-30 09:00:00,S016
H0004243,O001120,Prospecting,Closed Lost,2023-07-07 13:00:00,S016
H0004244,O001121,,Prospecting,2024-04-13 09:00:00,S031
H0004245,O001121,Prospecting,Qualification,2024-04-16 11:00:00,S031
H0004246,O001121,Qualification,Proposal,2024-06-03 12:00:00,S031
H0004247,O001121,Proposal,Negotiation,2024-06-10 12:00:00,S031
H0004248,O001121,Negotiation,Closed Won,2024-06-25 10:00:00,S031
H0004249,O001122,,Prospecting,2025-03-03 09:00:00,S018
H0004250,O001122,Prospecting,Closed Lost,2025-05-17 15:00:00,S018
H0004251,O001123,,Prospecting,2023-03-06 09:00:00,S002
H0004252,O001123,Prospecting,Qualification,2023-03-09 17:00:00,S002
H0004253,O001123,Qualification,Proposal,2023-03-22 08:00:00,S002
H0004254,O001123,Proposal,Negotiation,2023-04-01 11:00:00,S002
H0004255,O001123,Negotiation,Closed Lost,2023-04-18 12:00:00,S002
H0004256,O001124,,Prospecting,2023-07-22 09:00:00,S040
H0004257,O001124,Prospecting,Qualification,2023-08-01 13:00:00,S040
H0004258,O001124,Qualification,Proposal,2023-08-08 17:00:00,S040
H0004259,O001124,Proposal,Closed Lost,2023-08-11 12:00:00,S040
H0004260,O001125,,Prospecting,2024-06-03 09:00:00,S004
H0004261,O001125,Prospecting,Qualification,2024-06-03 11:00:00,S004
H0004262,O001125,Qualification,Proposal,2024-06-08 16:00:00,S004
H0004263,O001125,Proposal,Negotiation,2024-06-19 10:00:00,S004
H0004264,O001125,Negotiation,Closed Won,2024-06-29 09:00:00,S004
H0004265,O001126,,Prospecting,2024-12-08 09:00:00,S012
H0004266,O001126,Prospecting,Qualification,2024-12-22 08:00:00,S012
H0004267,O001126,Qualification,Proposal,2025-01-07 13:00:00,S012
H0004268,O001126,Proposal,Negotiation,2025-02-02 16:00:00,S012
H0004269,O001126,Negotiation,Closed Won,2025-02-03 13:00:00,S012
H0004270,O001127,,Prospecting,2023-08-11 09:00:00,S012
H0004271,O001127,Prospecting,Qualification,2023-08-15 10:00:00,S012
H0004272,O001127,Qualification,Proposal,2023-09-01 14:00:00,S012
H0004273,O001127,Proposal,Closed Lost,2023-10-10 15:00:00,S012
H0004274,O001128,,Prospecting,2025-02-11 09:00:00,S035
H0004275,O001128,Prospecting,Closed Lost,2025-03-29 11:00:00,S035
H0004276,O001129,,Prospecting,2025-04-04 09:00:00,S018
H0004277,O001129,Prospecting,Qualification,2025-04-06 12:00:00,S018
H0004278,O001129,Qualification,Proposal,2025-04-25 15:00:00,S018
H0004279,O001129,Proposal,Negotiation,2025-04-25 13:00:00,S018
H0004280,O001129,Negotiation,Closed Won,2025-05-12 14:00:00,S018
H0004281,O001130,,Prospecting,2023-11-03 09:00:00,S037
H0004282,O001130,Prospecting,Qualification,2023-11-09 16:00:00,S037
H0004283,O001130,Qualification,Proposal,2023-11-09 12:00:00,S037
H0004284,O001130,Proposal,Closed Lost,2023-12-01 09:00:00,S037
H0004285,O001131,,Prospecting,2025-02-11 09:00:00,S008
H0004286,O001131,Prospecting,Qualification,2025-02-13 12:00:00,S008
H0004287,O001131,Qualification,Proposal,2025-03-05 10:00:00,S008
H0004288,O001131,Proposal,Closed Lost,2025-03-08 13:00:00,S008
H0004289,O001132,,Prospecting,2025-03-31 09:00:00,S038
H0004290,O001132,Prospecting,Closed Lost,2025-06-21 12:00:00,S038
H0004291,O001133,,Prospecting,2023-05-10 09:00:00,S031
H0004292,O001133,Prospecting,Qualification,2023-06-13 16:00:00,S031
H0004293,O001133,Qualification,Proposal,2023-06-29 08:00:00,S031
H0004294,O001133,Proposal,Closed Lost,2023-09-11 10:00:00,S031
H0004295,O001134,,Prospecting,2024-10-27 09:00:00,S020
H0004296,O001134,Prospecting,Qualification,2024-11-13 09:00:00,S020
H0004297,O001134,Qualification,Closed Lost,2024-12-22 10:00:00,S020
H0004298,O001135,,Prospecting,2024-07-30 09:00:00,S013
H0004299,O001135,Prospecting,Qualification,2024-10-24 17:00:00,S013
H0004300,O001135,Qualification,Proposal,2025-01-17 11:00:00,S013
H0004301,O001135,Proposal,Negotiation,2025-01-18 10:00:00,S013
H0004302,O001135,Negotiation,Closed Won,2025-03-11 17:00:00,S013
H0004303,O001136,,Prospecting,2024-05-05 09:00:00,S022
H0004304,O001136,Prospecting,Qualification,2024-05-19 09:00:00,S022
H0004305,O001136,Qualification,Proposal,2024-05-27 15:00:00,S022
H0004306,O001136,Proposal,Negotiation,2024-05-30 08:00:00,S022
H0004307,O001136,Negotiation,Closed Lost,2024-05-31 17:00:00,S022
H0004308,O001137,,Prospecting,2025-01-31 09:00:00,S001
H0004309,O001137,Prospecting,Qualification,2025-02-08 13:00:00,S001
H0004310,O001137,Qualification,Proposal,2025-02-22 12:00:00,S001
H0004311,O001137,Proposal,Negotiation,2025-03-17 14:00:00,S001
H0004312,O001137,Negotiation,Closed Lost,2025-03-23 13:00:00,S001
H0004313,O001138,,Prospecting,2025-04-01 09:00:00,S034
H0004314,O001138,Prospecting,Qualification,2025-04-18 14:00:00,S034
H0004315,O001138,Qualification,Proposal,2025-04-20 16:00:00,S034
H0004316,O001138,Proposal,Negotiation,2025-05-01 12:00:00,S034
H0004317,O001138,Negotiation,Closed Won,2025-05-05 10:00:00,S034
H0004318,O001139,,Prospecting,2025-05-02 09:00:00,S017
H0004319,O001139,Prospecting,Closed Lost,2025-06-26 14:00:00,S017
H0004320,O001140,,Prospecting,2025-01-27 09:00:00,S005
H0004321,O001140,Prospecting,Qualification,2025-02-09 14:00:00,S005
H0004322,O001140,Qualification,Proposal,2025-02-16 08:00:00,S005
H0004323,O001140,Proposal,Negotiation,2025-03-01 10:00:00,S005
H0004324,O001140,Negotiation,Closed Won,2025-04-01 11:00:00,S005
H0004325,O001141,,Prospecting,2024-04-27 09:00:00,S038
H0004326,O001141,Prospecting,Qualification,2024-05-22 13:00:00,S038
H0004327,O001141,Qualification,Proposal,2024-06-27 16:00:00,S038
H0004328,O001141,Proposal,Negotiation,2024-07-02 13:00:00,S038
H0004329,O001141,Negotiation,Closed Won,2024-07-27 15:00:00,S038
H0004330,O001142,,Prospecting,2025-06-10 09:00:00,S009
H0004331,O001142,Prospecting,Qualification,2025-06-26 15:00:00,S009
H0004332,O001143,,Prospecting,2025-05-08 09:00:00,S032
H0004333,O001143,Prospecting,Qualification,2025-06-27 13:00:00,S032
H0004334,O001144,,Prospecting,2023-09-25 09:00:00,S005
H0004335,O001144,Prospecting,Closed Lost,2023-10-17 15:00:00,S005
H0004336,O001145,,Prospecting,2025-06-16 09:00:00,S022
H0004337,O001146,,Prospecting,2025-05-03 09:00:00,S002
H0004338,O001146,Prospecting,Closed Lost,2025-06-12 11:00:00,S002
H0004339,O001147,,Prospecting,2024-04-17 09:00:00,S012
H0004340,O001147,Prospecting,Qualification,2024-05-09 15:00:00,S012
H0004341,O001147,Qualification,Proposal,2024-06-02 08:00:00,S012
H0004342,O001147,Proposal,Negotiation,2024-06-07 13:00:00,S012
H0004343,O001147,Negotiation,Closed Lost,2024-06-25 16:00:00,S012
H0004344,O001148,,Prospecting,2025-03-10 09:00:00,S021
H0004345,O001148,Prospecting,Qualification,2025-04-19 16:00:00,S021
H0004346,O001148,Qualification,Proposal,2025-05-03 08:00:00,S021
H0004347,O001148,Proposal,Negotiation,2025-06-27 11:00:00,S021
H0004348,O001149,,Prospecting,2025-01-30 09:00:00,S037
H0004349,O001149,Prospecting,Qualification,2025-01-31 15:00:00,S037
H0004350,O001149,Qualification,Closed Lost,2025-03-11 12:00:00,S037
H0004351,O001150,,Prospecting,2025-06-14 09:00:00,S023
H0004352,O001150,Prospecting,Qualification,2025-06-22 17:00:00,S023
H0004353,O001151,,Prospecting,2023-09-03 09:00:00,S034
H0004354,O001151,Prospecting,Qualification,2023-09-04 10:00:00,S034
H0004355,O001151,Qualification,Proposal,2023-09-24 17:00:00,S034
H0004356,O001151,Proposal,Negotiation,2023-09-25 14:00:00,S034
H0004357,O001151,Negotiation,Closed Lost,2023-10-12 10:00:00,S034
H0004358,O001152,,Prospecting,2023-12-14 09:00:00,S037
H0004359,O001152,Prospecting,Qualification,2023-12-20 12:00:00,S037
H0004360,O001152,Qualification,Proposal,2023-12-24 09:00:00,S037
H0004361,O001152,Proposal,Closed Lost,2024-01-03 12:00:00,S037
H0004362,O001153,,Prospecting,2024-03-13 09:00:00,S019
H0004363,O001153,Prospecting,Qualification,2024-04-17 08:00:00,S019
H0004364,O001153,Qualification,Closed Lost,2024-06-16 15:00:00,S019
H0004365,O001154,,Prospecting,2023-05-08 09:00:00,S004
H0004366,O001154,Prospecting,Qualification,2023-05-09 11:00:00,S004
H0004367,O001154,Qualification,Proposal,2023-05-11 08:00:00,S004
H0004368,O001154,Proposal,Negotiation,2023-05-26 12:00:00,S004
H0004369,O001154,Negotiation,Closed Won,2023-06-06 11:00:00,S004
H0004370,O001155,,Prospecting,2025-02-22 09:00:00,S030
H0004371,O001155,Prospecting,Qualification,2025-02-27 11:00:00,S030
H0004372,O001155,Qualification,Proposal,2025-03-02 11:00:00,S030
H0004373,O001155,Proposal,Negotiation,2025-03-17 12:00:00,S030
H0004374,O001155,Negotiation,Closed Lost,2025-03-21 12:00:00,S030
H0004375,O001156,,Prospecting,2024-10-04 09:00:00,S025
H0004376,O001156,Prospecting,Qualification,2024-10-27 17:00:00,S025
H0004377,O001156,Qualification,Proposal,2024-11-29 13:00:00,S025
H0004378,O001156,Proposal,Negotiation,2024-12-11 10:00:00,S025
H0004379,O001156,Negotiation,Closed Won,2025-01-04 12:00:00,S025
H0004380,O001157,,Prospecting,2023-05-05 09:00:00,S018
H0004381,O001157,Prospecting,Qualification,2023-05-26 08:00:00,S018
H0004382,O001157,Qualification,Proposal,2023-05-28 09:00:00,S018
H0004383,O001157,Proposal,Negotiation,2023-07-01 12:00:00,S018
H0004384,O001157,Negotiation,Closed Won,2023-07-17 10:00:00,S018
H0004385,O001158,,Prospecting,2025-06-06 09:00:00,S013
H0004386,O001158,Prospecting,Closed Lost,2025-06-28 12:00:00,S013
H0004387,O001159,,Prospecting,2024-03-09 09:00:00,S020
H0004388,O001159,Prospecting,Qualification,2024-03-16 16:00:00,S020
H0004389,O001159,Qualification,Proposal,2024-04-14 16:00:00,S020
H0004390,O001159,Proposal,Negotiation,2024-04-14 17:00:00,S020
H0004391,O001159,Negotiation,Closed Won,2024-04-20 13:00:00,S020
H0004392,O001160,,Prospecting,2023-02-12 09:00:00,S038
H0004393,O001160,Prospecting,Qualification,2023-03-01 13:00:00,S038
H0004394,O001160,Qualification,Proposal,2023-03-05 15:00:00,S038
H0004395,O001160,Proposal,Closed Lost,2023-03-14 12:00:00,S038
H0004396,O001161,,Prospecting,2025-04-17 09:00:00,S001
H0004397,O001161,Prospecting,Qualification,2025-04-17 12:00:00,S001
H0004398,O001161,Qualification,Proposal,2025-05-30 15:00:00,S001
H0004399,O001161,Proposal,Negotiation,2025-05-30 08:00:00,S001
H0004400,O001162,,Prospecting,2023-03-11 09:00:00,S022
H0004401,O001162,Prospecting,Qualification,2023-04-01 12:00:00,S022
H0004402,O001162,Qualification,Closed Lost,2023-04-19 15:00:00,S022
H0004403,O001163,,Prospecting,2025-04-23 09:00:00,S032
H0004404,O001163,Prospecting,Qualification,2025-05-22 17:00:00,S032
H0004405,O001163,Qualification,Proposal,2025-05-31 10:00:00,S032
H0004406,O001163,Proposal,Closed Lost,2025-06-13 14:00:00,S032
H0004407,O001164,,Prospecting,2024-01-02 09:00:00,S011
H0004408,O001164,Prospecting,Qualification,2024-01-13 17:00:00,S011
H0004409,O001164,Qualification,Proposal,2024-02-06 12:00:00,S011
H0004410,O001164,Proposal,Closed Lost,2024-02-14 10:00:00,S011
H0004411,O001165,,Prospecting,2023-02-02 09:00:00,S034
H0004412,O001165,Prospecting,Qualification,2023-02-04 12:00:00,S034
H0004413,O001165,Qualification,Proposal,2023-02-09 09:00:00,S034
H0004414,O001165,Proposal,Negotiation,2023-02-13 12:00:00,S034
H0004415,O001165,Negotiation,Closed Lost,2023-02-19 14:00:00,S034
H0004416,O001166,,Prospecting,2025-05-10 09:00:00,S016
H0004417,O001166,Prospecting,Qualification,2025-05-15 15:00:00,S016
H0004418,O001166,Qualification,Proposal,2025-05-17 11:00:00,S016
H0004419,O001166,Proposal,Negotiation,2025-05-22 11:00:00,S016
H0004420,O001166,Negotiation,Closed Won,2025-06-06 12:00:00,S016
H0004421,O001167,,Prospecting,2024-05-26 09:00:00,S031
H0004422,O001167,Prospecting,Qualification,2024-05-27 13:00:00,S031
H0004423,O001167,Qualification,Proposal,2024-06-29 11:00:00,S031
H0004424,O001167,Proposal,Negotiation,2024-07-02 10:00:00,S031
H0004425,O001167,Negotiation,Closed Won,2024-08-29 14:00:00,S031
H0004426,O001168,,Prospecting,2023-10-23 09:00:00,S002
H0004427,O001168,Prospecting,Qualification,2023-11-13 12:00:00,S002
H0004428,O001168,Qualification,Closed Lost,2024-02-25 17:00:00,S002
H0004429,O001169,,Prospecting,2024-11-14 09:00:00,S016
H0004430,O001169,Prospecting,Qualification,2024-11-16 12:00:00,S016
H0004431,O001169,Qualification,Proposal,2024-12-03 14:00:00,S016
H0004432,O001169,Proposal,Closed Lost,2025-01-13 09:00:00,S016
H0004433,O001170,,Prospecting,2023-07-10 09:00:00,S005
H0004434,O001170,Prospecting,Qualification,2023-07-27 08:00:00,S005
H0004435,O001170,Qualification,Proposal,2023-08-12 12:00:00,S005
H0004436,O001170,Proposal,Closed Lost,2023-10-17 10:00:00,S005
H0004437,O001171,,Prospecting,2025-02-20 09:00:00,S018
H0004438,O001171,Prospecting,Qualification,2025-04-15 11:00:00,S018
H0004439,O001171,Qualification,Closed Lost,2025-05-10 15:00:00,S018
H0004440,O001172,,Prospecting,2024-08-23 09:00:00,S012
H0004441,O001172,Prospecting,Closed Lost,2024-10-11 09:00:00,S012
H0004442,O001173,,Prospecting,2025-02-28 09:00:00,S037
H0004443,O001173,Prospecting,Qualification,2025-04-11 15:00:00,S037
H0004444,O001173,Qualification,Closed Lost,2025-04-17 09:00:00,S037
H0004445,O001174,,Prospecting,2024-03-09 09:00:00,S011
H0004446,O001174,Prospecting,Qualification,2024-03-12 15:00:00,S011
H0004447,O001174,Qualification,Proposal,2024-03-17 11:00:00,S011
H0004448,O001174,Proposal,Negotiation,2024-04-25 09:00:00,S011
H0004449,O001174,Negotiation,Closed Lost,2024-05-02 12:00:00,S011
H0004450,O001175,,Prospecting,2023-11-17 09:00:00,S039
H0004451,O001175,Prospecting,Qualification,2023-11-24 12:00:00,S039
H0004452,O001175,Qualification,Proposal,2023-11-29 14:00:00,S039
H0004453,O001175,Proposal,Negotiation,2023-11-29 08:00:00,S039
H0004454,O001175,Negotiation,Closed Won,2023-12-29 14:00:00,S039
H0004455,O001176,,Prospecting,2024-09-09 09:00:00,S031
H0004456,O001176,Prospecting,Qualification,2024-09-19 14:00:00,S031
H0004457,O001176,Qualification,Proposal,2024-10-04 12:00:00,S031
H0004458,O001176,Proposal,Negotiation,2024-10-07 14:00:00,S031
H0004459,O001176,Negotiation,Closed Lost,2024-10-28 14:00:00,S031
H0004460,O001177,,Prospecting,2024-03-27 09:00:00,S010
H0004461,O001177,Prospecting,Qualification,2024-04-13 08:00:00,S010
H0004462,O001177,Qualification,Proposal,2024-04-15 13:00:00,S010
H0004463,O001177,Proposal,Negotiation,2024-04-26 13:00:00,S010
H0004464,O001177,Negotiation,Closed Won,2024-04-27 10:00:00,S010
H0004465,O001178,,Prospecting,2023-12-02 09:00:00,S003
H0004466,O001178,Prospecting,Qualification,2024-01-09 10:00:00,S003
H0004467,O001178,Qualification,Proposal,2024-01-18 09:00:00,S003
H0004468,O001178,Proposal,Closed Lost,2024-01-30 11:00:00,S003
H0004469,O001179,,Prospecting,2023-12-10 09:00:00,S035
H0004470,O001179,Prospecting,Closed Lost,2024-03-08 12:00:00,S035
H0004471,O001180,,Prospecting,2024-10-20 09:00:00,S036
H0004472,O001180,Prospecting,Closed Lost,2024-10-28 09:00:00,S036
H0004473,O001181,,Prospecting,2025-06-07 09:00:00,S017
H0004474,O001182,,Prospecting,2023-10-22 09:00:00,S002
H0004475,O001182,Prospecting,Qualification,2023-11-22 08:00:00,S002
H0004476,O001182,Qualification,Proposal,2023-12-04 12:00:00,S002
H0004477,O001182,Proposal,Negotiation,2023-12-10 10:00:00,S002
H0004478,O001182,Negotiation,Closed Lost,2024-03-08 17:00:00,S002
H0004479,O001183,,Prospecting,2024-07-17 09:00:00,S040
H0004480,O001183,Prospecting,Qualification,2024-07-25 14:00:00,S040
H0004481,O001183,Qualification,Closed Lost,2024-08-29 11:00:00,S040
H0004482,O001184,,Prospecting,2024-02-17 09:00:00,S002
H0004483,O001184,Prospecting,Qualification,2024-03-17 08:00:00,S002
H0004484,O001184,Qualification,Proposal,2024-03-23 14:00:00,S002
H0004485,O001184,Proposal,Negotiation,2024-04-04 08:00:00,S002
H0004486,O001184,Negotiation,Closed Lost,2024-04-07 15:00:00,S002
H0004487,O001185,,Prospecting,2025-04-12 09:00:00,S032
H0004488,O001185,Prospecting,Qualification,2025-05-23 15:00:00,S032
H0004489,O001185,Qualification,Proposal,2025-06-03 09:00:00,S032
H0004490,O001185,Proposal,Negotiation,2025-06-18 16:00:00,S032
H0004491,O001186,,Prospecting,2024-03-04 09:00:00,S022
H0004492,O001186,Prospecting,Qualification,2024-03-09 10:00:00,S022
H0004493,O001186,Qualification,Closed Lost,2024-05-04 15:00:00,S022
H0004494,O001187,,Prospecting,2023-03-14 09:00:00,S012
H0004495,O001187,Prospecting,Closed Lost,2023-05-16 17:00:00,S012
H0004496,O001188,,Prospecting,2023-08-01 09:00:00,S021
H0004497,O001188,Prospecting,Qualification,2023-08-02 08:00:00,S021
H0004498,O001188,Qualification,Proposal,2023-08-16 11:00:00,S021
H0004499,O001188,Proposal,Negotiation,2023-08-26 12:00:00,S021
H0004500,O001188,Negotiation,Closed Lost,2023-09-06 13:00:00,S021
H0004501,O001189,,Prospecting,2024-08-15 09:00:00,S011
H0004502,O001189,Prospecting,Qualification,2024-08-24 14:00:00,S011
H0004503,O001189,Qualification,Proposal,2024-09-04 15:00:00,S011
H0004504,O001189,Proposal,Negotiation,2024-09-06 12:00:00,S011
H0004505,O001189,Negotiation,Closed Lost,2024-09-18 11:00:00,S011
H0004506,O001190,,Prospecting,2025-02-25 09:00:00,S010
H0004507,O001190,Prospecting,Qualification,2025-02-25 09:00:00,S010
H0004508,O001190,Qualification,Proposal,2025-03-03 12:00:00,S010
H0004509,O001190,Proposal,Negotiation,2025-03-14 14:00:00,S010
H0004510,O001190,Negotiation,Closed Lost,2025-04-02 11:00:00,S010
H0004511,O001191,,Prospecting,2024-05-29 09:00:00,S016
H0004512,O001191,Prospecting,Qualification,2024-07-11 11:00:00,S016
H0004513,O001191,Qualification,Proposal,2024-07-13 11:00:00,S016
H0004514,O001191,Proposal,Closed Lost,2024-07-22 15:00:00,S016
H0004515,O001192,,Prospecting,2024-06-29 09:00:00,S026
H0004516,O001192,Prospecting,Qualification,2024-07-01 16:00:00,S026
H0004517,O001192,Qualification,Closed Lost,2024-08-04 15:00:00,S026
H0004518,O001193,,Prospecting,2024-06-26 09:00:00,S005
H0004519,O001193,Prospecting,Qualification,2024-07-26 12:00:00,S005
H0004520,O001193,Qualification,Proposal,2024-08-29 10:00:00,S005
H0004521,O001193,Proposal,Closed Lost,2024-09-25 11:00:00,S005
H0004522,O001194,,Prospecting,2024-12-09 09:00:00,S030
H0004523,O001194,Prospecting,Qualification,2024-12-12 09:00:00,S030
H0004524,O001194,Qualification,Proposal,2024-12-15 15:00:00,S030
H0004525,O001194,Proposal,Negotiation,2024-12-15 10:00:00,S030
H0004526,O001194,Negotiation,Closed Won,2024-12-23 15:00:00,S030
H0004527,O001195,,Prospecting,2025-05-22 09:00:00,S007
H0004528,O001195,Prospecting,Qualification,2025-05-23 13:00:00,S007
H0004529,O001195,Qualification,Proposal,2025-05-30 16:00:00,S007
H0004530,O001195,Proposal,Negotiation,2025-06-04 14:00:00,S007
H0004531,O001195,Negotiation,Closed Lost,2025-06-10 16:00:00,S007
H0004532,O001196,,Prospecting,2023-04-29 09:00:00,S032
H0004533,O001196,Prospecting,Qualification,2023-06-27 09:00:00,S032
H0004534,O001196,Qualification,Closed Lost,2023-07-22 13:00:00,S032
H0004535,O001197,,Prospecting,2024-02-25 09:00:00,S003
H0004536,O001197,Prospecting,Qualification,2024-03-13 11:00:00,S003
H0004537,O001197,Qualification,Proposal,2024-03-26 10:00:00,S003
H0004538,O001197,Proposal,Closed Lost,2024-04-08 09:00:00,S003
H0004539,O001198,,Prospecting,2024-09-21 09:00:00,S036
H0004540,O001198,Prospecting,Qualification,2024-09-22 16:00:00,S036
H0004541,O001198,Qualification,Proposal,2024-09-25 10:00:00,S036
H0004542,O001198,Proposal,Negotiation,2024-10-16 11:00:00,S036
H0004543,O001198,Negotiation,Closed Lost,2024-10-22 13:00:00,S036
H0004544,O001199,,Prospecting,2024-04-26 09:00:00,S012
H0004545,O001199,Prospecting,Qualification,2024-05-01 16:00:00,S012
H0004546,O001199,Qualification,Closed Lost,2024-05-11 09:00:00,S012
H0004547,O001200,,Prospecting,2024-05-25 09:00:00,S002
H0004548,O001200,Prospecting,Qualification,2024-07-17 14:00:00,S002
H0004549,O001200,Qualification,Closed Lost,2024-08-10 11:00:00,S002
H0004550,O001201,,Prospecting,2023-10-05 09:00:00,S012
H0004551,O001201,Prospecting,Closed Lost,2023-10-31 17:00:00,S012
H0004552,O001202,,Prospecting,2024-11-01 09:00:00,S027
H0004553,O001202,Prospecting,Qualification,2024-11-09 15:00:00,S027
H0004554,O001202,Qualification,Proposal,2024-12-27 13:00:00,S027
H0004555,O001202,Proposal,Negotiation,2025-01-02 17:00:00,S027
H0004556,O001202,Negotiation,Closed Won,2025-01-21 10:00:00,S027
H0004557,O001203,,Prospecting,2024-02-24 09:00:00,S029
H0004558,O001203,Prospecting,Qualification,2024-04-14 16:00:00,S029
H0004559,O001203,Qualification,Proposal,2024-04-14 11:00:00,S029
H0004560,O001203,Proposal,Negotiation,2024-04-21 15:00:00,S029
H0004561,O001203,Negotiation,Closed Won,2024-04-24 16:00:00,S029
H0004562,O001204,,Prospecting,2023-06-20 09:00:00,S004
H0004563,O001204,Prospecting,Closed Lost,2023-10-03 11:00:00,S004
H0004564,O001205,,Prospecting,2023-03-10 09:00:00,S009
H0004565,O001205,Prospecting,Qualification,2023-04-08 17:00:00,S009
H0004566,O001205,Qualification,Proposal,2023-04-12 10:00:00,S009
H0004567,O001205,Proposal,Negotiation,2023-04-23 08:00:00,S009
H0004568,O001205,Negotiation,Closed Lost,2023-04-25 10:00:00,S009
H0004569,O001206,,Prospecting,2024-08-01 09:00:00,S023
H0004570,O001206,Prospecting,Qualification,2024-08-30 10:00:00,S023
H0004571,O001206,Qualification,Proposal,2024-09-09 13:00:00,S023
H0004572,O001206,Proposal,Closed Lost,2024-10-01 10:00:00,S023
H0004573,O001207,,Prospecting,2024-06-25 09:00:00,S038
H0004574,O001207,Prospecting,Qualification,2024-07-19 10:00:00,S038
H0004575,O001207,Qualification,Closed Lost,2024-09-14 17:00:00,S038
H0004576,O001208,,Prospecting,2024-08-09 09:00:00,S019
H0004577,O001208,Prospecting,Qualification,2024-08-12 15:00:00,S019
H0004578,O001208,Qualification,Proposal,2024-08-25 08:00:00,S019
H0004579,O001208,Proposal,Negotiation,2024-09-02 17:00:00,S019
H0004580,O001208,Negotiation,Closed Lost,2024-09-23 15:00:00,S019
H0004581,O001209,,Prospecting,2025-02-14 09:00:00,S020
H0004582,O001209,Prospecting,Closed Lost,2025-03-04 16:00:00,S020
H0004583,O001210,,Prospecting,2023-03-21 09:00:00,S036
H0004584,O001210,Prospecting,Qualification,2023-03-29 16:00:00,S036
H0004585,O001210,Qualification,Proposal,2023-04-25 08:00:00,S036
H0004586,O001210,Proposal,Negotiation,2023-05-03 08:00:00,S036
H0004587,O001210,Negotiation,Closed Won,2023-05-12 11:00:00,S036
H0004588,O001211,,Prospecting,2024-03-20 09:00:00,S011
H0004589,O001211,Prospecting,Qualification,2024-03-30 11:00:00,S011
H0004590,O001211,Qualification,Proposal,2024-03-31 17:00:00,S011
H0004591,O001211,Proposal,Negotiation,2024-04-05 11:00:00,S011
H0004592,O001211,Negotiation,Closed Won,2024-05-08 11:00:00,S011
H0004593,O001212,,Prospecting,2024-10-23 09:00:00,S010
H0004594,O001212,Prospecting,Closed Lost,2025-02-21 17:00:00,S010
H0004595,O001213,,Prospecting,2023-05-29 09:00:00,S021
H0004596,O001213,Prospecting,Qualification,2023-06-05 13:00:00,S021
H0004597,O001213,Qualification,Proposal,2023-06-07 15:00:00,S021
H0004598,O001213,Proposal,Negotiation,2023-06-09 17:00:00,S021
H0004599,O001213,Negotiation,Closed Lost,2023-06-12 12:00:00,S021
H0004600,O001214,,Prospecting,2025-01-08 09:00:00,S005
H0004601,O001214,Prospecting,Closed Lost,2025-04-15 12:00:00,S005
H0004602,O001215,,Prospecting,2025-06-20 09:00:00,S040
H0004603,O001216,,Prospecting,2024-08-05 09:00:00,S037
H0004604,O001216,Prospecting,Qualification,2024-08-11 08:00:00,S037
H0004605,O001216,Qualification,Closed Lost,2024-09-10 10:00:00,S037
H0004606,O001217,,Prospecting,2023-12-18 09:00:00,S004
H0004607,O001217,Prospecting,Qualification,2023-12-26 09:00:00,S004
H0004608,O001217,Qualification,Proposal,2024-01-10 16:00:00,S004
H0004609,O001217,Proposal,Negotiation,2024-04-08 14:00:00,S004
H0004610,O001217,Negotiation,Closed Won,2024-05-25 15:00:00,S004
H0004611,O001218,,Prospecting,2025-06-23 09:00:00,S013
H0004612,O001219,,Prospecting,2025-05-31 09:00:00,S009
H0004613,O001219,Prospecting,Qualification,2025-06-12 16:00:00,S009
H0004614,O001220,,Prospecting,2025-03-21 09:00:00,S005
H0004615,O001220,Prospecting,Qualification,2025-03-21 12:00:00,S005
H0004616,O001220,Qualification,Proposal,2025-04-07 16:00:00,S005
H0004617,O001220,Proposal,Negotiation,2025-04-19 09:00:00,S005
H0004618,O001220,Negotiation,Closed Won,2025-05-04 13:00:00,S005
H0004619,O001221,,Prospecting,2024-05-28 09:00:00,S031
H0004620,O001221,Prospecting,Closed Lost,2024-06-30 10:00:00,S031
H0004621,O001222,,Prospecting,2025-05-15 09:00:00,S009
H0004622,O001222,Prospecting,Qualification,2025-05-26 13:00:00,S009
H0004623,O001223,,Prospecting,2023-05-10 09:00:00,S032
H0004624,O001223,Prospecting,Qualification,2023-05-29 15:00:00,S032
H0004625,O001223,Qualification,Proposal,2023-06-11 11:00:00,S032
H0004626,O001223,Proposal,Negotiation,2023-06-16 08:00:00,S032
H0004627,O001223,Negotiation,Closed Won,2023-07-01 09:00:00,S032
H0004628,O001224,,Prospecting,2023-03-31 09:00:00,S016
H0004629,O001224,Prospecting,Qualification,2023-04-17 08:00:00,S016
H0004630,O001224,Qualification,Proposal,2023-04-20 15:00:00,S016
H0004631,O001224,Proposal,Closed Lost,2023-05-12 16:00:00,S016
H0004632,O001225,,Prospecting,2025-03-14 09:00:00,S001
H0004633,O001225,Prospecting,Qualification,2025-04-07 08:00:00,S001
H0004634,O001225,Qualification,Closed Lost,2025-04-12 09:00:00,S001
H0004635,O001226,,Prospecting,2024-05-22 09:00:00,S031
H0004636,O001226,Prospecting,Qualification,2024-06-10 10:00:00,S031
H0004637,O001226,Qualification,Proposal,2024-07-07 14:00:00,S031
H0004638,O001226,Proposal,Negotiation,2024-07-08 13:00:00,S031
H0004639,O001226,Negotiation,Closed Won,2024-07-16 15:00:00,S031
H0004640,O001227,,Prospecting,2025-04-13 09:00:00,S016
H0004641,O001227,Prospecting,Closed Lost,2025-05-21 09:00:00,S016
H0004642,O001228,,Prospecting,2024-05-01 09:00:00,S012
H0004643,O001228,Prospecting,Qualification,2024-05-06 13:00:00,S012
H0004644,O001228,Qualification,Proposal,2024-05-08 16:00:00,S012
H0004645,O001228,Proposal,Negotiation,2024-05-23 12:00:00,S012
H0004646,O001228,Negotiation,Closed Won,2024-05-30 12:00:00,S012
H0004647,O001229,,Prospecting,2024-02-07 09:00:00,S032
H0004648,O001229,Prospecting,Qualification,2024-02-16 14:00:00,S032
H0004649,O001229,Qualification,Proposal,2024-02-26 16:00:00,S032
H0004650,O001229,Proposal,Closed Lost,2024-03-17 16:00:00,S032
H0004651,O001230,,Prospecting,2023-08-04 09:00:00,S024
H0004652,O001230,Prospecting,Qualification,2023-08-08 13:00:00,S024
H0004653,O001230,Qualification,Proposal,2023-08-17 14:00:00,S024
H0004654,O001230,Proposal,Negotiation,2023-09-12 14:00:00,S024
H0004655,O001230,Negotiation,Closed Lost,2023-10-03 16:00:00,S024
H0004656,O001231,,Prospecting,2023-11-11 09:00:00,S027
H0004657,O001231,Prospecting,Qualification,2023-11-27 17:00:00,S027
H0004658,O001231,Qualification,Proposal,2023-12-06 11:00:00,S027
H0004659,O001231,Proposal,Negotiation,2023-12-28 16:00:00,S027
H0004660,O001231,Negotiation,Closed Won,2024-01-04 17:00:00,S027
H0004661,O001232,,Prospecting,2024-08-30 09:00:00,S025
H0004662,O001232,Prospecting,Qualification,2024-09-01 13:00:00,S025
H0004663,O001232,Qualification,Proposal,2024-09-05 09:00:00,S025
H0004664,O001232,Proposal,Negotiation,2024-09-13 17:00:00,S025
H0004665,O001232,Negotiation,Closed Lost,2024-09-23 12:00:00,S025
H0004666,O001233,,Prospecting,2023-05-06 09:00:00,S038
H0004667,O001233,Prospecting,Qualification,2023-06-10 12:00:00,S038
H0004668,O001233,Qualification,Proposal,2023-06-14 08:00:00,S038
H0004669,O001233,Proposal,Closed Lost,2023-07-20 09:00:00,S038
H0004670,O001234,,Prospecting,2023-05-05 09:00:00,S011
H0004671,O001234,Prospecting,Qualification,2023-05-09 15:00:00,S011
H0004672,O001234,Qualification,Proposal,2023-05-31 17:00:00,S011
H0004673,O001234,Proposal,Negotiation,2023-06-01 14:00:00,S011
H0004674,O001234,Negotiation,Closed Won,2023-07-12 17:00:00,S011
H0004675,O001235,,Prospecting,2023-02-07 09:00:00,S008
H0004676,O001235,Prospecting,Qualification,2023-03-16 13:00:00,S008
H0004677,O001235,Qualification,Closed Lost,2023-03-18 16:00:00,S008
H0004678,O001236,,Prospecting,2025-03-26 09:00:00,S023
H0004679,O001236,Prospecting,Closed Lost,2025-05-11 17:00:00,S023
H0004680,O001237,,Prospecting,2023-02-11 09:00:00,S033
H0004681,O001237,Prospecting,Qualification,2023-02-19 13:00:00,S033
H0004682,O001237,Qualification,Proposal,2023-03-14 16:00:00,S033
H0004683,O001237,Proposal,Negotiation,2023-05-24 17:00:00,S033
H0004684,O001237,Negotiation,Closed Lost,2023-05-26 11:00:00,S033
H0004685,O001238,,Prospecting,2023-04-14 09:00:00,S016
H0004686,O001238,Prospecting,Closed Lost,2023-09-05 17:00:00,S016
H0004687,O001239,,Prospecting,2023-03-10 09:00:00,S040
H0004688,O001239,Prospecting,Qualification,2023-04-27 08:00:00,S040
H0004689,O001239,Qualification,Proposal,2023-05-06 08:00:00,S040
H0004690,O001239,Proposal,Negotiation,2023-05-06 12:00:00,S040
H0004691,O001239,Negotiation,Closed Lost,2023-05-23 12:00:00,S040
H0004692,O001240,,Prospecting,2025-03-21 09:00:00,S007
H0004693,O001240,Prospecting,Qualification,2025-04-07 11:00:00,S007
H0004694,O001240,Qualification,Proposal,2025-04-25 13:00:00,S007
H0004695,O001240,Proposal,Closed Lost,2025-04-26 09:00:00,S007
H0004696,O001241,,Prospecting,2024-11-09 09:00:00,S024
H0004697,O001241,Prospecting,Qualification,2024-11-27 08:00:00,S024
H0004698,O001241,Qualification,Proposal,2025-01-09 17:00:00,S024
H0004699,O001241,Proposal,Negotiation,2025-01-13 12:00:00,S024
H0004700,O001241,Negotiation,Closed Won,2025-01-21 10:00:00,S024
H0004701,O001242,,Prospecting,2024-12-30 09:00:00,S038
H0004702,O001242,Prospecting,Closed Lost,2025-02-06 15:00:00,S038
H0004703,O001243,,Prospecting,2024-04-12 09:00:00,S007
H0004704,O001243,Prospecting,Qualification,2024-04-26 10:00:00,S007
H0004705,O001243,Qualification,Proposal,2024-05-08 10:00:00,S007
H0004706,O001243,Proposal,Negotiation,2024-05-11 12:00:00,S007
H0004707,O001243,Negotiation,Closed Won,2024-05-18 13:00:00,S007
H0004708,O001244,,Prospecting,2025-05-13 09:00:00,S012
H0004709,O001244,Prospecting,Qualification,2025-05-28 11:00:00,S012
H0004710,O001245,,Prospecting,2024-02-06 09:00:00,S021
H0004711,O001245,Prospecting,Qualification,2024-04-07 12:00:00,S021
H0004712,O001245,Qualification,Proposal,2024-04-11 16:00:00,S021
H0004713,O001245,Proposal,Negotiation,2024-04-22 10:00:00,S021
H0004714,O001245,Negotiation,Closed Won,2024-09-18 14:00:00,S021
H0004715,O001246,,Prospecting,2025-02-26 09:00:00,S036
H0004716,O001246,Prospecting,Qualification,2025-03-19 13:00:00,S036
H0004717,O001246,Qualification,Proposal,2025-03-30 11:00:00,S036
H0004718,O001246,Proposal,Negotiation,2025-04-16 14:00:00,S036
H0004719,O001246,Negotiation,Closed Won,2025-04-21 13:00:00,S036
H0004720,O001247,,Prospecting,2024-05-24 09:00:00,S032
H0004721,O001247,Prospecting,Qualification,2024-06-20 13:00:00,S032
H0004722,O001247,Qualification,Proposal,2024-07-09 15:00:00,S032
H0004723,O001247,Proposal,Negotiation,2024-07-21 16:00:00,S032
H0004724,O001247,Negotiation,Closed Lost,2024-07-23 09:00:00,S032
H0004725,O001248,,Prospecting,2023-12-03 09:00:00,S010
H0004726,O001248,Prospecting,Qualification,2023-12-08 14:00:00,S010
H0004727,O001248,Qualification,Proposal,2023-12-11 14:00:00,S010
H0004728,O001248,Proposal,Negotiation,2023-12-23 15:00:00,S010
H0004729,O001248,Negotiation,Closed Won,2024-01-02 10:00:00,S010
H0004730,O001249,,Prospecting,2025-06-02 09:00:00,S028
H0004731,O001249,Prospecting,Qualification,2025-06-14 10:00:00,S028
H0004732,O001250,,Prospecting,2024-09-03 09:00:00,S016
H0004733,O001250,Prospecting,Qualification,2024-09-19 12:00:00,S016
H0004734,O001250,Qualification,Proposal,2024-09-21 16:00:00,S016
H0004735,O001250,Proposal,Negotiation,2024-10-21 13:00:00,S016
H0004736,O001250,Negotiation,Closed Won,2024-11-13 16:00:00,S016
H0004737,O001251,,Prospecting,2024-03-04 09:00:00,S029
H0004738,O001251,Prospecting,Qualification,2024-03-22 08:00:00,S029
H0004739,O001251,Qualification,Proposal,2024-03-25 16:00:00,S029
H0004740,O001251,Proposal,Negotiation,2024-03-31 16:00:00,S029
H0004741,O001251,Negotiation,Closed Won,2024-04-14 16:00:00,S029
H0004742,O001252,,Prospecting,2025-02-18 09:00:00,S028
H0004743,O001252,Prospecting,Closed Lost,2025-03-18 15:00:00,S028
H0004744,O001253,,Prospecting,2024-03-02 09:00:00,S027
H0004745,O001253,Prospecting,Closed Lost,2024-03-22 13:00:00,S027
H0004746,O001254,,Prospecting,2023-06-13 09:00:00,S016
H0004747,O001254,Prospecting,Qualification,2023-07-21 16:00:00,S016
H0004748,O001254,Qualification,Proposal,2023-09-26 12:00:00,S016
H0004749,O001254,Proposal,Negotiation,2023-09-29 09:00:00,S016
H0004750,O001254,Negotiation,Closed Lost,2023-11-07 14:00:00,S016
H0004751,O001255,,Prospecting,2024-02-29 09:00:00,S024
H0004752,O001255,Prospecting,Qualification,2024-02-29 15:00:00,S024
H0004753,O001255,Qualification,Proposal,2024-03-06 16:00:00,S024
H0004754,O001255,Proposal,Negotiation,2024-03-12 13:00:00,S024
H0004755,O001255,Negotiation,Closed Lost,2024-03-20 11:00:00,S024
H0004756,O001256,,Prospecting,2025-01-31 09:00:00,S001
H0004757,O001256,Prospecting,Qualification,2025-04-07 11:00:00,S001
H0004758,O001256,Qualification,Proposal,2025-05-05 11:00:00,S001
H0004759,O001256,Proposal,Negotiation,2025-05-16 10:00:00,S001
H0004760,O001256,Negotiation,Closed Won,2025-05-23 17:00:00,S001
H0004761,O001257,,Prospecting,2023-01-30 09:00:00,S032
H0004762,O001257,Prospecting,Qualification,2023-02-11 11:00:00,S032
H0004763,O001257,Qualification,Proposal,2023-03-14 08:00:00,S032
H0004764,O001257,Proposal,Negotiation,2023-03-25 14:00:00,S032
H0004765,O001257,Negotiation,Closed Won,2023-03-26 11:00:00,S032
H0004766,O001258,,Prospecting,2024-11-10 09:00:00,S010
H0004767,O001258,Prospecting,Qualification,2024-11-16 16:00:00,S010
H0004768,O001258,Qualification,Proposal,2024-11-30 09:00:00,S010
H0004769,O001258,Proposal,Negotiation,2024-12-05 17:00:00,S010
H0004770,O001258,Negotiation,Closed Won,2025-01-10 15:00:00,S010
H0004771,O001259,,Prospecting,2025-03-14 09:00:00,S035
H0004772,O001259,Prospecting,Qualification,2025-05-20 09:00:00,S035
H0004773,O001259,Qualification,Proposal,2025-06-02 10:00:00,S035
H0004774,O001259,Proposal,Negotiation,2025-06-13 17:00:00,S035
H0004775,O001259,Negotiation,Closed Won,2025-06-29 10:00:00,S035
H0004776,O001260,,Prospecting,2024-06-12 09:00:00,S031
H0004777,O001260,Prospecting,Qualification,2024-06-29 16:00:00,S031
H0004778,O001260,Qualification,Proposal,2024-07-18 16:00:00,S031
H0004779,O001260,Proposal,Negotiation,2024-08-08 14:00:00,S031
H0004780,O001260,Negotiation,Closed Won,2024-08-20 16:00:00,S031
H0004781,O001261,,Prospecting,2024-06-11 09:00:00,S017
H0004782,O001261,Prospecting,Qualification,2024-07-27 10:00:00,S017
H0004783,O001261,Qualification,Closed Lost,2024-08-07 13:00:00,S017
H0004784,O001262,,Prospecting,2025-03-22 09:00:00,S006
H0004785,O001262,Prospecting,Qualification,2025-04-21 14:00:00,S006
H0004786,O001262,Qualification,Proposal,2025-05-05 09:00:00,S006
H0004787,O001262,Proposal,Negotiation,2025-05-19 10:00:00,S006
H0004788,O001262,Negotiation,Closed Won,2025-06-02 09:00:00,S006
H0004789,O001263,,Prospecting,2025-03-08 09:00:00,S028
H0004790,O001263,Prospecting,Closed Lost,2025-03-24 17:00:00,S028
H0004791,O001264,,Prospecting,2025-05-04 09:00:00,S011
H0004792,O001264,Prospecting,Qualification,2025-05-06 15:00:00,S011
H0004793,O001264,Qualification,Closed Lost,2025-05-19 16:00:00,S011
H0004794,O001265,,Prospecting,2023-11-23 09:00:00,S011
H0004795,O001265,Prospecting,Qualification,2023-11-30 09:00:00,S011
H0004796,O001265,Qualification,Proposal,2023-12-03 12:00:00,S011
H0004797,O001265,Proposal,Closed Lost,2023-12-06 15:00:00,S011
H0004798,O001266,,Prospecting,2024-01-12 09:00:00,S036
H0004799,O001266,Prospecting,Qualification,2024-01-15 12:00:00,S036
H0004800,O001266,Qualification,Proposal,2024-02-12 14:00:00,S036
H0004801,O001266,Proposal,Negotiation,2024-02-23 14:00:00,S036
H0004802,O001266,Negotiation,Closed Lost,2024-03-19 11:00:00,S036
H0004803,O001267,,Prospecting,2024-05-19 09:00:00,S027
H0004804,O001267,Prospecting,Qualification,2024-05-29 12:00:00,S027
H0004805,O001267,Qualification,Proposal,2024-07-15 17:00:00,S027
H0004806,O001267,Proposal,Negotiation,2024-07-22 13:00:00,S027
H0004807,O001267,Negotiation,Closed Won,2024-07-24 15:00:00,S027
H0004808,O001268,,Prospecting,2023-06-12 09:00:00,S019
H0004809,O001268,Prospecting,Qualification,2023-07-03 08:00:00,S019
H0004810,O001268,Qualification,Closed Lost,2023-07-16 11:00:00,S019
H0004811,O001269,,Prospecting,2023-08-24 09:00:00,S027
H0004812,O001269,Prospecting,Qualification,2023-09-05 08:00:00,S027
H0004813,O001269,Qualification,Closed Lost,2023-09-30 11:00:00,S027
H0004814,O001270,,Prospecting,2024-06-27 09:00:00,S018
H0004815,O001270,Prospecting,Qualification,2024-07-03 09:00:00,S018
H0004816,O001270,Qualification,Closed Lost,2024-08-14 14:00:00,S018
H0004817,O001271,,Prospecting,2023-01-01 09:00:00,S002
H0004818,O001271,Prospecting,Closed Lost,2023-01-31 09:00:00,S002
H0004819,O001272,,Prospecting,2025-03-13 09:00:00,S002
H0004820,O001272,Prospecting,Qualification,2025-03-30 08:00:00,S002
H0004821,O001272,Qualification,Proposal,2025-04-23 09:00:00,S002
H0004822,O001272,Proposal,Closed Lost,2025-04-27 16:00:00,S002
H0004823,O001273,,Prospecting,2025-03-13 09:00:00,S011
H0004824,O001273,Prospecting,Qualification,2025-04-01 10:00:00,S011
H0004825,O001273,Qualification,Proposal,2025-04-19 09:00:00,S011
H0004826,O001273,Proposal,Negotiation,2025-04-23 10:00:00,S011
H0004827,O001273,Negotiation,Closed Won,2025-05-08 16:00:00,S011
H0004828,O001274,,Prospecting,2025-06-13 09:00:00,S037
H0004829,O001274,Prospecting,Qualification,2025-06-24 15:00:00,S037
H0004830,O001275,,Prospecting,2023-03-20 09:00:00,S031
H0004831,O001275,Prospecting,Qualification,2023-03-26 10:00:00,S031
H0004832,O001275,Qualification,Proposal,2023-04-04 08:00:00,S031
H0004833,O001275,Proposal,Negotiation,2023-04-16 13:00:00,S031
H0004834,O001275,Negotiation,Closed Lost,2023-04-18 10:00:00,S031
H0004835,O001276,,Prospecting,2023-02-28 09:00:00,S028
H0004836,O001276,Prospecting,Qualification,2023-05-05 12:00:00,S028
H0004837,O001276,Qualification,Closed Lost,2023-05-12 11:00:00,S028
H0004838,O001277,,Prospecting,2023-11-25 09:00:00,S027
H0004839,O001277,Prospecting,Qualification,2023-11-30 16:00:00,S027
H0004840,O001277,Qualification,Proposal,2023-12-14 08:00:00,S027
H0004841,O001277,Proposal,Negotiation,2023-12-15 08:00:00,S027
H0004842,O001277,Negotiation,Closed Lost,2023-12-23 16:00:00,S027
H0004843,O001278,,Prospecting,2025-05-04 09:00:00,S022
H0004844,O001278,Prospecting,Qualification,2025-05-30 12:00:00,S022
H0004845,O001278,Qualification,Proposal,2025-06-02 13:00:00,S022
H0004846,O001278,Proposal,Negotiation,2025-06-22 15:00:00,S022
H0004847,O001278,Negotiation,Closed Lost,2025-06-24 17:00:00,S022
H0004848,O001279,,Prospecting,2024-01-17 09:00:00,S016
H0004849,O001279,Prospecting,Qualification,2024-02-17 10:00:00,S016
H0004850,O001279,Qualification,Proposal,2024-03-19 10:00:00,S016
H0004851,O001279,Proposal,Negotiation,2024-03-29 14:00:00,S016
H0004852,O001279,Negotiation,Closed Won,2024-04-13 13:00:00,S016
H0004853,O001280,,Prospecting,2025-03-30 09:00:00,S015
H0004854,O001280,Prospecting,Qualification,2025-06-27 10:00:00,S015
H0004855,O001280,Qualification,Closed Lost,2025-06-28 09:00:00,S015
H0004856,O001281,,Prospecting,2025-04-05 09:00:00,S026
H0004857,O001281,Prospecting,Qualification,2025-04-09 17:00:00,S026
H0004858,O001281,Qualification,Proposal,2025-04-13 10:00:00,S026
H0004859,O001281,Proposal,Negotiation,2025-04-14 17:00:00,S026
H0004860,O001281,Negotiation,Closed Lost,2025-04-16 12:00:00,S026
H0004861,O001282,,Prospecting,2023-07-07 09:00:00,S001
H0004862,O001282,Prospecting,Qualification,2023-07-09 13:00:00,S001
H0004863,O001282,Qualification,Proposal,2023-07-10 14:00:00,S001
H0004864,O001282,Proposal,Negotiation,2023-08-21 10:00:00,S001
H0004865,O001282,Negotiation,Closed Won,2023-09-02 15:00:00,S001
H0004866,O001283,,Prospecting,2023-04-13 09:00:00,S005
H0004867,O001283,Prospecting,Qualification,2023-05-12 09:00:00,S005
H0004868,O001283,Qualification,Proposal,2023-06-04 08:00:00,S005
H0004869,O001283,Proposal,Negotiation,2023-06-22 10:00:00,S005
H0004870,O001283,Negotiation,Closed Won,2023-06-30 16:00:00,S005
H0004871,O001284,,Prospecting,2023-08-03 09:00:00,S036
H0004872,O001284,Prospecting,Qualification,2023-08-05 13:00:00,S036
H0004873,O001284,Qualification,Proposal,2023-08-23 11:00:00,S036
H0004874,O001284,Proposal,Negotiation,2023-08-25 15:00:00,S036
H0004875,O001284,Negotiation,Closed Lost,2023-09-25 15:00:00,S036
H0004876,O001285,,Prospecting,2024-03-21 09:00:00,S006
H0004877,O001285,Prospecting,Qualification,2024-04-01 13:00:00,S006
H0004878,O001285,Qualification,Proposal,2024-04-04 13:00:00,S006
H0004879,O001285,Proposal,Negotiation,2024-05-14 12:00:00,S006
H0004880,O001285,Negotiation,Closed Won,2024-05-24 13:00:00,S006
H0004881,O001286,,Prospecting,2025-06-19 09:00:00,S023
H0004882,O001287,,Prospecting,2023-11-13 09:00:00,S034
H0004883,O001287,Prospecting,Closed Lost,2024-01-06 14:00:00,S034
H0004884,O001288,,Prospecting,2025-03-10 09:00:00,S021
H0004885,O001288,Prospecting,Qualification,2025-03-10 15:00:00,S021
H0004886,O001288,Qualification,Proposal,2025-03-21 10:00:00,S021
H0004887,O001288,Proposal,Negotiation,2025-04-16 16:00:00,S021
H0004888,O001288,Negotiation,Closed Lost,2025-04-26 12:00:00,S021
H0004889,O001289,,Prospecting,2024-07-16 09:00:00,S008
H0004890,O001289,Prospecting,Qualification,2024-07-23 17:00:00,S008
H0004891,O001289,Qualification,Proposal,2024-08-02 15:00:00,S008
H0004892,O001289,Proposal,Negotiation,2024-08-05 10:00:00,S008
H0004893,O001289,Negotiation,Closed Won,2024-08-09 16:00:00,S008
H0004894,O001290,,Prospecting,2025-03-09 09:00:00,S016
H0004895,O001290,Prospecting,Qualification,2025-03-27 13:00:00,S016
H0004896,O001290,Qualification,Proposal,2025-03-27 12:00:00,S016
H0004897,O001290,Proposal,Closed Lost,2025-04-15 10:00:00,S016
H0004898,O001291,,Prospecting,2025-04-30 09:00:00,S012
H0004899,O001291,Prospecting,Qualification,2025-05-20 17:00:00,S012
H0004900,O001291,Qualification,Proposal,2025-05-23 16:00:00,S012
H0004901,O001291,Proposal,Negotiation,2025-05-24 15:00:00,S012
H0004902,O001291,Negotiation,Closed Won,2025-05-29 16:00:00,S012
H0004903,O001292,,Prospecting,2023-04-27 09:00:00,S040
H0004904,O001292,Prospecting,Qualification,2023-06-18 15:00:00,S040
H0004905,O001292,Qualification,Proposal,2023-07-03 16:00:00,S040
H0004906,O001292,Proposal,Negotiation,2023-07-17 13:00:00,S040
H0004907,O001292,Negotiation,Closed Won,2023-07-22 16:00:00,S040
H0004908,O001293,,Prospecting,2024-09-26 09:00:00,S027
H0004909,O001293,Prospecting,Qualification,2024-10-24 14:00:00,S027
H0004910,O001293,Qualification,Proposal,2024-11-24 09:00:00,S027
H0004911,O001293,Proposal,Negotiation,2024-12-12 11:00:00,S027
H0004912,O001293,Negotiation,Closed Won,2025-01-10 13:00:00,S027
H0004913,O001294,,Prospecting,2024-01-27 09:00:00,S021
H0004914,O001294,Prospecting,Qualification,2024-02-15 08:00:00,S021
H0004915,O001294,Qualification,Proposal,2024-03-05 09:00:00,S021
H0004916,O001294,Proposal,Closed Lost,2024-04-16 11:00:00,S021
H0004917,O001295,,Prospecting,2023-02-18 09:00:00,S012
H0004918,O001295,Prospecting,Qualification,2023-04-17 15:00:00,S012
H0004919,O001295,Qualification,Closed Lost,2023-05-20 12:00:00,S012
H0004920,O001296,,Prospecting,2023-03-14 09:00:00,S013
H0004921,O001296,Prospecting,Qualification,2023-03-15 10:00:00,S013
H0004922,O001296,Qualification,Proposal,2023-04-03 08:00:00,S013
H0004923,O001296,Proposal,Negotiation,2023-04-25 15:00:00,S013
H0004924,O001296,Negotiation,Closed Won,2023-06-03 12:00:00,S013
H0004925,O001297,,Prospecting,2025-05-12 09:00:00,S036
H0004926,O001297,Prospecting,Qualification,2025-05-14 14:00:00,S036
H0004927,O001298,,Prospecting,2025-05-12 09:00:00,S026
H0004928,O001298,Prospecting,Qualification,2025-06-03 16:00:00,S026
H0004929,O001298,Qualification,Proposal,2025-06-28 17:00:00,S026
H0004930,O001299,,Prospecting,2023-03-15 09:00:00,S039
H0004931,O001299,Prospecting,Qualification,2023-03-15 09:00:00,S039
H0004932,O001299,Qualification,Proposal,2023-03-22 12:00:00,S039
H0004933,O001299,Proposal,Negotiation,2023-04-03 14:00:00,S039
H0004934,O001299,Negotiation,Closed Won,2023-04-10 12:00:00,S039
H0004935,O001300,,Prospecting,2024-04-17 09:00:00,S014
H0004936,O001300,Prospecting,Qualification,2024-04-22 10:00:00,S014
H0004937,O001300,Qualification,Proposal,2024-06-09 15:00:00,S014
H0004938,O001300,Proposal,Negotiation,2024-06-28 14:00:00,S014
H0004939,O001300,Negotiation,Closed Won,2024-07-05 17:00:00,S014
H0004940,O001301,,Prospecting,2023-08-18 09:00:00,S020
H0004941,O001301,Prospecting,Qualification,2023-09-01 16:00:00,S020
H0004942,O001301,Qualification,Proposal,2023-09-08 14:00:00,S020
H0004943,O001301,Proposal,Negotiation,2023-09-14 10:00:00,S020
H0004944,O001301,Negotiation,Closed Lost,2023-09-20 09:00:00,S020
H0004945,O001302,,Prospecting,2024-04-10 09:00:00,S040
H0004946,O001302,Prospecting,Closed Lost,2024-06-06 12:00:00,S040
H0004947,O001303,,Prospecting,2025-05-29 09:00:00,S031
H0004948,O001303,Prospecting,Qualification,2025-06-11 11:00:00,S031
H0004949,O001304,,Prospecting,2025-03-29 09:00:00,S004
H0004950,O001304,Prospecting,Qualification,2025-04-14 16:00:00,S004
H0004951,O001304,Qualification,Proposal,2025-04-26 14:00:00,S004
H0004952,O001304,Proposal,Negotiation,2025-05-07 10:00:00,S004
H0004953,O001304,Negotiation,Closed Won,2025-06-01 16:00:00,S004
H0004954,O001305,,Prospecting,2025-06-05 09:00:00,S010
H0004955,O001306,,Prospecting,2025-03-06 09:00:00,S033
H0004956,O001306,Prospecting,Qualification,2025-04-24 10:00:00,S033
H0004957,O001306,Qualification,Closed Lost,2025-05-07 09:00:00,S033
H0004958,O001307,,Prospecting,2025-02-24 09:00:00,S033
H0004959,O001307,Prospecting,Qualification,2025-02-24 13:00:00,S033
H0004960,O001307,Qualification,Proposal,2025-03-25 15:00:00,S033
H0004961,O001307,Proposal,Negotiation,2025-04-05 08:00:00,S033
H0004962,O001307,Negotiation,Closed Lost,2025-05-08 16:00:00,S033
H0004963,O001308,,Prospecting,2025-06-21 09:00:00,S015
H0004964,O001309,,Prospecting,2023-10-28 09:00:00,S023
H0004965,O001309,Prospecting,Qualification,2023-11-16 08:00:00,S023
H0004966,O001309,Qualification,Closed Lost,2023-11-20 17:00:00,S023
H0004967,O001310,,Prospecting,2025-02-09 09:00:00,S009
H0004968,O001310,Prospecting,Closed Lost,2025-04-17 12:00:00,S009
H0004969,O001311,,Prospecting,2025-04-22 09:00:00,S011
H0004970,O001311,Prospecting,Qualification,2025-05-17 16:00:00,S011
H0004971,O001311,Qualification,Proposal,2025-05-29 11:00:00,S011
H0004972,O001312,,Prospecting,2023-01-28 09:00:00,S009
H0004973,O001312,Prospecting,Qualification,2023-01-31 17:00:00,S009
H0004974,O001312,Qualification,Proposal,2023-03-27 09:00:00,S009
H0004975,O001312,Proposal,Negotiation,2023-04-11 09:00:00,S009
H0004976,O001312,Negotiation,Closed Won,2023-05-04 14:00:00,S009
H0004977,O001313,,Prospecting,2025-02-11 09:00:00,S002
H0004978,O001313,Prospecting,Qualification,2025-02-21 13:00:00,S002
H0004979,O001313,Qualification,Proposal,2025-03-13 13:00:00,S002
H0004980,O001313,Proposal,Negotiation,2025-03-15 08:00:00,S002
H0004981,O001313,Negotiation,Closed Lost,2025-04-15 13:00:00,S002
H0004982,O001314,,Prospecting,2025-05-12 09:00:00,S021
H0004983,O001314,Prospecting,Closed Lost,2025-06-21 12:00:00,S021
H0004984,O001315,,Prospecting,2025-05-18 09:00:00,S035
H0004985,O001315,Prospecting,Qualification,2025-05-23 15:00:00,S035
H0004986,O001315,Qualification,Proposal,2025-06-12 11:00:00,S035
H0004987,O001315,Proposal,Closed Lost,2025-06-20 09:00:00,S035
H0004988,O001316,,Prospecting,2025-06-24 09:00:00,S003
H0004989,O001317,,Prospecting,2024-02-09 09:00:00,S002
H0004990,O001317,Prospecting,Qualification,2024-03-09 16:00:00,S002
H0004991,O001317,Qualification,Proposal,2024-04-23 12:00:00,S002
H0004992,O001317,Proposal,Negotiation,2024-04-27 16:00:00,S002
H0004993,O001317,Negotiation,Closed Lost,2024-05-18 10:00:00,S002
H0004994,O001318,,Prospecting,2025-02-11 09:00:00,S016
H0004995,O001318,Prospecting,Qualification,2025-02-11 12:00:00,S016
H0004996,O001318,Qualification,Proposal,2025-03-21 15:00:00,S016
H0004997,O001318,Proposal,Closed Lost,2025-03-23 10:00:00,S016
H0004998,O001319,,Prospecting,2025-06-24 09:00:00,S014
H0004999,O001320,,Prospecting,2023-01-11 09:00:00,S016
H0005000,O001320,Prospecting,Qualification,2023-01-22 08:00:00,S016
H0005001,O001320,Qualification,Proposal,2023-02-05 10:00:00,S016
H0005002,O001320,Proposal,Closed Lost,2023-02-06 09:00:00,S016
H0005003,O001321,,Prospecting,2025-06-12 09:00:00,S028
H0005004,O001321,Prospecting,Qualification,2025-06-17 16:00:00,S028
H0005005,O001322,,Prospecting,2023-06-09 09:00:00,S018
H0005006,O001322,Prospecting,Closed Lost,2023-07-08 15:00:00,S018
H0005007,O001323,,Prospecting,2024-09-03 09:00:00,S012
H0005008,O001323,Prospecting,Qualification,2024-09-19 17:00:00,S012
H0005009,O001323,Qualification,Proposal,2024-09-29 11:00:00,S012
H0005010,O001323,Proposal,Negotiation,2024-10-21 08:00:00,S012
H0005011,O001323,Negotiation,Closed Won,2024-10-24 16:00:00,S012
H0005012,O001324,,Prospecting,2024-04-17 09:00:00,S023
H0005013,O001324,Prospecting,Qualification,2024-04-19 08:00:00,S023
H0005014,O001324,Qualification,Proposal,2024-04-25 15:00:00,S023
H0005015,O001324,Proposal,Negotiation,2024-05-07 09:00:00,S023
H0005016,O001324,Negotiation,Closed Lost,2024-05-12 10:00:00,S023
H0005017,O001325,,Prospecting,2023-04-06 09:00:00,S035
H0005018,O001325,Prospecting,Qualification,2023-04-28 12:00:00,S035
H0005019,O001325,Qualification,Proposal,2023-07-01 16:00:00,S035
H0005020,O001325,Proposal,Closed Lost,2023-07-03 15:00:00,S035
H0005021,O001326,,Prospecting,2023-08-18 09:00:00,S004
H0005022,O001326,Prospecting,Qualification,2023-09-13 16:00:00,S004
H0005023,O001326,Qualification,Proposal,2023-10-22 14:00:00,S004
H0005024,O001326,Proposal,Negotiation,2023-10-26 08:00:00,S004
H0005025,O001326,Negotiation,Closed Lost,2023-11-04 17:00:00,S004
H0005026,O001327,,Prospecting,2023-09-02 09:00:00,S017
H0005027,O001327,Prospecting,Qualification,2023-10-06 11:00:00,S017
H0005028,O001327,Qualification,Proposal,2023-10-15 08:00:00,S017
H0005029,O001327,Proposal,Negotiation,2023-10-21 15:00:00,S017
H0005030,O001327,Negotiation,Closed Won,2023-10-22 13:00:00,S017
H0005031,O001328,,Prospecting,2025-02-25 09:00:00,S021
H0005032,O001328,Prospecting,Qualification,2025-05-13 10:00:00,S021
H0005033,O001328,Qualification,Closed Lost,2025-05-24 14:00:00,S021
H0005034,O001329,,Prospecting,2025-01-20 09:00:00,S002
H0005035,O001329,Prospecting,Qualification,2025-01-21 14:00:00,S002
H0005036,O001329,Qualification,Proposal,2025-01-26 09:00:00,S002
H0005037,O001329,Proposal,Negotiation,2025-01-30 13:00:00,S002
H0005038,O001329,Negotiation,Closed Lost,2025-02-08 13:00:00,S002
H0005039,O001330,,Prospecting,2024-10-28 09:00:00,S012
H0005040,O001330,Prospecting,Qualification,2024-11-21 17:00:00,S012
H0005041,O001330,Qualification,Proposal,2024-12-19 14:00:00,S012
H0005042,O001330,Proposal,Closed Lost,2025-01-07 16:00:00,S012
H0005043,O001331,,Prospecting,2025-06-18 09:00:00,S005
H0005044,O001332,,Prospecting,2025-06-19 09:00:00,S036
H0005045,O001333,,Prospecting,2023-12-05 09:00:00,S024
H0005046,O001333,Prospecting,Qualification,2023-12-09 16:00:00,S024
H0005047,O001333,Qualification,Proposal,2023-12-11 10:00:00,S024
H0005048,O001333,Proposal,Closed Lost,2024-01-02 11:00:00,S024
H0005049,O001334,,Prospecting,2023-08-21 09:00:00,S032
H0005050,O001334,Prospecting,Qualification,2023-08-22 15:00:00,S032
H0005051,O001334,Qualification,Proposal,2023-08-29 15:00:00,S032
H0005052,O001334,Proposal,Negotiation,2023-09-05 08:00:00,S032
H0005053,O001334,Negotiation,Closed Won,2023-09-19 11:00:00,S032
H0005054,O001335,,Prospecting,2024-07-25 09:00:00,S034
H0005055,O001335,Prospecting,Qualification,2024-07-31 14:00:00,S034
H0005056,O001335,Qualification,Proposal,2024-08-09 16:00:00,S034
H0005057,O001335,Proposal,Negotiation,2024-08-28 10:00:00,S034
H0005058,O001335,Negotiation,Closed Lost,2024-09-27 14:00:00,S034
H0005059,O001336,,Prospecting,2024-08-27 09:00:00,S030
H0005060,O001336,Prospecting,Qualification,2024-10-25 13:00:00,S030
H0005061,O001336,Qualification,Closed Lost,2024-11-30 11:00:00,S030
H0005062,O001337,,Prospecting,2023-06-16 09:00:00,S008
H0005063,O001337,Prospecting,Qualification,2023-06-17 09:00:00,S008
H0005064,O001337,Qualification,Proposal,2023-06-25 14:00:00,S008
H0005065,O001337,Proposal,Negotiation,2023-07-12 14:00:00,S008
H0005066,O001337,Negotiation,Closed Lost,2023-07-22 09:00:00,S008
H0005067,O001338,,Prospecting,2025-04-19 09:00:00,S018
H0005068,O001338,Prospecting,Qualification,2025-05-05 09:00:00,S018
H0005069,O001338,Qualification,Proposal,2025-05-22 09:00:00,S018
H0005070,O001338,Proposal,Closed Lost,2025-06-12 13:00:00,S018
H0005071,O001339,,Prospecting,2025-02-20 09:00:00,S032
H0005072,O001339,Prospecting,Qualification,2025-03-08 13:00:00,S032
H0005073,O001339,Qualification,Proposal,2025-03-08 10:00:00,S032
H0005074,O001339,Proposal,Negotiation,2025-03-10 14:00:00,S032
H0005075,O001339,Negotiation,Closed Won,2025-03-15 15:00:00,S032
H0005076,O001340,,Prospecting,2025-04-08 09:00:00,S014
H0005077,O001340,Prospecting,Qualification,2025-04-08 15:00:00,S014
H0005078,O001340,Qualification,Proposal,2025-05-25 09:00:00,S014
H0005079,O001340,Proposal,Negotiation,2025-06-05 08:00:00,S014
H0005080,O001340,Negotiation,Closed Lost,2025-06-09 14:00:00,S014
H0005081,O001341,,Prospecting,2024-03-15 09:00:00,S012
H0005082,O001341,Prospecting,Qualification,2024-03-25 12:00:00,S012
H0005083,O001341,Qualification,Closed Lost,2024-04-14 17:00:00,S012
H0005084,O001342,,Prospecting,2023-02-02 09:00:00,S037
H0005085,O001342,Prospecting,Qualification,2023-02-14 17:00:00,S037
H0005086,O001342,Qualification,Proposal,2023-02-14 08:00:00,S037
H0005087,O001342,Proposal,Closed Lost,2023-02-25 16:00:00,S037
H0005088,O001343,,Prospecting,2023-07-22 09:00:00,S005
H0005089,O001343,Prospecting,Qualification,2023-07-26 17:00:00,S005
H0005090,O001343,Qualification,Closed Lost,2023-07-30 11:00:00,S005
H0005091,O001344,,Prospecting,2025-02-28 09:00:00,S009
H0005092,O001344,Prospecting,Qualification,2025-04-24 10:00:00,S009
H0005093,O001344,Qualification,Closed Lost,2025-06-08 11:00:00,S009
H0005094,O001345,,Prospecting,2025-02-04 09:00:00,S011
H0005095,O001345,Prospecting,Qualification,2025-02-05 17:00:00,S011
H0005096,O001345,Qualification,Proposal,2025-02-06 11:00:00,S011
H0005097,O001345,Proposal,Negotiation,2025-02-11 17:00:00,S011
H0005098,O001345,Negotiation,Closed Lost,2025-02-28 15:00:00,S011
H0005099,O001346,,Prospecting,2024-10-29 09:00:00,S026
H0005100,O001346,Prospecting,Qualification,2024-11-07 11:00:00,S026
H0005101,O001346,Qualification,Proposal,2024-11-08 08:00:00,S026
H0005102,O001346,Proposal,Negotiation,2024-11-22 13:00:00,S026
H0005103,O001346,Negotiation,Closed Lost,2024-11-24 17:00:00,S026
H0005104,O001347,,Prospecting,2023-07-09 09:00:00,S031
H0005105,O001347,Prospecting,Qualification,2023-07-12 13:00:00,S031
H0005106,O001347,Qualification,Proposal,2023-07-12 16:00:00,S031
H0005107,O001347,Proposal,Negotiation,2023-07-20 11:00:00,S031
H0005108,O001347,Negotiation,Closed Lost,2023-08-01 16:00:00,S031
H0005109,O001348,,Prospecting,2023-12-02 09:00:00,S027
H0005110,O001348,Prospecting,Qualification,2023-12-15 13:00:00,S027
H0005111,O001348,Qualification,Proposal,2023-12-22 10:00:00,S027
H0005112,O001348,Proposal,Negotiation,2024-01-21 12:00:00,S027
H0005113,O001348,Negotiation,Closed Won,2024-02-21 17:00:00,S027
H0005114,O001349,,Prospecting,2023-10-09 09:00:00,S033
H0005115,O001349,Prospecting,Qualification,2023-10-27 17:00:00,S033
H0005116,O001349,Qualification,Proposal,2023-11-13 16:00:00,S033
H0005117,O001349,Proposal,Negotiation,2023-11-24 10:00:00,S033
H0005118,O001349,Negotiation,Closed Won,2024-01-06 16:00:00,S033
H0005119,O001350,,Prospecting,2025-04-07 09:00:00,S007
H0005120,O001350,Prospecting,Qualification,2025-05-10 10:00:00,S007
H0005121,O001350,Qualification,Proposal,2025-05-16 17:00:00,S007
H0005122,O001350,Proposal,Negotiation,2025-05-18 12:00:00,S007
H0005123,O001350,Negotiation,Closed Won,2025-05-28 14:00:00,S007
H0005124,O001351,,Prospecting,2024-01-06 09:00:00,S016
H0005125,O001351,Prospecting,Qualification,2024-01-28 13:00:00,S016
H0005126,O001351,Qualification,Proposal,2024-03-03 12:00:00,S016
H0005127,O001351,Proposal,Closed Lost,2024-03-09 13:00:00,S016
H0005128,O001352,,Prospecting,2024-11-12 09:00:00,S026
H0005129,O001352,Prospecting,Closed Lost,2024-12-10 16:00:00,S026
H0005130,O001353,,Prospecting,2025-02-09 09:00:00,S006
H0005131,O001353,Prospecting,Qualification,2025-03-23 17:00:00,S006
H0005132,O001353,Qualification,Proposal,2025-04-09 09:00:00,S006
H0005133,O001353,Proposal,Closed Lost,2025-05-21 16:00:00,S006
H0005134,O001354,,Prospecting,2024-07-15 09:00:00,S040
H0005135,O001354,Prospecting,Qualification,2024-07-19 11:00:00,S040
H0005136,O001354,Qualification,Proposal,2024-08-12 10:00:00,S040
H0005137,O001354,Proposal,Negotiation,2024-08-20 10:00:00,S040
H0005138,O001354,Negotiation,Closed Won,2024-09-23 11:00:00,S040
H0005139,O001355,,Prospecting,2025-03-13 09:00:00,S018
H0005140,O001355,Prospecting,Closed Lost,2025-03-21 12:00:00,S018
H0005141,O001356,,Prospecting,2023-07-29 09:00:00,S033
H0005142,O001356,Prospecting,Qualification,2023-07-31 09:00:00,S033
H0005143,O001356,Qualification,Proposal,2023-08-04 13:00:00,S033
H0005144,O001356,Proposal,Negotiation,2023-08-29 08:00:00,S033
H0005145,O001356,Negotiation,Closed Won,2023-09-07 09:00:00,S033
H0005146,O001357,,Prospecting,2023-01-30 09:00:00,S028
H0005147,O001357,Prospecting,Qualification,2023-02-09 17:00:00,S028
H0005148,O001357,Qualification,Proposal,2023-03-05 16:00:00,S028
H0005149,O001357,Proposal,Closed Lost,2023-03-12 12:00:00,S028
H0005150,O001358,,Prospecting,2024-09-06 09:00:00,S015
H0005151,O001358,Prospecting,Qualification,2024-10-30 08:00:00,S015
H0005152,O001358,Qualification,Proposal,2024-12-19 12:00:00,S015
H0005153,O001358,Proposal,Negotiation,2024-12-23 16:00:00,S015
H0005154,O001358,Negotiation,Closed Won,2024-12-24 15:00:00,S015
H0005155,O001359,,Prospecting,2023-09-25 09:00:00,S016
H0005156,O001359,Prospecting,Closed Lost,2023-10-27 09:00:00,S016
H0005157,O001360,,Prospecting,2025-03-24 09:00:00,S023
H0005158,O001360,Prospecting,Qualification,2025-04-04 13:00:00,S023
H0005159,O001360,Qualification,Proposal,2025-04-12 13:00:00,S023
H0005160,O001360,Proposal,Negotiation,2025-04-27 15:00:00,S023
H0005161,O001360,Negotiation,Closed Won,2025-05-07 14:00:00,S023
H0005162,O001361,,Prospecting,2025-06-15 09:00:00,S001
H0005163,O001362,,Prospecting,2023-08-04 09:00:00,S018
H0005164,O001362,Prospecting,Closed Lost,2023-09-15 11:00:00,S018
H0005165,O001363,,Prospecting,2023-01-13 09:00:00,S034
H0005166,O001363,Prospecting,Closed Lost,2023-02-09 10:00:00,S034
H0005167,O001364,,Prospecting,2024-05-14 09:00:00,S009
H0005168,O001364,Prospecting,Qualification,2024-05-29 14:00:00,S009
H0005169,O001364,Qualification,Proposal,2024-05-29 12:00:00,S009
H0005170,O001364,Proposal,Negotiation,2024-06-17 09:00:00,S009
H0005171,O001364,Negotiation,Closed Lost,2024-06-19 11:00:00,S009
H0005172,O001365,,Prospecting,2025-01-31 09:00:00,S025
H0005173,O001365,Prospecting,Qualification,2025-02-09 14:00:00,S025
H0005174,O001365,Qualification,Proposal,2025-04-24 14:00:00,S025
H0005175,O001365,Proposal,Negotiation,2025-05-13 15:00:00,S025
H0005176,O001366,,Prospecting,2024-07-20 09:00:00,S032
H0005177,O001366,Prospecting,Qualification,2024-07-24 15:00:00,S032
H0005178,O001366,Qualification,Closed Lost,2024-08-20 15:00:00,S032
H0005179,O001367,,Prospecting,2025-06-12 09:00:00,S004
H0005180,O001368,,Prospecting,2025-04-26 09:00:00,S019
H0005181,O001368,Prospecting,Qualification,2025-04-28 17:00:00,S019
H0005182,O001368,Qualification,Closed Lost,2025-05-07 14:00:00,S019
H0005183,O001369,,Prospecting,2025-02-08 09:00:00,S025
H0005184,O001369,Prospecting,Qualification,2025-03-11 10:00:00,S025
H0005185,O001369,Qualification,Closed Lost,2025-04-11 12:00:00,S025
H0005186,O001370,,Prospecting,2024-09-12 09:00:00,S028
H0005187,O001370,Prospecting,Qualification,2024-09-30 08:00:00,S028
H0005188,O001370,Qualification,Closed Lost,2024-10-13 12:00:00,S028
H0005189,O001371,,Prospecting,2024-09-04 09:00:00,S033
H0005190,O001371,Prospecting,Closed Lost,2024-11-21 17:00:00,S033
H0005191,O001372,,Prospecting,2025-04-07 09:00:00,S032
H0005192,O001372,Prospecting,Qualification,2025-04-13 17:00:00,S032
H0005193,O001372,Qualification,Closed Lost,2025-04-26 12:00:00,S032
H0005194,O001373,,Prospecting,2023-04-15 09:00:00,S007
H0005195,O001373,Prospecting,Qualification,2023-04-21 17:00:00,S007
H0005196,O001373,Qualification,Proposal,2023-04-30 13:00:00,S007
H0005197,O001373,Proposal,Negotiation,2023-05-06 11:00:00,S007
H0005198,O001373,Negotiation,Closed Won,2023-05-12 12:00:00,S007
H0005199,O001374,,Prospecting,2024-05-27 09:00:00,S020
H0005200,O001374,Prospecting,Qualification,2024-07-03 08:00:00,S020
H0005201,O001374,Qualification,Proposal,2024-07-03 15:00:00,S020
H0005202,O001374,Proposal,Negotiation,2024-07-19 13:00:00,S020
H0005203,O001374,Negotiation,Closed Lost,2024-07-26 13:00:00,S020
H0005204,O001375,,Prospecting,2024-06-14 09:00:00,S034
H0005205,O001375,Prospecting,Qualification,2024-06-27 12:00:00,S034
H0005206,O001375,Qualification,Proposal,2024-06-30 14:00:00,S034
H0005207,O001375,Proposal,Negotiation,2024-07-07 08:00:00,S034
H0005208,O001375,Negotiation,Closed Won,2024-07-13 10:00:00,S034
H0005209,O001376,,Prospecting,2023-09-30 09:00:00,S012
H0005210,O001376,Prospecting,Qualification,2023-10-10 12:00:00,S012
H0005211,O001376,Qualification,Proposal,2023-10-30 11:00:00,S012
H0005212,O001376,Proposal,Negotiation,2023-11-17 10:00:00,S012
H0005213,O001376,Negotiation,Closed Won,2023-12-13 12:00:00,S012
H0005214,O001377,,Prospecting,2024-06-02 09:00:00,S037
H0005215,O001377,Prospecting,Qualification,2024-06-30 11:00:00,S037
H0005216,O001377,Qualification,Proposal,2024-07-24 15:00:00,S037
H0005217,O001377,Proposal,Negotiation,2024-07-25 11:00:00,S037
H0005218,O001377,Negotiation,Closed Won,2024-08-01 13:00:00,S037
H0005219,O001378,,Prospecting,2024-07-15 09:00:00,S033
H0005220,O001378,Prospecting,Qualification,2024-08-18 14:00:00,S033
H0005221,O001378,Qualification,Closed Lost,2024-11-17 15:00:00,S033
H0005222,O001379,,Prospecting,2025-02-16 09:00:00,S008
H0005223,O001379,Prospecting,Qualification,2025-03-24 12:00:00,S008
H0005224,O001379,Qualification,Proposal,2025-04-10 12:00:00,S008
H0005225,O001379,Proposal,Negotiation,2025-04-20 10:00:00,S008
H0005226,O001379,Negotiation,Closed Won,2025-05-10 13:00:00,S008
H0005227,O001380,,Prospecting,2025-06-01 09:00:00,S019
H0005228,O001380,Prospecting,Qualification,2025-06-27 08:00:00,S019
H0005229,O001381,,Prospecting,2023-03-15 09:00:00,S006
H0005230,O001381,Prospecting,Qualification,2023-04-01 11:00:00,S006
H0005231,O001381,Qualification,Closed Lost,2023-05-22 10:00:00,S006
H0005232,O001382,,Prospecting,2024-03-26 09:00:00,S019
H0005233,O001382,Prospecting,Qualification,2024-04-03 10:00:00,S019
H0005234,O001382,Qualification,Closed Lost,2024-05-01 15:00:00,S019
H0005235,O001383,,Prospecting,2025-04-10 09:00:00,S040
H0005236,O001383,Prospecting,Qualification,2025-05-02 17:00:00,S040
H0005237,O001383,Qualification,Proposal,2025-05-04 11:00:00,S040
H0005238,O001383,Proposal,Negotiation,2025-06-29 08:00:00,S040
H0005239,O001384,,Prospecting,2023-06-27 09:00:00,S013
H0005240,O001384,Prospecting,Qualification,2023-06-27 13:00:00,S013
H0005241,O001384,Qualification,Proposal,2023-06-27 12:00:00,S013
H0005242,O001384,Proposal,Negotiation,2023-07-09 08:00:00,S013
H0005243,O001384,Negotiation,Closed Won,2023-08-21 17:00:00,S013
H0005244,O001385,,Prospecting,2024-09-24 09:00:00,S031
H0005245,O001385,Prospecting,Qualification,2024-10-11 15:00:00,S031
H0005246,O001385,Qualification,Proposal,2024-10-15 11:00:00,S031
H0005247,O001385,Proposal,Negotiation,2024-10-30 14:00:00,S031
H0005248,O001385,Negotiation,Closed Won,2024-11-05 17:00:00,S031
H0005249,O001386,,Prospecting,2024-09-13 09:00:00,S038
H0005250,O001386,Prospecting,Closed Lost,2024-11-01 17:00:00,S038
H0005251,O001387,,Prospecting,2023-07-11 09:00:00,S002
H0005252,O001387,Prospecting,Qualification,2023-08-06 13:00:00,S002
H0005253,O001387,Qualification,Closed Lost,2023-08-08 10:00:00,S002
H0005254,O001388,,Prospecting,2025-04-12 09:00:00,S008
H0005255,O001388,Prospecting,Closed Lost,2025-05-16 09:00:00,S008
H0005256,O001389,,Prospecting,2024-04-27 09:00:00,S012
H0005257,O001389,Prospecting,Qualification,2024-05-10 10:00:00,S012
H0005258,O001389,Qualification,Proposal,2024-05-18 09:00:00,S012
H0005259,O001389,Proposal,Closed Lost,2024-05-22 12:00:00,S012
H0005260,O001390,,Prospecting,2024-12-27 09:00:00,S018
H0005261,O001390,Prospecting,Closed Lost,2025-03-16 12:00:00,S018
H0005262,O001391,,Prospecting,2023-01-03 09:00:00,S022
H0005263,O001391,Prospecting,Qualification,2023-01-27 11:00:00,S022
H0005264,O001391,Qualification,Proposal,2023-02-07 14:00:00,S022
H0005265,O001391,Proposal,Negotiation,2023-03-07 09:00:00,S022
H0005266,O001391,Negotiation,Closed Lost,2023-03-19 17:00:00,S022
H0005267,O001392,,Prospecting,2023-04-07 09:00:00,S021
H0005268,O001392,Prospecting,Qualification,2023-04-16 09:00:00,S021
H0005269,O001392,Qualification,Proposal,2023-06-07 11:00:00,S021
H0005270,O001392,Proposal,Negotiation,2023-08-07 17:00:00,S021
H0005271,O001392,Negotiation,Closed Won,2023-08-11 10:00:00,S021
H0005272,O001393,,Prospecting,2025-02-12 09:00:00,S032
H0005273,O001393,Prospecting,Qualification,2025-02-16 15:00:00,S032
H0005274,O001393,Qualification,Proposal,2025-02-17 08:00:00,S032
H0005275,O001393,Proposal,Negotiation,2025-02-28 13:00:00,S032
H0005276,O001393,Negotiation,Closed Lost,2025-03-01 11:00:00,S032
H0005277,O001394,,Prospecting,2025-04-27 09:00:00,S012
H0005278,O001394,Prospecting,Qualification,2025-05-12 08:00:00,S012
H0005279,O001394,Qualification,Proposal,2025-05-15 11:00:00,S012
H0005280,O001394,Proposal,Negotiation,2025-05-29 17:00:00,S012
H0005281,O001394,Negotiation,Closed Won,2025-06-08 15:00:00,S012
H0005282,O001395,,Prospecting,2023-12-15 09:00:00,S032
H0005283,O001395,Prospecting,Qualification,2023-12-23 16:00:00,S032
H0005284,O001395,Qualification,Proposal,2023-12-27 09:00:00,S032
H0005285,O001395,Proposal,Closed Lost,2024-03-10 14:00:00,S032
H0005286,O001396,,Prospecting,2024-08-14 09:00:00,S025
H0005287,O001396,Prospecting,Qualification,2024-08-22 11:00:00,S025
H0005288,O001396,Qualification,Proposal,2024-09-14 14:00:00,S025
H0005289,O001396,Proposal,Negotiation,2024-09-20 11:00:00,S025
H0005290,O001396,Negotiation,Closed Lost,2024-09-30 17:00:00,S025
H0005291,O001397,,Prospecting,2023-03-15 09:00:00,S016
H0005292,O001397,Prospecting,Qualification,2023-04-18 17:00:00,S016
H0005293,O001397,Qualification,Closed Lost,2023-09-22 10:00:00,S016
H0005294,O001398,,Prospecting,2025-06-02 09:00:00,S004
H0005295,O001398,Prospecting,Qualification,2025-06-18 13:00:00,S004
H0005296,O001399,,Prospecting,2023-11-13 09:00:00,S027
H0005297,O001399,Prospecting,Qualification,2023-12-13 13:00:00,S027
H0005298,O001399,Qualification,Proposal,2023-12-28 13:00:00,S027
H0005299,O001399,Proposal,Negotiation,2024-01-11 16:00:00,S027
H0005300,O001399,Negotiation,Closed Won,2024-01-24 15:00:00,S027
H0005301,O001400,,Prospecting,2024-12-10 09:00:00,S027
H0005302,O001400,Prospecting,Qualification,2024-12-19 08:00:00,S027
H0005303,O001400,Qualification,Proposal,2025-01-03 10:00:00,S027
H0005304,O001400,Proposal,Negotiation,2025-01-10 14:00:00,S027
H0005305,O001400,Negotiation,Closed Won,2025-01-24 16:00:00,S027
H0005306,O001401,,Prospecting,2025-06-18 09:00:00,S004
H0005307,O001402,,Prospecting,2023-01-05 09:00:00,S026
H0005308,O001402,Prospecting,Qualification,2023-02-07 17:00:00,S026
H0005309,O001402,Qualification,Proposal,2023-02-16 11:00:00,S026
H0005310,O001402,Proposal,Negotiation,2023-03-07 11:00:00,S026
H0005311,O001402,Negotiation,Closed Won,2023-04-11 16:00:00,S026
H0005312,O001403,,Prospecting,2025-05-09 09:00:00,S005
H0005313,O001403,Prospecting,Qualification,2025-05-20 11:00:00,S005
H0005314,O001404,,Prospecting,2024-12-22 09:00:00,S014
H0005315,O001404,Prospecting,Qualification,2025-01-20 17:00:00,S014
H0005316,O001404,Qualification,Proposal,2025-02-01 13:00:00,S014
H0005317,O001404,Proposal,Negotiation,2025-03-30 09:00:00,S014
H0005318,O001404,Negotiation,Closed Won,2025-04-28 10:00:00,S014
H0005319,O001405,,Prospecting,2025-06-08 09:00:00,S025
H0005320,O001406,,Prospecting,2025-05-29 09:00:00,S033
H0005321,O001406,Prospecting,Qualification,2025-06-15 10:00:00,S033
H0005322,O001406,Qualification,Closed Lost,2025-06-27 13:00:00,S033
H0005323,O001407,,Prospecting,2023-11-02 09:00:00,S016
H0005324,O001407,Prospecting,Qualification,2023-11-20 13:00:00,S016
H0005325,O001407,Qualification,Proposal,2023-11-24 11:00:00,S016
H0005326,O001407,Proposal,Negotiation,2023-11-26 10:00:00,S016
H0005327,O001407,Negotiation,Closed Won,2023-12-08 15:00:00,S016
H0005328,O001408,,Prospecting,2023-08-18 09:00:00,S019
H0005329,O001408,Prospecting,Qualification,2023-08-24 08:00:00,S019
H0005330,O001408,Qualification,Proposal,2023-08-25 09:00:00,S019
H0005331,O001408,Proposal,Negotiation,2023-08-30 12:00:00,S019
H0005332,O001408,Negotiation,Closed Won,2023-09-16 11:00:00,S019
H0005333,O001409,,Prospecting,2024-08-25 09:00:00,S017
H0005334,O001409,Prospecting,Closed Lost,2024-11-20 16:00:00,S017
H0005335,O001410,,Prospecting,2024-05-14 09:00:00,S040
H0005336,O001410,Prospecting,Qualification,2024-06-02 09:00:00,S040
H0005337,O001410,Qualification,Closed Lost,2024-07-09 17:00:00,S040
H0005338,O001411,,Prospecting,2024-03-17 09:00:00,S034
H0005339,O001411,Prospecting,Qualification,2024-05-14 16:00:00,S034
H0005340,O001411,Qualification,Closed Lost,2024-05-17 17:00:00,S034
H0005341,O001412,,Prospecting,2024-10-25 09:00:00,S036
H0005342,O001412,Prospecting,Qualification,2024-11-06 14:00:00,S036
H0005343,O001412,Qualification,Proposal,2024-11-28 10:00:00,S036
H0005344,O001412,Proposal,Negotiation,2024-12-26 15:00:00,S036
H0005345,O001412,Negotiation,Closed Won,2024-12-28 13:00:00,S036
H0005346,O001413,,Prospecting,2023-05-15 09:00:00,S004
H0005347,O001413,Prospecting,Qualification,2023-05-17 10:00:00,S004
H0005348,O001413,Qualification,Closed Lost,2023-05-29 14:00:00,S004
H0005349,O001414,,Prospecting,2024-04-11 09:00:00,S008
H0005350,O001414,Prospecting,Qualification,2024-04-11 17:00:00,S008
H0005351,O001414,Qualification,Proposal,2024-04-15 17:00:00,S008
H0005352,O001414,Proposal,Negotiation,2024-04-20 09:00:00,S008
H0005353,O001414,Negotiation,Closed Lost,2024-04-29 17:00:00,S008
H0005354,O001415,,Prospecting,2024-02-12 09:00:00,S004
H0005355,O001415,Prospecting,Qualification,2024-02-17 10:00:00,S004
H0005356,O001415,Qualification,Proposal,2024-02-24 12:00:00,S004
H0005357,O001415,Proposal,Negotiation,2024-03-05 14:00:00,S004
H0005358,O001415,Negotiation,Closed Lost,2024-03-09 16:00:00,S004
H0005359,O001416,,Prospecting,2023-12-27 09:00:00,S040
H0005360,O001416,Prospecting,Qualification,2024-03-15 16:00:00,S040
H0005361,O001416,Qualification,Closed Lost,2024-04-16 09:00:00,S040
H0005362,O001417,,Prospecting,2025-01-04 09:00:00,S009
H0005363,O001417,Prospecting,Qualification,2025-01-15 17:00:00,S009
H0005364,O001417,Qualification,Proposal,2025-02-04 17:00:00,S009
H0005365,O001417,Proposal,Negotiation,2025-03-26 17:00:00,S009
H0005366,O001417,Negotiation,Closed Won,2025-04-05 17:00:00,S009
H0005367,O001418,,Prospecting,2024-12-19 09:00:00,S002
H0005368,O001418,Prospecting,Qualification,2025-01-24 08:00:00,S002
H0005369,O001418,Qualification,Proposal,2025-02-27 14:00:00,S002
H0005370,O001418,Proposal,Closed Lost,2025-03-11 13:00:00,S002
H0005371,O001419,,Prospecting,2024-07-25 09:00:00,S008
H0005372,O001419,Prospecting,Qualification,2024-08-04 11:00:00,S008
H0005373,O001419,Qualification,Proposal,2024-08-25 16:00:00,S008
H0005374,O001419,Proposal,Negotiation,2024-08-25 17:00:00,S008
H0005375,O001419,Negotiation,Closed Won,2024-08-31 17:00:00,S008
H0005376,O001420,,Prospecting,2024-04-14 09:00:00,S007
H0005377,O001420,Prospecting,Qualification,2024-04-19 10:00:00,S007
H0005378,O001420,Qualification,Proposal,2024-04-24 10:00:00,S007
H0005379,O001420,Proposal,Negotiation,2024-04-26 13:00:00,S007
H0005380,O001420,Negotiation,Closed Lost,2024-05-15 16:00:00,S007
H0005381,O001421,,Prospecting,2025-05-20 09:00:00,S022
H0005382,O001421,Prospecting,Qualification,2025-05-25 13:00:00,S022
H0005383,O001422,,Prospecting,2025-04-13 09:00:00,S037
H0005384,O001422,Prospecting,Qualification,2025-04-29 11:00:00,S037
H0005385,O001422,Qualification,Closed Lost,2025-05-02 16:00:00,S037
H0005386,O001423,,Prospecting,2025-06-06 09:00:00,S023
H0005387,O001423,Prospecting,Qualification,2025-06-12 13:00:00,S023
H0005388,O001424,,Prospecting,2024-10-29 09:00:00,S009
H0005389,O001424,Prospecting,Qualification,2024-12-04 08:00:00,S009
H0005390,O001424,Qualification,Proposal,2024-12-20 12:00:00,S009
H0005391,O001424,Proposal,Negotiation,2025-01-13 13:00:00,S009
H0005392,O001424,Negotiation,Closed Won,2025-01-26 11:00:00,S009
H0005393,O001425,,Prospecting,2025-06-04 09:00:00,S009
H0005394,O001425,Prospecting,Qualification,2025-06-17 09:00:00,S009
H0005395,O001425,Qualification,Closed Lost,2025-06-24 12:00:00,S009
H0005396,O001426,,Prospecting,2023-11-21 09:00:00,S019
H0005397,O001426,Prospecting,Qualification,2023-11-21 09:00:00,S019
H0005398,O001426,Qualification,Proposal,2023-12-08 12:00:00,S019
H0005399,O001426,Proposal,Negotiation,2023-12-25 11:00:00,S019
H0005400,O001426,Negotiation,Closed Won,2024-01-02 14:00:00,S019
H0005401,O001427,,Prospecting,2025-06-11 09:00:00,S002
H0005402,O001428,,Prospecting,2025-03-16 09:00:00,S020
H0005403,O001428,Prospecting,Qualification,2025-03-24 11:00:00,S020
H0005404,O001428,Qualification,Closed Lost,2025-04-06 10:00:00,S020
H0005405,O001429,,Prospecting,2024-11-30 09:00:00,S016
H0005406,O001429,Prospecting,Qualification,2024-12-31 08:00:00,S016
H0005407,O001429,Qualification,Proposal,2025-01-12 09:00:00,S016
H0005408,O001429,Proposal,Closed Lost,2025-06-01 15:00:00,S016
H0005409,O001430,,Prospecting,2024-07-28 09:00:00,S006
H0005410,O001430,Prospecting,Qualification,2024-11-10 10:00:00,S006
H0005411,O001430,Qualification,Closed Lost,2025-02-21 10:00:00,S006
H0005412,O001431,,Prospecting,2024-06-30 09:00:00,S002
H0005413,O001431,Prospecting,Closed Lost,2024-12-10 09:00:00,S002
H0005414,O001432,,Prospecting,2025-06-17 09:00:00,S001
H0005415,O001433,,Prospecting,2024-04-08 09:00:00,S020
H0005416,O001433,Prospecting,Qualification,2024-04-30 12:00:00,S020
H0005417,O001433,Qualification,Proposal,2024-05-19 15:00:00,S020
H0005418,O001433,Proposal,Negotiation,2024-05-27 08:00:00,S020
H0005419,O001433,Negotiation,Closed Won,2024-05-28 10:00:00,S020
H0005420,O001434,,Prospecting,2025-04-06 09:00:00,S029
H0005421,O001434,Prospecting,Qualification,2025-04-11 13:00:00,S029
H0005422,O001434,Qualification,Proposal,2025-04-14 16:00:00,S029
H0005423,O001434,Proposal,Negotiation,2025-05-06 10:00:00,S029
H0005424,O001434,Negotiation,Closed Lost,2025-05-29 15:00:00,S029
H0005425,O001435,,Prospecting,2024-07-13 09:00:00,S002
H0005426,O001435,Prospecting,Qualification,2024-07-23 13:00:00,S002
H0005427,O001435,Qualification,Closed Lost,2024-08-19 11:00:00,S002
H0005428,O001436,,Prospecting,2024-01-01 09:00:00,S006
H0005429,O001436,Prospecting,Qualification,2024-01-06 13:00:00,S006
H0005430,O001436,Qualification,Proposal,2024-02-02 14:00:00,S006
H0005431,O001436,Proposal,Negotiation,2024-03-26 14:00:00,S006
H0005432,O001436,Negotiation,Closed Lost,2024-04-21 11:00:00,S006
H0005433,O001437,,Prospecting,2025-03-07 09:00:00,S007
H0005434,O001437,Prospecting,Qualification,2025-03-21 10:00:00,S007
H0005435,O001437,Qualification,Proposal,2025-03-22 11:00:00,S007
H0005436,O001437,Proposal,Negotiation,2025-03-27 10:00:00,S007
H0005437,O001437,Negotiation,Closed Lost,2025-04-23 10:00:00,S007
H0005438,O001438,,Prospecting,2024-12-05 09:00:00,S037
H0005439,O001438,Prospecting,Qualification,2024-12-22 09:00:00,S037
H0005440,O001438,Qualification,Proposal,2024-12-30 17:00:00,S037
H0005441,O001438,Proposal,Negotiation,2025-01-01 16:00:00,S037
H0005442,O001438,Negotiation,Closed Won,2025-01-18 17:00:00,S037
H0005443,O001439,,Prospecting,2025-04-30 09:00:00,S027
H0005444,O001439,Prospecting,Qualification,2025-05-03 10:00:00,S027
H0005445,O001439,Qualification,Proposal,2025-05-20 12:00:00,S027
H0005446,O001439,Proposal,Negotiation,2025-05-21 15:00:00,S027
H0005447,O001439,Negotiation,Closed Lost,2025-05-28 11:00:00,S027
H0005448,O001440,,Prospecting,2024-07-27 09:00:00,S020
H0005449,O001440,Prospecting,Qualification,2024-08-13 11:00:00,S020
H0005450,O001440,Qualification,Closed Lost,2024-09-09 14:00:00,S020
H0005451,O001441,,Prospecting,2023-05-15 09:00:00,S016
H0005452,O001441,Prospecting,Qualification,2023-05-29 10:00:00,S016
H0005453,O001441,Qualification,Closed Lost,2023-06-10 16:00:00,S016
H0005454,O001442,,Prospecting,2023-04-30 09:00:00,S009
H0005455,O001442,Prospecting,Qualification,2023-05-08 09:00:00,S009
H0005456,O001442,Qualification,Proposal,2023-05-19 14:00:00,S009
H0005457,O001442,Proposal,Negotiation,2023-05-23 09:00:00,S009
H0005458,O001442,Negotiation,Closed Lost,2023-06-12 13:00:00,S009
H0005459,O001443,,Prospecting,2025-04-01 09:00:00,S005
H0005460,O001443,Prospecting,Qualification,2025-04-02 16:00:00,S005
H0005461,O001443,Qualification,Proposal,2025-04-02 12:00:00,S005
H0005462,O001443,Proposal,Negotiation,2025-05-04 16:00:00,S005
H0005463,O001443,Negotiation,Closed Won,2025-05-21 12:00:00,S005
H0005464,O001444,,Prospecting,2025-04-30 09:00:00,S011
H0005465,O001444,Prospecting,Qualification,2025-06-10 16:00:00,S011
H0005466,O001444,Qualification,Proposal,2025-06-15 15:00:00,S011
H0005467,O001444,Proposal,Closed Lost,2025-06-23 16:00:00,S011
H0005468,O001445,,Prospecting,2024-11-12 09:00:00,S010
H0005469,O001445,Prospecting,Qualification,2024-12-28 10:00:00,S010
H0005470,O001445,Qualification,Proposal,2024-12-30 16:00:00,S010
H0005471,O001445,Proposal,Closed Lost,2025-01-16 16:00:00,S010
H0005472,O001446,,Prospecting,2025-03-14 09:00:00,S012
H0005473,O001446,Prospecting,Qualification,2025-03-20 13:00:00,S012
H0005474,O001446,Qualification,Proposal,2025-03-24 15:00:00,S012
H0005475,O001446,Proposal,Negotiation,2025-04-16 16:00:00,S012
H0005476,O001446,Negotiation,Closed Won,2025-04-25 10:00:00,S012
H0005477,O001447,,Prospecting,2023-04-26 09:00:00,S002
H0005478,O001447,Prospecting,Qualification,2023-05-21 14:00:00,S002
H0005479,O001447,Qualification,Proposal,2023-11-13 11:00:00,S002
H0005480,O001447,Proposal,Negotiation,2023-11-15 16:00:00,S002
H0005481,O001447,Negotiation,Closed Won,2023-11-20 09:00:00,S002
H0005482,O001448,,Prospecting,2024-10-06 09:00:00,S039
H0005483,O001448,Prospecting,Qualification,2024-10-07 11:00:00,S039
H0005484,O001448,Qualification,Proposal,2024-10-13 17:00:00,S039
H0005485,O001448,Proposal,Negotiation,2024-10-17 16:00:00,S039
H0005486,O001448,Negotiation,Closed Lost,2024-11-25 16:00:00,S039
H0005487,O001449,,Prospecting,2023-11-30 09:00:00,S005
H0005488,O001449,Prospecting,Qualification,2023-11-30 10:00:00,S005
H0005489,O001449,Qualification,Closed Lost,2024-02-29 14:00:00,S005
H0005490,O001450,,Prospecting,2025-06-13 09:00:00,S002
H0005491,O001451,,Prospecting,2024-11-07 09:00:00,S012
H0005492,O001451,Prospecting,Qualification,2024-11-24 08:00:00,S012
H0005493,O001451,Qualification,Closed Lost,2024-11-27 12:00:00,S012
H0005494,O001452,,Prospecting,2023-09-22 09:00:00,S012
H0005495,O001452,Prospecting,Closed Lost,2023-12-08 13:00:00,S012
H0005496,O001453,,Prospecting,2024-10-25 09:00:00,S032
H0005497,O001453,Prospecting,Closed Lost,2024-11-19 09:00:00,S032
H0005498,O001454,,Prospecting,2024-07-10 09:00:00,S010
H0005499,O001454,Prospecting,Qualification,2024-07-11 11:00:00,S010
H0005500,O001454,Qualification,Proposal,2024-07-18 12:00:00,S010
H0005501,O001454,Proposal,Negotiation,2024-09-22 16:00:00,S010
H0005502,O001454,Negotiation,Closed Won,2024-09-30 13:00:00,S010
H0005503,O001455,,Prospecting,2023-07-22 09:00:00,S022
H0005504,O001455,Prospecting,Qualification,2023-07-23 17:00:00,S022
H0005505,O001455,Qualification,Proposal,2023-09-14 17:00:00,S022
H0005506,O001455,Proposal,Negotiation,2023-10-08 15:00:00,S022
H0005507,O001455,Negotiation,Closed Won,2023-10-11 13:00:00,S022
H0005508,O001456,,Prospecting,2023-10-05 09:00:00,S027
H0005509,O001456,Prospecting,Qualification,2023-10-25 12:00:00,S027
H0005510,O001456,Qualification,Proposal,2023-10-29 09:00:00,S027
H0005511,O001456,Proposal,Negotiation,2023-11-01 16:00:00,S027
H0005512,O001456,Negotiation,Closed Won,2023-11-11 12:00:00,S027
H0005513,O001457,,Prospecting,2025-05-07 09:00:00,S037
H0005514,O001457,Prospecting,Qualification,2025-05-18 15:00:00,S037
H0005515,O001457,Qualification,Proposal,2025-05-23 11:00:00,S037
H0005516,O001457,Proposal,Negotiation,2025-05-25 17:00:00,S037
H0005517,O001457,Negotiation,Closed Lost,2025-05-28 15:00:00,S037
H0005518,O001458,,Prospecting,2025-02-11 09:00:00,S005
H0005519,O001458,Prospecting,Qualification,2025-02-18 11:00:00,S005
H0005520,O001458,Qualification,Proposal,2025-04-29 12:00:00,S005
H0005521,O001458,Proposal,Negotiation,2025-05-02 14:00:00,S005
H0005522,O001459,,Prospecting,2023-06-11 09:00:00,S034
H0005523,O001459,Prospecting,Qualification,2023-08-13 14:00:00,S034
H0005524,O001459,Qualification,Closed Lost,2023-09-06 16:00:00,S034
H0005525,O001460,,Prospecting,2025-02-14 09:00:00,S001
H0005526,O001460,Prospecting,Closed Lost,2025-03-01 10:00:00,S001
H0005527,O001461,,Prospecting,2023-10-15 09:00:00,S009
H0005528,O001461,Prospecting,Qualification,2023-10-21 15:00:00,S009
H0005529,O001461,Qualification,Proposal,2023-11-07 11:00:00,S009
H0005530,O001461,Proposal,Negotiation,2023-11-17 17:00:00,S009
H0005531,O001461,Negotiation,Closed Lost,2023-11-24 13:00:00,S009
H0005532,O001462,,Prospecting,2023-02-17 09:00:00,S011
H0005533,O001462,Prospecting,Qualification,2023-03-09 14:00:00,S011
H0005534,O001462,Qualification,Closed Lost,2023-03-14 16:00:00,S011
H0005535,O001463,,Prospecting,2025-02-21 09:00:00,S037
H0005536,O001463,Prospecting,Qualification,2025-03-05 17:00:00,S037
H0005537,O001463,Qualification,Proposal,2025-03-19 08:00:00,S037
H0005538,O001463,Proposal,Negotiation,2025-04-16 13:00:00,S037
H0005539,O001463,Negotiation,Closed Won,2025-05-02 14:00:00,S037
H0005540,O001464,,Prospecting,2025-05-11 09:00:00,S011
H0005541,O001464,Prospecting,Qualification,2025-05-31 08:00:00,S011
H0005542,O001464,Qualification,Proposal,2025-06-05 12:00:00,S011
H0005543,O001465,,Prospecting,2025-01-14 09:00:00,S037
H0005544,O001465,Prospecting,Qualification,2025-01-22 09:00:00,S037
H0005545,O001465,Qualification,Closed Lost,2025-02-08 16:00:00,S037
H0005546,O001466,,Prospecting,2025-02-04 09:00:00,S022
H0005547,O001466,Prospecting,Qualification,2025-02-10 09:00:00,S022
H0005548,O001466,Qualification,Proposal,2025-02-11 09:00:00,S022
H0005549,O001466,Proposal,Negotiation,2025-02-13 10:00:00,S022
H0005550,O001466,Negotiation,Closed Lost,2025-02-17 09:00:00,S022
H0005551,O001467,,Prospecting,2025-02-24 09:00:00,S016
H0005552,O001467,Prospecting,Qualification,2025-02-25 08:00:00,S016
H0005553,O001467,Qualification,Proposal,2025-03-14 15:00:00,S016
H0005554,O001467,Proposal,Negotiation,2025-05-04 09:00:00,S016
H0005555,O001468,,Prospecting,2025-03-29 09:00:00,S016
H0005556,O001468,Prospecting,Qualification,2025-04-16 12:00:00,S016
H0005557,O001468,Qualification,Proposal,2025-04-23 16:00:00,S016
H0005558,O001468,Proposal,Negotiation,2025-05-12 15:00:00,S016
H0005559,O001468,Negotiation,Closed Lost,2025-06-03 11:00:00,S016
H0005560,O001469,,Prospecting,2025-04-08 09:00:00,S024
H0005561,O001469,Prospecting,Qualification,2025-05-01 16:00:00,S024
H0005562,O001469,Qualification,Closed Lost,2025-05-02 09:00:00,S024
H0005563,O001470,,Prospecting,2025-02-04 09:00:00,S003
H0005564,O001470,Prospecting,Closed Lost,2025-04-30 13:00:00,S003
H0005565,O001471,,Prospecting,2025-04-04 09:00:00,S001
H0005566,O001471,Prospecting,Closed Lost,2025-05-13 15:00:00,S001
H0005567,O001472,,Prospecting,2024-08-08 09:00:00,S011
H0005568,O001472,Prospecting,Qualification,2024-08-08 11:00:00,S011
H0005569,O001472,Qualification,Proposal,2024-08-13 16:00:00,S011
H0005570,O001472,Proposal,Closed Lost,2024-08-26 15:00:00,S011
H0005571,O001473,,Prospecting,2024-10-06 09:00:00,S035
H0005572,O001473,Prospecting,Qualification,2024-10-23 12:00:00,S035
H0005573,O001473,Qualification,Proposal,2024-10-23 13:00:00,S035
H0005574,O001473,Proposal,Closed Lost,2024-11-03 12:00:00,S035
H0005575,O001474,,Prospecting,2024-10-08 09:00:00,S035
H0005576,O001474,Prospecting,Qualification,2024-11-03 15:00:00,S035
H0005577,O001474,Qualification,Proposal,2024-11-20 13:00:00,S035
H0005578,O001474,Proposal,Negotiation,2024-11-24 15:00:00,S035
H0005579,O001474,Negotiation,Closed Won,2024-12-02 16:00:00,S035
H0005580,O001475,,Prospecting,2025-06-11 09:00:00,S033
H0005581,O001475,Prospecting,Qualification,2025-06-13 12:00:00,S033
H0005582,O001475,Qualification,Proposal,2025-06-13 12:00:00,S033
H0005583,O001475,Proposal,Negotiation,2025-06-14 11:00:00,S033
H0005584,O001475,Negotiation,Closed Lost,2025-06-18 10:00:00,S033
H0005585,O001476,,Prospecting,2023-08-26 09:00:00,S012
H0005586,O001476,Prospecting,Qualification,2023-08-31 09:00:00,S012
H0005587,O001476,Qualification,Proposal,2023-09-02 13:00:00,S012
H0005588,O001476,Proposal,Negotiation,2023-09-11 17:00:00,S012
H0005589,O001476,Negotiation,Closed Won,2023-11-11 15:00:00,S012
H0005590,O001477,,Prospecting,2024-03-19 09:00:00,S002
H0005591,O001477,Prospecting,Closed Lost,2024-04-10 14:00:00,S002
H0005592,O001478,,Prospecting,2025-03-21 09:00:00,S012
H0005593,O001478,Prospecting,Qualification,2025-04-03 15:00:00,S012
H0005594,O001478,Qualification,Proposal,2025-04-16 10:00:00,S012
H0005595,O001478,Proposal,Closed Lost,2025-04-23 15:00:00,S012
H0005596,O001479,,Prospecting,2024-01-08 09:00:00,S021
H0005597,O001479,Prospecting,Qualification,2024-01-24 15:00:00,S021
H0005598,O001479,Qualification,Proposal,2024-02-16 15:00:00,S021
H0005599,O001479,Proposal,Negotiation,2024-03-01 15:00:00,S021
H0005600,O001479,Negotiation,Closed Lost,2024-03-18 10:00:00,S021
H0005601,O001480,,Prospecting,2025-03-20 09:00:00,S015
H0005602,O001480,Prospecting,Closed Lost,2025-05-17 10:00:00,S015
H0005603,O001481,,Prospecting,2024-03-07 09:00:00,S038
H0005604,O001481,Prospecting,Qualification,2024-04-12 10:00:00,S038
H0005605,O001481,Qualification,Proposal,2024-04-19 15:00:00,S038
H0005606,O001481,Proposal,Negotiation,2024-05-27 15:00:00,S038
H0005607,O001481,Negotiation,Closed Won,2024-06-04 15:00:00,S038
H0005608,O001482,,Prospecting,2023-07-30 09:00:00,S037
H0005609,O001482,Prospecting,Closed Lost,2023-09-13 15:00:00,S037
H0005610,O001483,,Prospecting,2024-10-12 09:00:00,S004
H0005611,O001483,Prospecting,Qualification,2024-11-02 08:00:00,S004
H0005612,O001483,Qualification,Closed Lost,2024-11-09 15:00:00,S004
H0005613,O001484,,Prospecting,2023-09-09 09:00:00,S009
H0005614,O001484,Prospecting,Qualification,2023-09-27 13:00:00,S009
H0005615,O001484,Qualification,Proposal,2023-12-07 13:00:00,S009
H0005616,O001484,Proposal,Negotiation,2024-03-23 09:00:00,S009
H0005617,O001484,Negotiation,Closed Lost,2024-04-11 09:00:00,S009
H0005618,O001485,,Prospecting,2023-11-10 09:00:00,S011
H0005619,O001485,Prospecting,Closed Lost,2023-12-21 10:00:00,S011
H0005620,O001486,,Prospecting,2025-02-28 09:00:00,S004
H0005621,O001486,Prospecting,Qualification,2025-03-05 15:00:00,S004
H0005622,O001486,Qualification,Proposal,2025-03-11 08:00:00,S004
H0005623,O001486,Proposal,Negotiation,2025-03-12 17:00:00,S004
H0005624,O001486,Negotiation,Closed Won,2025-03-21 14:00:00,S004
H0005625,O001487,,Prospecting,2023-08-16 09:00:00,S008
H0005626,O001487,Prospecting,Qualification,2023-08-31 12:00:00,S008
H0005627,O001487,Qualification,Proposal,2023-09-10 09:00:00,S008
H0005628,O001487,Proposal,Negotiation,2023-09-17 17:00:00,S008
H0005629,O001487,Negotiation,Closed Won,2023-11-07 10:00:00,S008
H0005630,O001488,,Prospecting,2023-05-13 09:00:00,S017
H0005631,O001488,Prospecting,Closed Lost,2023-07-10 13:00:00,S017
H0005632,O001489,,Prospecting,2025-06-01 09:00:00,S008
H0005633,O001489,Prospecting,Qualification,2025-06-05 08:00:00,S008
H0005634,O001490,,Prospecting,2024-06-09 09:00:00,S032
H0005635,O001490,Prospecting,Qualification,2024-07-01 09:00:00,S032
H0005636,O001490,Qualification,Closed Lost,2024-08-01 09:00:00,S032
H0005637,O001491,,Prospecting,2024-03-10 09:00:00,S037
H0005638,O001491,Prospecting,Qualification,2024-03-15 15:00:00,S037
H0005639,O001491,Qualification,Proposal,2024-03-16 17:00:00,S037
H0005640,O001491,Proposal,Negotiation,2024-03-28 16:00:00,S037
H0005641,O001491,Negotiation,Closed Lost,2024-04-22 17:00:00,S037
H0005642,O001492,,Prospecting,2023-06-30 09:00:00,S035
H0005643,O001492,Prospecting,Closed Lost,2023-07-20 17:00:00,S035
H0005644,O001493,,Prospecting,2025-06-02 09:00:00,S009
H0005645,O001493,Prospecting,Qualification,2025-06-05 17:00:00,S009
H0005646,O001494,,Prospecting,2025-01-15 09:00:00,S039
H0005647,O001494,Prospecting,Qualification,2025-01-16 13:00:00,S039
H0005648,O001494,Qualification,Proposal,2025-02-07 14:00:00,S039
H0005649,O001494,Proposal,Closed Lost,2025-02-20 16:00:00,S039
H0005650,O001495,,Prospecting,2025-02-05 09:00:00,S037
H0005651,O001495,Prospecting,Qualification,2025-02-10 14:00:00,S037
H0005652,O001495,Qualification,Proposal,2025-02-20 11:00:00,S037
H0005653,O001495,Proposal,Closed Lost,2025-03-01 11:00:00,S037
H0005654,O001496,,Prospecting,2025-05-18 09:00:00,S016
H0005655,O001496,Prospecting,Qualification,2025-05-23 13:00:00,S016
H0005656,O001497,,Prospecting,2025-05-09 09:00:00,S006
H0005657,O001497,Prospecting,Qualification,2025-05-17 15:00:00,S006
H0005658,O001497,Qualification,Proposal,2025-05-17 08:00:00,S006
H0005659,O001497,Proposal,Negotiation,2025-06-14 14:00:00,S006
H0005660,O001498,,Prospecting,2024-05-22 09:00:00,S028
H0005661,O001498,Prospecting,Qualification,2024-05-27 09:00:00,S028
H0005662,O001498,Qualification,Proposal,2024-06-13 09:00:00,S028
H0005663,O001498,Proposal,Negotiation,2024-07-21 15:00:00,S028
H0005664,O001498,Negotiation,Closed Won,2024-08-09 13:00:00,S028
H0005665,O001499,,Prospecting,2025-04-25 09:00:00,S022
H0005666,O001499,Prospecting,Closed Lost,2025-05-28 17:00:00,S022
H0005667,O001500,,Prospecting,2025-01-31 09:00:00,S020
H0005668,O001500,Prospecting,Qualification,2025-02-05 13:00:00,S020
H0005669,O001500,Qualification,Proposal,2025-02-11 15:00:00,S020
H0005670,O001500,Proposal,Closed Lost,2025-04-01 16:00:00,S020
H0005671,O001501,,Prospecting,2025-02-14 09:00:00,S031
H0005672,O001501,Prospecting,Qualification,2025-02-18 09:00:00,S031
H0005673,O001501,Qualification,Proposal,2025-02-19 15:00:00,S031
H0005674,O001501,Proposal,Negotiation,2025-02-27 09:00:00,S031
H0005675,O001501,Negotiation,Closed Lost,2025-03-03 14:00:00,S031
H0005676,O001502,,Prospecting,2025-02-12 09:00:00,S040
H0005677,O001502,Prospecting,Qualification,2025-05-20 13:00:00,S040
H0005678,O001502,Qualification,Closed Lost,2025-06-12 17:00:00,S040
H0005679,O001503,,Prospecting,2023-10-04 09:00:00,S009
H0005680,O001503,Prospecting,Qualification,2023-10-23 16:00:00,S009
H0005681,O001503,Qualification,Proposal,2023-11-25 17:00:00,S009
H0005682,O001503,Proposal,Closed Lost,2023-11-27 13:00:00,S009
H0005683,O001504,,Prospecting,2023-03-09 09:00:00,S023
H0005684,O001504,Prospecting,Qualification,2023-03-21 16:00:00,S023
H0005685,O001504,Qualification,Proposal,2023-03-21 15:00:00,S023
H0005686,O001504,Proposal,Negotiation,2023-03-31 13:00:00,S023
H0005687,O001504,Negotiation,Closed Won,2023-04-03 10:00:00,S023
H0005688,O001505,,Prospecting,2024-08-25 09:00:00,S016
H0005689,O001505,Prospecting,Qualification,2024-08-28 14:00:00,S016
H0005690,O001505,Qualification,Closed Lost,2024-11-26 11:00:00,S016
H0005691,O001506,,Prospecting,2025-05-01 09:00:00,S021
H0005692,O001506,Prospecting,Qualification,2025-05-08 12:00:00,S021
H0005693,O001506,Qualification,Proposal,2025-05-14 14:00:00,S021
H0005694,O001507,,Prospecting,2025-05-15 09:00:00,S028
H0005695,O001507,Prospecting,Qualification,2025-05-19 09:00:00,S028
H0005696,O001507,Qualification,Proposal,2025-06-02 11:00:00,S028
H0005697,O001508,,Prospecting,2024-01-20 09:00:00,S016
H0005698,O001508,Prospecting,Qualification,2024-02-17 09:00:00,S016
H0005699,O001508,Qualification,Proposal,2024-02-29 12:00:00,S016
H0005700,O001508,Proposal,Closed Lost,2024-03-27 17:00:00,S016
H0005701,O001509,,Prospecting,2024-03-10 09:00:00,S040
H0005702,O001509,Prospecting,Closed Lost,2024-05-20 14:00:00,S040
H0005703,O001510,,Prospecting,2025-05-03 09:00:00,S004
H0005704,O001510,Prospecting,Qualification,2025-05-18 17:00:00,S004
H0005705,O001510,Qualification,Proposal,2025-06-05 15:00:00,S004
H0005706,O001510,Proposal,Negotiation,2025-06-06 08:00:00,S004
H0005707,O001510,Negotiation,Closed Won,2025-06-17 17:00:00,S004
H0005708,O001511,,Prospecting,2024-10-25 09:00:00,S040
H0005709,O001511,Prospecting,Qualification,2025-03-12 14:00:00,S040
H0005710,O001511,Qualification,Proposal,2025-03-20 08:00:00,S040
H0005711,O001511,Proposal,Negotiation,2025-03-20 13:00:00,S040
H0005712,O001511,Negotiation,Closed Lost,2025-04-03 15:00:00,S040
H0005713,O001512,,Prospecting,2023-06-15 09:00:00,S012
H0005714,O001512,Prospecting,Closed Lost,2023-08-19 17:00:00,S012
H0005715,O001513,,Prospecting,2024-05-31 09:00:00,S029
H0005716,O001513,Prospecting,Qualification,2024-06-17 17:00:00,S029
H0005717,O001513,Qualification,Proposal,2024-06-18 17:00:00,S029
H0005718,O001513,Proposal,Closed Lost,2024-06-19 11:00:00,S029
H0005719,O001514,,Prospecting,2024-07-04 09:00:00,S031
H0005720,O001514,Prospecting,Qualification,2024-07-16 10:00:00,S031
H0005721,O001514,Qualification,Closed Lost,2024-07-19 13:00:00,S031
H0005722,O001515,,Prospecting,2024-12-18 09:00:00,S017
H0005723,O001515,Prospecting,Qualification,2024-12-30 14:00:00,S017
H0005724,O001515,Qualification,Closed Lost,2025-01-17 17:00:00,S017
H0005725,O001516,,Prospecting,2025-02-07 09:00:00,S011
H0005726,O001516,Prospecting,Qualification,2025-02-21 09:00:00,S011
H0005727,O001516,Qualification,Closed Lost,2025-03-12 11:00:00,S011
H0005728,O001517,,Prospecting,2024-11-24 09:00:00,S026
H0005729,O001517,Prospecting,Qualification,2024-12-06 12:00:00,S026
H0005730,O001517,Qualification,Proposal,2025-01-06 11:00:00,S026
H0005731,O001517,Proposal,Negotiation,2025-01-06 08:00:00,S026
H0005732,O001517,Negotiation,Closed Lost,2025-01-27 12:00:00,S026
H0005733,O001518,,Prospecting,2025-02-10 09:00:00,S012
H0005734,O001518,Prospecting,Closed Lost,2025-04-27 15:00:00,S012
H0005735,O001519,,Prospecting,2023-08-20 09:00:00,S016
H0005736,O001519,Prospecting,Closed Lost,2023-12-23 12:00:00,S016
H0005737,O001520,,Prospecting,2025-02-07 09:00:00,S023
H0005738,O001520,Prospecting,Closed Lost,2025-04-12 17:00:00,S023
H0005739,O001521,,Prospecting,2023-07-27 09:00:00,S031
H0005740,O001521,Prospecting,Qualification,2023-08-01 14:00:00,S031
H0005741,O001521,Qualification,Proposal,2023-08-02 14:00:00,S031
H0005742,O001521,Proposal,Negotiation,2023-08-02 14:00:00,S031
H0005743,O001521,Negotiation,Closed Lost,2023-08-05 16:00:00,S031
H0005744,O001522,,Prospecting,2023-09-21 09:00:00,S038
H0005745,O001522,Prospecting,Qualification,2023-09-23 13:00:00,S038
H0005746,O001522,Qualification,Proposal,2023-11-29 10:00:00,S038
H0005747,O001522,Proposal,Negotiation,2024-01-26 17:00:00,S038
H0005748,O001522,Negotiation,Closed Lost,2024-02-16 11:00:00,S038
H0005749,O001523,,Prospecting,2025-06-13 09:00:00,S020
H0005750,O001524,,Prospecting,2023-04-18 09:00:00,S016
H0005751,O001524,Prospecting,Qualification,2023-04-23 09:00:00,S016
H0005752,O001524,Qualification,Proposal,2023-05-23 14:00:00,S016
H0005753,O001524,Proposal,Negotiation,2023-07-09 13:00:00,S016
H0005754,O001524,Negotiation,Closed Lost,2023-07-15 15:00:00,S016
H0005755,O001525,,Prospecting,2025-06-12 09:00:00,S028
H0005756,O001525,Prospecting,Qualification,2025-06-15 17:00:00,S028
H0005757,O001525,Qualification,Proposal,2025-06-19 08:00:00,S028
H0005758,O001525,Proposal,Negotiation,2025-06-24 08:00:00,S028
H0005759,O001525,Negotiation,Closed Won,2025-06-27 13:00:00,S028
H0005760,O001526,,Prospecting,2023-03-18 09:00:00,S008
H0005761,O001526,Prospecting,Qualification,2023-04-05 12:00:00,S008
H0005762,O001526,Qualification,Proposal,2023-04-20 10:00:00,S008
H0005763,O001526,Proposal,Closed Lost,2023-05-09 13:00:00,S008
H0005764,O001527,,Prospecting,2024-03-31 09:00:00,S038
H0005765,O001527,Prospecting,Qualification,2024-04-04 08:00:00,S038
H0005766,O001527,Qualification,Proposal,2024-04-09 15:00:00,S038
H0005767,O001527,Proposal,Negotiation,2024-06-15 09:00:00,S038
H0005768,O001527,Negotiation,Closed Won,2024-06-25 13:00:00,S038
H0005769,O001528,,Prospecting,2023-01-12 09:00:00,S014
H0005770,O001528,Prospecting,Qualification,2023-01-15 15:00:00,S014
H0005771,O001528,Qualification,Proposal,2023-01-20 16:00:00,S014
H0005772,O001528,Proposal,Negotiation,2023-01-27 10:00:00,S014
H0005773,O001528,Negotiation,Closed Won,2023-02-13 10:00:00,S014
H0005774,O001529,,Prospecting,2025-01-26 09:00:00,S005
H0005775,O001529,Prospecting,Qualification,2025-03-07 09:00:00,S005
H0005776,O001529,Qualification,Proposal,2025-03-26 11:00:00,S005
H0005777,O001529,Proposal,Negotiation,2025-04-25 14:00:00,S005
H0005778,O001529,Negotiation,Closed Lost,2025-05-13 13:00:00,S005
H0005779,O001530,,Prospecting,2025-03-23 09:00:00,S016
H0005780,O001530,Prospecting,Qualification,2025-04-14 16:00:00,S016
H0005781,O001530,Qualification,Proposal,2025-04-27 13:00:00,S016
H0005782,O001530,Proposal,Negotiation,2025-05-28 12:00:00,S016
H0005783,O001530,Negotiation,Closed Lost,2025-06-06 17:00:00,S016
H0005784,O001531,,Prospecting,2025-04-01 09:00:00,S025
H0005785,O001531,Prospecting,Qualification,2025-05-23 11:00:00,S025
H0005786,O001531,Qualification,Proposal,2025-06-01 08:00:00,S025
H0005787,O001531,Proposal,Negotiation,2025-06-25 17:00:00,S025
H0005788,O001532,,Prospecting,2023-12-11 09:00:00,S029
H0005789,O001532,Prospecting,Qualification,2023-12-12 12:00:00,S029
H0005790,O001532,Qualification,Proposal,2024-01-07 14:00:00,S029
H0005791,O001532,Proposal,Negotiation,2024-01-19 11:00:00,S029
H0005792,O001532,Negotiation,Closed Won,2024-01-24 17:00:00,S029
H0005793,O001533,,Prospecting,2025-04-23 09:00:00,S021
H0005794,O001533,Prospecting,Qualification,2025-05-16 12:00:00,S021
H0005795,O001533,Qualification,Proposal,2025-05-24 13:00:00,S021
H0005796,O001533,Proposal,Negotiation,2025-06-13 11:00:00,S021
H0005797,O001533,Negotiation,Closed Won,2025-06-18 12:00:00,S021
H0005798,O001534,,Prospecting,2025-03-26 09:00:00,S030
H0005799,O001534,Prospecting,Qualification,2025-03-30 16:00:00,S030
H0005800,O001534,Qualification,Proposal,2025-04-03 10:00:00,S030
H0005801,O001534,Proposal,Negotiation,2025-04-12 13:00:00,S030
H0005802,O001534,Negotiation,Closed Lost,2025-05-19 14:00:00,S030
H0005803,O001535,,Prospecting,2024-10-27 09:00:00,S009
H0005804,O001535,Prospecting,Qualification,2024-11-01 11:00:00,S009
H0005805,O001535,Qualification,Closed Lost,2025-02-10 13:00:00,S009
H0005806,O001536,,Prospecting,2025-04-23 09:00:00,S030
H0005807,O001536,Prospecting,Qualification,2025-05-18 09:00:00,S030
H0005808,O001536,Qualification,Proposal,2025-05-23 13:00:00,S030
H0005809,O001536,Proposal,Negotiation,2025-05-29 10:00:00,S030
H0005810,O001536,Negotiation,Closed Lost,2025-05-31 13:00:00,S030
H0005811,O001537,,Prospecting,2025-06-08 09:00:00,S040
H0005812,O001538,,Prospecting,2024-10-10 09:00:00,S010
H0005813,O001538,Prospecting,Qualification,2024-11-02 17:00:00,S010
H0005814,O001538,Qualification,Proposal,2024-11-08 11:00:00,S010
H0005815,O001538,Proposal,Negotiation,2024-11-16 10:00:00,S010
H0005816,O001538,Negotiation,Closed Lost,2024-12-18 16:00:00,S010
H0005817,O001539,,Prospecting,2023-07-01 09:00:00,S010
H0005818,O001539,Prospecting,Qualification,2023-07-15 16:00:00,S010
H0005819,O001539,Qualification,Proposal,2023-07-25 13:00:00,S010
H0005820,O001539,Proposal,Negotiation,2023-09-11 16:00:00,S010
H0005821,O001539,Negotiation,Closed Won,2023-10-09 14:00:00,S010
H0005822,O001540,,Prospecting,2024-10-10 09:00:00,S031
H0005823,O001540,Prospecting,Qualification,2024-10-24 17:00:00,S031
H0005824,O001540,Qualification,Proposal,2024-10-31 10:00:00,S031
H0005825,O001540,Proposal,Negotiation,2024-11-07 09:00:00,S031
H0005826,O001540,Negotiation,Closed Won,2024-11-22 10:00:00,S031
H0005827,O001541,,Prospecting,2023-04-07 09:00:00,S032
H0005828,O001541,Prospecting,Closed Lost,2023-04-26 15:00:00,S032
H0005829,O001542,,Prospecting,2025-03-26 09:00:00,S027
H0005830,O001542,Prospecting,Qualification,2025-04-02 09:00:00,S027
H0005831,O001542,Qualification,Proposal,2025-04-05 17:00:00,S027
H0005832,O001542,Proposal,Negotiation,2025-04-18 16:00:00,S027
H0005833,O001542,Negotiation,Closed Lost,2025-04-23 12:00:00,S027
H0005834,O001543,,Prospecting,2023-07-30 09:00:00,S018
H0005835,O001543,Prospecting,Qualification,2023-08-03 11:00:00,S018
H0005836,O001543,Qualification,Proposal,2023-08-08 12:00:00,S018
H0005837,O001543,Proposal,Closed Lost,2023-08-23 12:00:00,S018
H0005838,O001544,,Prospecting,2025-02-05 09:00:00,S016
H0005839,O001544,Prospecting,Qualification,2025-03-23 15:00:00,S016
H0005840,O001544,Qualification,Proposal,2025-04-06 15:00:00,S016
H0005841,O001544,Proposal,Closed Lost,2025-06-18 11:00:00,S016
H0005842,O001545,,Prospecting,2025-04-28 09:00:00,S022
H0005843,O001545,Prospecting,Qualification,2025-05-13 08:00:00,S022
H0005844,O001545,Qualification,Proposal,2025-05-18 12:00:00,S022
H0005845,O001546,,Prospecting,2024-08-30 09:00:00,S027
H0005846,O001546,Prospecting,Qualification,2024-09-08 13:00:00,S027
H0005847,O001546,Qualification,Proposal,2024-11-05 11:00:00,S027
H0005848,O001546,Proposal,Negotiation,2025-01-23 14:00:00,S027
H0005849,O001546,Negotiation,Closed Won,2025-02-03 15:00:00,S027
H0005850,O001547,,Prospecting,2025-03-15 09:00:00,S021
H0005851,O001547,Prospecting,Qualification,2025-03-15 17:00:00,S021
H0005852,O001547,Qualification,Proposal,2025-03-24 14:00:00,S021
H0005853,O001547,Proposal,Negotiation,2025-03-28 16:00:00,S021
H0005854,O001547,Negotiation,Closed Lost,2025-05-27 10:00:00,S021
H0005855,O001548,,Prospecting,2024-09-15 09:00:00,S002
H0005856,O001548,Prospecting,Qualification,2024-09-16 14:00:00,S002
H0005857,O001548,Qualification,Proposal,2024-09-24 08:00:00,S002
H0005858,O001548,Proposal,Closed Lost,2024-10-17 09:00:00,S002
H0005859,O001549,,Prospecting,2023-01-29 09:00:00,S036
H0005860,O001549,Prospecting,Qualification,2023-02-26 13:00:00,S036
H0005861,O001549,Qualification,Proposal,2023-03-08 08:00:00,S036
H0005862,O001549,Proposal,Negotiation,2023-04-09 16:00:00,S036
H0005863,O001549,Negotiation,Closed Won,2023-05-09 13:00:00,S036
H0005864,O001550,,Prospecting,2023-11-30 09:00:00,S015
H0005865,O001550,Prospecting,Qualification,2023-12-11 10:00:00,S015
H0005866,O001550,Qualification,Proposal,2023-12-23 11:00:00,S015
H0005867,O001550,Proposal,Negotiation,2023-12-26 10:00:00,S015
H0005868,O001550,Negotiation,Closed Lost,2023-12-31 10:00:00,S015
H0005869,O001551,,Prospecting,2023-04-02 09:00:00,S016
H0005870,O001551,Prospecting,Qualification,2023-04-06 16:00:00,S016
H0005871,O001551,Qualification,Proposal,2023-04-09 16:00:00,S016
H0005872,O001551,Proposal,Negotiation,2023-05-16 17:00:00,S016
H0005873,O001551,Negotiation,Closed Won,2023-08-01 16:00:00,S016
H0005874,O001552,,Prospecting,2025-02-07 09:00:00,S033
H0005875,O001552,Prospecting,Closed Lost,2025-02-26 14:00:00,S033
H0005876,O001553,,Prospecting,2024-08-20 09:00:00,S009
H0005877,O001553,Prospecting,Qualification,2024-11-08 10:00:00,S009
H0005878,O001553,Qualification,Proposal,2024-11-29 17:00:00,S009
H0005879,O001553,Proposal,Negotiation,2024-12-08 16:00:00,S009
H0005880,O001553,Negotiation,Closed Won,2024-12-16 17:00:00,S009
H0005881,O001554,,Prospecting,2024-03-01 09:00:00,S034
H0005882,O001554,Prospecting,Closed Lost,2024-04-16 11:00:00,S034
H0005883,O001555,,Prospecting,2025-02-04 09:00:00,S008
H0005884,O001555,Prospecting,Qualification,2025-03-25 17:00:00,S008
H0005885,O001555,Qualification,Closed Lost,2025-03-26 16:00:00,S008
H0005886,O001556,,Prospecting,2023-07-22 09:00:00,S021
H0005887,O001556,Prospecting,Qualification,2023-08-16 15:00:00,S021
H0005888,O001556,Qualification,Closed Lost,2023-08-31 10:00:00,S021
H0005889,O001557,,Prospecting,2023-08-31 09:00:00,S016
H0005890,O001557,Prospecting,Qualification,2023-09-04 16:00:00,S016
H0005891,O001557,Qualification,Proposal,2023-10-18 14:00:00,S016
H0005892,O001557,Proposal,Negotiation,2023-11-16 10:00:00,S016
H0005893,O001557,Negotiation,Closed Won,2024-01-02 13:00:00,S016
H0005894,O001558,,Prospecting,2025-05-30 09:00:00,S016
H0005895,O001558,Prospecting,Qualification,2025-06-02 12:00:00,S016
H0005896,O001559,,Prospecting,2025-04-18 09:00:00,S009
H0005897,O001559,Prospecting,Qualification,2025-04-18 14:00:00,S009
H0005898,O001559,Qualification,Proposal,2025-05-19 17:00:00,S009
H0005899,O001559,Proposal,Negotiation,2025-06-25 09:00:00,S009
H0005900,O001560,,Prospecting,2025-03-23 09:00:00,S010
H0005901,O001560,Prospecting,Qualification,2025-04-03 10:00:00,S010
H0005902,O001560,Qualification,Proposal,2025-04-12 09:00:00,S010
H0005903,O001560,Proposal,Negotiation,2025-04-18 10:00:00,S010
H0005904,O001560,Negotiation,Closed Lost,2025-05-03 15:00:00,S010
H0005905,O001561,,Prospecting,2025-01-31 09:00:00,S002
H0005906,O001561,Prospecting,Qualification,2025-02-25 13:00:00,S002
H0005907,O001561,Qualification,Proposal,2025-03-28 08:00:00,S002
H0005908,O001561,Proposal,Negotiation,2025-06-07 14:00:00,S002
H0005909,O001561,Negotiation,Closed Lost,2025-06-21 09:00:00,S002
H0005910,O001562,,Prospecting,2025-04-29 09:00:00,S013
H0005911,O001562,Prospecting,Qualification,2025-05-19 13:00:00,S013
H0005912,O001562,Qualification,Proposal,2025-05-19 12:00:00,S013
H0005913,O001562,Proposal,Negotiation,2025-06-03 15:00:00,S013
H0005914,O001562,Negotiation,Closed Won,2025-06-07 15:00:00,S013
H0005915,O001563,,Prospecting,2023-07-10 09:00:00,S021
H0005916,O001563,Prospecting,Qualification,2023-08-25 10:00:00,S021
H0005917,O001563,Qualification,Closed Lost,2023-09-16 12:00:00,S021
H0005918,O001564,,Prospecting,2025-05-23 09:00:00,S027
H0005919,O001564,Prospecting,Qualification,2025-06-24 10:00:00,S027
H0005920,O001565,,Prospecting,2023-03-14 09:00:00,S031
H0005921,O001565,Prospecting,Qualification,2023-03-26 16:00:00,S031
H0005922,O001565,Qualification,Closed Lost,2023-05-15 09:00:00,S031
H0005923,O001566,,Prospecting,2023-11-29 09:00:00,S001
H0005924,O001566,Prospecting,Qualification,2024-01-01 09:00:00,S001
H0005925,O001566,Qualification,Proposal,2024-01-03 14:00:00,S001
H0005926,O001566,Proposal,Negotiation,2024-01-07 13:00:00,S001
H0005927,O001566,Negotiation,Closed Won,2024-01-22 14:00:00,S001
H0005928,O001567,,Prospecting,2024-12-17 09:00:00,S005
H0005929,O001567,Prospecting,Qualification,2024-12-27 09:00:00,S005
H0005930,O001567,Qualification,Proposal,2025-01-22 10:00:00,S005
H0005931,O001567,Proposal,Negotiation,2025-02-03 11:00:00,S005
H0005932,O001567,Negotiation,Closed Won,2025-02-22 16:00:00,S005
H0005933,O001568,,Prospecting,2025-06-08 09:00:00,S040
H0005934,O001568,Prospecting,Qualification,2025-06-26 11:00:00,S040
H0005935,O001569,,Prospecting,2023-05-09 09:00:00,S028
H0005936,O001569,Prospecting,Closed Lost,2023-07-06 13:00:00,S028
H0005937,O001570,,Prospecting,2025-01-14 09:00:00,S003
H0005938,O001570,Prospecting,Qualification,2025-02-19 12:00:00,S003
H0005939,O001570,Qualification,Closed Lost,2025-02-24 10:00:00,S003
H0005940,O001571,,Prospecting,2024-12-13 09:00:00,S007
H0005941,O001571,Prospecting,Qualification,2024-12-26 10:00:00,S007
H0005942,O001571,Qualification,Proposal,2024-12-27 14:00:00,S007
H0005943,O001571,Proposal,Closed Lost,2024-12-30 09:00:00,S007
H0005944,O001572,,Prospecting,2023-02-08 09:00:00,S024
H0005945,O001572,Prospecting,Closed Lost,2023-07-04 13:00:00,S024
H0005946,O001573,,Prospecting,2024-11-18 09:00:00,S036
H0005947,O001573,Prospecting,Closed Lost,2025-06-08 13:00:00,S036
H0005948,O001574,,Prospecting,2025-05-25 09:00:00,S005
H0005949,O001574,Prospecting,Qualification,2025-05-27 12:00:00,S005
H0005950,O001575,,Prospecting,2024-11-07 09:00:00,S028
H0005951,O001575,Prospecting,Qualification,2024-11-08 11:00:00,S028
H0005952,O001575,Qualification,Proposal,2024-11-13 16:00:00,S028
H0005953,O001575,Proposal,Closed Lost,2024-12-09 12:00:00,S028
H0005954,O001576,,Prospecting,2023-02-24 09:00:00,S005
H0005955,O001576,Prospecting,Qualification,2023-03-02 13:00:00,S005
H0005956,O001576,Qualification,Proposal,2023-03-10 17:00:00,S005
H0005957,O001576,Proposal,Negotiation,2023-04-08 17:00:00,S005
H0005958,O001576,Negotiation,Closed Won,2023-04-24 14:00:00,S005
H0005959,O001577,,Prospecting,2024-01-16 09:00:00,S013
H0005960,O001577,Prospecting,Qualification,2024-01-27 16:00:00,S013
H0005961,O001577,Qualification,Proposal,2024-03-09 12:00:00,S013
H0005962,O001577,Proposal,Negotiation,2024-03-21 14:00:00,S013
H0005963,O001577,Negotiation,Closed Won,2024-03-26 13:00:00,S013
H0005964,O001578,,Prospecting,2023-12-26 09:00:00,S033
H0005965,O001578,Prospecting,Qualification,2023-12-28 14:00:00,S033
H0005966,O001578,Qualification,Proposal,2024-01-24 16:00:00,S033
H0005967,O001578,Proposal,Closed Lost,2024-02-02 12:00:00,S033
H0005968,O001579,,Prospecting,2025-04-19 09:00:00,S028
H0005969,O001579,Prospecting,Qualification,2025-05-27 17:00:00,S028
H0005970,O001579,Qualification,Proposal,2025-06-13 11:00:00,S028
H0005971,O001580,,Prospecting,2025-04-16 09:00:00,S004
H0005972,O001580,Prospecting,Qualification,2025-04-16 17:00:00,S004
H0005973,O001580,Qualification,Proposal,2025-04-19 12:00:00,S004
H0005974,O001580,Proposal,Negotiation,2025-05-17 08:00:00,S004
H0005975,O001581,,Prospecting,2025-06-20 09:00:00,S011
H0005976,O001582,,Prospecting,2025-05-11 09:00:00,S008
H0005977,O001582,Prospecting,Qualification,2025-05-15 10:00:00,S008
H0005978,O001582,Qualification,Proposal,2025-05-28 09:00:00,S008
H0005979,O001582,Proposal,Negotiation,2025-05-30 09:00:00,S008
H0005980,O001582,Negotiation,Closed Won,2025-06-04 14:00:00,S008
H0005981,O001583,,Prospecting,2024-03-31 09:00:00,S009
H0005982,O001583,Prospecting,Qualification,2024-08-23 16:00:00,S009
H0005983,O001583,Qualification,Proposal,2024-10-11 12:00:00,S009
H0005984,O001583,Proposal,Negotiation,2024-10-25 17:00:00,S009
H0005985,O001583,Negotiation,Closed Won,2024-10-29 13:00:00,S009
H0005986,O001584,,Prospecting,2023-12-24 09:00:00,S037
H0005987,O001584,Prospecting,Closed Lost,2024-01-14 11:00:00,S037
H0005988,O001585,,Prospecting,2024-03-23 09:00:00,S035
H0005989,O001585,Prospecting,Closed Lost,2024-04-07 11:00:00,S035
H0005990,O001586,,Prospecting,2023-12-09 09:00:00,S040
H0005991,O001586,Prospecting,Closed Lost,2024-01-03 13:00:00,S040
H0005992,O001587,,Prospecting,2023-08-14 09:00:00,S013
H0005993,O001587,Prospecting,Qualification,2023-08-14 13:00:00,S013
H0005994,O001587,Qualification,Proposal,2023-08-20 15:00:00,S013
H0005995,O001587,Proposal,Negotiation,2023-08-31 13:00:00,S013
H0005996,O001587,Negotiation,Closed Won,2023-09-13 10:00:00,S013
H0005997,O001588,,Prospecting,2024-05-29 09:00:00,S037
H0005998,O001588,Prospecting,Qualification,2024-05-31 12:00:00,S037
H0005999,O001588,Qualification,Proposal,2024-06-12 10:00:00,S037
H0006000,O001588,Proposal,Negotiation,2024-06-27 10:00:00,S037
H0006001,O001588,Negotiation,Closed Lost,2024-07-08 13:00:00,S037
H0006002,O001589,,Prospecting,2024-02-18 09:00:00,S035
H0006003,O001589,Prospecting,Qualification,2024-03-11 15:00:00,S035
H0006004,O001589,Qualification,Proposal,2024-04-25 09:00:00,S035
H0006005,O001589,Proposal,Negotiation,2024-05-09 15:00:00,S035
H0006006,O001589,Negotiation,Closed Won,2024-05-15 09:00:00,S035
H0006007,O001590,,Prospecting,2025-03-04 09:00:00,S011
H0006008,O001590,Prospecting,Qualification,2025-05-19 08:00:00,S011
H0006009,O001590,Qualification,Closed Lost,2025-06-07 17:00:00,S011
H0006010,O001591,,Prospecting,2025-03-27 09:00:00,S011
H0006011,O001591,Prospecting,Qualification,2025-04-20 08:00:00,S011
H0006012,O001591,Qualification,Proposal,2025-04-21 14:00:00,S011
H0006013,O001591,Proposal,Negotiation,2025-05-11 15:00:00,S011
H0006014,O001591,Negotiation,Closed Won,2025-05-27 11:00:00,S011
H0006015,O001592,,Prospecting,2023-08-16 09:00:00,S011
H0006016,O001592,Prospecting,Qualification,2023-09-02 08:00:00,S011
H0006017,O001592,Qualification,Closed Lost,2023-09-06 09:00:00,S011
H0006018,O001593,,Prospecting,2023-05-12 09:00:00,S001
H0006019,O001593,Prospecting,Qualification,2023-05-13 15:00:00,S001
H0006020,O001593,Qualification,Proposal,2023-05-16 10:00:00,S001
H0006021,O001593,Proposal,Negotiation,2023-05-20 14:00:00,S001
H0006022,O001593,Negotiation,Closed Lost,2023-05-21 16:00:00,S001
H0006023,O001594,,Prospecting,2025-03-01 09:00:00,S027
H0006024,O001594,Prospecting,Qualification,2025-03-10 09:00:00,S027
H0006025,O001594,Qualification,Proposal,2025-03-20 11:00:00,S027
H0006026,O001594,Proposal,Negotiation,2025-03-28 13:00:00,S027
H0006027,O001594,Negotiation,Closed Won,2025-04-06 15:00:00,S027
H0006028,O001595,,Prospecting,2025-03-19 09:00:00,S016
H0006029,O001595,Prospecting,Qualification,2025-04-07 12:00:00,S016
H0006030,O001595,Qualification,Proposal,2025-05-27 16:00:00,S016
H0006031,O001595,Proposal,Negotiation,2025-05-28 08:00:00,S016
H0006032,O001595,Negotiation,Closed Won,2025-06-22 14:00:00,S016
H0006033,O001596,,Prospecting,2025-05-25 09:00:00,S016
H0006034,O001596,Prospecting,Qualification,2025-06-08 10:00:00,S016
H0006035,O001596,Qualification,Proposal,2025-06-25 14:00:00,S016
H0006036,O001597,,Prospecting,2024-10-02 09:00:00,S016
H0006037,O001597,Prospecting,Closed Lost,2024-12-29 09:00:00,S016
H0006038,O001598,,Prospecting,2024-06-30 09:00:00,S016
H0006039,O001598,Prospecting,Qualification,2024-08-04 09:00:00,S016
H0006040,O001598,Qualification,Closed Lost,2024-09-30 13:00:00,S016
H0006041,O001599,,Prospecting,2025-06-25 09:00:00,S009
H0006042,O001600,,Prospecting,2023-05-15 09:00:00,S020
H0006043,O001600,Prospecting,Qualification,2023-06-20 12:00:00,S020
H0006044,O001600,Qualification,Proposal,2023-06-20 15:00:00,S020
H0006045,O001600,Proposal,Negotiation,2023-08-21 14:00:00,S020
H0006046,O001600,Negotiation,Closed Lost,2023-09-15 11:00:00,S020
H0006047,O001601,,Prospecting,2024-02-01 09:00:00,S031
H0006048,O001601,Prospecting,Qualification,2024-02-03 14:00:00,S031
H0006049,O001601,Qualification,Proposal,2024-02-07 12:00:00,S031
H0006050,O001601,Proposal,Negotiation,2024-03-04 14:00:00,S031
H0006051,O001601,Negotiation,Closed Won,2024-03-05 13:00:00,S031
H0006052,O001602,,Prospecting,2025-06-17 09:00:00,S031
H0006053,O001603,,Prospecting,2024-01-28 09:00:00,S037
H0006054,O001603,Prospecting,Qualification,2024-02-02 15:00:00,S037
H0006055,O001603,Qualification,Proposal,2024-02-16 16:00:00,S037
H0006056,O001603,Proposal,Negotiation,2024-03-21 13:00:00,S037
H0006057,O001603,Negotiation,Closed Won,2024-04-10 15:00:00,S037
H0006058,O001604,,Prospecting,2025-02-27 09:00:00,S005
H0006059,O001604,Prospecting,Qualification,2025-04-04 17:00:00,S005
H0006060,O001604,Qualification,Proposal,2025-04-10 16:00:00,S005
H0006061,O001604,Proposal,Negotiation,2025-04-21 12:00:00,S005
H0006062,O001604,Negotiation,Closed Won,2025-04-26 11:00:00,S005
H0006063,O001605,,Prospecting,2025-04-25 09:00:00,S010
H0006064,O001605,Prospecting,Qualification,2025-04-26 09:00:00,S010
H0006065,O001605,Qualification,Proposal,2025-05-11 09:00:00,S010
H0006066,O001605,Proposal,Negotiation,2025-05-18 11:00:00,S010
H0006067,O001605,Negotiation,Closed Lost,2025-05-24 17:00:00,S010
H0006068,O001606,,Prospecting,2024-08-11 09:00:00,S021
H0006069,O001606,Prospecting,Qualification,2024-10-10 13:00:00,S021
H0006070,O001606,Qualification,Proposal,2024-11-10 11:00:00,S021
H0006071,O001606,Proposal,Negotiation,2024-12-18 12:00:00,S021
H0006072,O001606,Negotiation,Closed Won,2024-12-24 12:00:00,S021
H0006073,O001607,,Prospecting,2025-04-25 09:00:00,S027
H0006074,O001607,Prospecting,Qualification,2025-04-28 11:00:00,S027
H0006075,O001607,Qualification,Proposal,2025-04-28 12:00:00,S027
H0006076,O001607,Proposal,Negotiation,2025-05-10 08:00:00,S027
H0006077,O001607,Negotiation,Closed Lost,2025-05-21 10:00:00,S027
H0006078,O001608,,Prospecting,2023-12-31 09:00:00,S008
H0006079,O001608,Prospecting,Qualification,2024-01-03 08:00:00,S008
H0006080,O001608,Qualification,Proposal,2024-01-07 11:00:00,S008
H0006081,O001608,Proposal,Negotiation,2024-01-07 09:00:00,S008
H0006082,O001608,Negotiation,Closed Lost,2024-01-23 15:00:00,S008
H0006083,O001609,,Prospecting,2023-12-25 09:00:00,S013
H0006084,O001609,Prospecting,Qualification,2024-01-01 17:00:00,S013
H0006085,O001609,Qualification,Proposal,2024-01-04 14:00:00,S013
H0006086,O001609,Proposal,Negotiation,2024-01-04 13:00:00,S013
H0006087,O001609,Negotiation,Closed Lost,2024-02-20 16:00:00,S013
H0006088,O001610,,Prospecting,2025-02-26 09:00:00,S005
H0006089,O001610,Prospecting,Closed Lost,2025-05-27 12:00:00,S005
H0006090,O001611,,Prospecting,2024-11-22 09:00:00,S029
H0006091,O001611,Prospecting,Closed Lost,2024-12-06 09:00:00,S029
H0006092,O001612,,Prospecting,2025-03-11 09:00:00,S009
H0006093,O001612,Prospecting,Qualification,2025-04-14 15:00:00,S009
H0006094,O001612,Qualification,Proposal,2025-05-14 13:00:00,S009
H0006095,O001612,Proposal,Negotiation,2025-06-07 15:00:00,S009
H0006096,O001613,,Prospecting,2023-08-16 09:00:00,S025
H0006097,O001613,Prospecting,Closed Lost,2023-12-05 09:00:00,S025
H0006098,O001614,,Prospecting,2024-03-22 09:00:00,S008
H0006099,O001614,Prospecting,Qualification,2024-03-25 14:00:00,S008
H0006100,O001614,Qualification,Proposal,2024-03-25 13:00:00,S008
H0006101,O001614,Proposal,Negotiation,2024-03-26 15:00:00,S008
H0006102,O001614,Negotiation,Closed Lost,2024-04-02 09:00:00,S008
H0006103,O001615,,Prospecting,2025-04-13 09:00:00,S027
H0006104,O001615,Prospecting,Qualification,2025-05-07 12:00:00,S027
H0006105,O001615,Qualification,Proposal,2025-05-25 08:00:00,S027
H0006106,O001615,Proposal,Negotiation,2025-06-11 17:00:00,S027
H0006107,O001616,,Prospecting,2024-09-23 09:00:00,S016
H0006108,O001616,Prospecting,Closed Lost,2024-12-09 12:00:00,S016
H0006109,O001617,,Prospecting,2025-04-08 09:00:00,S012
H0006110,O001617,Prospecting,Closed Lost,2025-05-23 14:00:00,S012
H0006111,O001618,,Prospecting,2023-11-04 09:00:00,S020
H0006112,O001618,Prospecting,Qualification,2024-01-15 14:00:00,S020
H0006113,O001618,Qualification,Closed Lost,2024-01-22 09:00:00,S020
H0006114,O001619,,Prospecting,2024-01-12 09:00:00,S039
H0006115,O001619,Prospecting,Qualification,2024-03-19 14:00:00,S039
H0006116,O001619,Qualification,Proposal,2024-04-12 15:00:00,S039
H0006117,O001619,Proposal,Negotiation,2024-04-30 16:00:00,S039
H0006118,O001619,Negotiation,Closed Won,2024-05-01 15:00:00,S039
H0006119,O001620,,Prospecting,2025-02-10 09:00:00,S031
H0006120,O001620,Prospecting,Closed Lost,2025-03-28 17:00:00,S031
H0006121,O001621,,Prospecting,2024-08-14 09:00:00,S023
H0006122,O001621,Prospecting,Qualification,2024-08-23 08:00:00,S023
H0006123,O001621,Qualification,Proposal,2024-08-26 14:00:00,S023
H0006124,O001621,Proposal,Closed Lost,2024-09-13 11:00:00,S023
H0006125,O001622,,Prospecting,2025-05-11 09:00:00,S020
H0006126,O001622,Prospecting,Qualification,2025-05-20 09:00:00,S020
H0006127,O001622,Qualification,Proposal,2025-06-03 12:00:00,S020
H0006128,O001622,Proposal,Negotiation,2025-06-07 11:00:00,S020
H0006129,O001622,Negotiation,Closed Won,2025-06-14 16:00:00,S020
H0006130,O001623,,Prospecting,2025-03-30 09:00:00,S008
H0006131,O001623,Prospecting,Closed Lost,2025-04-13 15:00:00,S008
H0006132,O001624,,Prospecting,2024-12-14 09:00:00,S019
H0006133,O001624,Prospecting,Qualification,2025-01-26 10:00:00,S019
H0006134,O001624,Qualification,Proposal,2025-02-04 15:00:00,S019
H0006135,O001624,Proposal,Closed Lost,2025-02-22 12:00:00,S019
H0006136,O001625,,Prospecting,2024-07-03 09:00:00,S015
H0006137,O001625,Prospecting,Qualification,2024-07-03 17:00:00,S015
H0006138,O001625,Qualification,Proposal,2024-07-04 10:00:00,S015
H0006139,O001625,Proposal,Negotiation,2024-07-11 12:00:00,S015
H0006140,O001625,Negotiation,Closed Lost,2024-08-12 14:00:00,S015
H0006141,O001626,,Prospecting,2024-09-02 09:00:00,S016
H0006142,O001626,Prospecting,Qualification,2024-10-15 10:00:00,S016
H0006143,O001626,Qualification,Proposal,2024-11-10 14:00:00,S016
H0006144,O001626,Proposal,Negotiation,2024-11-27 09:00:00,S016
H0006145,O001626,Negotiation,Closed Won,2025-03-12 17:00:00,S016
H0006146,O001627,,Prospecting,2023-02-07 09:00:00,S004
H0006147,O001627,Prospecting,Qualification,2023-02-12 14:00:00,S004
H0006148,O001627,Qualification,Proposal,2023-02-14 09:00:00,S004
H0006149,O001627,Proposal,Closed Lost,2023-02-28 09:00:00,S004
H0006150,O001628,,Prospecting,2023-01-08 09:00:00,S031
H0006151,O001628,Prospecting,Qualification,2023-01-27 12:00:00,S031
H0006152,O001628,Qualification,Proposal,2023-02-08 16:00:00,S031
H0006153,O001628,Proposal,Closed Lost,2023-02-10 11:00:00,S031
H0006154,O001629,,Prospecting,2023-09-11 09:00:00,S037
H0006155,O001629,Prospecting,Qualification,2023-09-11 10:00:00,S037
H0006156,O001629,Qualification,Proposal,2023-09-22 17:00:00,S037
H0006157,O001629,Proposal,Negotiation,2023-10-08 16:00:00,S037
H0006158,O001629,Negotiation,Closed Won,2023-10-29 12:00:00,S037
H0006159,O001630,,Prospecting,2024-08-26 09:00:00,S004
H0006160,O001630,Prospecting,Qualification,2024-08-28 12:00:00,S004
H0006161,O001630,Qualification,Closed Lost,2024-09-30 12:00:00,S004
H0006162,O001631,,Prospecting,2023-06-09 09:00:00,S039
H0006163,O001631,Prospecting,Qualification,2023-06-10 15:00:00,S039
H0006164,O001631,Qualification,Proposal,2023-06-24 14:00:00,S039
H0006165,O001631,Proposal,Closed Lost,2023-08-21 17:00:00,S039
H0006166,O001632,,Prospecting,2024-05-09 09:00:00,S007
H0006167,O001632,Prospecting,Closed Lost,2024-06-08 16:00:00,S007
H0006168,O001633,,Prospecting,2025-05-03 09:00:00,S004
H0006169,O001633,Prospecting,Closed Lost,2025-05-15 15:00:00,S004
H0006170,O001634,,Prospecting,2023-11-12 09:00:00,S022
H0006171,O001634,Prospecting,Qualification,2023-11-15 10:00:00,S022
H0006172,O001634,Qualification,Proposal,2023-11-18 12:00:00,S022
H0006173,O001634,Proposal,Negotiation,2023-11-27 14:00:00,S022
H0006174,O001634,Negotiation,Closed Won,2023-12-07 15:00:00,S022
H0006175,O001635,,Prospecting,2023-07-28 09:00:00,S008
H0006176,O001635,Prospecting,Qualification,2023-08-03 13:00:00,S008
H0006177,O001635,Qualification,Proposal,2023-08-08 17:00:00,S008
H0006178,O001635,Proposal,Negotiation,2023-08-19 13:00:00,S008
H0006179,O001635,Negotiation,Closed Won,2023-08-30 14:00:00,S008
H0006180,O001636,,Prospecting,2025-03-13 09:00:00,S031
H0006181,O001636,Prospecting,Qualification,2025-04-02 15:00:00,S031
H0006182,O001636,Qualification,Proposal,2025-04-03 14:00:00,S031
H0006183,O001636,Proposal,Negotiation,2025-04-14 16:00:00,S031
H0006184,O001636,Negotiation,Closed Won,2025-04-22 14:00:00,S031
H0006185,O001637,,Prospecting,2024-01-02 09:00:00,S009
H0006186,O001637,Prospecting,Qualification,2024-02-28 11:00:00,S009
H0006187,O001637,Qualification,Proposal,2024-03-06 10:00:00,S009
H0006188,O001637,Proposal,Closed Lost,2024-03-09 11:00:00,S009
H0006189,O001638,,Prospecting,2024-05-24 09:00:00,S027
H0006190,O001638,Prospecting,Qualification,2024-05-24 16:00:00,S027
H0006191,O001638,Qualification,Proposal,2024-05-30 11:00:00,S027
H0006192,O001638,Proposal,Closed Lost,2024-05-31 14:00:00,S027
H0006193,O001639,,Prospecting,2025-05-02 09:00:00,S027
H0006194,O001639,Prospecting,Qualification,2025-05-02 09:00:00,S027
H0006195,O001639,Qualification,Closed Lost,2025-05-31 16:00:00,S027
H0006196,O001640,,Prospecting,2025-03-31 09:00:00,S002
H0006197,O001640,Prospecting,Qualification,2025-04-17 15:00:00,S002
H0006198,O001640,Qualification,Proposal,2025-05-12 14:00:00,S002
H0006199,O001640,Proposal,Negotiation,2025-06-25 17:00:00,S002
H0006200,O001641,,Prospecting,2023-05-22 09:00:00,S030
H0006201,O001641,Prospecting,Qualification,2023-07-11 17:00:00,S030
H0006202,O001641,Qualification,Closed Lost,2023-07-14 11:00:00,S030
H0006203,O001642,,Prospecting,2025-02-25 09:00:00,S035
H0006204,O001642,Prospecting,Qualification,2025-02-26 13:00:00,S035
H0006205,O001642,Qualification,Proposal,2025-03-20 08:00:00,S035
H0006206,O001642,Proposal,Negotiation,2025-04-05 17:00:00,S035
H0006207,O001642,Negotiation,Closed Lost,2025-04-06 10:00:00,S035
H0006208,O001643,,Prospecting,2025-01-23 09:00:00,S007
H0006209,O001643,Prospecting,Qualification,2025-02-12 10:00:00,S007
H0006210,O001643,Qualification,Closed Lost,2025-03-02 09:00:00,S007
H0006211,O001644,,Prospecting,2025-04-11 09:00:00,S027
H0006212,O001644,Prospecting,Qualification,2025-04-14 14:00:00,S027
H0006213,O001644,Qualification,Proposal,2025-04-19 14:00:00,S027
H0006214,O001644,Proposal,Negotiation,2025-04-26 09:00:00,S027
H0006215,O001644,Negotiation,Closed Won,2025-05-01 09:00:00,S027
H0006216,O001645,,Prospecting,2023-06-23 09:00:00,S037
H0006217,O001645,Prospecting,Qualification,2023-07-22 12:00:00,S037
H0006218,O001645,Qualification,Proposal,2023-08-05 14:00:00,S037
H0006219,O001645,Proposal,Negotiation,2023-08-07 17:00:00,S037
H0006220,O001645,Negotiation,Closed Won,2023-08-18 09:00:00,S037
H0006221,O001646,,Prospecting,2023-01-31 09:00:00,S030
H0006222,O001646,Prospecting,Qualification,2023-02-28 12:00:00,S030
H0006223,O001646,Qualification,Closed Lost,2023-03-06 13:00:00,S030
H0006224,O001647,,Prospecting,2023-11-15 09:00:00,S037
H0006225,O001647,Prospecting,Closed Lost,2023-11-22 15:00:00,S037
H0006226,O001648,,Prospecting,2025-03-10 09:00:00,S037
H0006227,O001648,Prospecting,Qualification,2025-03-10 17:00:00,S037
H0006228,O001648,Qualification,Proposal,2025-03-29 17:00:00,S037
H0006229,O001648,Proposal,Negotiation,2025-04-06 13:00:00,S037
H0006230,O001648,Negotiation,Closed Won,2025-05-05 14:00:00,S037
H0006231,O001649,,Prospecting,2025-04-04 09:00:00,S020
H0006232,O001649,Prospecting,Qualification,2025-05-05 11:00:00,S020
H0006233,O001649,Qualification,Proposal,2025-05-12 10:00:00,S020
H0006234,O001649,Proposal,Negotiation,2025-05-27 11:00:00,S020
H0006235,O001649,Negotiation,Closed Lost,2025-05-29 12:00:00,S020
H0006236,O001650,,Prospecting,2025-05-12 09:00:00,S005
H0006237,O001650,Prospecting,Qualification,2025-06-08 15:00:00,S005
H0006238,O001650,Qualification,Closed Lost,2025-06-28 11:00:00,S005
H0006239,O001651,,Prospecting,2024-04-24 09:00:00,S026
H0006240,O001651,Prospecting,Closed Lost,2024-06-13 15:00:00,S026
H0006241,O001652,,Prospecting,2023-03-07 09:00:00,S004
H0006242,O001652,Prospecting,Qualification,2023-03-29 15:00:00,S004
H0006243,O001652,Qualification,Proposal,2023-04-23 15:00:00,S004
H0006244,O001652,Proposal,Negotiation,2023-05-18 10:00:00,S004
H0006245,O001652,Negotiation,Closed Won,2023-05-31 16:00:00,S004
H0006246,O001653,,Prospecting,2024-09-18 09:00:00,S040
H0006247,O001653,Prospecting,Qualification,2024-10-04 16:00:00,S040
H0006248,O001653,Qualification,Proposal,2024-10-14 16:00:00,S040
H0006249,O001653,Proposal,Negotiation,2024-11-28 11:00:00,S040
H0006250,O001653,Negotiation,Closed Lost,2024-12-10 13:00:00,S040
H0006251,O001654,,Prospecting,2025-01-28 09:00:00,S020
H0006252,O001654,Prospecting,Qualification,2025-01-29 10:00:00,S020
H0006253,O001654,Qualification,Proposal,2025-02-16 13:00:00,S020
H0006254,O001654,Proposal,Negotiation,2025-02-28 15:00:00,S020
H0006255,O001654,Negotiation,Closed Won,2025-05-10 16:00:00,S020
H0006256,O001655,,Prospecting,2024-01-17 09:00:00,S029
H0006257,O001655,Prospecting,Qualification,2024-01-23 13:00:00,S029
H0006258,O001655,Qualification,Closed Lost,2024-02-11 11:00:00,S029
H0006259,O001656,,Prospecting,2025-03-25 09:00:00,S023
H0006260,O001656,Prospecting,Qualification,2025-03-30 13:00:00,S023
H0006261,O001656,Qualification,Proposal,2025-04-06 11:00:00,S023
H0006262,O001656,Proposal,Negotiation,2025-04-26 16:00:00,S023
H0006263,O001656,Negotiation,Closed Lost,2025-04-28 13:00:00,S023
H0006264,O001657,,Prospecting,2025-06-19 09:00:00,S034
H0006265,O001658,,Prospecting,2023-07-18 09:00:00,S015
H0006266,O001658,Prospecting,Qualification,2023-07-31 10:00:00,S015
H0006267,O001658,Qualification,Proposal,2023-08-12 16:00:00,S015
H0006268,O001658,Proposal,Negotiation,2023-08-26 09:00:00,S015
H0006269,O001658,Negotiation,Closed Won,2023-09-04 11:00:00,S015
H0006270,O001659,,Prospecting,2023-02-12 09:00:00,S035
H0006271,O001659,Prospecting,Qualification,2023-03-02 16:00:00,S035
H0006272,O001659,Qualification,Closed Lost,2023-05-18 09:00:00,S035
H0006273,O001660,,Prospecting,2024-12-29 09:00:00,S032
H0006274,O001660,Prospecting,Qualification,2025-01-16 16:00:00,S032
H0006275,O001660,Qualification,Proposal,2025-01-23 09:00:00,S032
H0006276,O001660,Proposal,Negotiation,2025-01-23 10:00:00,S032
H0006277,O001660,Negotiation,Closed Won,2025-02-13 10:00:00,S032
H0006278,O001661,,Prospecting,2023-01-23 09:00:00,S001
H0006279,O001661,Prospecting,Qualification,2023-01-27 09:00:00,S001
H0006280,O001661,Qualification,Proposal,2023-02-14 10:00:00,S001
H0006281,O001661,Proposal,Negotiation,2023-02-18 15:00:00,S001
H0006282,O001661,Negotiation,Closed Won,2023-02-24 14:00:00,S001
H0006283,O001662,,Prospecting,2025-04-20 09:00:00,S005
H0006284,O001662,Prospecting,Qualification,2025-05-09 13:00:00,S005
H0006285,O001662,Qualification,Closed Lost,2025-05-23 13:00:00,S005
H0006286,O001663,,Prospecting,2025-05-23 09:00:00,S004
H0006287,O001663,Prospecting,Qualification,2025-06-20 09:00:00,S004
H0006288,O001664,,Prospecting,2024-08-12 09:00:00,S015
H0006289,O001664,Prospecting,Qualification,2024-08-21 10:00:00,S015
H0006290,O001664,Qualification,Proposal,2024-09-09 11:00:00,S015
H0006291,O001664,Proposal,Closed Lost,2024-11-22 11:00:00,S015
H0006292,O001665,,Prospecting,2024-07-04 09:00:00,S026
H0006293,O001665,Prospecting,Qualification,2024-07-06 12:00:00,S026
H0006294,O001665,Qualification,Proposal,2024-07-08 08:00:00,S026
H0006295,O001665,Proposal,Closed Lost,2024-07-18 11:00:00,S026
H0006296,O001666,,Prospecting,2024-07-28 09:00:00,S001
H0006297,O001666,Prospecting,Qualification,2024-08-06 11:00:00,S001
H0006298,O001666,Qualification,Proposal,2024-08-24 13:00:00,S001
H0006299,O001666,Proposal,Negotiation,2024-09-15 08:00:00,S001
H0006300,O001666,Negotiation,Closed Won,2024-09-19 14:00:00,S001
H0006301,O001667,,Prospecting,2023-12-12 09:00:00,S022
H0006302,O001667,Prospecting,Qualification,2023-12-24 11:00:00,S022
H0006303,O001667,Qualification,Proposal,2024-01-02 14:00:00,S022
H0006304,O001667,Proposal,Negotiation,2024-01-02 08:00:00,S022
H0006305,O001667,Negotiation,Closed Won,2024-01-17 16:00:00,S022
H0006306,O001668,,Prospecting,2025-02-10 09:00:00,S012
H0006307,O001668,Prospecting,Qualification,2025-02-20 17:00:00,S012
H0006308,O001668,Qualification,Proposal,2025-02-23 11:00:00,S012
H0006309,O001668,Proposal,Negotiation,2025-03-02 16:00:00,S012
H0006310,O001668,Negotiation,Closed Won,2025-03-09 13:00:00,S012
H0006311,O001669,,Prospecting,2024-04-21 09:00:00,S022
H0006312,O001669,Prospecting,Qualification,2024-04-23 13:00:00,S022
H0006313,O001669,Qualification,Proposal,2024-04-24 16:00:00,S022
H0006314,O001669,Proposal,Negotiation,2024-04-27 12:00:00,S022
H0006315,O001669,Negotiation,Closed Lost,2024-06-01 11:00:00,S022
H0006316,O001670,,Prospecting,2024-06-06 09:00:00,S038
H0006317,O001670,Prospecting,Qualification,2024-08-02 13:00:00,S038
H0006318,O001670,Qualification,Proposal,2024-08-28 12:00:00,S038
H0006319,O001670,Proposal,Negotiation,2024-09-08 09:00:00,S038
H0006320,O001670,Negotiation,Closed Won,2024-10-29 13:00:00,S038
H0006321,O001671,,Prospecting,2024-10-17 09:00:00,S016
H0006322,O001671,Prospecting,Qualification,2024-10-25 11:00:00,S016
H0006323,O001671,Qualification,Closed Lost,2025-01-14 13:00:00,S016
H0006324,O001672,,Prospecting,2024-10-05 09:00:00,S027
H0006325,O001672,Prospecting,Closed Lost,2024-11-01 12:00:00,S027
H0006326,O001673,,Prospecting,2023-07-11 09:00:00,S016
H0006327,O001673,Prospecting,Qualification,2023-08-15 11:00:00,S016
H0006328,O001673,Qualification,Proposal,2023-10-14 09:00:00,S016
H0006329,O001673,Proposal,Negotiation,2023-11-01 17:00:00,S016
H0006330,O001673,Negotiation,Closed Lost,2023-11-04 13:00:00,S016
H0006331,O001674,,Prospecting,2025-05-17 09:00:00,S025
H0006332,O001674,Prospecting,Qualification,2025-05-21 11:00:00,S025
H0006333,O001674,Qualification,Proposal,2025-06-26 15:00:00,S025
H0006334,O001675,,Prospecting,2025-05-16 09:00:00,S024
H0006335,O001675,Prospecting,Qualification,2025-06-23 14:00:00,S024
H0006336,O001675,Qualification,Proposal,2025-06-28 12:00:00,S024
H0006337,O001676,,Prospecting,2025-06-01 09:00:00,S009
H0006338,O001676,Prospecting,Closed Lost,2025-06-18 11:00:00,S009
H0006339,O001677,,Prospecting,2025-03-19 09:00:00,S026
H0006340,O001677,Prospecting,Closed Lost,2025-05-08 16:00:00,S026
H0006341,O001678,,Prospecting,2024-08-18 09:00:00,S017
H0006342,O001678,Prospecting,Qualification,2024-08-27 13:00:00,S017
H0006343,O001678,Qualification,Proposal,2024-09-12 09:00:00,S017
H0006344,O001678,Proposal,Closed Lost,2024-09-16 13:00:00,S017
H0006345,O001679,,Prospecting,2025-05-06 09:00:00,S024
H0006346,O001679,Prospecting,Qualification,2025-05-16 11:00:00,S024
H0006347,O001679,Qualification,Proposal,2025-05-31 08:00:00,S024
H0006348,O001679,Proposal,Negotiation,2025-06-04 17:00:00,S024
H0006349,O001680,,Prospecting,2023-05-08 09:00:00,S018
H0006350,O001680,Prospecting,Qualification,2023-05-17 16:00:00,S018
H0006351,O001680,Qualification,Closed Lost,2023-05-25 10:00:00,S018
H0006352,O001681,,Prospecting,2023-05-11 09:00:00,S012
H0006353,O001681,Prospecting,Qualification,2023-05-21 10:00:00,S012
H0006354,O001681,Qualification,Proposal,2023-06-20 08:00:00,S012
H0006355,O001681,Proposal,Negotiation,2023-06-22 16:00:00,S012
H0006356,O001681,Negotiation,Closed Won,2023-07-06 15:00:00,S012
H0006357,O001682,,Prospecting,2024-05-19 09:00:00,S001
H0006358,O001682,Prospecting,Qualification,2024-07-14 12:00:00,S001
H0006359,O001682,Qualification,Closed Lost,2024-07-30 13:00:00,S001
H0006360,O001683,,Prospecting,2023-03-13 09:00:00,S023
H0006361,O001683,Prospecting,Qualification,2023-03-18 14:00:00,S023
H0006362,O001683,Qualification,Proposal,2023-03-22 11:00:00,S023
H0006363,O001683,Proposal,Closed Lost,2023-03-27 16:00:00,S023
H0006364,O001684,,Prospecting,2023-06-19 09:00:00,S018
H0006365,O001684,Prospecting,Qualification,2023-08-08 11:00:00,S018
H0006366,O001684,Qualification,Proposal,2023-08-31 09:00:00,S018
H0006367,O001684,Proposal,Negotiation,2023-09-11 17:00:00,S018
H0006368,O001684,Negotiation,Closed Won,2023-10-16 15:00:00,S018
H0006369,O001685,,Prospecting,2023-04-13 09:00:00,S028
H0006370,O001685,Prospecting,Closed Lost,2023-07-06 11:00:00,S028
H0006371,O001686,,Prospecting,2024-01-15 09:00:00,S027
H0006372,O001686,Prospecting,Closed Lost,2024-02-13 10:00:00,S027
H0006373,O001687,,Prospecting,2024-06-03 09:00:00,S037
H0006374,O001687,Prospecting,Qualification,2024-06-12 12:00:00,S037
H0006375,O001687,Qualification,Proposal,2024-07-02 08:00:00,S037
H0006376,O001687,Proposal,Negotiation,2024-08-09 17:00:00,S037
H0006377,O001687,Negotiation,Closed Won,2024-09-12 10:00:00,S037
H0006378,O001688,,Prospecting,2023-06-04 09:00:00,S023
H0006379,O001688,Prospecting,Qualification,2023-06-04 11:00:00,S023
H0006380,O001688,Qualification,Proposal,2023-06-17 08:00:00,S023
H0006381,O001688,Proposal,Negotiation,2023-06-24 10:00:00,S023
H0006382,O001688,Negotiation,Closed Won,2023-07-29 17:00:00,S023
H0006383,O001689,,Prospecting,2025-03-08 09:00:00,S036
H0006384,O001689,Prospecting,Closed Lost,2025-04-07 14:00:00,S036
H0006385,O001690,,Prospecting,2024-07-12 09:00:00,S032
H0006386,O001690,Prospecting,Qualification,2024-07-15 17:00:00,S032
H0006387,O001690,Qualification,Closed Lost,2024-07-29 12:00:00,S032
H0006388,O001691,,Prospecting,2023-03-29 09:00:00,S008
H0006389,O001691,Prospecting,Qualification,2023-03-31 09:00:00,S008
H0006390,O001691,Qualification,Proposal,2023-03-31 09:00:00,S008
H0006391,O001691,Proposal,Negotiation,2023-04-07 17:00:00,S008
H0006392,O001691,Negotiation,Closed Won,2023-04-08 15:00:00,S008
H0006393,O001692,,Prospecting,2024-10-23 09:00:00,S007
H0006394,O001692,Prospecting,Qualification,2024-11-11 08:00:00,S007
H0006395,O001692,Qualification,Proposal,2024-11-24 16:00:00,S007
H0006396,O001692,Proposal,Negotiation,2024-12-08 11:00:00,S007
H0006397,O001692,Negotiation,Closed Won,2024-12-19 15:00:00,S007
H0006398,O001693,,Prospecting,2024-09-09 09:00:00,S038
H0006399,O001693,Prospecting,Qualification,2024-09-09 11:00:00,S038
H0006400,O001693,Qualification,Proposal,2024-09-12 15:00:00,S038
H0006401,O001693,Proposal,Negotiation,2024-10-01 09:00:00,S038
H0006402,O001693,Negotiation,Closed Lost,2024-11-06 11:00:00,S038
H0006403,O001694,,Prospecting,2024-05-27 09:00:00,S015
H0006404,O001694,Prospecting,Closed Lost,2024-09-07 09:00:00,S015
H0006405,O001695,,Prospecting,2025-03-07 09:00:00,S008
H0006406,O001695,Prospecting,Qualification,2025-03-07 17:00:00,S008
H0006407,O001695,Qualification,Proposal,2025-03-09 10:00:00,S008
H0006408,O001695,Proposal,Negotiation,2025-04-17 13:00:00,S008
H0006409,O001695,Negotiation,Closed Won,2025-04-26 10:00:00,S008
H0006410,O001696,,Prospecting,2025-04-04 09:00:00,S020
H0006411,O001696,Prospecting,Qualification,2025-05-18 11:00:00,S020
H0006412,O001696,Qualification,Closed Lost,2025-05-30 17:00:00,S020
H0006413,O001697,,Prospecting,2025-05-17 09:00:00,S025
H0006414,O001697,Prospecting,Qualification,2025-05-24 15:00:00,S025
H0006415,O001697,Qualification,Proposal,2025-06-07 16:00:00,S025
H0006416,O001698,,Prospecting,2025-06-21 09:00:00,S023
H0006417,O001699,,Prospecting,2025-04-22 09:00:00,S005
H0006418,O001699,Prospecting,Qualification,2025-05-16 12:00:00,S005
H0006419,O001699,Qualification,Proposal,2025-05-19 08:00:00,S005
H0006420,O001699,Proposal,Negotiation,2025-06-07 10:00:00,S005
H0006421,O001699,Negotiation,Closed Lost,2025-06-27 12:00:00,S005
H0006422,O001700,,Prospecting,2025-04-30 09:00:00,S009
H0006423,O001700,Prospecting,Qualification,2025-05-02 15:00:00,S009
H0006424,O001700,Qualification,Proposal,2025-05-11 12:00:00,S009
H0006425,O001701,,Prospecting,2025-03-19 09:00:00,S002
H0006426,O001701,Prospecting,Qualification,2025-03-21 12:00:00,S002
H0006427,O001701,Qualification,Proposal,2025-05-19 14:00:00,S002
H0006428,O001701,Proposal,Negotiation,2025-06-03 17:00:00,S002
H0006429,O001701,Negotiation,Closed Won,2025-06-05 12:00:00,S002
H0006430,O001702,,Prospecting,2023-07-29 09:00:00,S005
H0006431,O001702,Prospecting,Closed Lost,2023-08-29 09:00:00,S005
H0006432,O001703,,Prospecting,2025-03-01 09:00:00,S017
H0006433,O001703,Prospecting,Qualification,2025-03-02 17:00:00,S017
H0006434,O001703,Qualification,Proposal,2025-03-02 12:00:00,S017
H0006435,O001703,Proposal,Negotiation,2025-03-06 16:00:00,S017
H0006436,O001703,Negotiation,Closed Won,2025-03-17 14:00:00,S017
H0006437,O001704,,Prospecting,2023-11-26 09:00:00,S005
H0006438,O001704,Prospecting,Qualification,2024-01-02 10:00:00,S005
H0006439,O001704,Qualification,Proposal,2024-01-30 08:00:00,S005
H0006440,O001704,Proposal,Negotiation,2024-02-09 15:00:00,S005
H0006441,O001704,Negotiation,Closed Won,2024-03-04 11:00:00,S005
H0006442,O001705,,Prospecting,2023-07-29 09:00:00,S011
H0006443,O001705,Prospecting,Qualification,2023-08-03 15:00:00,S011
H0006444,O001705,Qualification,Closed Lost,2023-09-04 13:00:00,S011
H0006445,O001706,,Prospecting,2024-05-04 09:00:00,S037
H0006446,O001706,Prospecting,Qualification,2024-05-05 15:00:00,S037
H0006447,O001706,Qualification,Proposal,2024-05-31 16:00:00,S037
H0006448,O001706,Proposal,Closed Lost,2024-06-07 11:00:00,S037
H0006449,O001707,,Prospecting,2024-10-20 09:00:00,S015
H0006450,O001707,Prospecting,Closed Lost,2025-01-05 15:00:00,S015
H0006451,O001708,,Prospecting,2024-02-02 09:00:00,S017
H0006452,O001708,Prospecting,Qualification,2024-02-08 12:00:00,S017
H0006453,O001708,Qualification,Proposal,2024-02-23 12:00:00,S017
H0006454,O001708,Proposal,Negotiation,2024-02-27 17:00:00,S017
H0006455,O001708,Negotiation,Closed Won,2024-03-27 11:00:00,S017
H0006456,O001709,,Prospecting,2024-04-20 09:00:00,S040
H0006457,O001709,Prospecting,Closed Lost,2024-06-21 13:00:00,S040
H0006458,O001710,,Prospecting,2025-05-17 09:00:00,S005
H0006459,O001710,Prospecting,Qualification,2025-05-21 10:00:00,S005
H0006460,O001710,Qualification,Closed Lost,2025-06-11 10:00:00,S005
H0006461,O001711,,Prospecting,2023-07-04 09:00:00,S010
H0006462,O001711,Prospecting,Closed Lost,2023-07-31 17:00:00,S010
H0006463,O001712,,Prospecting,2023-03-21 09:00:00,S026
H0006464,O001712,Prospecting,Qualification,2023-04-03 16:00:00,S026
H0006465,O001712,Qualification,Proposal,2023-04-16 14:00:00,S026
H0006466,O001712,Proposal,Negotiation,2023-05-01 14:00:00,S026
H0006467,O001712,Negotiation,Closed Won,2023-07-03 15:00:00,S026
H0006468,O001713,,Prospecting,2024-10-07 09:00:00,S040
H0006469,O001713,Prospecting,Qualification,2024-11-01 09:00:00,S040
H0006470,O001713,Qualification,Closed Lost,2025-01-03 17:00:00,S040
H0006471,O001714,,Prospecting,2025-02-05 09:00:00,S033
H0006472,O001714,Prospecting,Qualification,2025-02-22 08:00:00,S033
H0006473,O001714,Qualification,Proposal,2025-05-06 16:00:00,S033
H0006474,O001714,Proposal,Negotiation,2025-06-15 16:00:00,S033
H0006475,O001714,Negotiation,Closed Won,2025-06-16 17:00:00,S033
H0006476,O001715,,Prospecting,2025-04-17 09:00:00,S037
H0006477,O001715,Prospecting,Qualification,2025-05-10 10:00:00,S037
H0006478,O001715,Qualification,Closed Lost,2025-05-17 11:00:00,S037
H0006479,O001716,,Prospecting,2025-01-22 09:00:00,S016
H0006480,O001716,Prospecting,Qualification,2025-03-07 09:00:00,S016
H0006481,O001716,Qualification,Closed Lost,2025-04-03 13:00:00,S016
H0006482,O001717,,Prospecting,2024-10-26 09:00:00,S039
H0006483,O001717,Prospecting,Closed Lost,2024-12-05 15:00:00,S039
H0006484,O001718,,Prospecting,2023-08-19 09:00:00,S002
H0006485,O001718,Prospecting,Qualification,2023-08-26 17:00:00,S002
H0006486,O001718,Qualification,Proposal,2023-09-03 08:00:00,S002
H0006487,O001718,Proposal,Closed Lost,2023-10-28 14:00:00,S002
H0006488,O001719,,Prospecting,2025-05-21 09:00:00,S009
H0006489,O001719,Prospecting,Qualification,2025-06-04 10:00:00,S009
H0006490,O001720,,Prospecting,2024-06-16 09:00:00,S014
H0006491,O001720,Prospecting,Qualification,2024-07-26 14:00:00,S014
H0006492,O001720,Qualification,Proposal,2024-07-31 15:00:00,S014
H0006493,O001720,Proposal,Closed Lost,2024-08-13 13:00:00,S014
H0006494,O001721,,Prospecting,2024-08-09 09:00:00,S022
H0006495,O001721,Prospecting,Closed Lost,2024-08-28 09:00:00,S022
H0006496,O001722,,Prospecting,2023-02-25 09:00:00,S019
H0006497,O001722,Prospecting,Qualification,2023-03-31 08:00:00,S019
H0006498,O001722,Qualification,Proposal,2023-04-14 09:00:00,S019
H0006499,O001722,Proposal,Negotiation,2023-05-03 08:00:00,S019
H0006500,O001722,Negotiation,Closed Won,2023-05-13 16:00:00,S019
H0006501,O001723,,Prospecting,2023-07-20 09:00:00,S003
H0006502,O001723,Prospecting,Qualification,2023-07-24 16:00:00,S003
H0006503,O001723,Qualification,Proposal,2023-08-21 08:00:00,S003
H0006504,O001723,Proposal,Closed Lost,2023-08-30 14:00:00,S003
H0006505,O001724,,Prospecting,2023-09-01 09:00:00,S011
H0006506,O001724,Prospecting,Qualification,2023-09-16 08:00:00,S011
H0006507,O001724,Qualification,Proposal,2023-09-26 13:00:00,S011
H0006508,O001724,Proposal,Negotiation,2023-11-13 12:00:00,S011
H0006509,O001724,Negotiation,Closed Won,2023-11-15 17:00:00,S011
H0006510,O001725,,Prospecting,2023-08-31 09:00:00,S011
H0006511,O001725,Prospecting,Qualification,2023-09-03 12:00:00,S011
H0006512,O001725,Qualification,Proposal,2023-09-04 15:00:00,S011
H0006513,O001725,Proposal,Negotiation,2023-10-04 14:00:00,S011
H0006514,O001725,Negotiation,Closed Won,2023-11-09 09:00:00,S011
H0006515,O001726,,Prospecting,2024-04-27 09:00:00,S004
H0006516,O001726,Prospecting,Qualification,2024-05-14 08:00:00,S004
H0006517,O001726,Qualification,Proposal,2024-06-08 17:00:00,S004
H0006518,O001726,Proposal,Negotiation,2024-06-16 08:00:00,S004
H0006519,O001726,Negotiation,Closed Lost,2024-06-18 15:00:00,S004
H0006520,O001727,,Prospecting,2025-02-23 09:00:00,S032
H0006521,O001727,Prospecting,Qualification,2025-03-05 16:00:00,S032
H0006522,O001727,Qualification,Proposal,2025-03-13 09:00:00,S032
H0006523,O001727,Proposal,Closed Lost,2025-03-26 14:00:00,S032
H0006524,O001728,,Prospecting,2023-04-06 09:00:00,S001
H0006525,O001728,Prospecting,Qualification,2023-04-10 14:00:00,S001
H0006526,O001728,Qualification,Proposal,2023-04-12 08:00:00,S001
H0006527,O001728,Proposal,Negotiation,2023-04-13 09:00:00,S001
H0006528,O001728,Negotiation,Closed Won,2023-04-26 13:00:00,S001
H0006529,O001729,,Prospecting,2025-04-07 09:00:00,S025
H0006530,O001729,Prospecting,Qualification,2025-04-30 15:00:00,S025
H0006531,O001729,Qualification,Proposal,2025-05-01 08:00:00,S025
H0006532,O001729,Proposal,Closed Lost,2025-05-14 14:00:00,S025
H0006533,O001730,,Prospecting,2025-03-06 09:00:00,S005
H0006534,O001730,Prospecting,Qualification,2025-03-06 10:00:00,S005
H0006535,O001730,Qualification,Proposal,2025-03-08 17:00:00,S005
H0006536,O001730,Proposal,Negotiation,2025-03-21 10:00:00,S005
H0006537,O001730,Negotiation,Closed Won,2025-06-03 16:00:00,S005
H0006538,O001731,,Prospecting,2024-10-30 09:00:00,S031
H0006539,O001731,Prospecting,Closed Lost,2024-12-02 14:00:00,S031
H0006540,O001732,,Prospecting,2025-04-29 09:00:00,S016
H0006541,O001732,Prospecting,Qualification,2025-05-22 14:00:00,S016
H0006542,O001732,Qualification,Proposal,2025-06-27 08:00:00,S016
H0006543,O001733,,Prospecting,2025-02-24 09:00:00,S014
H0006544,O001733,Prospecting,Qualification,2025-03-02 08:00:00,S014
H0006545,O001733,Qualification,Proposal,2025-03-03 10:00:00,S014
H0006546,O001733,Proposal,Negotiation,2025-03-07 16:00:00,S014
H0006547,O001733,Negotiation,Closed Lost,2025-03-08 09:00:00,S014
H0006548,O001734,,Prospecting,2025-05-14 09:00:00,S034
H0006549,O001734,Prospecting,Qualification,2025-06-16 17:00:00,S034
H0006550,O001735,,Prospecting,2023-03-23 09:00:00,S022
H0006551,O001735,Prospecting,Qualification,2023-04-06 17:00:00,S022
H0006552,O001735,Qualification,Closed Lost,2023-04-13 11:00:00,S022
H0006553,O001736,,Prospecting,2025-01-05 09:00:00,S020
H0006554,O001736,Prospecting,Qualification,2025-01-13 13:00:00,S020
H0006555,O001736,Qualification,Proposal,2025-02-22 14:00:00,S020
H0006556,O001736,Proposal,Negotiation,2025-03-20 13:00:00,S020
H0006557,O001736,Negotiation,Closed Won,2025-03-29 13:00:00,S020
H0006558,O001737,,Prospecting,2025-06-15 09:00:00,S028
H0006559,O001738,,Prospecting,2024-09-11 09:00:00,S040
H0006560,O001738,Prospecting,Qualification,2024-11-25 10:00:00,S040
H0006561,O001738,Qualification,Closed Lost,2025-01-03 14:00:00,S040
H0006562,O001739,,Prospecting,2025-04-10 09:00:00,S002
H0006563,O001739,Prospecting,Qualification,2025-04-22 11:00:00,S002
H0006564,O001739,Qualification,Proposal,2025-05-15 14:00:00,S002
H0006565,O001739,Proposal,Negotiation,2025-05-26 14:00:00,S002
H0006566,O001739,Negotiation,Closed Lost,2025-06-16 12:00:00,S002
H0006567,O001740,,Prospecting,2024-04-17 09:00:00,S026
H0006568,O001740,Prospecting,Closed Lost,2024-06-25 09:00:00,S026
H0006569,O001741,,Prospecting,2024-11-19 09:00:00,S020
H0006570,O001741,Prospecting,Qualification,2024-11-21 16:00:00,S020
H0006571,O001741,Qualification,Proposal,2024-11-28 11:00:00,S020
H0006572,O001741,Proposal,Negotiation,2024-12-21 09:00:00,S020
H0006573,O001741,Negotiation,Closed Won,2024-12-25 09:00:00,S020
H0006574,O001742,,Prospecting,2024-05-27 09:00:00,S001
H0006575,O001742,Prospecting,Qualification,2024-05-29 10:00:00,S001
H0006576,O001742,Qualification,Proposal,2024-06-07 15:00:00,S001
H0006577,O001742,Proposal,Negotiation,2024-06-12 14:00:00,S001
H0006578,O001742,Negotiation,Closed Lost,2024-06-26 14:00:00,S001
H0006579,O001743,,Prospecting,2024-05-30 09:00:00,S021
H0006580,O001743,Prospecting,Closed Lost,2024-10-07 13:00:00,S021
H0006581,O001744,,Prospecting,2024-02-27 09:00:00,S023
H0006582,O001744,Prospecting,Qualification,2024-03-01 13:00:00,S023
H0006583,O001744,Qualification,Proposal,2024-03-02 09:00:00,S023
H0006584,O001744,Proposal,Negotiation,2024-03-04 08:00:00,S023
H0006585,O001744,Negotiation,Closed Lost,2024-03-07 15:00:00,S023
H0006586,O001745,,Prospecting,2024-07-29 09:00:00,S027
H0006587,O001745,Prospecting,Qualification,2024-08-17 14:00:00,S027
H0006588,O001745,Qualification,Closed Lost,2024-09-20 14:00:00,S027
H0006589,O001746,,Prospecting,2024-01-12 09:00:00,S002
H0006590,O001746,Prospecting,Qualification,2024-03-06 14:00:00,S002
H0006591,O001746,Qualification,Closed Lost,2024-03-09 12:00:00,S002
H0006592,O001747,,Prospecting,2025-01-31 09:00:00,S033
H0006593,O001747,Prospecting,Qualification,2025-02-13 10:00:00,S033
H0006594,O001747,Qualification,Proposal,2025-02-23 10:00:00,S033
H0006595,O001747,Proposal,Negotiation,2025-03-04 13:00:00,S033
H0006596,O001747,Negotiation,Closed Won,2025-03-15 11:00:00,S033
H0006597,O001748,,Prospecting,2025-03-01 09:00:00,S017
H0006598,O001748,Prospecting,Qualification,2025-03-17 17:00:00,S017
H0006599,O001748,Qualification,Closed Lost,2025-04-11 09:00:00,S017
H0006600,O001749,,Prospecting,2024-05-18 09:00:00,S015
H0006601,O001749,Prospecting,Qualification,2024-06-07 08:00:00,S015
H0006602,O001749,Qualification,Closed Lost,2024-07-28 10:00:00,S015
H0006603,O001750,,Prospecting,2023-03-13 09:00:00,S002
H0006604,O001750,Prospecting,Qualification,2023-03-16 09:00:00,S002
H0006605,O001750,Qualification,Proposal,2023-03-23 17:00:00,S002
H0006606,O001750,Proposal,Negotiation,2023-04-17 08:00:00,S002
H0006607,O001750,Negotiation,Closed Lost,2023-05-09 09:00:00,S002
H0006608,O001751,,Prospecting,2023-06-15 09:00:00,S012
H0006609,O001751,Prospecting,Qualification,2023-06-19 15:00:00,S012
H0006610,O001751,Qualification,Closed Lost,2023-07-29 09:00:00,S012
H0006611,O001752,,Prospecting,2024-05-30 09:00:00,S019
H0006612,O001752,Prospecting,Closed Lost,2024-07-21 17:00:00,S019
H0006613,O001753,,Prospecting,2025-06-11 09:00:00,S019
H0006614,O001753,Prospecting,Qualification,2025-06-24 17:00:00,S019
H0006615,O001754,,Prospecting,2025-06-09 09:00:00,S004
H0006616,O001755,,Prospecting,2025-05-30 09:00:00,S030
H0006617,O001755,Prospecting,Qualification,2025-06-16 09:00:00,S030
H0006618,O001756,,Prospecting,2025-02-13 09:00:00,S012
H0006619,O001756,Prospecting,Closed Lost,2025-04-23 15:00:00,S012
H0006620,O001757,,Prospecting,2025-06-07 09:00:00,S009
H0006621,O001757,Prospecting,Qualification,2025-06-08 13:00:00,S009
H0006622,O001758,,Prospecting,2024-09-14 09:00:00,S027
H0006623,O001758,Prospecting,Qualification,2024-09-28 11:00:00,S027
H0006624,O001758,Qualification,Closed Lost,2024-10-04 12:00:00,S027
H0006625,O001759,,Prospecting,2025-01-29 09:00:00,S033
H0006626,O001759,Prospecting,Qualification,2025-02-15 13:00:00,S033
H0006627,O001759,Qualification,Proposal,2025-05-11 17:00:00,S033
H0006628,O001759,Proposal,Negotiation,2025-05-24 17:00:00,S033
H0006629,O001760,,Prospecting,2024-01-03 09:00:00,S008
H0006630,O001760,Prospecting,Qualification,2024-01-07 17:00:00,S008
H0006631,O001760,Qualification,Proposal,2024-01-07 14:00:00,S008
H0006632,O001760,Proposal,Closed Lost,2024-02-21 13:00:00,S008
H0006633,O001761,,Prospecting,2025-05-02 09:00:00,S002
H0006634,O001761,Prospecting,Qualification,2025-06-01 10:00:00,S002
H0006635,O001761,Qualification,Proposal,2025-06-21 11:00:00,S002
H0006636,O001762,,Prospecting,2023-11-15 09:00:00,S009
H0006637,O001762,Prospecting,Qualification,2023-12-16 15:00:00,S009
H0006638,O001762,Qualification,Proposal,2024-02-02 09:00:00,S009
H0006639,O001762,Proposal,Negotiation,2024-04-08 11:00:00,S009
H0006640,O001762,Negotiation,Closed Won,2024-04-17 17:00:00,S009
H0006641,O001763,,Prospecting,2023-10-03 09:00:00,S023
H0006642,O001763,Prospecting,Qualification,2023-10-10 12:00:00,S023
H0006643,O001763,Qualification,Proposal,2024-01-30 11:00:00,S023
H0006644,O001763,Proposal,Negotiation,2024-02-17 12:00:00,S023
H0006645,O001763,Negotiation,Closed Won,2024-03-05 11:00:00,S023
H0006646,O001764,,Prospecting,2023-11-17 09:00:00,S009
H0006647,O001764,Prospecting,Qualification,2023-12-28 14:00:00,S009
H0006648,O001764,Qualification,Proposal,2023-12-29 10:00:00,S009
H0006649,O001764,Proposal,Negotiation,2024-02-22 09:00:00,S009
H0006650,O001764,Negotiation,Closed Won,2024-03-01 13:00:00,S009
H0006651,O001765,,Prospecting,2024-11-02 09:00:00,S033
H0006652,O001765,Prospecting,Closed Lost,2024-11-12 12:00:00,S033
H0006653,O001766,,Prospecting,2024-09-07 09:00:00,S040
H0006654,O001766,Prospecting,Closed Lost,2024-11-02 09:00:00,S040
H0006655,O001767,,Prospecting,2025-01-31 09:00:00,S016
H0006656,O001767,Prospecting,Qualification,2025-02-01 09:00:00,S016
H0006657,O001767,Qualification,Proposal,2025-03-05 13:00:00,S016
H0006658,O001767,Proposal,Closed Lost,2025-04-05 14:00:00,S016
H0006659,O001768,,Prospecting,2025-06-13 09:00:00,S031
H0006660,O001769,,Prospecting,2025-05-17 09:00:00,S001
H0006661,O001769,Prospecting,Qualification,2025-05-26 08:00:00,S001
H0006662,O001769,Qualification,Proposal,2025-06-17 12:00:00,S001
H0006663,O001769,Proposal,Negotiation,2025-06-21 14:00:00,S001
H0006664,O001770,,Prospecting,2025-06-13 09:00:00,S039
H0006665,O001771,,Prospecting,2024-09-17 09:00:00,S020
H0006666,O001771,Prospecting,Qualification,2024-10-31 08:00:00,S020
H0006667,O001771,Qualification,Proposal,2024-11-10 15:00:00,S020
H0006668,O001771,Proposal,Negotiation,2024-11-29 08:00:00,S020
H0006669,O001771,Negotiation,Closed Won,2024-12-05 10:00:00,S020
H0006670,O001772,,Prospecting,2024-04-19 09:00:00,S026
H0006671,O001772,Prospecting,Closed Lost,2024-06-02 10:00:00,S026
H0006672,O001773,,Prospecting,2025-05-03 09:00:00,S025
H0006673,O001773,Prospecting,Qualification,2025-05-16 15:00:00,S025
H0006674,O001773,Qualification,Proposal,2025-05-21 08:00:00,S025
H0006675,O001773,Proposal,Closed Lost,2025-05-24 11:00:00,S025
H0006676,O001774,,Prospecting,2024-03-03 09:00:00,S035
H0006677,O001774,Prospecting,Qualification,2024-03-07 08:00:00,S035
H0006678,O001774,Qualification,Proposal,2024-03-14 16:00:00,S035
H0006679,O001774,Proposal,Closed Lost,2024-04-05 09:00:00,S035
H0006680,O001775,,Prospecting,2025-02-12 09:00:00,S012
H0006681,O001775,Prospecting,Qualification,2025-02-20 17:00:00,S012
H0006682,O001775,Qualification,Proposal,2025-03-22 09:00:00,S012
H0006683,O001775,Proposal,Closed Lost,2025-04-06 16:00:00,S012
H0006684,O001776,,Prospecting,2023-07-08 09:00:00,S037
H0006685,O001776,Prospecting,Qualification,2023-07-30 08:00:00,S037
H0006686,O001776,Qualification,Proposal,2023-08-01 15:00:00,S037
H0006687,O001776,Proposal,Closed Lost,2023-08-19 16:00:00,S037
H0006688,O001777,,Prospecting,2024-12-08 09:00:00,S009
H0006689,O001777,Prospecting,Qualification,2024-12-26 14:00:00,S009
H0006690,O001777,Qualification,Proposal,2025-01-22 15:00:00,S009
H0006691,O001777,Proposal,Negotiation,2025-02-19 13:00:00,S009
H0006692,O001777,Negotiation,Closed Won,2025-03-26 16:00:00,S009
H0006693,O001778,,Prospecting,2025-03-18 09:00:00,S022
H0006694,O001778,Prospecting,Qualification,2025-03-29 09:00:00,S022
H0006695,O001778,Qualification,Proposal,2025-04-22 09:00:00,S022
H0006696,O001778,Proposal,Closed Lost,2025-04-25 11:00:00,S022
H0006697,O001779,,Prospecting,2024-01-23 09:00:00,S012
H0006698,O001779,Prospecting,Qualification,2024-01-27 17:00:00,S012
H0006699,O001779,Qualification,Proposal,2024-02-12 14:00:00,S012
H0006700,O001779,Proposal,Negotiation,2024-02-18 13:00:00,S012
H0006701,O001779,Negotiation,Closed Won,2024-02-26 16:00:00,S012
H0006702,O001780,,Prospecting,2024-11-11 09:00:00,S005
H0006703,O001780,Prospecting,Closed Lost,2025-06-21 13:00:00,S005
H0006704,O001781,,Prospecting,2025-06-19 09:00:00,S024
H0006705,O001782,,Prospecting,2025-02-11 09:00:00,S012
H0006706,O001782,Prospecting,Qualification,2025-02-24 12:00:00,S012
H0006707,O001782,Qualification,Proposal,2025-03-01 08:00:00,S012
H0006708,O001782,Proposal,Negotiation,2025-03-12 15:00:00,S012
H0006709,O001782,Negotiation,Closed Lost,2025-03-29 13:00:00,S012
H0006710,O001783,,Prospecting,2023-03-28 09:00:00,S013
H0006711,O001783,Prospecting,Qualification,2023-04-03 15:00:00,S013
H0006712,O001783,Qualification,Proposal,2023-04-06 14:00:00,S013
H0006713,O001783,Proposal,Closed Lost,2023-05-11 13:00:00,S013
H0006714,O001784,,Prospecting,2023-06-13 09:00:00,S023
H0006715,O001784,Prospecting,Qualification,2023-06-27 13:00:00,S023
H0006716,O001784,Qualification,Proposal,2023-07-03 10:00:00,S023
H0006717,O001784,Proposal,Negotiation,2023-07-04 11:00:00,S023
H0006718,O001784,Negotiation,Closed Lost,2023-08-01 09:00:00,S023
H0006719,O001785,,Prospecting,2024-09-20 09:00:00,S005
H0006720,O001785,Prospecting,Closed Lost,2025-01-21 12:00:00,S005
H0006721,O001786,,Prospecting,2024-01-31 09:00:00,S040
H0006722,O001786,Prospecting,Qualification,2024-01-31 12:00:00,S040
H0006723,O001786,Qualification,Proposal,2024-03-03 15:00:00,S040
H0006724,O001786,Proposal,Negotiation,2024-03-07 14:00:00,S040
H0006725,O001786,Negotiation,Closed Won,2024-04-23 09:00:00,S040
H0006726,O001787,,Prospecting,2023-01-12 09:00:00,S021
H0006727,O001787,Prospecting,Closed Lost,2023-03-27 15:00:00,S021
H0006728,O001788,,Prospecting,2024-10-04 09:00:00,S033
H0006729,O001788,Prospecting,Closed Lost,2024-12-05 17:00:00,S033
H0006730,O001789,,Prospecting,2023-07-03 09:00:00,S023
H0006731,O001789,Prospecting,Qualification,2023-08-13 16:00:00,S023
H0006732,O001789,Qualification,Proposal,2023-09-09 10:00:00,S023
H0006733,O001789,Proposal,Negotiation,2023-09-10 16:00:00,S023
H0006734,O001789,Negotiation,Closed Lost,2023-09-11 16:00:00,S023
H0006735,O001790,,Prospecting,2025-02-06 09:00:00,S016
H0006736,O001790,Prospecting,Qualification,2025-03-29 14:00:00,S016
H0006737,O001790,Qualification,Proposal,2025-03-31 17:00:00,S016
H0006738,O001790,Proposal,Negotiation,2025-05-13 08:00:00,S016
H0006739,O001790,Negotiation,Closed Lost,2025-05-15 13:00:00,S016
H0006740,O001791,,Prospecting,2025-05-08 09:00:00,S019
H0006741,O001791,Prospecting,Qualification,2025-06-12 09:00:00,S019
H0006742,O001792,,Prospecting,2023-03-07 09:00:00,S019
H0006743,O001792,Prospecting,Qualification,2023-03-10 17:00:00,S019
H0006744,O001792,Qualification,Proposal,2023-04-27 13:00:00,S019
H0006745,O001792,Proposal,Negotiation,2023-05-07 09:00:00,S019
H0006746,O001792,Negotiation,Closed Lost,2023-07-15 12:00:00,S019
H0006747,O001793,,Prospecting,2025-04-08 09:00:00,S019
H0006748,O001793,Prospecting,Qualification,2025-04-10 10:00:00,S019
H0006749,O001793,Qualification,Proposal,2025-04-11 13:00:00,S019
H0006750,O001793,Proposal,Negotiation,2025-04-19 10:00:00,S019
H0006751,O001793,Negotiation,Closed Lost,2025-05-03 15:00:00,S019
H0006752,O001794,,Prospecting,2023-12-22 09:00:00,S009
H0006753,O001794,Prospecting,Qualification,2024-06-17 11:00:00,S009
H0006754,O001794,Qualification,Closed Lost,2024-07-08 10:00:00,S009
H0006755,O001795,,Prospecting,2023-04-01 09:00:00,S016
H0006756,O001795,Prospecting,Qualification,2023-04-04 15:00:00,S016
H0006757,O001795,Qualification,Proposal,2023-04-06 12:00:00,S016
H0006758,O001795,Proposal,Closed Lost,2023-07-26 13:00:00,S016
H0006759,O001796,,Prospecting,2023-08-26 09:00:00,S040
H0006760,O001796,Prospecting,Qualification,2023-09-07 09:00:00,S040
H0006761,O001796,Qualification,Closed Lost,2023-09-22 09:00:00,S040
H0006762,O001797,,Prospecting,2025-04-01 09:00:00,S016
H0006763,O001797,Prospecting,Qualification,2025-04-04 13:00:00,S016
H0006764,O001797,Qualification,Proposal,2025-04-05 14:00:00,S016
H0006765,O001797,Proposal,Negotiation,2025-05-20 10:00:00,S016
H0006766,O001797,Negotiation,Closed Won,2025-06-08 10:00:00,S016
H0006767,O001798,,Prospecting,2025-03-02 09:00:00,S029
H0006768,O001798,Prospecting,Qualification,2025-03-04 12:00:00,S029
H0006769,O001798,Qualification,Proposal,2025-03-17 09:00:00,S029
H0006770,O001798,Proposal,Negotiation,2025-04-04 09:00:00,S029
H0006771,O001798,Negotiation,Closed Won,2025-04-07 12:00:00,S029
H0006772,O001799,,Prospecting,2025-05-16 09:00:00,S010
H0006773,O001799,Prospecting,Qualification,2025-05-23 14:00:00,S010
H0006774,O001799,Qualification,Proposal,2025-05-26 17:00:00,S010
H0006775,O001800,,Prospecting,2025-05-15 09:00:00,S040
H0006776,O001800,Prospecting,Qualification,2025-06-16 15:00:00,S040
H0006777,O001800,Qualification,Proposal,2025-06-18 09:00:00,S040
H0006778,O001800,Proposal,Negotiation,2025-06-25 10:00:00,S040
H0006779,O001800,Negotiation,Closed Won,2025-06-29 17:00:00,S040
H0006780,O001801,,Prospecting,2023-12-31 09:00:00,S005
H0006781,O001801,Prospecting,Qualification,2024-01-11 16:00:00,S005
H0006782,O001801,Qualification,Proposal,2024-01-18 16:00:00,S005
H0006783,O001801,Proposal,Negotiation,2024-01-19 15:00:00,S005
H0006784,O001801,Negotiation,Closed Won,2024-01-20 11:00:00,S005
H0006785,O001802,,Prospecting,2023-05-14 09:00:00,S032
H0006786,O001802,Prospecting,Closed Lost,2023-07-16 11:00:00,S032
H0006787,O001803,,Prospecting,2025-06-25 09:00:00,S004
H0006788,O001804,,Prospecting,2025-01-29 09:00:00,S012
H0006789,O001804,Prospecting,Qualification,2025-02-20 17:00:00,S012
H0006790,O001804,Qualification,Proposal,2025-03-02 08:00:00,S012
H0006791,O001804,Proposal,Negotiation,2025-03-09 14:00:00,S012
H0006792,O001804,Negotiation,Closed Won,2025-03-29 09:00:00,S012
H0006793,O001805,,Prospecting,2024-12-21 09:00:00,S012
H0006794,O001805,Prospecting,Qualification,2024-12-31 08:00:00,S012
H0006795,O001805,Qualification,Closed Lost,2025-01-17 11:00:00,S012
H0006796,O001806,,Prospecting,2025-03-28 09:00:00,S028
H0006797,O001806,Prospecting,Closed Lost,2025-04-05 16:00:00,S028
H0006798,O001807,,Prospecting,2025-02-06 09:00:00,S001
H0006799,O001807,Prospecting,Qualification,2025-02-25 09:00:00,S001
H0006800,O001807,Qualification,Proposal,2025-03-18 11:00:00,S001
H0006801,O001807,Proposal,Negotiation,2025-03-19 09:00:00,S001
H0006802,O001807,Negotiation,Closed Won,2025-03-21 09:00:00,S001
H0006803,O001808,,Prospecting,2025-05-08 09:00:00,S011
H0006804,O001808,Prospecting,Qualification,2025-06-12 11:00:00,S011
H0006805,O001808,Qualification,Proposal,2025-06-29 14:00:00,S011
H0006806,O001809,,Prospecting,2024-03-11 09:00:00,S014
H0006807,O001809,Prospecting,Qualification,2024-03-12 14:00:00,S014
H0006808,O001809,Qualification,Proposal,2024-04-06 11:00:00,S014
H0006809,O001809,Proposal,Closed Lost,2024-04-09 17:00:00,S014
H0006810,O001810,,Prospecting,2024-08-22 09:00:00,S018
H0006811,O001810,Prospecting,Qualification,2024-08-28 12:00:00,S018
H0006812,O001810,Qualification,Proposal,2024-08-28 15:00:00,S018
H0006813,O001810,Proposal,Negotiation,2024-09-10 08:00:00,S018
H0006814,O001810,Negotiation,Closed Lost,2024-09-29 10:00:00,S018
H0006815,O001811,,Prospecting,2024-11-11 09:00:00,S022
H0006816,O001811,Prospecting,Qualification,2024-11-23 12:00:00,S022
H0006817,O001811,Qualification,Closed Lost,2025-01-20 15:00:00,S022
H0006818,O001812,,Prospecting,2023-08-27 09:00:00,S026
H0006819,O001812,Prospecting,Closed Lost,2023-10-07 10:00:00,S026
H0006820,O001813,,Prospecting,2024-04-28 09:00:00,S016
H0006821,O001813,Prospecting,Qualification,2024-04-30 09:00:00,S016
H0006822,O001813,Qualification,Closed Lost,2024-05-22 14:00:00,S016
H0006823,O001814,,Prospecting,2023-03-23 09:00:00,S027
H0006824,O001814,Prospecting,Qualification,2023-04-23 09:00:00,S027
H0006825,O001814,Qualification,Proposal,2023-05-07 12:00:00,S027
H0006826,O001814,Proposal,Closed Lost,2023-05-23 12:00:00,S027
H0006827,O001815,,Prospecting,2025-03-05 09:00:00,S005
H0006828,O001815,Prospecting,Qualification,2025-03-13 08:00:00,S005
H0006829,O001815,Qualification,Proposal,2025-04-14 11:00:00,S005
H0006830,O001815,Proposal,Negotiation,2025-05-04 11:00:00,S005
H0006831,O001815,Negotiation,Closed Won,2025-06-12 13:00:00,S005
H0006832,O001816,,Prospecting,2023-06-26 09:00:00,S011
H0006833,O001816,Prospecting,Qualification,2023-07-11 14:00:00,S011
H0006834,O001816,Qualification,Proposal,2023-08-17 10:00:00,S011
H0006835,O001816,Proposal,Negotiation,2023-10-10 16:00:00,S011
H0006836,O001816,Negotiation,Closed Won,2023-11-19 09:00:00,S011
H0006837,O001817,,Prospecting,2024-09-23 09:00:00,S001
H0006838,O001817,Prospecting,Qualification,2024-10-04 08:00:00,S001
H0006839,O001817,Qualification,Proposal,2024-10-11 16:00:00,S001
H0006840,O001817,Proposal,Closed Lost,2024-11-12 10:00:00,S001
H0006841,O001818,,Prospecting,2024-08-10 09:00:00,S020
H0006842,O001818,Prospecting,Qualification,2024-08-17 13:00:00,S020
H0006843,O001818,Qualification,Closed Lost,2024-09-18 12:00:00,S020
H0006844,O001819,,Prospecting,2024-04-17 09:00:00,S001
H0006845,O001819,Prospecting,Qualification,2024-06-02 17:00:00,S001
H0006846,O001819,Qualification,Proposal,2024-06-18 17:00:00,S001
H0006847,O001819,Proposal,Negotiation,2024-07-14 10:00:00,S001
H0006848,O001819,Negotiation,Closed Won,2024-08-06 16:00:00,S001
H0006849,O001820,,Prospecting,2025-03-28 09:00:00,S015
H0006850,O001820,Prospecting,Qualification,2025-05-05 12:00:00,S015
H0006851,O001820,Qualification,Proposal,2025-05-25 09:00:00,S015
H0006852,O001820,Proposal,Negotiation,2025-06-21 10:00:00,S015
H0006853,O001821,,Prospecting,2023-11-12 09:00:00,S021
H0006854,O001821,Prospecting,Qualification,2023-11-12 08:00:00,S021
H0006855,O001821,Qualification,Proposal,2024-01-15 11:00:00,S021
H0006856,O001821,Proposal,Negotiation,2024-01-22 15:00:00,S021
H0006857,O001821,Negotiation,Closed Lost,2024-02-10 15:00:00,S021
H0006858,O001822,,Prospecting,2023-07-30 09:00:00,S032
H0006859,O001822,Prospecting,Qualification,2023-07-31 12:00:00,S032
H0006860,O001822,Qualification,Proposal,2023-08-02 11:00:00,S032
H0006861,O001822,Proposal,Negotiation,2023-08-08 13:00:00,S032
H0006862,O001822,Negotiation,Closed Lost,2023-08-17 16:00:00,S032
H0006863,O001823,,Prospecting,2025-01-16 09:00:00,S008
H0006864,O001823,Prospecting,Qualification,2025-01-28 12:00:00,S008
H0006865,O001823,Qualification,Closed Lost,2025-02-13 09:00:00,S008
H0006866,O001824,,Prospecting,2024-02-05 09:00:00,S027
H0006867,O001824,Prospecting,Qualification,2024-02-21 09:00:00,S027
H0006868,O001824,Qualification,Proposal,2024-02-26 12:00:00,S027
H0006869,O001824,Proposal,Negotiation,2024-03-02 10:00:00,S027
H0006870,O001824,Negotiation,Closed Won,2024-03-23 13:00:00,S027
H0006871,O001825,,Prospecting,2025-05-07 09:00:00,S008
H0006872,O001825,Prospecting,Qualification,2025-05-08 14:00:00,S008
H0006873,O001825,Qualification,Proposal,2025-06-21 16:00:00,S008
H0006874,O001826,,Prospecting,2025-04-14 09:00:00,S009
H0006875,O001826,Prospecting,Qualification,2025-05-06 10:00:00,S009
H0006876,O001826,Qualification,Proposal,2025-06-04 10:00:00,S009
H0006877,O001826,Proposal,Negotiation,2025-06-06 10:00:00,S009
H0006878,O001826,Negotiation,Closed Won,2025-06-29 14:00:00,S009
H0006879,O001827,,Prospecting,2024-03-27 09:00:00,S028
H0006880,O001827,Prospecting,Qualification,2024-04-12 09:00:00,S028
H0006881,O001827,Qualification,Proposal,2024-04-20 08:00:00,S028
H0006882,O001827,Proposal,Closed Lost,2024-05-09 17:00:00,S028
H0006883,O001828,,Prospecting,2023-12-15 09:00:00,S001
H0006884,O001828,Prospecting,Qualification,2023-12-20 14:00:00,S001
H0006885,O001828,Qualification,Proposal,2023-12-26 15:00:00,S001
H0006886,O001828,Proposal,Closed Lost,2024-01-04 13:00:00,S001
H0006887,O001829,,Prospecting,2024-11-01 09:00:00,S030
H0006888,O001829,Prospecting,Qualification,2024-11-07 09:00:00,S030
H0006889,O001829,Qualification,Closed Lost,2024-11-25 10:00:00,S030
H0006890,O001830,,Prospecting,2025-02-27 09:00:00,S014
H0006891,O001830,Prospecting,Qualification,2025-03-06 15:00:00,S014
H0006892,O001830,Qualification,Closed Lost,2025-03-07 12:00:00,S014
H0006893,O001831,,Prospecting,2023-10-25 09:00:00,S021
H0006894,O001831,Prospecting,Qualification,2023-12-14 17:00:00,S021
H0006895,O001831,Qualification,Proposal,2023-12-30 10:00:00,S021
H0006896,O001831,Proposal,Negotiation,2024-01-04 11:00:00,S021
H0006897,O001831,Negotiation,Closed Won,2024-01-16 11:00:00,S021
H0006898,O001832,,Prospecting,2025-04-18 09:00:00,S009
H0006899,O001832,Prospecting,Qualification,2025-04-28 16:00:00,S009
H0006900,O001832,Qualification,Proposal,2025-05-13 11:00:00,S009
H0006901,O001832,Proposal,Negotiation,2025-05-23 12:00:00,S009
H0006902,O001832,Negotiation,Closed Won,2025-06-17 12:00:00,S009
H0006903,O001833,,Prospecting,2024-02-22 09:00:00,S010
H0006904,O001833,Prospecting,Qualification,2024-03-19 11:00:00,S010
H0006905,O001833,Qualification,Proposal,2024-04-05 09:00:00,S010
H0006906,O001833,Proposal,Negotiation,2024-04-26 16:00:00,S010
H0006907,O001833,Negotiation,Closed Won,2024-05-05 14:00:00,S010
H0006908,O001834,,Prospecting,2025-06-22 09:00:00,S026
H0006909,O001835,,Prospecting,2024-06-23 09:00:00,S031
H0006910,O001835,Prospecting,Qualification,2024-08-23 12:00:00,S031
H0006911,O001835,Qualification,Closed Lost,2024-09-15 13:00:00,S031
H0006912,O001836,,Prospecting,2023-02-28 09:00:00,S018
H0006913,O001836,Prospecting,Qualification,2023-03-25 11:00:00,S018
H0006914,O001836,Qualification,Closed Lost,2023-03-28 16:00:00,S018
H0006915,O001837,,Prospecting,2025-04-08 09:00:00,S009
H0006916,O001837,Prospecting,Qualification,2025-04-24 09:00:00,S009
H0006917,O001837,Qualification,Proposal,2025-06-10 10:00:00,S009
H0006918,O001837,Proposal,Negotiation,2025-06-17 15:00:00,S009
H0006919,O001837,Negotiation,Closed Won,2025-06-26 13:00:00,S009
H0006920,O001838,,Prospecting,2024-03-15 09:00:00,S011
H0006921,O001838,Prospecting,Qualification,2024-03-25 08:00:00,S011
H0006922,O001838,Qualification,Closed Lost,2024-08-03 10:00:00,S011
H0006923,O001839,,Prospecting,2024-03-24 09:00:00,S013
H0006924,O001839,Prospecting,Qualification,2024-04-04 13:00:00,S013
H0006925,O001839,Qualification,Proposal,2024-05-07 10:00:00,S013
H0006926,O001839,Proposal,Negotiation,2024-05-17 10:00:00,S013
H0006927,O001839,Negotiation,Closed Won,2024-06-03 12:00:00,S013
H0006928,O001840,,Prospecting,2023-05-19 09:00:00,S026
H0006929,O001840,Prospecting,Qualification,2023-06-18 10:00:00,S026
H0006930,O001840,Qualification,Proposal,2023-06-20 15:00:00,S026
H0006931,O001840,Proposal,Negotiation,2023-07-22 15:00:00,S026
H0006932,O001840,Negotiation,Closed Won,2023-08-26 15:00:00,S026
H0006933,O001841,,Prospecting,2025-03-21 09:00:00,S035
H0006934,O001841,Prospecting,Qualification,2025-03-30 15:00:00,S035
H0006935,O001841,Qualification,Proposal,2025-04-02 17:00:00,S035
H0006936,O001841,Proposal,Negotiation,2025-04-11 12:00:00,S035
H0006937,O001841,Negotiation,Closed Won,2025-04-30 10:00:00,S035
H0006938,O001842,,Prospecting,2025-04-05 09:00:00,S033
H0006939,O001842,Prospecting,Qualification,2025-05-02 15:00:00,S033
H0006940,O001842,Qualification,Proposal,2025-05-05 10:00:00,S033
H0006941,O001842,Proposal,Negotiation,2025-05-26 08:00:00,S033
H0006942,O001843,,Prospecting,2023-02-17 09:00:00,S033
H0006943,O001843,Prospecting,Qualification,2023-03-24 12:00:00,S033
H0006944,O001843,Qualification,Proposal,2023-06-08 11:00:00,S033
H0006945,O001843,Proposal,Negotiation,2023-07-29 17:00:00,S033
H0006946,O001843,Negotiation,Closed Won,2023-08-21 09:00:00,S033
H0006947,O001844,,Prospecting,2025-06-09 09:00:00,S037
H0006948,O001845,,Prospecting,2025-05-21 09:00:00,S017
H0006949,O001845,Prospecting,Qualification,2025-05-29 11:00:00,S017
H0006950,O001845,Qualification,Closed Lost,2025-06-20 12:00:00,S017
H0006951,O001846,,Prospecting,2024-04-22 09:00:00,S030
H0006952,O001846,Prospecting,Closed Lost,2024-07-06 11:00:00,S030
H0006953,O001847,,Prospecting,2024-03-07 09:00:00,S012
H0006954,O001847,Prospecting,Qualification,2024-03-10 13:00:00,S012
H0006955,O001847,Qualification,Closed Lost,2024-04-02 15:00:00,S012
H0006956,O001848,,Prospecting,2024-08-22 09:00:00,S010
H0006957,O001848,Prospecting,Qualification,2024-09-14 13:00:00,S010
H0006958,O001848,Qualification,Closed Lost,2025-01-07 10:00:00,S010
H0006959,O001849,,Prospecting,2025-02-25 09:00:00,S030
H0006960,O001849,Prospecting,Qualification,2025-03-17 14:00:00,S030
H0006961,O001849,Qualification,Proposal,2025-04-24 14:00:00,S030
H0006962,O001849,Proposal,Negotiation,2025-05-21 12:00:00,S030
H0006963,O001849,Negotiation,Closed Lost,2025-05-22 16:00:00,S030
H0006964,O001850,,Prospecting,2023-09-20 09:00:00,S031
H0006965,O001850,Prospecting,Qualification,2023-10-09 15:00:00,S031
H0006966,O001850,Qualification,Proposal,2023-10-14 09:00:00,S031
H0006967,O001850,Proposal,Closed Lost,2023-10-18 15:00:00,S031
H0006968,O001851,,Prospecting,2025-03-17 09:00:00,S019
H0006969,O001851,Prospecting,Qualification,2025-03-25 14:00:00,S019
H0006970,O001851,Qualification,Proposal,2025-04-02 14:00:00,S019
H0006971,O001851,Proposal,Negotiation,2025-04-28 16:00:00,S019
H0006972,O001851,Negotiation,Closed Won,2025-04-30 09:00:00,S019
H0006973,O001852,,Prospecting,2023-11-07 09:00:00,S027
H0006974,O001852,Prospecting,Qualification,2024-01-09 11:00:00,S027
H0006975,O001852,Qualification,Closed Lost,2024-02-02 11:00:00,S027
H0006976,O001853,,Prospecting,2023-11-20 09:00:00,S002
H0006977,O001853,Prospecting,Qualification,2023-12-13 08:00:00,S002
H0006978,O001853,Qualification,Proposal,2023-12-14 12:00:00,S002
H0006979,O001853,Proposal,Closed Lost,2023-12-19 11:00:00,S002
H0006980,O001854,,Prospecting,2023-04-06 09:00:00,S019
H0006981,O001854,Prospecting,Qualification,2023-04-06 15:00:00,S019
H0006982,O001854,Qualification,Closed Lost,2023-05-03 13:00:00,S019
H0006983,O001855,,Prospecting,2025-04-11 09:00:00,S033
H0006984,O001855,Prospecting,Qualification,2025-05-03 10:00:00,S033
H0006985,O001855,Qualification,Proposal,2025-05-09 13:00:00,S033
H0006986,O001855,Proposal,Closed Lost,2025-05-10 12:00:00,S033
H0006987,O001856,,Prospecting,2025-04-04 09:00:00,S016
H0006988,O001856,Prospecting,Qualification,2025-04-20 11:00:00,S016
H0006989,O001856,Qualification,Proposal,2025-06-06 15:00:00,S016
H0006990,O001856,Proposal,Negotiation,2025-06-27 08:00:00,S016
H0006991,O001857,,Prospecting,2025-06-18 09:00:00,S009
H0006992,O001858,,Prospecting,2024-11-12 09:00:00,S005
H0006993,O001858,Prospecting,Qualification,2024-11-23 11:00:00,S005
H0006994,O001858,Qualification,Proposal,2024-12-06 09:00:00,S005
H0006995,O001858,Proposal,Closed Lost,2024-12-29 14:00:00,S005
H0006996,O001859,,Prospecting,2024-04-07 09:00:00,S030
H0006997,O001859,Prospecting,Qualification,2024-06-13 11:00:00,S030
H0006998,O001859,Qualification,Closed Lost,2024-06-15 16:00:00,S030
H0006999,O001860,,Prospecting,2025-06-14 09:00:00,S022
H0007000,O001861,,Prospecting,2025-03-22 09:00:00,S037
H0007001,O001861,Prospecting,Qualification,2025-04-17 10:00:00,S037
H0007002,O001861,Qualification,Proposal,2025-05-04 17:00:00,S037
H0007003,O001861,Proposal,Negotiation,2025-05-13 09:00:00,S037
H0007004,O001861,Negotiation,Closed Won,2025-05-15 10:00:00,S037
H0007005,O001862,,Prospecting,2024-12-16 09:00:00,S021
H0007006,O001862,Prospecting,Qualification,2024-12-18 10:00:00,S021
H0007007,O001862,Qualification,Proposal,2025-01-03 11:00:00,S021
H0007008,O001862,Proposal,Negotiation,2025-01-09 10:00:00,S021
H0007009,O001862,Negotiation,Closed Lost,2025-01-30 14:00:00,S021
H0007010,O001863,,Prospecting,2025-04-23 09:00:00,S004
H0007011,O001863,Prospecting,Qualification,2025-04-26 14:00:00,S004
H0007012,O001863,Qualification,Proposal,2025-04-30 17:00:00,S004
H0007013,O001863,Proposal,Negotiation,2025-05-05 13:00:00,S004
H0007014,O001863,Negotiation,Closed Lost,2025-05-06 17:00:00,S004
H0007015,O001864,,Prospecting,2025-04-23 09:00:00,S005
H0007016,O001864,Prospecting,Closed Lost,2025-05-20 10:00:00,S005
H0007017,O001865,,Prospecting,2024-03-13 09:00:00,S023
H0007018,O001865,Prospecting,Qualification,2024-03-13 09:00:00,S023
H0007019,O001865,Qualification,Proposal,2024-03-15 08:00:00,S023
H0007020,O001865,Proposal,Negotiation,2024-03-25 08:00:00,S023
H0007021,O001865,Negotiation,Closed Won,2024-04-17 15:00:00,S023
H0007022,O001866,,Prospecting,2025-05-29 09:00:00,S009
H0007023,O001866,Prospecting,Qualification,2025-06-24 09:00:00,S009
H0007024,O001867,,Prospecting,2023-07-25 09:00:00,S019
H0007025,O001867,Prospecting,Qualification,2023-08-27 11:00:00,S019
H0007026,O001867,Qualification,Proposal,2023-08-28 11:00:00,S019
H0007027,O001867,Proposal,Closed Lost,2023-09-01 16:00:00,S019
H0007028,O001868,,Prospecting,2025-04-28 09:00:00,S025
H0007029,O001868,Prospecting,Qualification,2025-05-11 08:00:00,S025
H0007030,O001868,Qualification,Proposal,2025-05-19 12:00:00,S025
H0007031,O001868,Proposal,Negotiation,2025-05-27 16:00:00,S025
H0007032,O001869,,Prospecting,2024-03-07 09:00:00,S005
H0007033,O001869,Prospecting,Qualification,2024-03-25 08:00:00,S005
H0007034,O001869,Qualification,Proposal,2024-04-24 10:00:00,S005
H0007035,O001869,Proposal,Negotiation,2024-04-28 11:00:00,S005
H0007036,O001869,Negotiation,Closed Won,2024-05-24 14:00:00,S005
H0007037,O001870,,Prospecting,2025-03-16 09:00:00,S040
H0007038,O001870,Prospecting,Qualification,2025-05-11 10:00:00,S040
H0007039,O001870,Qualification,Proposal,2025-05-18 14:00:00,S040
H0007040,O001870,Proposal,Negotiation,2025-05-23 16:00:00,S040
H0007041,O001870,Negotiation,Closed Won,2025-06-20 12:00:00,S040
H0007042,O001871,,Prospecting,2025-05-29 09:00:00,S002
H0007043,O001871,Prospecting,Qualification,2025-06-10 13:00:00,S002
H0007044,O001872,,Prospecting,2024-09-14 09:00:00,S011
H0007045,O001872,Prospecting,Qualification,2024-09-16 10:00:00,S011
H0007046,O001872,Qualification,Proposal,2024-10-10 16:00:00,S011
H0007047,O001872,Proposal,Negotiation,2024-10-15 16:00:00,S011
H0007048,O001872,Negotiation,Closed Won,2024-11-29 14:00:00,S011
H0007049,O001873,,Prospecting,2025-04-11 09:00:00,S038
H0007050,O001873,Prospecting,Qualification,2025-04-12 13:00:00,S038
H0007051,O001873,Qualification,Proposal,2025-04-13 13:00:00,S038
H0007052,O001873,Proposal,Negotiation,2025-04-17 11:00:00,S038
H0007053,O001873,Negotiation,Closed Lost,2025-04-22 12:00:00,S038
H0007054,O001874,,Prospecting,2023-08-06 09:00:00,S009
H0007055,O001874,Prospecting,Qualification,2023-08-07 10:00:00,S009
H0007056,O001874,Qualification,Proposal,2023-08-19 08:00:00,S009
H0007057,O001874,Proposal,Closed Lost,2023-09-17 11:00:00,S009
H0007058,O001875,,Prospecting,2024-11-14 09:00:00,S012
H0007059,O001875,Prospecting,Closed Lost,2024-12-21 16:00:00,S012
H0007060,O001876,,Prospecting,2025-04-29 09:00:00,S008
H0007061,O001876,Prospecting,Qualification,2025-04-30 11:00:00,S008
H0007062,O001876,Qualification,Proposal,2025-05-14 10:00:00,S008
H0007063,O001876,Proposal,Negotiation,2025-06-08 11:00:00,S008
H0007064,O001876,Negotiation,Closed Won,2025-06-26 12:00:00,S008
H0007065,O001877,,Prospecting,2025-06-19 09:00:00,S022
H0007066,O001878,,Prospecting,2023-01-15 09:00:00,S016
H0007067,O001878,Prospecting,Closed Lost,2023-04-05 16:00:00,S016
H0007068,O001879,,Prospecting,2025-02-16 09:00:00,S002
H0007069,O001879,Prospecting,Qualification,2025-03-10 11:00:00,S002
H0007070,O001879,Qualification,Proposal,2025-03-12 15:00:00,S002
H0007071,O001879,Proposal,Negotiation,2025-03-18 09:00:00,S002
H0007072,O001879,Negotiation,Closed Lost,2025-03-25 12:00:00,S002
H0007073,O001880,,Prospecting,2024-08-06 09:00:00,S036
H0007074,O001880,Prospecting,Qualification,2024-08-26 14:00:00,S036
H0007075,O001880,Qualification,Proposal,2024-08-26 08:00:00,S036
H0007076,O001880,Proposal,Negotiation,2024-09-12 15:00:00,S036
H0007077,O001880,Negotiation,Closed Lost,2024-09-23 13:00:00,S036
H0007078,O001881,,Prospecting,2024-03-29 09:00:00,S007
H0007079,O001881,Prospecting,Qualification,2024-05-08 12:00:00,S007
H0007080,O001881,Qualification,Closed Lost,2024-05-11 13:00:00,S007
H0007081,O001882,,Prospecting,2023-09-12 09:00:00,S005
H0007082,O001882,Prospecting,Qualification,2023-11-25 12:00:00,S005
H0007083,O001882,Qualification,Closed Lost,2024-02-07 09:00:00,S005
H0007084,O001883,,Prospecting,2024-06-29 09:00:00,S019
H0007085,O001883,Prospecting,Qualification,2024-07-05 17:00:00,S019
H0007086,O001883,Qualification,Proposal,2024-07-12 13:00:00,S019
H0007087,O001883,Proposal,Negotiation,2024-07-18 12:00:00,S019
H0007088,O001883,Negotiation,Closed Lost,2024-07-19 11:00:00,S019
H0007089,O001884,,Prospecting,2025-06-26 09:00:00,S009
H0007090,O001885,,Prospecting,2025-06-18 09:00:00,S028
H0007091,O001886,,Prospecting,2024-03-05 09:00:00,S020
H0007092,O001886,Prospecting,Qualification,2024-05-09 14:00:00,S020
H0007093,O001886,Qualification,Proposal,2024-05-19 12:00:00,S020
H0007094,O001886,Proposal,Closed Lost,2024-05-20 13:00:00,S020
H0007095,O001887,,Prospecting,2023-10-07 09:00:00,S008
H0007096,O001887,Prospecting,Qualification,2023-10-15 11:00:00,S008
H0007097,O001887,Qualification,Proposal,2023-10-19 11:00:00,S008
H0007098,O001887,Proposal,Closed Lost,2023-11-03 17:00:00,S008
H0007099,O001888,,Prospecting,2025-02-14 09:00:00,S034
H0007100,O001888,Prospecting,Qualification,2025-03-02 10:00:00,S034
H0007101,O001888,Qualification,Closed Lost,2025-03-06 12:00:00,S034
H0007102,O001889,,Prospecting,2023-01-05 09:00:00,S010
H0007103,O001889,Prospecting,Qualification,2023-01-16 09:00:00,S010
H0007104,O001889,Qualification,Closed Lost,2023-01-23 17:00:00,S010
H0007105,O001890,,Prospecting,2025-03-10 09:00:00,S040
H0007106,O001890,Prospecting,Qualification,2025-03-14 17:00:00,S040
H0007107,O001890,Qualification,Proposal,2025-05-15 09:00:00,S040
H0007108,O001890,Proposal,Negotiation,2025-05-18 15:00:00,S040
H0007109,O001891,,Prospecting,2024-11-26 09:00:00,S032
H0007110,O001891,Prospecting,Qualification,2024-12-04 16:00:00,S032
H0007111,O001891,Qualification,Proposal,2024-12-10 11:00:00,S032
H0007112,O001891,Proposal,Closed Lost,2024-12-20 17:00:00,S032
H0007113,O001892,,Prospecting,2025-05-16 09:00:00,S022
H0007114,O001892,Prospecting,Closed Lost,2025-06-06 17:00:00,S022
H0007115,O001893,,Prospecting,2025-06-03 09:00:00,S018
H0007116,O001893,Prospecting,Qualification,2025-06-08 15:00:00,S018
H0007117,O001893,Qualification,Proposal,2025-06-24 17:00:00,S018
H0007118,O001893,Proposal,Negotiation,2025-06-28 11:00:00,S018
H0007119,O001893,Negotiation,Closed Won,2025-06-29 10:00:00,S018
H0007120,O001894,,Prospecting,2023-09-29 09:00:00,S008
H0007121,O001894,Prospecting,Qualification,2023-11-14 10:00:00,S008
H0007122,O001894,Qualification,Proposal,2023-12-09 13:00:00,S008
H0007123,O001894,Proposal,Negotiation,2023-12-09 16:00:00,S008
H0007124,O001894,Negotiation,Closed Won,2023-12-15 09:00:00,S008
H0007125,O001895,,Prospecting,2025-05-07 09:00:00,S034
H0007126,O001895,Prospecting,Closed Lost,2025-06-09 11:00:00,S034
H0007127,O001896,,Prospecting,2025-05-21 09:00:00,S034
H0007128,O001896,Prospecting,Qualification,2025-06-06 12:00:00,S034
H0007129,O001897,,Prospecting,2024-07-27 09:00:00,S031
H0007130,O001897,Prospecting,Qualification,2024-08-15 12:00:00,S031
H0007131,O001897,Qualification,Proposal,2024-11-17 16:00:00,S031
H0007132,O001897,Proposal,Closed Lost,2024-11-18 15:00:00,S031
H0007133,O001898,,Prospecting,2023-12-28 09:00:00,S005
H0007134,O001898,Prospecting,Qualification,2024-01-07 13:00:00,S005
H0007135,O001898,Qualification,Proposal,2024-01-08 13:00:00,S005
H0007136,O001898,Proposal,Negotiation,2024-02-04 16:00:00,S005
H0007137,O001898,Negotiation,Closed Won,2024-02-18 15:00:00,S005
H0007138,O001899,,Prospecting,2025-03-12 09:00:00,S019
H0007139,O001899,Prospecting,Qualification,2025-03-19 12:00:00,S019
H0007140,O001899,Qualification,Proposal,2025-04-13 13:00:00,S019
H0007141,O001899,Proposal,Negotiation,2025-04-25 11:00:00,S019
H0007142,O001899,Negotiation,Closed Lost,2025-04-27 10:00:00,S019
H0007143,O001900,,Prospecting,2023-04-05 09:00:00,S033
H0007144,O001900,Prospecting,Qualification,2023-04-12 11:00:00,S033
H0007145,O001900,Qualification,Proposal,2023-04-14 12:00:00,S033
H0007146,O001900,Proposal,Negotiation,2023-04-17 16:00:00,S033
H0007147,O001900,Negotiation,Closed Won,2023-05-18 12:00:00,S033
H0007148,O001901,,Prospecting,2024-07-10 09:00:00,S020
H0007149,O001901,Prospecting,Qualification,2024-07-16 15:00:00,S020
H0007150,O001901,Qualification,Proposal,2024-07-19 13:00:00,S020
H0007151,O001901,Proposal,Negotiation,2024-08-12 10:00:00,S020
H0007152,O001901,Negotiation,Closed Lost,2024-08-21 10:00:00,S020
H0007153,O001902,,Prospecting,2025-06-23 09:00:00,S016
H0007154,O001903,,Prospecting,2024-12-13 09:00:00,S009
H0007155,O001903,Prospecting,Qualification,2025-01-14 10:00:00,S009
H0007156,O001903,Qualification,Closed Lost,2025-03-01 10:00:00,S009
H0007157,O001904,,Prospecting,2024-10-31 09:00:00,S022
H0007158,O001904,Prospecting,Qualification,2024-12-01 11:00:00,S022
H0007159,O001904,Qualification,Proposal,2024-12-23 08:00:00,S022
H0007160,O001904,Proposal,Closed Lost,2025-01-05 11:00:00,S022
H0007161,O001905,,Prospecting,2024-07-28 09:00:00,S005
H0007162,O001905,Prospecting,Qualification,2024-07-30 10:00:00,S005
H0007163,O001905,Qualification,Proposal,2024-07-31 11:00:00,S005
H0007164,O001905,Proposal,Closed Lost,2024-08-25 14:00:00,S005
H0007165,O001906,,Prospecting,2025-04-20 09:00:00,S034
H0007166,O001906,Prospecting,Qualification,2025-05-07 09:00:00,S034
H0007167,O001906,Qualification,Proposal,2025-05-11 17:00:00,S034
H0007168,O001906,Proposal,Negotiation,2025-05-16 08:00:00,S034
H0007169,O001906,Negotiation,Closed Won,2025-05-24 10:00:00,S034
H0007170,O001907,,Prospecting,2025-05-06 09:00:00,S010
H0007171,O001907,Prospecting,Closed Lost,2025-06-01 10:00:00,S010
H0007172,O001908,,Prospecting,2025-03-21 09:00:00,S005
H0007173,O001908,Prospecting,Qualification,2025-03-23 13:00:00,S005
H0007174,O001908,Qualification,Proposal,2025-03-29 15:00:00,S005
H0007175,O001908,Proposal,Negotiation,2025-04-06 17:00:00,S005
H0007176,O001909,,Prospecting,2023-03-31 09:00:00,S039
H0007177,O001909,Prospecting,Qualification,2023-04-02 08:00:00,S039
H0007178,O001909,Qualification,Proposal,2023-04-26 16:00:00,S039
H0007179,O001909,Proposal,Negotiation,2023-04-28 14:00:00,S039
H0007180,O001909,Negotiation,Closed Won,2023-06-01 10:00:00,S039
H0007181,O001910,,Prospecting,2025-03-03 09:00:00,S024
H0007182,O001910,Prospecting,Qualification,2025-03-17 10:00:00,S024
H0007183,O001910,Qualification,Proposal,2025-03-25 14:00:00,S024
H0007184,O001910,Proposal,Negotiation,2025-03-28 09:00:00,S024
H0007185,O001910,Negotiation,Closed Lost,2025-03-29 16:00:00,S024
H0007186,O001911,,Prospecting,2024-04-26 09:00:00,S039
H0007187,O001911,Prospecting,Qualification,2024-05-12 10:00:00,S039
H0007188,O001911,Qualification,Proposal,2024-05-27 17:00:00,S039
H0007189,O001911,Proposal,Negotiation,2024-06-04 08:00:00,S039
H0007190,O001911,Negotiation,Closed Won,2024-06-11 15:00:00,S039
H0007191,O001912,,Prospecting,2025-02-20 09:00:00,S022
H0007192,O001912,Prospecting,Closed Lost,2025-03-31 16:00:00,S022
H0007193,O001913,,Prospecting,2025-02-18 09:00:00,S025
H0007194,O001913,Prospecting,Qualification,2025-03-19 15:00:00,S025
H0007195,O001913,Qualification,Proposal,2025-04-12 13:00:00,S025
H0007196,O001913,Proposal,Closed Lost,2025-05-12 10:00:00,S025
H0007197,O001914,,Prospecting,2023-12-27 09:00:00,S026
H0007198,O001914,Prospecting,Qualification,2024-01-04 15:00:00,S026
H0007199,O001914,Qualification,Proposal,2024-01-19 15:00:00,S026
H0007200,O001914,Proposal,Negotiation,2024-01-31 08:00:00,S026
H0007201,O001914,Negotiation,Closed Won,2024-02-02 10:00:00,S026
H0007202,O001915,,Prospecting,2023-04-28 09:00:00,S024
H0007203,O001915,Prospecting,Qualification,2023-06-03 13:00:00,S024
H0007204,O001915,Qualification,Proposal,2023-07-29 12:00:00,S024
H0007205,O001915,Proposal,Negotiation,2023-08-22 09:00:00,S024
H0007206,O001915,Negotiation,Closed Won,2023-10-09 13:00:00,S024
H0007207,O001916,,Prospecting,2025-05-02 09:00:00,S033
H0007208,O001916,Prospecting,Qualification,2025-05-03 13:00:00,S033
H0007209,O001916,Qualification,Proposal,2025-05-15 12:00:00,S033
H0007210,O001916,Proposal,Negotiation,2025-05-19 10:00:00,S033
H0007211,O001916,Negotiation,Closed Won,2025-06-04 11:00:00,S033
H0007212,O001917,,Prospecting,2023-09-22 09:00:00,S038
H0007213,O001917,Prospecting,Qualification,2023-10-17 17:00:00,S038
H0007214,O001917,Qualification,Proposal,2023-10-31 14:00:00,S038
H0007215,O001917,Proposal,Negotiation,2023-11-22 15:00:00,S038
H0007216,O001917,Negotiation,Closed Won,2024-02-02 15:00:00,S038
H0007217,O001918,,Prospecting,2024-08-27 09:00:00,S011
H0007218,O001918,Prospecting,Qualification,2024-09-20 13:00:00,S011
H0007219,O001918,Qualification,Proposal,2024-09-23 13:00:00,S011
H0007220,O001918,Proposal,Closed Lost,2024-10-04 09:00:00,S011
H0007221,O001919,,Prospecting,2023-09-24 09:00:00,S035
H0007222,O001919,Prospecting,Qualification,2023-10-25 13:00:00,S035
H0007223,O001919,Qualification,Proposal,2023-10-25 12:00:00,S035
H0007224,O001919,Proposal,Negotiation,2023-10-26 15:00:00,S035
H0007225,O001919,Negotiation,Closed Lost,2023-11-09 14:00:00,S035
H0007226,O001920,,Prospecting,2025-04-06 09:00:00,S017
H0007227,O001920,Prospecting,Qualification,2025-05-08 13:00:00,S017
H0007228,O001920,Qualification,Proposal,2025-05-23 12:00:00,S017
H0007229,O001920,Proposal,Negotiation,2025-05-27 08:00:00,S017
H0007230,O001920,Negotiation,Closed Won,2025-05-29 14:00:00,S017
H0007231,O001921,,Prospecting,2024-02-04 09:00:00,S021
H0007232,O001921,Prospecting,Qualification,2024-03-31 10:00:00,S021
H0007233,O001921,Qualification,Proposal,2024-04-11 17:00:00,S021
H0007234,O001921,Proposal,Closed Lost,2024-04-24 17:00:00,S021
H0007235,O001922,,Prospecting,2023-05-24 09:00:00,S021
H0007236,O001922,Prospecting,Closed Lost,2023-07-18 14:00:00,S021
H0007237,O001923,,Prospecting,2023-10-14 09:00:00,S035
H0007238,O001923,Prospecting,Qualification,2023-10-14 15:00:00,S035
H0007239,O001923,Qualification,Proposal,2023-10-17 12:00:00,S035
H0007240,O001923,Proposal,Negotiation,2023-10-20 13:00:00,S035
H0007241,O001923,Negotiation,Closed Lost,2023-10-24 09:00:00,S035
H0007242,O001924,,Prospecting,2024-08-15 09:00:00,S004
H0007243,O001924,Prospecting,Qualification,2024-08-24 16:00:00,S004
H0007244,O001924,Qualification,Closed Lost,2024-09-17 16:00:00,S004
H0007245,O001925,,Prospecting,2024-10-14 09:00:00,S022
H0007246,O001925,Prospecting,Qualification,2024-10-15 13:00:00,S022
H0007247,O001925,Qualification,Proposal,2024-10-18 17:00:00,S022
H0007248,O001925,Proposal,Negotiation,2024-10-26 10:00:00,S022
H0007249,O001925,Negotiation,Closed Lost,2024-10-30 11:00:00,S022
H0007250,O001926,,Prospecting,2025-04-09 09:00:00,S022
H0007251,O001926,Prospecting,Qualification,2025-04-19 11:00:00,S022
H0007252,O001926,Qualification,Proposal,2025-05-18 16:00:00,S022
H0007253,O001926,Proposal,Negotiation,2025-05-27 14:00:00,S022
H0007254,O001926,Negotiation,Closed Won,2025-06-06 13:00:00,S022
H0007255,O001927,,Prospecting,2023-07-23 09:00:00,S005
H0007256,O001927,Prospecting,Qualification,2023-08-23 08:00:00,S005
H0007257,O001927,Qualification,Proposal,2023-09-15 15:00:00,S005
H0007258,O001927,Proposal,Closed Lost,2023-10-13 11:00:00,S005
H0007259,O001928,,Prospecting,2024-01-22 09:00:00,S017
H0007260,O001928,Prospecting,Qualification,2024-01-24 13:00:00,S017
H0007261,O001928,Qualification,Proposal,2024-01-27 11:00:00,S017
H0007262,O001928,Proposal,Negotiation,2024-02-03 08:00:00,S017
H0007263,O001928,Negotiation,Closed Won,2024-02-17 10:00:00,S017
H0007264,O001929,,Prospecting,2025-02-18 09:00:00,S012
H0007265,O001929,Prospecting,Qualification,2025-02-20 10:00:00,S012
H0007266,O001929,Qualification,Proposal,2025-02-23 13:00:00,S012
H0007267,O001929,Proposal,Closed Lost,2025-02-26 10:00:00,S012
H0007268,O001930,,Prospecting,2025-05-06 09:00:00,S004
H0007269,O001930,Prospecting,Qualification,2025-06-08 12:00:00,S004
H0007270,O001930,Qualification,Closed Lost,2025-06-29 10:00:00,S004
H0007271,O001931,,Prospecting,2024-01-15 09:00:00,S008
H0007272,O001931,Prospecting,Qualification,2024-01-24 17:00:00,S008
H0007273,O001931,Qualification,Closed Lost,2024-02-14 14:00:00,S008
H0007274,O001932,,Prospecting,2023-02-02 09:00:00,S033
H0007275,O001932,Prospecting,Qualification,2023-02-10 15:00:00,S033
H0007276,O001932,Qualification,Proposal,2023-02-17 09:00:00,S033
H0007277,O001932,Proposal,Negotiation,2023-02-18 11:00:00,S033
H0007278,O001932,Negotiation,Closed Won,2023-03-07 10:00:00,S033
H0007279,O001933,,Prospecting,2025-05-25 09:00:00,S023
H0007280,O001933,Prospecting,Qualification,2025-06-09 11:00:00,S023
H0007281,O001934,,Prospecting,2025-02-13 09:00:00,S009
H0007282,O001934,Prospecting,Qualification,2025-02-22 14:00:00,S009
H0007283,O001934,Qualification,Proposal,2025-04-10 10:00:00,S009
H0007284,O001934,Proposal,Negotiation,2025-05-17 08:00:00,S009
H0007285,O001934,Negotiation,Closed Won,2025-06-05 17:00:00,S009
H0007286,O001935,,Prospecting,2023-03-07 09:00:00,S005
H0007287,O001935,Prospecting,Closed Lost,2023-04-28 09:00:00,S005
H0007288,O001936,,Prospecting,2023-08-22 09:00:00,S009
H0007289,O001936,Prospecting,Qualification,2023-08-30 14:00:00,S009
H0007290,O001936,Qualification,Proposal,2023-09-09 12:00:00,S009
H0007291,O001936,Proposal,Closed Lost,2023-10-03 12:00:00,S009
H0007292,O001937,,Prospecting,2023-11-06 09:00:00,S027
H0007293,O001937,Prospecting,Qualification,2023-11-18 17:00:00,S027
H0007294,O001937,Qualification,Proposal,2023-12-03 14:00:00,S027
H0007295,O001937,Proposal,Negotiation,2023-12-05 08:00:00,S027
H0007296,O001937,Negotiation,Closed Lost,2023-12-25 10:00:00,S027
H0007297,O001938,,Prospecting,2024-12-24 09:00:00,S032
H0007298,O001938,Prospecting,Qualification,2024-12-26 14:00:00,S032
H0007299,O001938,Qualification,Proposal,2024-12-29 09:00:00,S032
H0007300,O001938,Proposal,Negotiation,2024-12-30 13:00:00,S032
H0007301,O001938,Negotiation,Closed Lost,2024-12-31 17:00:00,S032
H0007302,O001939,,Prospecting,2023-10-17 09:00:00,S038
H0007303,O001939,Prospecting,Qualification,2023-12-25 12:00:00,S038
H0007304,O001939,Qualification,Proposal,2024-02-18 14:00:00,S038
H0007305,O001939,Proposal,Negotiation,2024-03-17 13:00:00,S038
H0007306,O001939,Negotiation,Closed Won,2024-03-19 09:00:00,S038
H0007307,O001940,,Prospecting,2024-10-31 09:00:00,S014
H0007308,O001940,Prospecting,Qualification,2024-11-10 17:00:00,S014
H0007309,O001940,Qualification,Closed Lost,2024-12-19 09:00:00,S014
H0007310,O001941,,Prospecting,2023-02-12 09:00:00,S021
H0007311,O001941,Prospecting,Qualification,2023-05-28 16:00:00,S021
H0007312,O001941,Qualification,Proposal,2023-06-19 16:00:00,S021
H0007313,O001941,Proposal,Closed Lost,2023-06-24 16:00:00,S021
H0007314,O001942,,Prospecting,2023-08-04 09:00:00,S014
H0007315,O001942,Prospecting,Qualification,2023-08-06 13:00:00,S014
H0007316,O001942,Qualification,Proposal,2023-09-07 17:00:00,S014
H0007317,O001942,Proposal,Negotiation,2023-09-15 13:00:00,S014
H0007318,O001942,Negotiation,Closed Lost,2023-10-03 13:00:00,S014
H0007319,O001943,,Prospecting,2024-03-06 09:00:00,S030
H0007320,O001943,Prospecting,Qualification,2024-03-25 14:00:00,S030
H0007321,O001943,Qualification,Proposal,2024-03-29 12:00:00,S030
H0007322,O001943,Proposal,Negotiation,2024-04-15 15:00:00,S030
H0007323,O001943,Negotiation,Closed Won,2024-04-26 17:00:00,S030
H0007324,O001944,,Prospecting,2025-02-16 09:00:00,S026
H0007325,O001944,Prospecting,Qualification,2025-02-25 10:00:00,S026
H0007326,O001944,Qualification,Closed Lost,2025-03-07 12:00:00,S026
H0007327,O001945,,Prospecting,2023-07-21 09:00:00,S023
H0007328,O001945,Prospecting,Closed Lost,2023-08-08 10:00:00,S023
H0007329,O001946,,Prospecting,2023-05-09 09:00:00,S009
H0007330,O001946,Prospecting,Qualification,2023-05-28 15:00:00,S009
H0007331,O001946,Qualification,Closed Lost,2023-06-14 10:00:00,S009
H0007332,O001947,,Prospecting,2024-07-19 09:00:00,S019
H0007333,O001947,Prospecting,Qualification,2024-09-28 12:00:00,S019
H0007334,O001947,Qualification,Proposal,2024-10-10 15:00:00,S019
H0007335,O001947,Proposal,Negotiation,2024-10-11 12:00:00,S019
H0007336,O001947,Negotiation,Closed Won,2024-10-29 10:00:00,S019
H0007337,O001948,,Prospecting,2023-03-25 09:00:00,S002
H0007338,O001948,Prospecting,Qualification,2023-05-05 14:00:00,S002
H0007339,O001948,Qualification,Proposal,2023-05-05 16:00:00,S002
H0007340,O001948,Proposal,Negotiation,2023-05-08 14:00:00,S002
H0007341,O001948,Negotiation,Closed Lost,2023-05-23 13:00:00,S002
H0007342,O001949,,Prospecting,2025-05-06 09:00:00,S009
H0007343,O001949,Prospecting,Qualification,2025-05-29 10:00:00,S009
H0007344,O001949,Qualification,Proposal,2025-06-09 09:00:00,S009
H0007345,O001949,Proposal,Closed Lost,2025-06-16 12:00:00,S009
H0007346,O001950,,Prospecting,2024-11-13 09:00:00,S032
H0007347,O001950,Prospecting,Qualification,2024-12-16 16:00:00,S032
H0007348,O001950,Qualification,Proposal,2025-01-26 11:00:00,S032
H0007349,O001950,Proposal,Negotiation,2025-01-29 09:00:00,S032
H0007350,O001950,Negotiation,Closed Won,2025-03-06 14:00:00,S032
H0007351,O001951,,Prospecting,2025-02-15 09:00:00,S015
H0007352,O001951,Prospecting,Qualification,2025-02-16 14:00:00,S015
H0007353,O001951,Qualification,Proposal,2025-03-02 08:00:00,S015
H0007354,O001951,Proposal,Negotiation,2025-03-06 10:00:00,S015
H0007355,O001951,Negotiation,Closed Lost,2025-03-25 14:00:00,S015
H0007356,O001952,,Prospecting,2023-05-06 09:00:00,S022
H0007357,O001952,Prospecting,Qualification,2023-05-17 10:00:00,S022
H0007358,O001952,Qualification,Proposal,2023-05-28 13:00:00,S022
H0007359,O001952,Proposal,Negotiation,2023-08-06 13:00:00,S022
H0007360,O001952,Negotiation,Closed Won,2023-08-07 17:00:00,S022
H0007361,O001953,,Prospecting,2023-05-05 09:00:00,S020
H0007362,O001953,Prospecting,Qualification,2023-05-08 09:00:00,S020
H0007363,O001953,Qualification,Proposal,2023-06-24 10:00:00,S020
H0007364,O001953,Proposal,Negotiation,2023-07-26 16:00:00,S020
H0007365,O001953,Negotiation,Closed Won,2023-08-16 11:00:00,S020
H0007366,O001954,,Prospecting,2024-01-21 09:00:00,S016
H0007367,O001954,Prospecting,Qualification,2024-02-02 08:00:00,S016
H0007368,O001954,Qualification,Proposal,2024-02-04 10:00:00,S016
H0007369,O001954,Proposal,Negotiation,2024-02-13 13:00:00,S016
H0007370,O001954,Negotiation,Closed Lost,2024-02-15 09:00:00,S016
H0007371,O001955,,Prospecting,2025-05-04 09:00:00,S035
H0007372,O001955,Prospecting,Qualification,2025-05-08 10:00:00,S035
H0007373,O001955,Qualification,Proposal,2025-05-29 17:00:00,S035
H0007374,O001955,Proposal,Negotiation,2025-06-08 12:00:00,S035
H0007375,O001955,Negotiation,Closed Won,2025-06-11 10:00:00,S035
H0007376,O001956,,Prospecting,2025-03-14 09:00:00,S024
H0007377,O001956,Prospecting,Qualification,2025-05-09 08:00:00,S024
H0007378,O001956,Qualification,Proposal,2025-05-25 17:00:00,S024
H0007379,O001956,Proposal,Negotiation,2025-06-19 17:00:00,S024
H0007380,O001957,,Prospecting,2025-03-16 09:00:00,S031
H0007381,O001957,Prospecting,Qualification,2025-03-21 08:00:00,S031
H0007382,O001957,Qualification,Proposal,2025-05-10 15:00:00,S031
H0007383,O001957,Proposal,Closed Lost,2025-05-17 13:00:00,S031
H0007384,O001958,,Prospecting,2025-03-08 09:00:00,S037
H0007385,O001958,Prospecting,Qualification,2025-03-14 12:00:00,S037
H0007386,O001958,Qualification,Proposal,2025-03-16 15:00:00,S037
H0007387,O001958,Proposal,Closed Lost,2025-03-23 14:00:00,S037
H0007388,O001959,,Prospecting,2024-07-12 09:00:00,S023
H0007389,O001959,Prospecting,Qualification,2024-07-28 08:00:00,S023
H0007390,O001959,Qualification,Proposal,2024-08-13 10:00:00,S023
H0007391,O001959,Proposal,Negotiation,2024-08-31 17:00:00,S023
H0007392,O001959,Negotiation,Closed Won,2024-09-03 17:00:00,S023
H0007393,O001960,,Prospecting,2025-03-24 09:00:00,S005
H0007394,O001960,Prospecting,Qualification,2025-03-27 17:00:00,S005
H0007395,O001960,Qualification,Proposal,2025-05-17 17:00:00,S005
H0007396,O001960,Proposal,Negotiation,2025-05-18 17:00:00,S005
H0007397,O001960,Negotiation,Closed Won,2025-06-28 13:00:00,S005
H0007398,O001961,,Prospecting,2025-01-13 09:00:00,S032
H0007399,O001961,Prospecting,Qualification,2025-01-24 09:00:00,S032
H0007400,O001961,Qualification,Proposal,2025-02-04 10:00:00,S032
H0007401,O001961,Proposal,Negotiation,2025-03-23 14:00:00,S032
H0007402,O001961,Negotiation,Closed Won,2025-03-24 12:00:00,S032
H0007403,O001962,,Prospecting,2023-06-24 09:00:00,S016
H0007404,O001962,Prospecting,Qualification,2023-07-15 15:00:00,S016
H0007405,O001962,Qualification,Proposal,2023-08-06 15:00:00,S016
H0007406,O001962,Proposal,Negotiation,2023-08-14 10:00:00,S016
H0007407,O001962,Negotiation,Closed Won,2023-08-16 11:00:00,S016
H0007408,O001963,,Prospecting,2023-03-23 09:00:00,S004
H0007409,O001963,Prospecting,Closed Lost,2023-04-17 14:00:00,S004
H0007410,O001964,,Prospecting,2024-10-03 09:00:00,S015
H0007411,O001964,Prospecting,Closed Lost,2024-11-20 16:00:00,S015
H0007412,O001965,,Prospecting,2024-06-23 09:00:00,S021
H0007413,O001965,Prospecting,Qualification,2024-06-30 14:00:00,S021
H0007414,O001965,Qualification,Closed Lost,2024-07-22 11:00:00,S021
H0007415,O001966,,Prospecting,2024-09-30 09:00:00,S001
H0007416,O001966,Prospecting,Qualification,2024-12-01 10:00:00,S001
H0007417,O001966,Qualification,Proposal,2024-12-13 12:00:00,S001
H0007418,O001966,Proposal,Negotiation,2025-01-18 08:00:00,S001
H0007419,O001966,Negotiation,Closed Lost,2025-01-21 12:00:00,S001
H0007420,O001967,,Prospecting,2024-04-11 09:00:00,S009
H0007421,O001967,Prospecting,Qualification,2024-04-15 16:00:00,S009
H0007422,O001967,Qualification,Proposal,2024-04-21 10:00:00,S009
H0007423,O001967,Proposal,Closed Lost,2024-04-22 10:00:00,S009
H0007424,O001968,,Prospecting,2023-06-09 09:00:00,S029
H0007425,O001968,Prospecting,Closed Lost,2023-07-04 09:00:00,S029
H0007426,O001969,,Prospecting,2023-08-15 09:00:00,S012
H0007427,O001969,Prospecting,Qualification,2023-08-27 11:00:00,S012
H0007428,O001969,Qualification,Proposal,2023-08-30 13:00:00,S012
H0007429,O001969,Proposal,Closed Lost,2023-09-21 10:00:00,S012
H0007430,O001970,,Prospecting,2024-04-08 09:00:00,S012
H0007431,O001970,Prospecting,Qualification,2024-04-16 12:00:00,S012
H0007432,O001970,Qualification,Proposal,2024-05-03 12:00:00,S012
H0007433,O001970,Proposal,Negotiation,2024-05-12 08:00:00,S012
H0007434,O001970,Negotiation,Closed Lost,2024-05-15 15:00:00,S012
H0007435,O001971,,Prospecting,2023-06-10 09:00:00,S033
H0007436,O001971,Prospecting,Qualification,2023-07-13 14:00:00,S033
H0007437,O001971,Qualification,Proposal,2023-09-30 16:00:00,S033
H0007438,O001971,Proposal,Closed Lost,2023-10-08 13:00:00,S033
H0007439,O001972,,Prospecting,2025-06-26 09:00:00,S026
H0007440,O001973,,Prospecting,2023-12-15 09:00:00,S010
H0007441,O001973,Prospecting,Closed Lost,2023-12-26 12:00:00,S010
H0007442,O001974,,Prospecting,2023-07-17 09:00:00,S020
H0007443,O001974,Prospecting,Qualification,2023-07-17 11:00:00,S020
H0007444,O001974,Qualification,Proposal,2023-07-20 08:00:00,S020
H0007445,O001974,Proposal,Negotiation,2023-07-20 14:00:00,S020
H0007446,O001974,Negotiation,Closed Won,2023-07-27 15:00:00,S020
H0007447,O001975,,Prospecting,2024-10-18 09:00:00,S019
H0007448,O001975,Prospecting,Qualification,2024-12-06 14:00:00,S019
H0007449,O001975,Qualification,Closed Lost,2024-12-17 11:00:00,S019
H0007450,O001976,,Prospecting,2024-07-04 09:00:00,S026
H0007451,O001976,Prospecting,Qualification,2024-07-19 10:00:00,S026
H0007452,O001976,Qualification,Proposal,2024-07-24 09:00:00,S026
H0007453,O001976,Proposal,Closed Lost,2024-08-04 16:00:00,S026
H0007454,O001977,,Prospecting,2024-06-07 09:00:00,S038
H0007455,O001977,Prospecting,Closed Lost,2024-09-20 16:00:00,S038
H0007456,O001978,,Prospecting,2025-06-26 09:00:00,S040
H0007457,O001979,,Prospecting,2025-03-21 09:00:00,S032
H0007458,O001979,Prospecting,Qualification,2025-04-05 15:00:00,S032
H0007459,O001979,Qualification,Proposal,2025-04-16 17:00:00,S032
H0007460,O001979,Proposal,Negotiation,2025-05-09 10:00:00,S032
H0007461,O001979,Negotiation,Closed Won,2025-05-11 12:00:00,S032
H0007462,O001980,,Prospecting,2023-10-12 09:00:00,S015
H0007463,O001980,Prospecting,Qualification,2023-11-13 10:00:00,S015
H0007464,O001980,Qualification,Proposal,2023-11-20 11:00:00,S015
H0007465,O001980,Proposal,Negotiation,2023-11-30 08:00:00,S015
H0007466,O001980,Negotiation,Closed Lost,2024-01-04 16:00:00,S015
H0007467,O001981,,Prospecting,2023-06-04 09:00:00,S010
H0007468,O001981,Prospecting,Qualification,2023-06-22 16:00:00,S010
H0007469,O001981,Qualification,Closed Lost,2023-07-12 14:00:00,S010
H0007470,O001982,,Prospecting,2025-02-18 09:00:00,S038
H0007471,O001982,Prospecting,Qualification,2025-04-04 08:00:00,S038
H0007472,O001982,Qualification,Proposal,2025-05-12 13:00:00,S038
H0007473,O001982,Proposal,Negotiation,2025-05-13 17:00:00,S038
H0007474,O001982,Negotiation,Closed Won,2025-05-17 15:00:00,S038
H0007475,O001983,,Prospecting,2025-06-16 09:00:00,S031
H0007476,O001984,,Prospecting,2023-09-17 09:00:00,S003
H0007477,O001984,Prospecting,Closed Lost,2023-10-11 16:00:00,S003
H0007478,O001985,,Prospecting,2023-05-10 09:00:00,S013
H0007479,O001985,Prospecting,Qualification,2023-06-09 14:00:00,S013
H0007480,O001985,Qualification,Proposal,2023-06-27 16:00:00,S013
H0007481,O001985,Proposal,Negotiation,2023-06-29 15:00:00,S013
H0007482,O001985,Negotiation,Closed Won,2023-07-17 14:00:00,S013
H0007483,O001986,,Prospecting,2025-05-04 09:00:00,S021
H0007484,O001986,Prospecting,Qualification,2025-05-13 15:00:00,S021
H0007485,O001986,Qualification,Proposal,2025-06-07 11:00:00,S021
H0007486,O001987,,Prospecting,2025-04-24 09:00:00,S009
H0007487,O001987,Prospecting,Qualification,2025-05-07 08:00:00,S009
H0007488,O001987,Qualification,Proposal,2025-06-06 14:00:00,S009
H0007489,O001988,,Prospecting,2025-04-27 09:00:00,S018
H0007490,O001988,Prospecting,Qualification,2025-06-27 11:00:00,S018
H0007491,O001988,Qualification,Proposal,2025-06-28 12:00:00,S018
H0007492,O001989,,Prospecting,2025-06-24 09:00:00,S026
H0007493,O001990,,Prospecting,2025-04-23 09:00:00,S023
H0007494,O001990,Prospecting,Qualification,2025-04-29 10:00:00,S023
H0007495,O001990,Qualification,Proposal,2025-05-01 11:00:00,S023
H0007496,O001990,Proposal,Negotiation,2025-06-09 08:00:00,S023
H0007497,O001990,Negotiation,Closed Won,2025-06-11 12:00:00,S023
H0007498,O001991,,Prospecting,2024-10-28 09:00:00,S023
H0007499,O001991,Prospecting,Closed Lost,2025-01-01 14:00:00,S023
H0007500,O001992,,Prospecting,2025-05-16 09:00:00,S021
H0007501,O001992,Prospecting,Qualification,2025-05-18 09:00:00,S021
H0007502,O001993,,Prospecting,2023-10-14 09:00:00,S015
H0007503,O001993,Prospecting,Qualification,2023-11-30 17:00:00,S015
H0007504,O001993,Qualification,Proposal,2023-12-09 12:00:00,S015
H0007505,O001993,Proposal,Closed Lost,2023-12-18 14:00:00,S015
H0007506,O001994,,Prospecting,2025-05-24 09:00:00,S002
H0007507,O001994,Prospecting,Closed Lost,2025-06-10 09:00:00,S002
H0007508,O001995,,Prospecting,2025-05-23 09:00:00,S023
H0007509,O001995,Prospecting,Closed Lost,2025-06-06 11:00:00,S023
H0007510,O001996,,Prospecting,2023-02-03 09:00:00,S009
H0007511,O001996,Prospecting,Qualification,2023-02-11 15:00:00,S009
H0007512,O001996,Qualification,Closed Lost,2023-02-25 10:00:00,S009
H0007513,O001997,,Prospecting,2025-03-07 09:00:00,S017
H0007514,O001997,Prospecting,Qualification,2025-04-01 08:00:00,S017
H0007515,O001997,Qualification,Proposal,2025-04-10 10:00:00,S017
H0007516,O001997,Proposal,Negotiation,2025-04-15 10:00:00,S017
H0007517,O001997,Negotiation,Closed Won,2025-05-15 13:00:00,S017
H0007518,O001998,,Prospecting,2025-05-23 09:00:00,S003
H0007519,O001998,Prospecting,Qualification,2025-05-26 11:00:00,S003
H0007520,O001998,Qualification,Proposal,2025-06-19 13:00:00,S003
H0007521,O001999,,Prospecting,2023-08-22 09:00:00,S032
H0007522,O001999,Prospecting,Qualification,2023-10-01 13:00:00,S032
H0007523,O001999,Qualification,Proposal,2023-10-04 15:00:00,S032
H0007524,O001999,Proposal,Negotiation,2023-10-20 11:00:00,S032
H0007525,O001999,Negotiation,Closed Won,2023-10-26 15:00:00,S032
H0007526,O002000,,Prospecting,2023-07-09 09:00:00,S040
H0007527,O002000,Prospecting,Qualification,2023-10-29 16:00:00,S040
H0007528,O002000,Qualification,Proposal,2023-11-08 11:00:00,S040
H0007529,O002000,Proposal,Closed Lost,2023-11-20 14:00:00,S040
H0007530,O002001,,Prospecting,2023-11-13 09:00:00,S009
H0007531,O002001,Prospecting,Qualification,2023-12-28 16:00:00,S009
H0007532,O002001,Qualification,Closed Lost,2024-03-30 10:00:00,S009
H0007533,O002002,,Prospecting,2025-04-30 09:00:00,S033
H0007534,O002002,Prospecting,Qualification,2025-05-05 15:00:00,S033
H0007535,O002002,Qualification,Proposal,2025-05-05 15:00:00,S033
H0007536,O002002,Proposal,Negotiation,2025-05-07 14:00:00,S033
H0007537,O002002,Negotiation,Closed Lost,2025-06-01 12:00:00,S033
H0007538,O002003,,Prospecting,2025-04-26 09:00:00,S011
H0007539,O002003,Prospecting,Qualification,2025-05-16 11:00:00,S011
H0007540,O002003,Qualification,Proposal,2025-05-22 16:00:00,S011
H0007541,O002003,Proposal,Negotiation,2025-06-03 16:00:00,S011
H0007542,O002003,Negotiation,Closed Won,2025-06-17 12:00:00,S011
H0007543,O002004,,Prospecting,2025-04-17 09:00:00,S034
H0007544,O002004,Prospecting,Qualification,2025-04-24 11:00:00,S034
H0007545,O002004,Qualification,Proposal,2025-05-08 12:00:00,S034
H0007546,O002004,Proposal,Negotiation,2025-05-16 16:00:00,S034
H0007547,O002004,Negotiation,Closed Won,2025-05-21 10:00:00,S034
H0007548,O002005,,Prospecting,2023-02-03 09:00:00,S031
H0007549,O002005,Prospecting,Qualification,2023-02-04 09:00:00,S031
H0007550,O002005,Qualification,Proposal,2023-02-16 08:00:00,S031
H0007551,O002005,Proposal,Negotiation,2023-02-21 12:00:00,S031
H0007552,O002005,Negotiation,Closed Won,2023-02-27 15:00:00,S031
H0007553,O002006,,Prospecting,2023-06-07 09:00:00,S005
H0007554,O002006,Prospecting,Qualification,2023-06-24 15:00:00,S005
H0007555,O002006,Qualification,Proposal,2023-06-26 13:00:00,S005
H0007556,O002006,Proposal,Closed Lost,2023-07-26 11:00:00,S005
H0007557,O002007,,Prospecting,2023-02-05 09:00:00,S019
H0007558,O002007,Prospecting,Qualification,2023-02-07 09:00:00,S019
H0007559,O002007,Qualification,Proposal,2023-02-25 16:00:00,S019
H0007560,O002007,Proposal,Negotiation,2023-03-01 08:00:00,S019
H0007561,O002007,Negotiation,Closed Won,2023-03-16 13:00:00,S019
H0007562,O002008,,Prospecting,2025-06-19 09:00:00,S022
H0007563,O002009,,Prospecting,2023-09-07 09:00:00,S029
H0007564,O002009,Prospecting,Qualification,2023-09-14 09:00:00,S029
H0007565,O002009,Qualification,Closed Lost,2023-09-30 14:00:00,S029
H0007566,O002010,,Prospecting,2024-07-19 09:00:00,S038
H0007567,O002010,Prospecting,Qualification,2024-08-11 12:00:00,S038
H0007568,O002010,Qualification,Proposal,2024-08-23 08:00:00,S038
H0007569,O002010,Proposal,Negotiation,2024-08-31 08:00:00,S038
H0007570,O002010,Negotiation,Closed Lost,2024-09-14 17:00:00,S038
H0007571,O002011,,Prospecting,2024-03-14 09:00:00,S037
H0007572,O002011,Prospecting,Qualification,2024-03-16 11:00:00,S037
H0007573,O002011,Qualification,Proposal,2024-03-29 10:00:00,S037
H0007574,O002011,Proposal,Negotiation,2024-04-03 12:00:00,S037
H0007575,O002011,Negotiation,Closed Lost,2024-04-10 11:00:00,S037
H0007576,O002012,,Prospecting,2023-11-26 09:00:00,S004
H0007577,O002012,Prospecting,Qualification,2023-12-18 16:00:00,S004
H0007578,O002012,Qualification,Proposal,2024-01-09 15:00:00,S004
H0007579,O002012,Proposal,Closed Lost,2024-01-20 10:00:00,S004
H0007580,O002013,,Prospecting,2025-03-13 09:00:00,S021
H0007581,O002013,Prospecting,Qualification,2025-03-14 15:00:00,S021
H0007582,O002013,Qualification,Proposal,2025-04-19 15:00:00,S021
H0007583,O002013,Proposal,Negotiation,2025-05-08 10:00:00,S021
H0007584,O002013,Negotiation,Closed Won,2025-05-24 09:00:00,S021
H0007585,O002014,,Prospecting,2023-06-01 09:00:00,S027
H0007586,O002014,Prospecting,Qualification,2023-07-05 10:00:00,S027
H0007587,O002014,Qualification,Proposal,2023-07-08 09:00:00,S027
H0007588,O002014,Proposal,Negotiation,2023-07-11 12:00:00,S027
H0007589,O002014,Negotiation,Closed Won,2023-07-12 10:00:00,S027
H0007590,O002015,,Prospecting,2025-06-17 09:00:00,S008
H0007591,O002016,,Prospecting,2025-05-16 09:00:00,S020
H0007592,O002016,Prospecting,Closed Lost,2025-06-13 10:00:00,S020
H0007593,O002017,,Prospecting,2025-02-22 09:00:00,S017
H0007594,O002017,Prospecting,Qualification,2025-03-17 08:00:00,S017
H0007595,O002017,Qualification,Proposal,2025-04-01 12:00:00,S017
H0007596,O002017,Proposal,Negotiation,2025-04-07 12:00:00,S017
H0007597,O002017,Negotiation,Closed Won,2025-04-17 12:00:00,S017
H0007598,O002018,,Prospecting,2024-01-24 09:00:00,S038
H0007599,O002018,Prospecting,Qualification,2024-01-26 15:00:00,S038
H0007600,O002018,Qualification,Proposal,2024-02-01 13:00:00,S038
H0007601,O002018,Proposal,Negotiation,2024-03-08 17:00:00,S038
H0007602,O002018,Negotiation,Closed Lost,2024-03-10 15:00:00,S038
H0007603,O002019,,Prospecting,2025-01-31 09:00:00,S031
H0007604,O002019,Prospecting,Qualification,2025-04-06 17:00:00,S031
H0007605,O002019,Qualification,Proposal,2025-05-01 17:00:00,S031
H0007606,O002019,Proposal,Negotiation,2025-05-24 14:00:00,S031
H0007607,O002019,Negotiation,Closed Lost,2025-06-20 15:00:00,S031
H0007608,O002020,,Prospecting,2024-09-15 09:00:00,S035
H0007609,O002020,Prospecting,Qualification,2024-09-25 08:00:00,S035
H0007610,O002020,Qualification,Proposal,2024-11-04 11:00:00,S035
H0007611,O002020,Proposal,Negotiation,2024-11-16 09:00:00,S035
H0007612,O002020,Negotiation,Closed Lost,2024-11-26 15:00:00,S035
H0007613,O002021,,Prospecting,2023-01-11 09:00:00,S023
H0007614,O002021,Prospecting,Qualification,2023-01-12 11:00:00,S023
H0007615,O002021,Qualification,Proposal,2023-01-16 13:00:00,S023
H0007616,O002021,Proposal,Negotiation,2023-01-26 08:00:00,S023
H0007617,O002021,Negotiation,Closed Won,2023-03-15 09:00:00,S023
H0007618,O002022,,Prospecting,2024-09-13 09:00:00,S001
H0007619,O002022,Prospecting,Qualification,2024-09-13 13:00:00,S001
H0007620,O002022,Qualification,Proposal,2024-09-22 14:00:00,S001
H0007621,O002022,Proposal,Negotiation,2024-09-28 15:00:00,S001
H0007622,O002022,Negotiation,Closed Lost,2024-10-24 12:00:00,S001
H0007623,O002023,,Prospecting,2024-06-21 09:00:00,S039
H0007624,O002023,Prospecting,Qualification,2024-08-13 11:00:00,S039
H0007625,O002023,Qualification,Closed Lost,2024-09-03 16:00:00,S039
H0007626,O002024,,Prospecting,2023-06-21 09:00:00,S024
H0007627,O002024,Prospecting,Qualification,2023-07-09 15:00:00,S024
H0007628,O002024,Qualification,Closed Lost,2023-07-18 17:00:00,S024
H0007629,O002025,,Prospecting,2023-11-05 09:00:00,S011
H0007630,O002025,Prospecting,Qualification,2023-11-10 15:00:00,S011
H0007631,O002025,Qualification,Proposal,2023-12-14 11:00:00,S011
H0007632,O002025,Proposal,Negotiation,2023-12-22 17:00:00,S011
H0007633,O002025,Negotiation,Closed Won,2024-01-28 17:00:00,S011
H0007634,O002026,,Prospecting,2024-02-13 09:00:00,S006
H0007635,O002026,Prospecting,Qualification,2024-03-19 16:00:00,S006
H0007636,O002026,Qualification,Proposal,2024-03-23 13:00:00,S006
H0007637,O002026,Proposal,Negotiation,2024-03-24 08:00:00,S006
H0007638,O002026,Negotiation,Closed Won,2024-04-14 11:00:00,S006
H0007639,O002027,,Prospecting,2024-06-06 09:00:00,S006
H0007640,O002027,Prospecting,Qualification,2024-07-01 10:00:00,S006
H0007641,O002027,Qualification,Closed Lost,2024-08-19 16:00:00,S006
H0007642,O002028,,Prospecting,2023-08-08 09:00:00,S029
H0007643,O002028,Prospecting,Qualification,2023-09-02 14:00:00,S029
H0007644,O002028,Qualification,Proposal,2023-09-08 17:00:00,S029
H0007645,O002028,Proposal,Closed Lost,2023-10-25 16:00:00,S029
H0007646,O002029,,Prospecting,2025-06-02 09:00:00,S028
H0007647,O002030,,Prospecting,2023-08-20 09:00:00,S021
H0007648,O002030,Prospecting,Qualification,2023-09-04 12:00:00,S021
H0007649,O002030,Qualification,Proposal,2023-09-20 12:00:00,S021
H0007650,O002030,Proposal,Negotiation,2023-09-21 16:00:00,S021
H0007651,O002030,Negotiation,Closed Won,2023-09-29 14:00:00,S021
H0007652,O002031,,Prospecting,2024-05-17 09:00:00,S011
H0007653,O002031,Prospecting,Qualification,2024-06-08 09:00:00,S011
H0007654,O002031,Qualification,Proposal,2024-06-15 14:00:00,S011
H0007655,O002031,Proposal,Closed Lost,2024-07-17 15:00:00,S011
H0007656,O002032,,Prospecting,2023-07-25 09:00:00,S002
H0007657,O002032,Prospecting,Qualification,2023-08-17 12:00:00,S002
H0007658,O002032,Qualification,Proposal,2023-09-27 17:00:00,S002
H0007659,O002032,Proposal,Closed Lost,2023-12-23 13:00:00,S002
H0007660,O002033,,Prospecting,2025-06-20 09:00:00,S014
H0007661,O002034,,Prospecting,2025-04-28 09:00:00,S031
H0007662,O002034,Prospecting,Qualification,2025-05-11 15:00:00,S031
H0007663,O002034,Qualification,Proposal,2025-06-04 13:00:00,S031
H0007664,O002034,Proposal,Negotiation,2025-06-15 12:00:00,S031
H0007665,O002034,Negotiation,Closed Won,2025-06-24 12:00:00,S031
H0007666,O002035,,Prospecting,2023-06-19 09:00:00,S024
H0007667,O002035,Prospecting,Qualification,2023-06-29 17:00:00,S024
H0007668,O002035,Qualification,Proposal,2023-07-04 16:00:00,S024
H0007669,O002035,Proposal,Negotiation,2023-07-08 12:00:00,S024
H0007670,O002035,Negotiation,Closed Won,2023-07-11 09:00:00,S024
H0007671,O002036,,Prospecting,2025-02-28 09:00:00,S021
H0007672,O002036,Prospecting,Closed Lost,2025-06-20 17:00:00,S021
H0007673,O002037,,Prospecting,2025-04-16 09:00:00,S002
H0007674,O002037,Prospecting,Qualification,2025-04-26 08:00:00,S002
H0007675,O002037,Qualification,Proposal,2025-06-05 13:00:00,S002
H0007676,O002037,Proposal,Negotiation,2025-06-14 10:00:00,S002
H0007677,O002038,,Prospecting,2025-02-12 09:00:00,S038
H0007678,O002038,Prospecting,Qualification,2025-03-18 09:00:00,S038
H0007679,O002038,Qualification,Proposal,2025-04-12 10:00:00,S038
H0007680,O002038,Proposal,Negotiation,2025-04-22 09:00:00,S038
H0007681,O002038,Negotiation,Closed Lost,2025-06-06 16:00:00,S038
H0007682,O002039,,Prospecting,2023-02-15 09:00:00,S023
H0007683,O002039,Prospecting,Qualification,2023-03-15 10:00:00,S023
H0007684,O002039,Qualification,Proposal,2023-03-25 17:00:00,S023
H0007685,O002039,Proposal,Negotiation,2023-04-05 17:00:00,S023
H0007686,O002039,Negotiation,Closed Won,2023-04-08 16:00:00,S023
H0007687,O002040,,Prospecting,2025-02-12 09:00:00,S002
H0007688,O002040,Prospecting,Qualification,2025-03-01 13:00:00,S002
H0007689,O002040,Qualification,Proposal,2025-03-20 13:00:00,S002
H0007690,O002040,Proposal,Negotiation,2025-05-28 11:00:00,S002
H0007691,O002040,Negotiation,Closed Won,2025-06-10 17:00:00,S002
H0007692,O002041,,Prospecting,2024-10-23 09:00:00,S005
H0007693,O002041,Prospecting,Qualification,2024-10-23 10:00:00,S005
H0007694,O002041,Qualification,Proposal,2024-10-25 13:00:00,S005
H0007695,O002041,Proposal,Negotiation,2024-11-04 09:00:00,S005
H0007696,O002041,Negotiation,Closed Lost,2024-11-07 14:00:00,S005
H0007697,O002042,,Prospecting,2025-04-07 09:00:00,S005
H0007698,O002042,Prospecting,Qualification,2025-05-10 11:00:00,S005
H0007699,O002042,Qualification,Proposal,2025-05-17 17:00:00,S005
H0007700,O002042,Proposal,Negotiation,2025-06-08 17:00:00,S005
H0007701,O002043,,Prospecting,2023-02-08 09:00:00,S014
H0007702,O002043,Prospecting,Qualification,2023-02-16 15:00:00,S014
H0007703,O002043,Qualification,Proposal,2023-02-23 15:00:00,S014
H0007704,O002043,Proposal,Closed Lost,2023-03-04 16:00:00,S014
H0007705,O002044,,Prospecting,2025-03-27 09:00:00,S030
H0007706,O002044,Prospecting,Qualification,2025-05-07 10:00:00,S030
H0007707,O002044,Qualification,Closed Lost,2025-05-10 15:00:00,S030
H0007708,O002045,,Prospecting,2024-01-25 09:00:00,S037
H0007709,O002045,Prospecting,Qualification,2024-02-07 11:00:00,S037
H0007710,O002045,Qualification,Closed Lost,2024-02-10 17:00:00,S037
H0007711,O002046,,Prospecting,2023-11-21 09:00:00,S014
H0007712,O002046,Prospecting,Qualification,2023-11-24 14:00:00,S014
H0007713,O002046,Qualification,Proposal,2023-12-01 11:00:00,S014
H0007714,O002046,Proposal,Negotiation,2023-12-02 13:00:00,S014
H0007715,O002046,Negotiation,Closed Won,2024-01-08 13:00:00,S014
H0007716,O002047,,Prospecting,2023-11-10 09:00:00,S037
H0007717,O002047,Prospecting,Qualification,2023-11-20 09:00:00,S037
H0007718,O002047,Qualification,Proposal,2023-11-28 09:00:00,S037
H0007719,O002047,Proposal,Negotiation,2024-01-01 09:00:00,S037
H0007720,O002047,Negotiation,Closed Won,2024-03-14 15:00:00,S037
H0007721,O002048,,Prospecting,2025-04-06 09:00:00,S019
H0007722,O002048,Prospecting,Qualification,2025-04-08 11:00:00,S019
H0007723,O002048,Qualification,Proposal,2025-04-14 15:00:00,S019
H0007724,O002048,Proposal,Negotiation,2025-04-21 09:00:00,S019
H0007725,O002048,Negotiation,Closed Lost,2025-05-28 10:00:00,S019
H0007726,O002049,,Prospecting,2024-09-23 09:00:00,S030
H0007727,O002049,Prospecting,Closed Lost,2024-10-21 10:00:00,S030
H0007728,O002050,,Prospecting,2023-11-23 09:00:00,S020
H0007729,O002050,Prospecting,Closed Lost,2023-12-27 11:00:00,S020
H0007730,O002051,,Prospecting,2023-05-09 09:00:00,S025
H0007731,O002051,Prospecting,Qualification,2023-06-30 11:00:00,S025
H0007732,O002051,Qualification,Closed Lost,2023-08-18 14:00:00,S025
H0007733,O002052,,Prospecting,2024-05-10 09:00:00,S027
H0007734,O002052,Prospecting,Qualification,2024-05-25 17:00:00,S027
H0007735,O002052,Qualification,Proposal,2024-07-03 16:00:00,S027
H0007736,O002052,Proposal,Closed Lost,2024-07-28 13:00:00,S027
H0007737,O002053,,Prospecting,2025-04-18 09:00:00,S009
H0007738,O002053,Prospecting,Qualification,2025-04-26 15:00:00,S009
H0007739,O002053,Qualification,Proposal,2025-05-15 16:00:00,S009
H0007740,O002053,Proposal,Closed Lost,2025-06-07 16:00:00,S009
H0007741,O002054,,Prospecting,2023-12-24 09:00:00,S029
H0007742,O002054,Prospecting,Closed Lost,2024-03-19 10:00:00,S029
H0007743,O002055,,Prospecting,2023-07-03 09:00:00,S020
H0007744,O002055,Prospecting,Closed Lost,2023-09-01 12:00:00,S020
H0007745,O002056,,Prospecting,2025-05-17 09:00:00,S015
H0007746,O002056,Prospecting,Qualification,2025-06-18 08:00:00,S015
H0007747,O002056,Qualification,Proposal,2025-06-25 17:00:00,S015
H0007748,O002056,Proposal,Negotiation,2025-06-28 11:00:00,S015
H0007749,O002057,,Prospecting,2025-03-26 09:00:00,S035
H0007750,O002057,Prospecting,Qualification,2025-04-10 11:00:00,S035
H0007751,O002057,Qualification,Proposal,2025-05-06 09:00:00,S035
H0007752,O002057,Proposal,Negotiation,2025-05-10 15:00:00,S035
H0007753,O002058,,Prospecting,2024-12-15 09:00:00,S031
H0007754,O002058,Prospecting,Qualification,2024-12-16 13:00:00,S031
H0007755,O002058,Qualification,Proposal,2024-12-21 09:00:00,S031
H0007756,O002058,Proposal,Negotiation,2025-01-01 13:00:00,S031
H0007757,O002058,Negotiation,Closed Won,2025-01-03 11:00:00,S031
H0007758,O002059,,Prospecting,2023-07-13 09:00:00,S018
H0007759,O002059,Prospecting,Qualification,2023-07-23 17:00:00,S018
H0007760,O002059,Qualification,Proposal,2023-07-26 13:00:00,S018
H0007761,O002059,Proposal,Negotiation,2023-08-13 10:00:00,S018
H0007762,O002059,Negotiation,Closed Lost,2023-08-20 15:00:00,S018
H0007763,O002060,,Prospecting,2024-01-22 09:00:00,S009
H0007764,O002060,Prospecting,Closed Lost,2024-04-13 16:00:00,S009
H0007765,O002061,,Prospecting,2024-03-03 09:00:00,S019
H0007766,O002061,Prospecting,Qualification,2024-03-10 08:00:00,S019
H0007767,O002061,Qualification,Proposal,2024-03-11 17:00:00,S019
H0007768,O002061,Proposal,Negotiation,2024-03-15 12:00:00,S019
H0007769,O002061,Negotiation,Closed Won,2024-03-20 09:00:00,S019
H0007770,O002062,,Prospecting,2023-08-08 09:00:00,S016
H0007771,O002062,Prospecting,Qualification,2023-08-15 10:00:00,S016
H0007772,O002062,Qualification,Proposal,2023-10-05 16:00:00,S016
H0007773,O002062,Proposal,Negotiation,2024-01-12 17:00:00,S016
H0007774,O002062,Negotiation,Closed Won,2024-03-26 16:00:00,S016
H0007775,O002063,,Prospecting,2023-06-18 09:00:00,S017
H0007776,O002063,Prospecting,Qualification,2023-06-30 10:00:00,S017
H0007777,O002063,Qualification,Proposal,2023-07-02 12:00:00,S017
H0007778,O002063,Proposal,Negotiation,2023-07-22 12:00:00,S017
H0007779,O002063,Negotiation,Closed Lost,2023-08-17 16:00:00,S017
H0007780,O002064,,Prospecting,2024-10-20 09:00:00,S009
H0007781,O002064,Prospecting,Qualification,2024-10-26 12:00:00,S009
H0007782,O002064,Qualification,Proposal,2024-11-13 14:00:00,S009
H0007783,O002064,Proposal,Closed Lost,2024-12-04 10:00:00,S009
H0007784,O002065,,Prospecting,2024-05-27 09:00:00,S028
H0007785,O002065,Prospecting,Qualification,2024-06-18 14:00:00,S028
H0007786,O002065,Qualification,Proposal,2024-06-25 10:00:00,S028
H0007787,O002065,Proposal,Negotiation,2024-07-14 15:00:00,S028
H0007788,O002065,Negotiation,Closed Won,2024-07-17 14:00:00,S028
H0007789,O002066,,Prospecting,2023-10-03 09:00:00,S005
H0007790,O002066,Prospecting,Closed Lost,2023-10-29 09:00:00,S005
H0007791,O002067,,Prospecting,2024-02-14 09:00:00,S010
H0007792,O002067,Prospecting,Qualification,2024-03-08 08:00:00,S010
H0007793,O002067,Qualification,Proposal,2024-03-16 09:00:00,S010
H0007794,O002067,Proposal,Negotiation,2024-05-09 16:00:00,S010
H0007795,O002067,Negotiation,Closed Won,2024-05-22 16:00:00,S010
H0007796,O002068,,Prospecting,2025-06-24 09:00:00,S027
H0007797,O002069,,Prospecting,2024-09-15 09:00:00,S023
H0007798,O002069,Prospecting,Qualification,2024-09-18 12:00:00,S023
H0007799,O002069,Qualification,Proposal,2024-10-03 15:00:00,S023
H0007800,O002069,Proposal,Negotiation,2024-10-20 16:00:00,S023
H0007801,O002069,Negotiation,Closed Won,2024-11-12 17:00:00,S023
H0007802,O002070,,Prospecting,2024-05-07 09:00:00,S027
H0007803,O002070,Prospecting,Qualification,2024-05-28 13:00:00,S027
H0007804,O002070,Qualification,Proposal,2024-06-04 13:00:00,S027
H0007805,O002070,Proposal,Negotiation,2024-06-24 15:00:00,S027
H0007806,O002070,Negotiation,Closed Won,2024-07-24 09:00:00,S027
H0007807,O002071,,Prospecting,2024-10-02 09:00:00,S028
H0007808,O002071,Prospecting,Qualification,2024-10-17 14:00:00,S028
H0007809,O002071,Qualification,Proposal,2024-10-27 08:00:00,S028
H0007810,O002071,Proposal,Negotiation,2024-11-29 17:00:00,S028
H0007811,O002071,Negotiation,Closed Won,2024-12-15 11:00:00,S028
H0007812,O002072,,Prospecting,2024-01-03 09:00:00,S010
H0007813,O002072,Prospecting,Qualification,2024-02-09 11:00:00,S010
H0007814,O002072,Qualification,Proposal,2024-02-19 15:00:00,S010
H0007815,O002072,Proposal,Negotiation,2024-02-26 08:00:00,S010
H0007816,O002072,Negotiation,Closed Won,2024-02-28 17:00:00,S010
H0007817,O002073,,Prospecting,2025-06-14 09:00:00,S037
H0007818,O002073,Prospecting,Qualification,2025-06-24 17:00:00,S037
H0007819,O002074,,Prospecting,2025-02-24 09:00:00,S010
H0007820,O002074,Prospecting,Qualification,2025-03-01 13:00:00,S010
H0007821,O002074,Qualification,Proposal,2025-03-05 08:00:00,S010
H0007822,O002074,Proposal,Closed Lost,2025-03-06 14:00:00,S010
H0007823,O002075,,Prospecting,2025-05-24 09:00:00,S019
H0007824,O002075,Prospecting,Qualification,2025-06-21 13:00:00,S019
H0007825,O002076,,Prospecting,2023-10-05 09:00:00,S026
H0007826,O002076,Prospecting,Qualification,2023-10-07 16:00:00,S026
H0007827,O002076,Qualification,Proposal,2023-11-22 13:00:00,S026
H0007828,O002076,Proposal,Negotiation,2023-11-23 16:00:00,S026
H0007829,O002076,Negotiation,Closed Won,2023-12-03 16:00:00,S026
H0007830,O002077,,Prospecting,2025-04-03 09:00:00,S002
H0007831,O002077,Prospecting,Closed Lost,2025-05-15 10:00:00,S002
H0007832,O002078,,Prospecting,2024-12-18 09:00:00,S022
H0007833,O002078,Prospecting,Qualification,2024-12-21 15:00:00,S022
H0007834,O002078,Qualification,Proposal,2024-12-22 13:00:00,S022
H0007835,O002078,Proposal,Negotiation,2025-03-09 14:00:00,S022
H0007836,O002078,Negotiation,Closed Won,2025-03-14 15:00:00,S022
H0007837,O002079,,Prospecting,2024-08-30 09:00:00,S032
H0007838,O002079,Prospecting,Qualification,2024-10-26 15:00:00,S032
H0007839,O002079,Qualification,Proposal,2024-11-01 10:00:00,S032
H0007840,O002079,Proposal,Negotiation,2024-11-19 16:00:00,S032
H0007841,O002079,Negotiation,Closed Lost,2024-12-12 15:00:00,S032
H0007842,O002080,,Prospecting,2024-08-02 09:00:00,S040
H0007843,O002080,Prospecting,Closed Lost,2024-08-17 16:00:00,S040
H0007844,O002081,,Prospecting,2025-05-22 09:00:00,S012
H0007845,O002081,Prospecting,Qualification,2025-06-04 17:00:00,S012
H0007846,O002081,Qualification,Proposal,2025-06-23 12:00:00,S012
H0007847,O002081,Proposal,Negotiation,2025-06-24 17:00:00,S012
H0007848,O002081,Negotiation,Closed Won,2025-06-28 15:00:00,S012
H0007849,O002082,,Prospecting,2024-08-25 09:00:00,S006
H0007850,O002082,Prospecting,Closed Lost,2024-09-18 12:00:00,S006
H0007851,O002083,,Prospecting,2023-06-15 09:00:00,S015
H0007852,O002083,Prospecting,Qualification,2023-06-28 08:00:00,S015
H0007853,O002083,Qualification,Proposal,2023-07-17 11:00:00,S015
H0007854,O002083,Proposal,Negotiation,2023-07-18 12:00:00,S015
H0007855,O002083,Negotiation,Closed Won,2023-07-20 13:00:00,S015
H0007856,O002084,,Prospecting,2024-05-28 09:00:00,S003
H0007857,O002084,Prospecting,Qualification,2024-06-04 15:00:00,S003
H0007858,O002084,Qualification,Proposal,2024-07-01 12:00:00,S003
H0007859,O002084,Proposal,Negotiation,2024-07-09 09:00:00,S003
H0007860,O002084,Negotiation,Closed Won,2024-08-01 09:00:00,S003
H0007861,O002085,,Prospecting,2025-06-19 09:00:00,S032
H0007862,O002086,,Prospecting,2023-06-08 09:00:00,S040
H0007863,O002086,Prospecting,Qualification,2023-06-09 16:00:00,S040
H0007864,O002086,Qualification,Proposal,2023-06-09 14:00:00,S040
H0007865,O002086,Proposal,Closed Lost,2023-06-15 12:00:00,S040
H0007866,O002087,,Prospecting,2023-02-23 09:00:00,S010
H0007867,O002087,Prospecting,Qualification,2023-03-12 12:00:00,S010
H0007868,O002087,Qualification,Proposal,2023-04-05 14:00:00,S010
H0007869,O002087,Proposal,Negotiation,2023-04-14 15:00:00,S010
H0007870,O002087,Negotiation,Closed Won,2023-04-25 17:00:00,S010
H0007871,O002088,,Prospecting,2025-06-26 09:00:00,S030
H0007872,O002089,,Prospecting,2023-04-02 09:00:00,S004
H0007873,O002089,Prospecting,Closed Lost,2023-06-25 17:00:00,S004
H0007874,O002090,,Prospecting,2024-05-18 09:00:00,S026
H0007875,O002090,Prospecting,Qualification,2024-05-23 15:00:00,S026
H0007876,O002090,Qualification,Proposal,2024-05-25 14:00:00,S026
H0007877,O002090,Proposal,Negotiation,2024-05-27 17:00:00,S026
H0007878,O002090,Negotiation,Closed Won,2024-06-06 16:00:00,S026
H0007879,O002091,,Prospecting,2023-07-27 09:00:00,S001
H0007880,O002091,Prospecting,Qualification,2023-08-08 10:00:00,S001
H0007881,O002091,Qualification,Proposal,2023-08-25 14:00:00,S001
H0007882,O002091,Proposal,Negotiation,2023-09-14 14:00:00,S001
H0007883,O002091,Negotiation,Closed Won,2023-09-15 11:00:00,S001
H0007884,O002092,,Prospecting,2024-06-04 09:00:00,S038
H0007885,O002092,Prospecting,Qualification,2024-06-19 14:00:00,S038
H0007886,O002092,Qualification,Proposal,2024-08-07 16:00:00,S038
H0007887,O002092,Proposal,Closed Lost,2024-10-03 14:00:00,S038
H0007888,O002093,,Prospecting,2023-10-04 09:00:00,S024
H0007889,O002093,Prospecting,Qualification,2023-10-16 16:00:00,S024
H0007890,O002093,Qualification,Proposal,2023-10-29 11:00:00,S024
H0007891,O002093,Proposal,Negotiation,2023-10-30 12:00:00,S024
H0007892,O002093,Negotiation,Closed Won,2023-11-07 13:00:00,S024
H0007893,O002094,,Prospecting,2024-06-30 09:00:00,S005
H0007894,O002094,Prospecting,Qualification,2024-07-03 08:00:00,S005
H0007895,O002094,Qualification,Proposal,2024-07-14 09:00:00,S005
H0007896,O002094,Proposal,Closed Lost,2024-07-24 17:00:00,S005
H0007897,O002095,,Prospecting,2024-08-06 09:00:00,S018
H0007898,O002095,Prospecting,Qualification,2024-08-11 16:00:00,S018
H0007899,O002095,Qualification,Proposal,2024-08-15 08:00:00,S018
H0007900,O002095,Proposal,Negotiation,2024-09-08 17:00:00,S018
H0007901,O002095,Negotiation,Closed Won,2024-09-18 15:00:00,S018
H0007902,O002096,,Prospecting,2025-03-21 09:00:00,S008
H0007903,O002096,Prospecting,Qualification,2025-03-22 14:00:00,S008
H0007904,O002096,Qualification,Proposal,2025-04-03 15:00:00,S008
H0007905,O002096,Proposal,Negotiation,2025-04-08 11:00:00,S008
H0007906,O002096,Negotiation,Closed Won,2025-04-21 09:00:00,S008
H0007907,O002097,,Prospecting,2023-08-01 09:00:00,S035
H0007908,O002097,Prospecting,Qualification,2023-08-04 08:00:00,S035
H0007909,O002097,Qualification,Proposal,2023-08-09 09:00:00,S035
H0007910,O002097,Proposal,Negotiation,2023-08-10 12:00:00,S035
H0007911,O002097,Negotiation,Closed Lost,2023-08-13 13:00:00,S035
H0007912,O002098,,Prospecting,2025-01-24 09:00:00,S023
H0007913,O002098,Prospecting,Qualification,2025-02-23 12:00:00,S023
H0007914,O002098,Qualification,Closed Lost,2025-03-10 13:00:00,S023
H0007915,O002099,,Prospecting,2025-04-24 09:00:00,S025
H0007916,O002099,Prospecting,Qualification,2025-05-26 13:00:00,S025
H0007917,O002099,Qualification,Proposal,2025-05-27 14:00:00,S025
H0007918,O002099,Proposal,Negotiation,2025-05-27 16:00:00,S025
H0007919,O002100,,Prospecting,2024-11-24 09:00:00,S028
H0007920,O002100,Prospecting,Qualification,2024-11-26 10:00:00,S028
H0007921,O002100,Qualification,Proposal,2024-12-15 11:00:00,S028
H0007922,O002100,Proposal,Negotiation,2024-12-21 16:00:00,S028
H0007923,O002100,Negotiation,Closed Won,2025-03-30 14:00:00,S028
H0007924,O002101,,Prospecting,2023-12-02 09:00:00,S035
H0007925,O002101,Prospecting,Closed Lost,2024-03-14 16:00:00,S035
H0007926,O002102,,Prospecting,2024-06-01 09:00:00,S026
H0007927,O002102,Prospecting,Qualification,2024-06-01 15:00:00,S026
H0007928,O002102,Qualification,Proposal,2024-06-05 08:00:00,S026
H0007929,O002102,Proposal,Negotiation,2024-06-26 08:00:00,S026
H0007930,O002102,Negotiation,Closed Lost,2024-06-27 13:00:00,S026
H0007931,O002103,,Prospecting,2023-07-24 09:00:00,S013
H0007932,O002103,Prospecting,Qualification,2023-08-06 17:00:00,S013
H0007933,O002103,Qualification,Proposal,2023-08-10 11:00:00,S013
H0007934,O002103,Proposal,Closed Lost,2023-09-04 12:00:00,S013
H0007935,O002104,,Prospecting,2023-06-21 09:00:00,S015
H0007936,O002104,Prospecting,Qualification,2023-06-24 08:00:00,S015
H0007937,O002104,Qualification,Proposal,2023-07-06 12:00:00,S015
H0007938,O002104,Proposal,Negotiation,2023-07-14 08:00:00,S015
H0007939,O002104,Negotiation,Closed Lost,2023-08-08 15:00:00,S015
H0007940,O002105,,Prospecting,2025-02-03 09:00:00,S039
H0007941,O002105,Prospecting,Qualification,2025-02-11 14:00:00,S039
H0007942,O002105,Qualification,Proposal,2025-02-19 17:00:00,S039
H0007943,O002105,Proposal,Negotiation,2025-02-20 16:00:00,S039
H0007944,O002105,Negotiation,Closed Lost,2025-02-24 14:00:00,S039
H0007945,O002106,,Prospecting,2025-05-22 09:00:00,S013
H0007946,O002106,Prospecting,Qualification,2025-06-24 14:00:00,S013
H0007947,O002107,,Prospecting,2025-06-26 09:00:00,S032
H0007948,O002108,,Prospecting,2023-11-22 09:00:00,S009
H0007949,O002108,Prospecting,Closed Lost,2023-12-28 13:00:00,S009
H0007950,O002109,,Prospecting,2023-10-13 09:00:00,S026
H0007951,O002109,Prospecting,Closed Lost,2023-12-09 09:00:00,S026
H0007952,O002110,,Prospecting,2023-09-08 09:00:00,S029
H0007953,O002110,Prospecting,Qualification,2023-09-10 14:00:00,S029
H0007954,O002110,Qualification,Proposal,2023-09-21 10:00:00,S029
H0007955,O002110,Proposal,Negotiation,2023-09-21 12:00:00,S029
H0007956,O002110,Negotiation,Closed Lost,2023-09-22 16:00:00,S029
H0007957,O002111,,Prospecting,2025-05-12 09:00:00,S012
H0007958,O002111,Prospecting,Qualification,2025-05-21 10:00:00,S012
H0007959,O002111,Qualification,Proposal,2025-05-23 12:00:00,S012
H0007960,O002111,Proposal,Negotiation,2025-06-03 10:00:00,S012
H0007961,O002111,Negotiation,Closed Lost,2025-06-04 10:00:00,S012
H0007962,O002112,,Prospecting,2025-04-26 09:00:00,S040
H0007963,O002112,Prospecting,Qualification,2025-04-28 13:00:00,S040
H0007964,O002112,Qualification,Proposal,2025-05-25 17:00:00,S040
H0007965,O002112,Proposal,Negotiation,2025-05-29 13:00:00,S040
H0007966,O002113,,Prospecting,2023-09-28 09:00:00,S032
H0007967,O002113,Prospecting,Qualification,2023-09-29 08:00:00,S032
H0007968,O002113,Qualification,Proposal,2023-09-29 08:00:00,S032
H0007969,O002113,Proposal,Negotiation,2023-10-18 15:00:00,S032
H0007970,O002113,Negotiation,Closed Lost,2023-10-23 13:00:00,S032
H0007971,O002114,,Prospecting,2025-02-01 09:00:00,S006
H0007972,O002114,Prospecting,Qualification,2025-02-20 13:00:00,S006
H0007973,O002114,Qualification,Closed Lost,2025-04-05 15:00:00,S006
H0007974,O002115,,Prospecting,2023-01-25 09:00:00,S037
H0007975,O002115,Prospecting,Qualification,2023-03-03 17:00:00,S037
H0007976,O002115,Qualification,Closed Lost,2023-03-07 15:00:00,S037
H0007977,O002116,,Prospecting,2025-05-01 09:00:00,S014
H0007978,O002116,Prospecting,Qualification,2025-05-06 11:00:00,S014
H0007979,O002116,Qualification,Proposal,2025-05-06 15:00:00,S014
H0007980,O002116,Proposal,Negotiation,2025-05-29 10:00:00,S014
H0007981,O002116,Negotiation,Closed Lost,2025-06-01 17:00:00,S014
H0007982,O002117,,Prospecting,2025-06-21 09:00:00,S039
H0007983,O002118,,Prospecting,2024-12-29 09:00:00,S022
H0007984,O002118,Prospecting,Closed Lost,2025-02-17 10:00:00,S022
H0007985,O002119,,Prospecting,2025-02-26 09:00:00,S002
H0007986,O002119,Prospecting,Closed Lost,2025-04-08 17:00:00,S002
H0007987,O002120,,Prospecting,2024-02-04 09:00:00,S040
H0007988,O002120,Prospecting,Qualification,2024-02-10 11:00:00,S040
H0007989,O002120,Qualification,Proposal,2024-02-16 16:00:00,S040
H0007990,O002120,Proposal,Negotiation,2024-03-06 14:00:00,S040
H0007991,O002120,Negotiation,Closed Won,2024-04-02 10:00:00,S040
H0007992,O002121,,Prospecting,2023-03-16 09:00:00,S023
H0007993,O002121,Prospecting,Qualification,2023-03-31 09:00:00,S023
H0007994,O002121,Qualification,Closed Lost,2023-04-09 11:00:00,S023
H0007995,O002122,,Prospecting,2023-02-22 09:00:00,S032
H0007996,O002122,Prospecting,Qualification,2023-03-15 15:00:00,S032
H0007997,O002122,Qualification,Proposal,2023-05-13 16:00:00,S032
H0007998,O002122,Proposal,Closed Lost,2023-05-16 14:00:00,S032
H0007999,O002123,,Prospecting,2024-03-28 09:00:00,S031
H0008000,O002123,Prospecting,Qualification,2024-04-12 15:00:00,S031
H0008001,O002123,Qualification,Proposal,2024-04-18 13:00:00,S031
H0008002,O002123,Proposal,Negotiation,2024-05-07 14:00:00,S031
H0008003,O002123,Negotiation,Closed Lost,2024-06-10 13:00:00,S031
H0008004,O002124,,Prospecting,2024-10-22 09:00:00,S006
H0008005,O002124,Prospecting,Qualification,2024-10-24 12:00:00,S006
H0008006,O002124,Qualification,Proposal,2024-10-27 17:00:00,S006
H0008007,O002124,Proposal,Negotiation,2024-12-13 11:00:00,S006
H0008008,O002124,Negotiation,Closed Won,2024-12-24 16:00:00,S006
H0008009,O002125,,Prospecting,2024-11-12 09:00:00,S013
H0008010,O002125,Prospecting,Qualification,2024-12-18 10:00:00,S013
H0008011,O002125,Qualification,Closed Lost,2025-01-08 10:00:00,S013
H0008012,O002126,,Prospecting,2024-06-17 09:00:00,S026
H0008013,O002126,Prospecting,Qualification,2024-07-05 09:00:00,S026
H0008014,O002126,Qualification,Proposal,2024-07-13 16:00:00,S026
H0008015,O002126,Proposal,Negotiation,2024-07-16 16:00:00,S026
H0008016,O002126,Negotiation,Closed Won,2024-07-19 13:00:00,S026
H0008017,O002127,,Prospecting,2023-09-07 09:00:00,S028
H0008018,O002127,Prospecting,Qualification,2023-10-04 16:00:00,S028
H0008019,O002127,Qualification,Closed Lost,2023-10-29 11:00:00,S028
H0008020,O002128,,Prospecting,2025-05-26 09:00:00,S018
H0008021,O002128,Prospecting,Qualification,2025-06-29 08:00:00,S018
H0008022,O002129,,Prospecting,2025-02-27 09:00:00,S016
H0008023,O002129,Prospecting,Qualification,2025-02-28 08:00:00,S016
H0008024,O002129,Qualification,Proposal,2025-03-11 10:00:00,S016
H0008025,O002129,Proposal,Negotiation,2025-03-21 13:00:00,S016
H0008026,O002129,Negotiation,Closed Lost,2025-04-10 13:00:00,S016
H0008027,O002130,,Prospecting,2023-05-22 09:00:00,S005
H0008028,O002130,Prospecting,Qualification,2023-05-22 14:00:00,S005
H0008029,O002130,Qualification,Proposal,2023-05-29 10:00:00,S005
H0008030,O002130,Proposal,Closed Lost,2023-07-11 11:00:00,S005
H0008031,O002131,,Prospecting,2024-06-15 09:00:00,S022
H0008032,O002131,Prospecting,Qualification,2024-06-18 08:00:00,S022
H0008033,O002131,Qualification,Proposal,2024-07-13 13:00:00,S022
H0008034,O002131,Proposal,Negotiation,2024-09-30 16:00:00,S022
H0008035,O002131,Negotiation,Closed Won,2024-10-01 10:00:00,S022
H0008036,O002132,,Prospecting,2023-05-03 09:00:00,S016
H0008037,O002132,Prospecting,Qualification,2023-05-30 17:00:00,S016
H0008038,O002132,Qualification,Closed Lost,2023-07-16 17:00:00,S016
H0008039,O002133,,Prospecting,2024-03-04 09:00:00,S034
H0008040,O002133,Prospecting,Qualification,2024-05-10 14:00:00,S034
H0008041,O002133,Qualification,Proposal,2024-05-13 11:00:00,S034
H0008042,O002133,Proposal,Closed Lost,2024-05-24 10:00:00,S034
H0008043,O002134,,Prospecting,2024-08-12 09:00:00,S016
H0008044,O002134,Prospecting,Qualification,2024-08-29 08:00:00,S016
H0008045,O002134,Qualification,Proposal,2024-09-19 17:00:00,S016
H0008046,O002134,Proposal,Negotiation,2024-10-09 11:00:00,S016
H0008047,O002134,Negotiation,Closed Lost,2024-10-15 10:00:00,S016
H0008048,O002135,,Prospecting,2025-03-17 09:00:00,S033
H0008049,O002135,Prospecting,Qualification,2025-04-27 16:00:00,S033
H0008050,O002135,Qualification,Proposal,2025-04-27 08:00:00,S033
H0008051,O002135,Proposal,Negotiation,2025-05-01 13:00:00,S033
H0008052,O002135,Negotiation,Closed Won,2025-05-19 14:00:00,S033
H0008053,O002136,,Prospecting,2023-06-22 09:00:00,S023
H0008054,O002136,Prospecting,Qualification,2023-07-05 15:00:00,S023
H0008055,O002136,Qualification,Proposal,2023-07-10 08:00:00,S023
H0008056,O002136,Proposal,Closed Lost,2023-07-15 17:00:00,S023
H0008057,O002137,,Prospecting,2025-03-02 09:00:00,S010
H0008058,O002137,Prospecting,Qualification,2025-03-09 09:00:00,S010
H0008059,O002137,Qualification,Proposal,2025-03-12 08:00:00,S010
H0008060,O002137,Proposal,Closed Lost,2025-03-14 15:00:00,S010
H0008061,O002138,,Prospecting,2024-01-30 09:00:00,S036
H0008062,O002138,Prospecting,Closed Lost,2024-03-01 10:00:00,S036
H0008063,O002139,,Prospecting,2023-11-19 09:00:00,S006
H0008064,O002139,Prospecting,Qualification,2024-02-02 14:00:00,S006
H0008065,O002139,Qualification,Closed Lost,2024-02-21 13:00:00,S006
H0008066,O002140,,Prospecting,2025-05-18 09:00:00,S004
H0008067,O002140,Prospecting,Qualification,2025-05-29 11:00:00,S004
H0008068,O002140,Qualification,Proposal,2025-06-02 14:00:00,S004
H0008069,O002140,Proposal,Closed Lost,2025-06-10 14:00:00,S004
H0008070,O002141,,Prospecting,2024-06-08 09:00:00,S008
H0008071,O002141,Prospecting,Qualification,2024-06-08 12:00:00,S008
H0008072,O002141,Qualification,Proposal,2024-06-15 08:00:00,S008
H0008073,O002141,Proposal,Closed Lost,2024-06-18 09:00:00,S008
H0008074,O002142,,Prospecting,2025-03-21 09:00:00,S021
H0008075,O002142,Prospecting,Qualification,2025-03-23 15:00:00,S021
H0008076,O002142,Qualification,Proposal,2025-04-24 11:00:00,S021
H0008077,O002142,Proposal,Negotiation,2025-05-28 14:00:00,S021
H0008078,O002143,,Prospecting,2023-05-08 09:00:00,S019
H0008079,O002143,Prospecting,Qualification,2023-06-15 11:00:00,S019
H0008080,O002143,Qualification,Proposal,2023-06-18 10:00:00,S019
H0008081,O002143,Proposal,Closed Lost,2023-06-27 11:00:00,S019
H0008082,O002144,,Prospecting,2023-04-21 09:00:00,S038
H0008083,O002144,Prospecting,Closed Lost,2023-06-03 16:00:00,S038
H0008084,O002145,,Prospecting,2023-12-30 09:00:00,S025
H0008085,O002145,Prospecting,Qualification,2023-12-30 10:00:00,S025
H0008086,O002145,Qualification,Proposal,2023-12-31 12:00:00,S025
H0008087,O002145,Proposal,Negotiation,2024-01-18 11:00:00,S025
H0008088,O002145,Negotiation,Closed Lost,2024-01-23 14:00:00,S025
H0008089,O002146,,Prospecting,2023-11-14 09:00:00,S009
H0008090,O002146,Prospecting,Qualification,2023-11-15 15:00:00,S009
H0008091,O002146,Qualification,Proposal,2023-12-18 09:00:00,S009
H0008092,O002146,Proposal,Negotiation,2023-12-25 17:00:00,S009
H0008093,O002146,Negotiation,Closed Won,2024-01-26 13:00:00,S009
H0008094,O002147,,Prospecting,2024-08-29 09:00:00,S019
H0008095,O002147,Prospecting,Qualification,2024-09-16 17:00:00,S019
H0008096,O002147,Qualification,Proposal,2024-09-18 17:00:00,S019
H0008097,O002147,Proposal,Negotiation,2024-09-28 12:00:00,S019
H0008098,O002147,Negotiation,Closed Won,2024-10-05 12:00:00,S019
H0008099,O002148,,Prospecting,2025-06-21 09:00:00,S016
H0008100,O002149,,Prospecting,2023-01-03 09:00:00,S035
H0008101,O002149,Prospecting,Qualification,2023-01-05 11:00:00,S035
H0008102,O002149,Qualification,Closed Lost,2023-02-04 11:00:00,S035
H0008103,O002150,,Prospecting,2024-01-22 09:00:00,S025
H0008104,O002150,Prospecting,Qualification,2024-01-25 15:00:00,S025
H0008105,O002150,Qualification,Proposal,2024-01-26 09:00:00,S025
H0008106,O002150,Proposal,Negotiation,2024-01-31 09:00:00,S025
H0008107,O002150,Negotiation,Closed Won,2024-03-30 17:00:00,S025
H0008108,O002151,,Prospecting,2023-10-29 09:00:00,S022
H0008109,O002151,Prospecting,Qualification,2023-10-30 10:00:00,S022
H0008110,O002151,Qualification,Closed Lost,2023-12-03 12:00:00,S022
H0008111,O002152,,Prospecting,2023-07-31 09:00:00,S005
H0008112,O002152,Prospecting,Qualification,2023-08-08 12:00:00,S005
H0008113,O002152,Qualification,Closed Lost,2023-10-17 13:00:00,S005
H0008114,O002153,,Prospecting,2024-12-28 09:00:00,S023
H0008115,O002153,Prospecting,Qualification,2025-01-08 08:00:00,S023
H0008116,O002153,Qualification,Proposal,2025-01-19 14:00:00,S023
H0008117,O002153,Proposal,Negotiation,2025-01-21 09:00:00,S023
H0008118,O002153,Negotiation,Closed Won,2025-02-03 14:00:00,S023
H0008119,O002154,,Prospecting,2025-01-29 09:00:00,S012
H0008120,O002154,Prospecting,Qualification,2025-02-16 08:00:00,S012
H0008121,O002154,Qualification,Proposal,2025-04-26 17:00:00,S012
H0008122,O002154,Proposal,Negotiation,2025-05-02 13:00:00,S012
H0008123,O002154,Negotiation,Closed Won,2025-05-09 16:00:00,S012
H0008124,O002155,,Prospecting,2025-05-31 09:00:00,S037
H0008125,O002155,Prospecting,Qualification,2025-06-03 17:00:00,S037
H0008126,O002156,,Prospecting,2023-10-12 09:00:00,S015
H0008127,O002156,Prospecting,Qualification,2023-11-06 11:00:00,S015
H0008128,O002156,Qualification,Proposal,2023-11-17 15:00:00,S015
H0008129,O002156,Proposal,Negotiation,2023-11-17 11:00:00,S015
H0008130,O002156,Negotiation,Closed Won,2023-12-07 13:00:00,S015
H0008131,O002157,,Prospecting,2023-09-11 09:00:00,S028
H0008132,O002157,Prospecting,Qualification,2023-09-11 16:00:00,S028
H0008133,O002157,Qualification,Proposal,2023-09-15 14:00:00,S028
H0008134,O002157,Proposal,Closed Lost,2023-10-12 12:00:00,S028
H0008135,O002158,,Prospecting,2023-06-09 09:00:00,S027
H0008136,O002158,Prospecting,Qualification,2023-06-12 13:00:00,S027
H0008137,O002158,Qualification,Proposal,2023-06-17 12:00:00,S027
H0008138,O002158,Proposal,Negotiation,2023-06-20 09:00:00,S027
H0008139,O002158,Negotiation,Closed Won,2023-08-12 15:00:00,S027
H0008140,O002159,,Prospecting,2024-05-11 09:00:00,S012
H0008141,O002159,Prospecting,Qualification,2024-05-11 13:00:00,S012
H0008142,O002159,Qualification,Proposal,2024-06-06 08:00:00,S012
H0008143,O002159,Proposal,Negotiation,2024-06-18 11:00:00,S012
H0008144,O002159,Negotiation,Closed Lost,2024-07-25 14:00:00,S012
H0008145,O002160,,Prospecting,2023-06-19 09:00:00,S022
H0008146,O002160,Prospecting,Closed Lost,2023-10-07 14:00:00,S022
H0008147,O002161,,Prospecting,2025-05-02 09:00:00,S025
H0008148,O002161,Prospecting,Qualification,2025-05-12 12:00:00,S025
H0008149,O002161,Qualification,Proposal,2025-05-20 14:00:00,S025
H0008150,O002161,Proposal,Negotiation,2025-06-25 14:00:00,S025
H0008151,O002162,,Prospecting,2023-02-03 09:00:00,S009
H0008152,O002162,Prospecting,Qualification,2023-02-10 17:00:00,S009
H0008153,O002162,Qualification,Proposal,2023-03-21 09:00:00,S009
H0008154,O002162,Proposal,Closed Lost,2023-04-18 14:00:00,S009
H0008155,O002163,,Prospecting,2025-01-30 09:00:00,S002
H0008156,O002163,Prospecting,Closed Lost,2025-03-05 16:00:00,S002
H0008157,O002164,,Prospecting,2023-12-30 09:00:00,S012
H0008158,O002164,Prospecting,Qualification,2024-02-06 17:00:00,S012
H0008159,O002164,Qualification,Closed Lost,2024-03-09 12:00:00,S012
H0008160,O002165,,Prospecting,2024-09-12 09:00:00,S032
H0008161,O002165,Prospecting,Closed Lost,2024-12-11 17:00:00,S032
H0008162,O002166,,Prospecting,2025-01-16 09:00:00,S026
H0008163,O002166,Prospecting,Qualification,2025-01-17 14:00:00,S026
H0008164,O002166,Qualification,Proposal,2025-01-20 10:00:00,S026
H0008165,O002166,Proposal,Closed Lost,2025-02-15 14:00:00,S026
H0008166,O002167,,Prospecting,2023-06-14 09:00:00,S032
H0008167,O002167,Prospecting,Qualification,2023-07-12 08:00:00,S032
H0008168,O002167,Qualification,Proposal,2023-07-25 13:00:00,S032
H0008169,O002167,Proposal,Negotiation,2023-08-12 14:00:00,S032
H0008170,O002167,Negotiation,Closed Won,2023-08-16 14:00:00,S032
H0008171,O002168,,Prospecting,2025-04-07 09:00:00,S026
H0008172,O002168,Prospecting,Qualification,2025-04-24 10:00:00,S026
H0008173,O002168,Qualification,Proposal,2025-05-19 11:00:00,S026
H0008174,O002168,Proposal,Negotiation,2025-05-29 14:00:00,S026
H0008175,O002168,Negotiation,Closed Lost,2025-06-20 12:00:00,S026
H0008176,O002169,,Prospecting,2024-06-17 09:00:00,S022
H0008177,O002169,Prospecting,Qualification,2024-07-06 15:00:00,S022
H0008178,O002169,Qualification,Proposal,2024-07-21 10:00:00,S022
H0008179,O002169,Proposal,Negotiation,2024-07-31 14:00:00,S022
H0008180,O002169,Negotiation,Closed Lost,2024-08-11 11:00:00,S022
H0008181,O002170,,Prospecting,2024-01-04 09:00:00,S038
H0008182,O002170,Prospecting,Qualification,2024-01-28 17:00:00,S038
H0008183,O002170,Qualification,Proposal,2024-03-24 09:00:00,S038
H0008184,O002170,Proposal,Negotiation,2024-04-13 17:00:00,S038
H0008185,O002170,Negotiation,Closed Won,2024-05-11 09:00:00,S038
H0008186,O002171,,Prospecting,2023-06-10 09:00:00,S019
H0008187,O002171,Prospecting,Qualification,2023-06-22 12:00:00,S019
H0008188,O002171,Qualification,Closed Lost,2023-06-26 13:00:00,S019
H0008189,O002172,,Prospecting,2025-04-18 09:00:00,S029
H0008190,O002172,Prospecting,Qualification,2025-05-19 10:00:00,S029
H0008191,O002172,Qualification,Proposal,2025-05-19 11:00:00,S029
H0008192,O002172,Proposal,Negotiation,2025-05-29 13:00:00,S029
H0008193,O002173,,Prospecting,2024-02-14 09:00:00,S025
H0008194,O002173,Prospecting,Qualification,2024-02-14 14:00:00,S025
H0008195,O002173,Qualification,Proposal,2024-02-27 15:00:00,S025
H0008196,O002173,Proposal,Negotiation,2024-03-08 15:00:00,S025
H0008197,O002173,Negotiation,Closed Lost,2024-03-10 10:00:00,S025
H0008198,O002174,,Prospecting,2023-07-05 09:00:00,S005
H0008199,O002174,Prospecting,Qualification,2023-11-01 15:00:00,S005
H0008200,O002174,Qualification,Proposal,2023-11-15 11:00:00,S005
H0008201,O002174,Proposal,Closed Lost,2023-12-05 14:00:00,S005
H0008202,O002175,,Prospecting,2024-04-29 09:00:00,S033
H0008203,O002175,Prospecting,Closed Lost,2024-10-09 10:00:00,S033
H0008204,O002176,,Prospecting,2025-02-18 09:00:00,S033
H0008205,O002176,Prospecting,Qualification,2025-03-01 17:00:00,S033
H0008206,O002176,Qualification,Closed Lost,2025-03-24 16:00:00,S033
H0008207,O002177,,Prospecting,2025-03-30 09:00:00,S040
H0008208,O002177,Prospecting,Closed Lost,2025-04-23 10:00:00,S040
H0008209,O002178,,Prospecting,2023-06-26 09:00:00,S008
H0008210,O002178,Prospecting,Closed Lost,2023-07-25 14:00:00,S008
H0008211,O002179,,Prospecting,2023-07-01 09:00:00,S024
H0008212,O002179,Prospecting,Qualification,2023-08-02 15:00:00,S024
H0008213,O002179,Qualification,Proposal,2023-08-16 09:00:00,S024
H0008214,O002179,Proposal,Negotiation,2023-08-18 14:00:00,S024
H0008215,O002179,Negotiation,Closed Won,2023-08-28 11:00:00,S024
H0008216,O002180,,Prospecting,2025-05-20 09:00:00,S013
H0008217,O002180,Prospecting,Qualification,2025-06-16 17:00:00,S013
H0008218,O002181,,Prospecting,2023-04-08 09:00:00,S029
H0008219,O002181,Prospecting,Qualification,2023-05-11 08:00:00,S029
H0008220,O002181,Qualification,Proposal,2023-07-06 14:00:00,S029
H0008221,O002181,Proposal,Negotiation,2023-07-07 12:00:00,S029
H0008222,O002181,Negotiation,Closed Won,2023-07-11 14:00:00,S029
H0008223,O002182,,Prospecting,2024-10-15 09:00:00,S035
H0008224,O002182,Prospecting,Qualification,2024-11-13 17:00:00,S035
H0008225,O002182,Qualification,Closed Lost,2024-11-22 14:00:00,S035
H0008226,O002183,,Prospecting,2025-05-03 09:00:00,S010
H0008227,O002183,Prospecting,Qualification,2025-06-27 09:00:00,S010
H0008228,O002184,,Prospecting,2025-06-20 09:00:00,S021
H0008229,O002185,,Prospecting,2023-11-13 09:00:00,S035
H0008230,O002185,Prospecting,Closed Lost,2024-01-09 15:00:00,S035
H0008231,O002186,,Prospecting,2023-10-03 09:00:00,S009
H0008232,O002186,Prospecting,Qualification,2023-10-03 15:00:00,S009
H0008233,O002186,Qualification,Proposal,2023-10-13 11:00:00,S009
H0008234,O002186,Proposal,Closed Lost,2023-10-30 11:00:00,S009
H0008235,O002187,,Prospecting,2024-09-24 09:00:00,S025
H0008236,O002187,Prospecting,Qualification,2024-10-23 11:00:00,S025
H0008237,O002187,Qualification,Proposal,2024-10-24 14:00:00,S025
H0008238,O002187,Proposal,Negotiation,2024-11-09 11:00:00,S025
H0008239,O002187,Negotiation,Closed Lost,2024-11-29 14:00:00,S025
H0008240,O002188,,Prospecting,2025-01-12 09:00:00,S010
H0008241,O002188,Prospecting,Qualification,2025-02-11 10:00:00,S010
H0008242,O002188,Qualification,Proposal,2025-03-17 15:00:00,S010
H0008243,O002188,Proposal,Negotiation,2025-03-19 10:00:00,S010
H0008244,O002188,Negotiation,Closed Won,2025-04-06 09:00:00,S010
H0008245,O002189,,Prospecting,2025-06-02 09:00:00,S005
H0008246,O002189,Prospecting,Qualification,2025-06-20 10:00:00,S005
H0008247,O002190,,Prospecting,2023-11-13 09:00:00,S025
H0008248,O002190,Prospecting,Qualification,2023-12-03 15:00:00,S025
H0008249,O002190,Qualification,Proposal,2023-12-05 08:00:00,S025
H0008250,O002190,Proposal,Closed Lost,2023-12-09 15:00:00,S025
H0008251,O002191,,Prospecting,2025-04-25 09:00:00,S002
H0008252,O002191,Prospecting,Qualification,2025-05-12 12:00:00,S002
H0008253,O002191,Qualification,Proposal,2025-05-19 10:00:00,S002
H0008254,O002191,Proposal,Negotiation,2025-05-27 14:00:00,S002
H0008255,O002192,,Prospecting,2023-10-15 09:00:00,S026
H0008256,O002192,Prospecting,Closed Lost,2023-11-14 09:00:00,S026
H0008257,O002193,,Prospecting,2024-03-17 09:00:00,S016
H0008258,O002193,Prospecting,Closed Lost,2024-04-24 13:00:00,S016
H0008259,O002194,,Prospecting,2023-05-30 09:00:00,S015
H0008260,O002194,Prospecting,Closed Lost,2023-11-08 14:00:00,S015
H0008261,O002195,,Prospecting,2023-07-09 09:00:00,S027
H0008262,O002195,Prospecting,Closed Lost,2023-08-23 15:00:00,S027
H0008263,O002196,,Prospecting,2024-01-30 09:00:00,S027
H0008264,O002196,Prospecting,Qualification,2024-02-05 16:00:00,S027
H0008265,O002196,Qualification,Proposal,2024-02-09 10:00:00,S027
H0008266,O002196,Proposal,Negotiation,2024-02-13 13:00:00,S027
H0008267,O002196,Negotiation,Closed Won,2024-02-26 09:00:00,S027
H0008268,O002197,,Prospecting,2024-09-05 09:00:00,S006
H0008269,O002197,Prospecting,Qualification,2024-09-14 17:00:00,S006
H0008270,O002197,Qualification,Proposal,2024-09-27 15:00:00,S006
H0008271,O002197,Proposal,Negotiation,2024-09-29 09:00:00,S006
H0008272,O002197,Negotiation,Closed Lost,2024-10-01 14:00:00,S006
H0008273,O002198,,Prospecting,2025-06-23 09:00:00,S020
H0008274,O002199,,Prospecting,2023-03-15 09:00:00,S018
H0008275,O002199,Prospecting,Qualification,2023-03-15 11:00:00,S018
H0008276,O002199,Qualification,Proposal,2023-03-26 09:00:00,S018
H0008277,O002199,Proposal,Closed Lost,2023-03-31 17:00:00,S018
H0008278,O002200,,Prospecting,2023-06-13 09:00:00,S035
H0008279,O002200,Prospecting,Qualification,2023-06-16 14:00:00,S035
H0008280,O002200,Qualification,Proposal,2023-06-27 11:00:00,S035
H0008281,O002200,Proposal,Negotiation,2023-08-25 10:00:00,S035
H0008282,O002200,Negotiation,Closed Won,2023-09-28 17:00:00,S035
H0008283,O002201,,Prospecting,2023-11-25 09:00:00,S031
H0008284,O002201,Prospecting,Qualification,2023-12-18 08:00:00,S031
H0008285,O002201,Qualification,Closed Lost,2024-02-07 13:00:00,S031
H0008286,O002202,,Prospecting,2024-02-10 09:00:00,S020
H0008287,O002202,Prospecting,Qualification,2024-02-15 13:00:00,S020
H0008288,O002202,Qualification,Proposal,2024-02-15 08:00:00,S020
H0008289,O002202,Proposal,Closed Lost,2024-03-28 15:00:00,S020
H0008290,O002203,,Prospecting,2025-06-27 09:00:00,S038
H0008291,O002204,,Prospecting,2023-11-09 09:00:00,S009
H0008292,O002204,Prospecting,Qualification,2023-11-11 14:00:00,S009
H0008293,O002204,Qualification,Proposal,2023-11-26 13:00:00,S009
H0008294,O002204,Proposal,Closed Lost,2024-01-09 10:00:00,S009
H0008295,O002205,,Prospecting,2023-06-20 09:00:00,S008
H0008296,O002205,Prospecting,Qualification,2023-08-01 17:00:00,S008
H0008297,O002205,Qualification,Proposal,2023-08-02 13:00:00,S008
H0008298,O002205,Proposal,Closed Lost,2023-08-23 16:00:00,S008
H0008299,O002206,,Prospecting,2024-07-20 09:00:00,S016
H0008300,O002206,Prospecting,Qualification,2024-07-27 15:00:00,S016
H0008301,O002206,Qualification,Proposal,2024-08-13 16:00:00,S016
H0008302,O002206,Proposal,Negotiation,2024-10-16 11:00:00,S016
H0008303,O002206,Negotiation,Closed Won,2024-11-23 13:00:00,S016
H0008304,O002207,,Prospecting,2024-11-14 09:00:00,S035
H0008305,O002207,Prospecting,Closed Lost,2024-11-27 13:00:00,S035
H0008306,O002208,,Prospecting,2024-10-18 09:00:00,S009
H0008307,O002208,Prospecting,Closed Lost,2025-02-06 12:00:00,S009
H0008308,O002209,,Prospecting,2024-03-19 09:00:00,S008
H0008309,O002209,Prospecting,Qualification,2024-03-25 16:00:00,S008
H0008310,O002209,Qualification,Proposal,2024-04-21 09:00:00,S008
H0008311,O002209,Proposal,Negotiation,2024-06-18 10:00:00,S008
H0008312,O002209,Negotiation,Closed Won,2024-07-06 09:00:00,S008
H0008313,O002210,,Prospecting,2025-02-27 09:00:00,S039
H0008314,O002210,Prospecting,Closed Lost,2025-03-11 15:00:00,S039
H0008315,O002211,,Prospecting,2023-11-03 09:00:00,S005
H0008316,O002211,Prospecting,Qualification,2023-11-24 08:00:00,S005
H0008317,O002211,Qualification,Closed Lost,2024-01-16 15:00:00,S005
H0008318,O002212,,Prospecting,2025-04-12 09:00:00,S021
H0008319,O002212,Prospecting,Closed Lost,2025-04-26 17:00:00,S021
H0008320,O002213,,Prospecting,2023-12-20 09:00:00,S012
H0008321,O002213,Prospecting,Qualification,2024-01-01 08:00:00,S012
H0008322,O002213,Qualification,Closed Lost,2024-01-27 13:00:00,S012
H0008323,O002214,,Prospecting,2025-04-01 09:00:00,S032
H0008324,O002214,Prospecting,Qualification,2025-04-09 15:00:00,S032
H0008325,O002214,Qualification,Proposal,2025-04-14 09:00:00,S032
H0008326,O002214,Proposal,Closed Lost,2025-05-14 11:00:00,S032
H0008327,O002215,,Prospecting,2025-06-24 09:00:00,S039
H0008328,O002216,,Prospecting,2025-05-26 09:00:00,S032
H0008329,O002216,Prospecting,Qualification,2025-05-31 13:00:00,S032
H0008330,O002217,,Prospecting,2024-08-17 09:00:00,S027
H0008331,O002217,Prospecting,Qualification,2024-08-21 16:00:00,S027
H0008332,O002217,Qualification,Proposal,2024-09-02 16:00:00,S027
H0008333,O002217,Proposal,Negotiation,2024-09-21 09:00:00,S027
H0008334,O002217,Negotiation,Closed Won,2024-10-04 13:00:00,S027
H0008335,O002218,,Prospecting,2023-05-28 09:00:00,S008
H0008336,O002218,Prospecting,Qualification,2023-06-05 09:00:00,S008
H0008337,O002218,Qualification,Proposal,2023-06-09 11:00:00,S008
H0008338,O002218,Proposal,Negotiation,2023-07-23 11:00:00,S008
H0008339,O002218,Negotiation,Closed Lost,2023-07-31 17:00:00,S008
H0008340,O002219,,Prospecting,2023-11-13 09:00:00,S017
H0008341,O002219,Prospecting,Qualification,2023-12-20 08:00:00,S017
H0008342,O002219,Qualification,Closed Lost,2023-12-21 17:00:00,S017
H0008343,O002220,,Prospecting,2023-05-10 09:00:00,S037
H0008344,O002220,Prospecting,Qualification,2023-06-02 13:00:00,S037
H0008345,O002220,Qualification,Proposal,2023-06-10 08:00:00,S037
H0008346,O002220,Proposal,Negotiation,2023-08-09 10:00:00,S037
H0008347,O002220,Negotiation,Closed Won,2023-09-19 09:00:00,S037
H0008348,O002221,,Prospecting,2025-03-06 09:00:00,S008
H0008349,O002221,Prospecting,Qualification,2025-03-18 14:00:00,S008
H0008350,O002221,Qualification,Proposal,2025-04-13 15:00:00,S008
H0008351,O002221,Proposal,Negotiation,2025-05-04 17:00:00,S008
H0008352,O002221,Negotiation,Closed Won,2025-05-08 09:00:00,S008
H0008353,O002222,,Prospecting,2024-09-03 09:00:00,S022
H0008354,O002222,Prospecting,Closed Lost,2024-11-14 13:00:00,S022
H0008355,O002223,,Prospecting,2024-05-11 09:00:00,S012
H0008356,O002223,Prospecting,Qualification,2024-05-23 10:00:00,S012
H0008357,O002223,Qualification,Proposal,2024-05-25 09:00:00,S012
H0008358,O002223,Proposal,Negotiation,2024-06-07 10:00:00,S012
H0008359,O002223,Negotiation,Closed Won,2024-07-12 17:00:00,S012
H0008360,O002224,,Prospecting,2023-09-27 09:00:00,S008
H0008361,O002224,Prospecting,Qualification,2023-12-09 17:00:00,S008
H0008362,O002224,Qualification,Proposal,2024-01-22 10:00:00,S008
H0008363,O002224,Proposal,Negotiation,2024-02-11 15:00:00,S008
H0008364,O002224,Negotiation,Closed Won,2024-02-23 12:00:00,S008
H0008365,O002225,,Prospecting,2024-11-23 09:00:00,S028
H0008366,O002225,Prospecting,Qualification,2024-11-27 10:00:00,S028
H0008367,O002225,Qualification,Proposal,2024-12-14 10:00:00,S028
H0008368,O002225,Proposal,Negotiation,2024-12-30 15:00:00,S028
H0008369,O002225,Negotiation,Closed Lost,2025-01-13 10:00:00,S028
H0008370,O002226,,Prospecting,2024-01-29 09:00:00,S038
H0008371,O002226,Prospecting,Qualification,2024-03-10 13:00:00,S038
H0008372,O002226,Qualification,Closed Lost,2024-05-02 14:00:00,S038
H0008373,O002227,,Prospecting,2024-03-07 09:00:00,S003
H0008374,O002227,Prospecting,Qualification,2024-03-29 17:00:00,S003
H0008375,O002227,Qualification,Proposal,2024-05-06 17:00:00,S003
H0008376,O002227,Proposal,Negotiation,2024-07-24 10:00:00,S003
H0008377,O002227,Negotiation,Closed Won,2024-08-03 13:00:00,S003
H0008378,O002228,,Prospecting,2025-02-05 09:00:00,S034
H0008379,O002228,Prospecting,Qualification,2025-03-08 15:00:00,S034
H0008380,O002228,Qualification,Closed Lost,2025-04-14 12:00:00,S034
H0008381,O002229,,Prospecting,2025-05-14 09:00:00,S035
H0008382,O002229,Prospecting,Qualification,2025-05-14 17:00:00,S035
H0008383,O002229,Qualification,Proposal,2025-05-26 08:00:00,S035
H0008384,O002229,Proposal,Negotiation,2025-06-07 13:00:00,S035
H0008385,O002229,Negotiation,Closed Won,2025-06-11 15:00:00,S035
H0008386,O002230,,Prospecting,2025-06-23 09:00:00,S008
H0008387,O002231,,Prospecting,2025-06-19 09:00:00,S033
H0008388,O002232,,Prospecting,2024-10-02 09:00:00,S030
H0008389,O002232,Prospecting,Qualification,2024-11-14 10:00:00,S030
H0008390,O002232,Qualification,Proposal,2024-12-18 08:00:00,S030
H0008391,O002232,Proposal,Negotiation,2024-12-22 16:00:00,S030
H0008392,O002232,Negotiation,Closed Won,2025-04-01 14:00:00,S030
H0008393,O002233,,Prospecting,2024-11-10 09:00:00,S025
H0008394,O002233,Prospecting,Closed Lost,2024-12-15 17:00:00,S025
H0008395,O002234,,Prospecting,2025-05-05 09:00:00,S032
H0008396,O002234,Prospecting,Qualification,2025-05-10 12:00:00,S032
H0008397,O002234,Qualification,Closed Lost,2025-05-14 14:00:00,S032
H0008398,O002235,,Prospecting,2025-03-16 09:00:00,S013
H0008399,O002235,Prospecting,Closed Lost,2025-05-20 11:00:00,S013
H0008400,O002236,,Prospecting,2025-03-08 09:00:00,S010
H0008401,O002236,Prospecting,Qualification,2025-03-16 09:00:00,S010
H0008402,O002236,Qualification,Proposal,2025-04-05 17:00:00,S010
H0008403,O002236,Proposal,Closed Lost,2025-04-09 11:00:00,S010
H0008404,O002237,,Prospecting,2023-09-12 09:00:00,S014
H0008405,O002237,Prospecting,Qualification,2023-09-17 12:00:00,S014
H0008406,O002237,Qualification,Proposal,2023-10-20 10:00:00,S014
H0008407,O002237,Proposal,Negotiation,2023-10-23 15:00:00,S014
H0008408,O002237,Negotiation,Closed Lost,2023-10-26 16:00:00,S014
H0008409,O002238,,Prospecting,2023-06-04 09:00:00,S005
H0008410,O002238,Prospecting,Qualification,2023-09-02 16:00:00,S005
H0008411,O002238,Qualification,Closed Lost,2023-09-07 09:00:00,S005
H0008412,O002239,,Prospecting,2025-06-12 09:00:00,S033
H0008413,O002240,,Prospecting,2024-03-18 09:00:00,S012
H0008414,O002240,Prospecting,Qualification,2024-03-28 16:00:00,S012
H0008415,O002240,Qualification,Proposal,2024-04-05 08:00:00,S012
H0008416,O002240,Proposal,Closed Lost,2024-05-08 10:00:00,S012
H0008417,O002241,,Prospecting,2023-04-18 09:00:00,S038
H0008418,O002241,Prospecting,Qualification,2023-04-26 12:00:00,S038
H0008419,O002241,Qualification,Closed Lost,2023-06-08 09:00:00,S038
H0008420,O002242,,Prospecting,2024-11-03 09:00:00,S022
H0008421,O002242,Prospecting,Qualification,2024-11-07 14:00:00,S022
H0008422,O002242,Qualification,Closed Lost,2025-01-11 11:00:00,S022
H0008423,O002243,,Prospecting,2023-07-06 09:00:00,S035
H0008424,O002243,Prospecting,Qualification,2023-07-13 14:00:00,S035
H0008425,O002243,Qualification,Proposal,2023-08-05 14:00:00,S035
H0008426,O002243,Proposal,Negotiation,2023-08-07 15:00:00,S035
H0008427,O002243,Negotiation,Closed Won,2023-08-23 15:00:00,S035
H0008428,O002244,,Prospecting,2024-04-16 09:00:00,S028
H0008429,O002244,Prospecting,Qualification,2024-04-21 09:00:00,S028
H0008430,O002244,Qualification,Proposal,2024-05-06 12:00:00,S028
H0008431,O002244,Proposal,Closed Lost,2024-05-14 13:00:00,S028
H0008432,O002245,,Prospecting,2025-04-12 09:00:00,S031
H0008433,O002245,Prospecting,Qualification,2025-04-13 14:00:00,S031
H0008434,O002245,Qualification,Proposal,2025-04-22 12:00:00,S031
H0008435,O002245,Proposal,Negotiation,2025-04-29 15:00:00,S031
H0008436,O002245,Negotiation,Closed Won,2025-05-10 15:00:00,S031
H0008437,O002246,,Prospecting,2023-01-16 09:00:00,S027
H0008438,O002246,Prospecting,Qualification,2023-02-01 16:00:00,S027
H0008439,O002246,Qualification,Proposal,2023-02-07 14:00:00,S027
H0008440,O002246,Proposal,Negotiation,2023-02-11 15:00:00,S027
H0008441,O002246,Negotiation,Closed Won,2023-02-14 17:00:00,S027
H0008442,O002247,,Prospecting,2023-09-26 09:00:00,S034
H0008443,O002247,Prospecting,Qualification,2023-10-06 08:00:00,S034
H0008444,O002247,Qualification,Proposal,2023-10-07 17:00:00,S034
H0008445,O002247,Proposal,Negotiation,2023-11-03 11:00:00,S034
H0008446,O002247,Negotiation,Closed Won,2023-11-13 14:00:00,S034
H0008447,O002248,,Prospecting,2024-04-07 09:00:00,S001
H0008448,O002248,Prospecting,Qualification,2024-05-02 12:00:00,S001
H0008449,O002248,Qualification,Proposal,2024-06-08 17:00:00,S001
H0008450,O002248,Proposal,Negotiation,2024-06-17 13:00:00,S001
H0008451,O002248,Negotiation,Closed Lost,2024-07-05 09:00:00,S001
H0008452,O002249,,Prospecting,2023-09-24 09:00:00,S022
H0008453,O002249,Prospecting,Qualification,2023-10-10 09:00:00,S022
H0008454,O002249,Qualification,Proposal,2023-11-04 12:00:00,S022
H0008455,O002249,Proposal,Negotiation,2023-11-24 15:00:00,S022
H0008456,O002249,Negotiation,Closed Lost,2023-11-27 15:00:00,S022
H0008457,O002250,,Prospecting,2024-10-09 09:00:00,S029
H0008458,O002250,Prospecting,Closed Lost,2025-01-07 11:00:00,S029
H0008459,O002251,,Prospecting,2024-07-11 09:00:00,S005
H0008460,O002251,Prospecting,Qualification,2024-10-21 12:00:00,S005
H0008461,O002251,Qualification,Proposal,2024-10-27 09:00:00,S005
H0008462,O002251,Proposal,Closed Lost,2024-12-05 17:00:00,S005
H0008463,O002252,,Prospecting,2024-12-20 09:00:00,S015
H0008464,O002252,Prospecting,Qualification,2025-01-11 16:00:00,S015
H0008465,O002252,Qualification,Proposal,2025-02-13 17:00:00,S015
H0008466,O002252,Proposal,Negotiation,2025-02-18 08:00:00,S015
H0008467,O002252,Negotiation,Closed Won,2025-02-28 17:00:00,S015
H0008468,O002253,,Prospecting,2024-06-17 09:00:00,S002
H0008469,O002253,Prospecting,Qualification,2024-07-18 11:00:00,S002
H0008470,O002253,Qualification,Proposal,2024-07-23 14:00:00,S002
H0008471,O002253,Proposal,Negotiation,2024-07-28 13:00:00,S002
H0008472,O002253,Negotiation,Closed Won,2024-08-02 11:00:00,S002
H0008473,O002254,,Prospecting,2025-05-20 09:00:00,S024
H0008474,O002254,Prospecting,Qualification,2025-05-29 11:00:00,S024
H0008475,O002254,Qualification,Proposal,2025-06-22 12:00:00,S024
H0008476,O002255,,Prospecting,2025-04-07 09:00:00,S005
H0008477,O002255,Prospecting,Qualification,2025-04-10 11:00:00,S005
H0008478,O002255,Qualification,Proposal,2025-04-15 10:00:00,S005
H0008479,O002255,Proposal,Negotiation,2025-04-22 13:00:00,S005
H0008480,O002255,Negotiation,Closed Lost,2025-04-26 14:00:00,S005
H0008481,O002256,,Prospecting,2023-01-22 09:00:00,S016
H0008482,O002256,Prospecting,Qualification,2023-02-09 14:00:00,S016
H0008483,O002256,Qualification,Proposal,2023-04-03 13:00:00,S016
H0008484,O002256,Proposal,Closed Lost,2023-05-06 12:00:00,S016
H0008485,O002257,,Prospecting,2025-01-15 09:00:00,S005
H0008486,O002257,Prospecting,Qualification,2025-01-23 10:00:00,S005
H0008487,O002257,Qualification,Proposal,2025-05-26 16:00:00,S005
H0008488,O002257,Proposal,Negotiation,2025-06-01 08:00:00,S005
H0008489,O002257,Negotiation,Closed Won,2025-06-06 16:00:00,S005
H0008490,O002258,,Prospecting,2024-12-12 09:00:00,S027
H0008491,O002258,Prospecting,Qualification,2025-01-17 09:00:00,S027
H0008492,O002258,Qualification,Proposal,2025-02-23 08:00:00,S027
H0008493,O002258,Proposal,Negotiation,2025-03-25 13:00:00,S027
H0008494,O002258,Negotiation,Closed Won,2025-04-05 13:00:00,S027
H0008495,O002259,,Prospecting,2024-03-27 09:00:00,S034
H0008496,O002259,Prospecting,Closed Lost,2024-06-19 11:00:00,S034
H0008497,O002260,,Prospecting,2023-05-03 09:00:00,S005
H0008498,O002260,Prospecting,Qualification,2023-05-07 08:00:00,S005
H0008499,O002260,Qualification,Proposal,2023-05-21 17:00:00,S005
H0008500,O002260,Proposal,Negotiation,2023-05-30 12:00:00,S005
H0008501,O002260,Negotiation,Closed Won,2023-08-12 13:00:00,S005
H0008502,O002261,,Prospecting,2024-03-31 09:00:00,S006
H0008503,O002261,Prospecting,Qualification,2024-04-10 11:00:00,S006
H0008504,O002261,Qualification,Proposal,2024-05-02 17:00:00,S006
H0008505,O002261,Proposal,Negotiation,2024-05-04 09:00:00,S006
H0008506,O002261,Negotiation,Closed Lost,2024-06-26 10:00:00,S006
H0008507,O002262,,Prospecting,2024-05-26 09:00:00,S018
H0008508,O002262,Prospecting,Qualification,2024-06-28 11:00:00,S018
H0008509,O002262,Qualification,Closed Lost,2024-06-30 17:00:00,S018
H0008510,O002263,,Prospecting,2023-10-20 09:00:00,S032
H0008511,O002263,Prospecting,Qualification,2023-10-21 12:00:00,S032
H0008512,O002263,Qualification,Proposal,2023-10-31 13:00:00,S032
H0008513,O002263,Proposal,Negotiation,2023-11-12 11:00:00,S032
H0008514,O002263,Negotiation,Closed Won,2023-11-22 12:00:00,S032
H0008515,O002264,,Prospecting,2025-03-23 09:00:00,S024
H0008516,O002264,Prospecting,Qualification,2025-04-28 13:00:00,S024
H0008517,O002264,Qualification,Proposal,2025-05-19 13:00:00,S024
H0008518,O002264,Proposal,Negotiation,2025-05-20 11:00:00,S024
H0008519,O002264,Negotiation,Closed Won,2025-05-21 14:00:00,S024
H0008520,O002265,,Prospecting,2023-03-17 09:00:00,S002
H0008521,O002265,Prospecting,Qualification,2023-04-26 14:00:00,S002
H0008522,O002265,Qualification,Proposal,2023-05-12 09:00:00,S002
H0008523,O002265,Proposal,Closed Lost,2023-05-16 14:00:00,S002
H0008524,O002266,,Prospecting,2024-05-17 09:00:00,S039
H0008525,O002266,Prospecting,Qualification,2024-05-29 16:00:00,S039
H0008526,O002266,Qualification,Proposal,2024-06-24 16:00:00,S039
H0008527,O002266,Proposal,Negotiation,2024-07-08 08:00:00,S039
H0008528,O002266,Negotiation,Closed Lost,2024-07-14 10:00:00,S039
H0008529,O002267,,Prospecting,2025-02-15 09:00:00,S006
H0008530,O002267,Prospecting,Closed Lost,2025-05-01 17:00:00,S006
H0008531,O002268,,Prospecting,2024-01-17 09:00:00,S015
H0008532,O002268,Prospecting,Qualification,2024-02-26 09:00:00,S015
H0008533,O002268,Qualification,Proposal,2024-05-02 10:00:00,S015
H0008534,O002268,Proposal,Closed Lost,2024-05-09 17:00:00,S015
H0008535,O002269,,Prospecting,2024-07-18 09:00:00,S029
H0008536,O002269,Prospecting,Qualification,2024-07-30 08:00:00,S029
H0008537,O002269,Qualification,Proposal,2024-08-02 14:00:00,S029
H0008538,O002269,Proposal,Closed Lost,2024-08-05 16:00:00,S029
H0008539,O002270,,Prospecting,2024-07-31 09:00:00,S023
H0008540,O002270,Prospecting,Closed Lost,2024-09-20 13:00:00,S023
H0008541,O002271,,Prospecting,2025-05-19 09:00:00,S010
H0008542,O002271,Prospecting,Qualification,2025-06-05 16:00:00,S010
H0008543,O002271,Qualification,Proposal,2025-06-05 12:00:00,S010
H0008544,O002271,Proposal,Negotiation,2025-06-10 16:00:00,S010
H0008545,O002271,Negotiation,Closed Won,2025-06-11 12:00:00,S010
H0008546,O002272,,Prospecting,2024-12-19 09:00:00,S002
H0008547,O002272,Prospecting,Qualification,2024-12-20 10:00:00,S002
H0008548,O002272,Qualification,Proposal,2025-01-04 15:00:00,S002
H0008549,O002272,Proposal,Closed Lost,2025-01-06 14:00:00,S002
H0008550,O002273,,Prospecting,2025-05-14 09:00:00,S020
H0008551,O002273,Prospecting,Qualification,2025-05-19 13:00:00,S020
H0008552,O002273,Qualification,Closed Lost,2025-05-31 11:00:00,S020
H0008553,O002274,,Prospecting,2025-05-13 09:00:00,S005
H0008554,O002274,Prospecting,Qualification,2025-05-18 13:00:00,S005
H0008555,O002274,Qualification,Proposal,2025-05-24 08:00:00,S005
H0008556,O002274,Proposal,Closed Lost,2025-05-27 16:00:00,S005
H0008557,O002275,,Prospecting,2023-07-03 09:00:00,S012
H0008558,O002275,Prospecting,Closed Lost,2023-07-14 09:00:00,S012
H0008559,O002276,,Prospecting,2025-03-27 09:00:00,S037
H0008560,O002276,Prospecting,Qualification,2025-03-27 14:00:00,S037
H0008561,O002276,Qualification,Closed Lost,2025-04-14 14:00:00,S037
H0008562,O002277,,Prospecting,2024-06-18 09:00:00,S027
H0008563,O002277,Prospecting,Qualification,2024-07-02 15:00:00,S027
H0008564,O002277,Qualification,Closed Lost,2024-07-24 14:00:00,S027
H0008565,O002278,,Prospecting,2023-04-20 09:00:00,S007
H0008566,O002278,Prospecting,Qualification,2023-05-16 15:00:00,S007
H0008567,O002278,Qualification,Proposal,2023-05-19 13:00:00,S007
H0008568,O002278,Proposal,Negotiation,2023-05-28 12:00:00,S007
H0008569,O002278,Negotiation,Closed Won,2023-05-30 11:00:00,S007
H0008570,O002279,,Prospecting,2024-09-19 09:00:00,S005
H0008571,O002279,Prospecting,Qualification,2024-10-08 14:00:00,S005
H0008572,O002279,Qualification,Proposal,2024-10-12 08:00:00,S005
H0008573,O002279,Proposal,Closed Lost,2024-12-08 11:00:00,S005
H0008574,O002280,,Prospecting,2023-06-05 09:00:00,S013
H0008575,O002280,Prospecting,Qualification,2023-06-25 12:00:00,S013
H0008576,O002280,Qualification,Proposal,2023-07-17 13:00:00,S013
H0008577,O002280,Proposal,Negotiation,2023-08-18 11:00:00,S013
H0008578,O002280,Negotiation,Closed Won,2023-09-05 13:00:00,S013
H0008579,O002281,,Prospecting,2023-08-08 09:00:00,S040
H0008580,O002281,Prospecting,Qualification,2023-09-11 11:00:00,S040
H0008581,O002281,Qualification,Closed Lost,2023-10-25 13:00:00,S040
H0008582,O002282,,Prospecting,2023-02-22 09:00:00,S017
H0008583,O002282,Prospecting,Qualification,2023-02-25 10:00:00,S017
H0008584,O002282,Qualification,Proposal,2023-04-28 09:00:00,S017
H0008585,O002282,Proposal,Closed Lost,2023-06-11 13:00:00,S017
H0008586,O002283,,Prospecting,2024-08-31 09:00:00,S037
H0008587,O002283,Prospecting,Qualification,2024-09-22 14:00:00,S037
H0008588,O002283,Qualification,Proposal,2024-10-16 08:00:00,S037
H0008589,O002283,Proposal,Closed Lost,2024-10-18 10:00:00,S037
H0008590,O002284,,Prospecting,2025-05-02 09:00:00,S035
H0008591,O002284,Prospecting,Qualification,2025-05-19 08:00:00,S035
H0008592,O002284,Qualification,Proposal,2025-05-28 17:00:00,S035
H0008593,O002285,,Prospecting,2024-08-06 09:00:00,S037
H0008594,O002285,Prospecting,Qualification,2024-08-11 13:00:00,S037
H0008595,O002285,Qualification,Proposal,2024-08-19 17:00:00,S037
H0008596,O002285,Proposal,Negotiation,2024-08-22 13:00:00,S037
H0008597,O002285,Negotiation,Closed Won,2024-09-07 14:00:00,S037
H0008598,O002286,,Prospecting,2025-03-16 09:00:00,S031
H0008599,O002286,Prospecting,Qualification,2025-04-20 10:00:00,S031
H0008600,O002286,Qualification,Proposal,2025-04-29 08:00:00,S031
H0008601,O002286,Proposal,Negotiation,2025-05-09 11:00:00,S031
H0008602,O002286,Negotiation,Closed Won,2025-05-31 11:00:00,S031
H0008603,O002287,,Prospecting,2025-04-13 09:00:00,S035
H0008604,O002287,Prospecting,Qualification,2025-05-06 10:00:00,S035
H0008605,O002287,Qualification,Proposal,2025-05-15 12:00:00,S035
H0008606,O002287,Proposal,Negotiation,2025-06-04 13:00:00,S035
H0008607,O002287,Negotiation,Closed Lost,2025-06-09 11:00:00,S035
H0008608,O002288,,Prospecting,2023-12-10 09:00:00,S033
H0008609,O002288,Prospecting,Closed Lost,2024-02-15 09:00:00,S033
H0008610,O002289,,Prospecting,2023-09-26 09:00:00,S016
H0008611,O002289,Prospecting,Qualification,2023-11-06 13:00:00,S016
H0008612,O002289,Qualification,Proposal,2023-11-26 09:00:00,S016
H0008613,O002289,Proposal,Negotiation,2023-11-26 14:00:00,S016
H0008614,O002289,Negotiation,Closed Won,2023-12-31 16:00:00,S016
H0008615,O002290,,Prospecting,2025-06-17 09:00:00,S020
H0008616,O002291,,Prospecting,2023-01-22 09:00:00,S040
H0008617,O002291,Prospecting,Qualification,2023-01-24 17:00:00,S040
H0008618,O002291,Qualification,Proposal,2023-03-26 10:00:00,S040
H0008619,O002291,Proposal,Negotiation,2023-04-02 10:00:00,S040
H0008620,O002291,Negotiation,Closed Lost,2023-04-15 15:00:00,S040
H0008621,O002292,,Prospecting,2025-05-15 09:00:00,S011
H0008622,O002292,Prospecting,Qualification,2025-05-19 14:00:00,S011
H0008623,O002293,,Prospecting,2024-03-25 09:00:00,S002
H0008624,O002293,Prospecting,Qualification,2024-05-03 08:00:00,S002
H0008625,O002293,Qualification,Proposal,2024-05-20 14:00:00,S002
H0008626,O002293,Proposal,Closed Lost,2024-09-15 11:00:00,S002
H0008627,O002294,,Prospecting,2024-11-30 09:00:00,S033
H0008628,O002294,Prospecting,Qualification,2024-12-24 12:00:00,S033
H0008629,O002294,Qualification,Proposal,2025-02-11 15:00:00,S033
H0008630,O002294,Proposal,Negotiation,2025-02-25 08:00:00,S033
H0008631,O002294,Negotiation,Closed Won,2025-04-24 15:00:00,S033
H0008632,O002295,,Prospecting,2025-04-17 09:00:00,S025
H0008633,O002295,Prospecting,Qualification,2025-05-11 13:00:00,S025
H0008634,O002295,Qualification,Proposal,2025-06-28 17:00:00,S025
H0008635,O002295,Proposal,Negotiation,2025-06-28 15:00:00,S025
H0008636,O002295,Negotiation,Closed Lost,2025-06-29 13:00:00,S025
H0008637,O002296,,Prospecting,2023-11-01 09:00:00,S017
H0008638,O002296,Prospecting,Qualification,2024-01-04 08:00:00,S017
H0008639,O002296,Qualification,Proposal,2024-01-08 09:00:00,S017
H0008640,O002296,Proposal,Negotiation,2024-01-15 10:00:00,S017
H0008641,O002296,Negotiation,Closed Won,2024-01-22 16:00:00,S017
H0008642,O002297,,Prospecting,2025-05-09 09:00:00,S040
H0008643,O002297,Prospecting,Qualification,2025-05-21 13:00:00,S040
H0008644,O002298,,Prospecting,2025-05-28 09:00:00,S016
H0008645,O002298,Prospecting,Qualification,2025-06-04 08:00:00,S016
H0008646,O002298,Qualification,Proposal,2025-06-20 16:00:00,S016
H0008647,O002298,Proposal,Closed Lost,2025-06-27 12:00:00,S016
H0008648,O002299,,Prospecting,2023-02-12 09:00:00,S001
H0008649,O002299,Prospecting,Qualification,2023-02-16 13:00:00,S001
H0008650,O002299,Qualification,Proposal,2023-02-18 16:00:00,S001
H0008651,O002299,Proposal,Negotiation,2023-02-24 17:00:00,S001
H0008652,O002299,Negotiation,Closed Won,2023-03-12 10:00:00,S001
H0008653,O002300,,Prospecting,2025-02-15 09:00:00,S037
H0008654,O002300,Prospecting,Qualification,2025-03-26 17:00:00,S037
H0008655,O002300,Qualification,Proposal,2025-03-28 13:00:00,S037
H0008656,O002300,Proposal,Closed Lost,2025-04-07 17:00:00,S037
H0008657,O002301,,Prospecting,2023-08-20 09:00:00,S033
H0008658,O002301,Prospecting,Qualification,2023-08-22 12:00:00,S033
H0008659,O002301,Qualification,Proposal,2023-09-23 10:00:00,S033
H0008660,O002301,Proposal,Negotiation,2023-11-07 16:00:00,S033
H0008661,O002301,Negotiation,Closed Won,2023-11-26 15:00:00,S033
H0008662,O002302,,Prospecting,2025-02-24 09:00:00,S037
H0008663,O002302,Prospecting,Qualification,2025-04-09 11:00:00,S037
H0008664,O002302,Qualification,Proposal,2025-04-15 13:00:00,S037
H0008665,O002302,Proposal,Negotiation,2025-04-22 14:00:00,S037
H0008666,O002302,Negotiation,Closed Won,2025-05-22 15:00:00,S037
H0008667,O002303,,Prospecting,2023-06-22 09:00:00,S018
H0008668,O002303,Prospecting,Closed Lost,2023-09-11 13:00:00,S018
H0008669,O002304,,Prospecting,2025-06-03 09:00:00,S011
H0008670,O002304,Prospecting,Qualification,2025-06-23 14:00:00,S011
H0008671,O002305,,Prospecting,2025-02-17 09:00:00,S032
H0008672,O002305,Prospecting,Qualification,2025-02-17 09:00:00,S032
H0008673,O002305,Qualification,Proposal,2025-03-07 16:00:00,S032
H0008674,O002305,Proposal,Negotiation,2025-03-16 15:00:00,S032
H0008675,O002305,Negotiation,Closed Won,2025-04-02 17:00:00,S032
H0008676,O002306,,Prospecting,2025-03-14 09:00:00,S017
H0008677,O002306,Prospecting,Qualification,2025-03-27 13:00:00,S017
H0008678,O002306,Qualification,Closed Lost,2025-04-16 13:00:00,S017
H0008679,O002307,,Prospecting,2023-09-23 09:00:00,S002
H0008680,O002307,Prospecting,Qualification,2023-10-23 08:00:00,S002
H0008681,O002307,Qualification,Proposal,2023-11-01 09:00:00,S002
H0008682,O002307,Proposal,Negotiation,2023-11-17 11:00:00,S002
H0008683,O002307,Negotiation,Closed Lost,2024-01-14 17:00:00,S002
H0008684,O002308,,Prospecting,2023-08-16 09:00:00,S037
H0008685,O002308,Prospecting,Qualification,2023-09-16 10:00:00,S037
H0008686,O002308,Qualification,Proposal,2023-09-18 14:00:00,S037
H0008687,O002308,Proposal,Closed Lost,2023-09-27 15:00:00,S037
H0008688,O002309,,Prospecting,2025-05-31 09:00:00,S010
H0008689,O002309,Prospecting,Closed Lost,2025-06-19 09:00:00,S010
H0008690,O002310,,Prospecting,2024-03-18 09:00:00,S038
H0008691,O002310,Prospecting,Qualification,2024-08-23 12:00:00,S038
H0008692,O002310,Qualification,Closed Lost,2024-09-05 11:00:00,S038
H0008693,O002311,,Prospecting,2024-05-27 09:00:00,S012
H0008694,O002311,Prospecting,Qualification,2024-05-27 11:00:00,S012
H0008695,O002311,Qualification,Closed Lost,2024-06-14 15:00:00,S012
H0008696,O002312,,Prospecting,2025-04-07 09:00:00,S038
H0008697,O002312,Prospecting,Qualification,2025-04-24 14:00:00,S038
H0008698,O002312,Qualification,Proposal,2025-05-04 08:00:00,S038
H0008699,O002312,Proposal,Closed Lost,2025-05-24 11:00:00,S038
H0008700,O002313,,Prospecting,2023-10-22 09:00:00,S002
H0008701,O002313,Prospecting,Qualification,2024-02-07 10:00:00,S002
H0008702,O002313,Qualification,Closed Lost,2024-04-23 13:00:00,S002
H0008703,O002314,,Prospecting,2025-06-15 09:00:00,S008
H0008704,O002315,,Prospecting,2025-06-13 09:00:00,S029
H0008705,O002315,Prospecting,Qualification,2025-06-26 17:00:00,S029
H0008706,O002316,,Prospecting,2024-05-27 09:00:00,S038
H0008707,O002316,Prospecting,Qualification,2024-07-03 14:00:00,S038
H0008708,O002316,Qualification,Closed Lost,2024-08-01 11:00:00,S038
H0008709,O002317,,Prospecting,2025-04-04 09:00:00,S010
H0008710,O002317,Prospecting,Qualification,2025-05-01 15:00:00,S010
H0008711,O002317,Qualification,Proposal,2025-05-06 11:00:00,S010
H0008712,O002317,Proposal,Negotiation,2025-05-20 10:00:00,S010
H0008713,O002317,Negotiation,Closed Won,2025-05-29 13:00:00,S010
H0008714,O002318,,Prospecting,2024-07-13 09:00:00,S002
H0008715,O002318,Prospecting,Qualification,2024-08-27 13:00:00,S002
H0008716,O002318,Qualification,Proposal,2024-10-20 17:00:00,S002
H0008717,O002318,Proposal,Negotiation,2024-12-08 15:00:00,S002
H0008718,O002318,Negotiation,Closed Won,2025-01-14 16:00:00,S002
H0008719,O002319,,Prospecting,2023-06-05 09:00:00,S033
H0008720,O002319,Prospecting,Qualification,2023-06-17 10:00:00,S033
H0008721,O002319,Qualification,Proposal,2023-08-11 09:00:00,S033
H0008722,O002319,Proposal,Negotiation,2023-08-19 11:00:00,S033
H0008723,O002319,Negotiation,Closed Won,2023-09-17 16:00:00,S033
H0008724,O002320,,Prospecting,2024-09-07 09:00:00,S037
H0008725,O002320,Prospecting,Qualification,2024-09-10 08:00:00,S037
H0008726,O002320,Qualification,Proposal,2024-09-28 14:00:00,S037
H0008727,O002320,Proposal,Closed Lost,2024-10-02 09:00:00,S037
H0008728,O002321,,Prospecting,2025-03-04 09:00:00,S009
H0008729,O002321,Prospecting,Qualification,2025-03-20 14:00:00,S009
H0008730,O002321,Qualification,Proposal,2025-03-29 16:00:00,S009
H0008731,O002321,Proposal,Negotiation,2025-04-05 09:00:00,S009
H0008732,O002321,Negotiation,Closed Won,2025-04-07 15:00:00,S009
H0008733,O002322,,Prospecting,2025-02-19 09:00:00,S001
H0008734,O002322,Prospecting,Qualification,2025-03-26 09:00:00,S001
H0008735,O002322,Qualification,Proposal,2025-04-13 15:00:00,S001
H0008736,O002322,Proposal,Closed Lost,2025-04-26 10:00:00,S001
H0008737,O002323,,Prospecting,2025-05-20 09:00:00,S034
H0008738,O002323,Prospecting,Qualification,2025-06-05 15:00:00,S034
H0008739,O002324,,Prospecting,2024-04-20 09:00:00,S004
H0008740,O002324,Prospecting,Qualification,2024-05-20 12:00:00,S004
H0008741,O002324,Qualification,Proposal,2024-05-31 13:00:00,S004
H0008742,O002324,Proposal,Negotiation,2024-06-23 14:00:00,S004
H0008743,O002324,Negotiation,Closed Lost,2024-06-29 10:00:00,S004
H0008744,O002325,,Prospecting,2024-09-16 09:00:00,S031
H0008745,O002325,Prospecting,Closed Lost,2024-10-17 14:00:00,S031
H0008746,O002326,,Prospecting,2025-03-11 09:00:00,S011
H0008747,O002326,Prospecting,Qualification,2025-03-11 12:00:00,S011
H0008748,O002326,Qualification,Proposal,2025-04-08 09:00:00,S011
H0008749,O002326,Proposal,Negotiation,2025-04-30 15:00:00,S011
H0008750,O002326,Negotiation,Closed Lost,2025-05-01 16:00:00,S011
H0008751,O002327,,Prospecting,2025-02-22 09:00:00,S009
H0008752,O002327,Prospecting,Qualification,2025-03-04 16:00:00,S009
H0008753,O002327,Qualification,Closed Lost,2025-04-12 11:00:00,S009
H0008754,O002328,,Prospecting,2025-05-14 09:00:00,S005
H0008755,O002328,Prospecting,Qualification,2025-06-07 08:00:00,S005
H0008756,O002329,,Prospecting,2023-07-22 09:00:00,S005
H0008757,O002329,Prospecting,Qualification,2023-08-03 17:00:00,S005
H0008758,O002329,Qualification,Proposal,2023-09-02 13:00:00,S005
H0008759,O002329,Proposal,Negotiation,2023-09-08 14:00:00,S005
H0008760,O002329,Negotiation,Closed Won,2023-10-06 16:00:00,S005
H0008761,O002330,,Prospecting,2025-04-04 09:00:00,S016
H0008762,O002330,Prospecting,Qualification,2025-04-07 16:00:00,S016
H0008763,O002330,Qualification,Proposal,2025-04-25 12:00:00,S016
H0008764,O002330,Proposal,Closed Lost,2025-05-04 13:00:00,S016
H0008765,O002331,,Prospecting,2025-03-09 09:00:00,S032
H0008766,O002331,Prospecting,Closed Lost,2025-04-26 13:00:00,S032
H0008767,O002332,,Prospecting,2024-01-14 09:00:00,S036
H0008768,O002332,Prospecting,Qualification,2024-01-27 09:00:00,S036
H0008769,O002332,Qualification,Proposal,2024-03-17 10:00:00,S036
H0008770,O002332,Proposal,Negotiation,2024-03-27 11:00:00,S036
H0008771,O002332,Negotiation,Closed Won,2024-04-08 09:00:00,S036
H0008772,O002333,,Prospecting,2025-02-23 09:00:00,S031
H0008773,O002333,Prospecting,Closed Lost,2025-04-15 14:00:00,S031
H0008774,O002334,,Prospecting,2024-11-06 09:00:00,S016
H0008775,O002334,Prospecting,Qualification,2024-11-21 15:00:00,S016
H0008776,O002334,Qualification,Proposal,2024-12-17 16:00:00,S016
H0008777,O002334,Proposal,Negotiation,2025-01-04 09:00:00,S016
H0008778,O002334,Negotiation,Closed Won,2025-01-06 13:00:00,S016
H0008779,O002335,,Prospecting,2023-11-26 09:00:00,S004
H0008780,O002335,Prospecting,Qualification,2023-11-29 13:00:00,S004
H0008781,O002335,Qualification,Proposal,2023-11-29 09:00:00,S004
H0008782,O002335,Proposal,Negotiation,2023-12-26 16:00:00,S004
H0008783,O002335,Negotiation,Closed Lost,2024-01-18 13:00:00,S004
H0008784,O002336,,Prospecting,2023-06-09 09:00:00,S009
H0008785,O002336,Prospecting,Qualification,2023-06-26 11:00:00,S009
H0008786,O002336,Qualification,Proposal,2023-06-30 14:00:00,S009
H0008787,O002336,Proposal,Negotiation,2023-07-10 08:00:00,S009
H0008788,O002336,Negotiation,Closed Lost,2023-07-13 12:00:00,S009
H0008789,O002337,,Prospecting,2023-10-25 09:00:00,S011
H0008790,O002337,Prospecting,Qualification,2023-12-03 08:00:00,S011
H0008791,O002337,Qualification,Closed Lost,2023-12-11 13:00:00,S011
H0008792,O002338,,Prospecting,2024-07-04 09:00:00,S005
H0008793,O002338,Prospecting,Closed Lost,2024-08-14 10:00:00,S005
H0008794,O002339,,Prospecting,2024-06-22 09:00:00,S036
H0008795,O002339,Prospecting,Qualification,2024-06-25 16:00:00,S036
H0008796,O002339,Qualification,Proposal,2024-06-26 15:00:00,S036
H0008797,O002339,Proposal,Negotiation,2024-07-22 17:00:00,S036
H0008798,O002339,Negotiation,Closed Lost,2024-07-28 13:00:00,S036
H0008799,O002340,,Prospecting,2023-06-13 09:00:00,S005
H0008800,O002340,Prospecting,Qualification,2023-07-19 12:00:00,S005
H0008801,O002340,Qualification,Proposal,2023-09-02 13:00:00,S005
H0008802,O002340,Proposal,Negotiation,2023-10-01 16:00:00,S005
H0008803,O002340,Negotiation,Closed Won,2023-10-16 14:00:00,S005
H0008804,O002341,,Prospecting,2023-09-28 09:00:00,S009
H0008805,O002341,Prospecting,Qualification,2023-11-10 13:00:00,S009
H0008806,O002341,Qualification,Proposal,2023-11-15 16:00:00,S009
H0008807,O002341,Proposal,Negotiation,2023-11-29 09:00:00,S009
H0008808,O002341,Negotiation,Closed Won,2023-11-30 17:00:00,S009
H0008809,O002342,,Prospecting,2025-03-22 09:00:00,S023
H0008810,O002342,Prospecting,Qualification,2025-03-31 16:00:00,S023
H0008811,O002342,Qualification,Proposal,2025-04-29 08:00:00,S023
H0008812,O002342,Proposal,Closed Lost,2025-05-09 16:00:00,S023
H0008813,O002343,,Prospecting,2023-06-11 09:00:00,S020
H0008814,O002343,Prospecting,Qualification,2023-08-03 17:00:00,S020
H0008815,O002343,Qualification,Proposal,2023-08-07 14:00:00,S020
H0008816,O002343,Proposal,Negotiation,2023-08-28 16:00:00,S020
H0008817,O002343,Negotiation,Closed Won,2023-09-08 13:00:00,S020
H0008818,O002344,,Prospecting,2025-03-24 09:00:00,S004
H0008819,O002344,Prospecting,Qualification,2025-03-28 09:00:00,S004
H0008820,O002344,Qualification,Closed Lost,2025-03-31 12:00:00,S004
H0008821,O002345,,Prospecting,2025-04-02 09:00:00,S031
H0008822,O002345,Prospecting,Qualification,2025-04-09 11:00:00,S031
H0008823,O002345,Qualification,Proposal,2025-05-09 16:00:00,S031
H0008824,O002345,Proposal,Negotiation,2025-06-03 17:00:00,S031
H0008825,O002345,Negotiation,Closed Won,2025-06-10 13:00:00,S031
H0008826,O002346,,Prospecting,2024-01-24 09:00:00,S029
H0008827,O002346,Prospecting,Qualification,2024-01-29 13:00:00,S029
H0008828,O002346,Qualification,Proposal,2024-02-14 09:00:00,S029
H0008829,O002346,Proposal,Negotiation,2024-05-02 14:00:00,S029
H0008830,O002346,Negotiation,Closed Won,2024-05-08 11:00:00,S029
H0008831,O002347,,Prospecting,2025-02-21 09:00:00,S022
H0008832,O002347,Prospecting,Qualification,2025-04-16 15:00:00,S022
H0008833,O002347,Qualification,Proposal,2025-04-28 13:00:00,S022
H0008834,O002347,Proposal,Closed Lost,2025-05-22 11:00:00,S022
H0008835,O002348,,Prospecting,2024-01-23 09:00:00,S021
H0008836,O002348,Prospecting,Qualification,2024-02-15 17:00:00,S021
H0008837,O002348,Qualification,Proposal,2024-02-19 13:00:00,S021
H0008838,O002348,Proposal,Negotiation,2024-04-01 11:00:00,S021
H0008839,O002348,Negotiation,Closed Won,2024-04-18 14:00:00,S021
H0008840,O002349,,Prospecting,2025-03-26 09:00:00,S004
H0008841,O002349,Prospecting,Qualification,2025-04-18 11:00:00,S004
H0008842,O002349,Qualification,Proposal,2025-05-14 11:00:00,S004
H0008843,O002349,Proposal,Closed Lost,2025-06-14 16:00:00,S004
H0008844,O002350,,Prospecting,2025-05-15 09:00:00,S026
H0008845,O002350,Prospecting,Closed Lost,2025-05-26 15:00:00,S026
H0008846,O002351,,Prospecting,2025-06-18 09:00:00,S020
H0008847,O002352,,Prospecting,2025-03-23 09:00:00,S015
H0008848,O002352,Prospecting,Qualification,2025-03-24 10:00:00,S015
H0008849,O002352,Qualification,Proposal,2025-04-13 11:00:00,S015
H0008850,O002352,Proposal,Negotiation,2025-05-17 16:00:00,S015
H0008851,O002352,Negotiation,Closed Won,2025-05-29 17:00:00,S015
H0008852,O002353,,Prospecting,2024-04-19 09:00:00,S006
H0008853,O002353,Prospecting,Qualification,2024-04-24 09:00:00,S006
H0008854,O002353,Qualification,Proposal,2024-05-07 08:00:00,S006
H0008855,O002353,Proposal,Negotiation,2024-05-14 08:00:00,S006
H0008856,O002353,Negotiation,Closed Won,2024-05-31 16:00:00,S006
H0008857,O002354,,Prospecting,2025-04-17 09:00:00,S037
H0008858,O002354,Prospecting,Qualification,2025-04-20 16:00:00,S037
H0008859,O002354,Qualification,Proposal,2025-05-21 15:00:00,S037
H0008860,O002354,Proposal,Closed Lost,2025-05-26 16:00:00,S037
H0008861,O002355,,Prospecting,2023-02-17 09:00:00,S031
H0008862,O002355,Prospecting,Qualification,2023-02-20 09:00:00,S031
H0008863,O002355,Qualification,Proposal,2023-03-16 14:00:00,S031
H0008864,O002355,Proposal,Closed Lost,2023-03-22 10:00:00,S031
H0008865,O002356,,Prospecting,2024-11-08 09:00:00,S004
H0008866,O002356,Prospecting,Closed Lost,2025-01-28 16:00:00,S004
H0008867,O002357,,Prospecting,2025-01-29 09:00:00,S009
H0008868,O002357,Prospecting,Qualification,2025-02-03 17:00:00,S009
H0008869,O002357,Qualification,Proposal,2025-02-14 15:00:00,S009
H0008870,O002357,Proposal,Closed Lost,2025-03-15 16:00:00,S009
H0008871,O002358,,Prospecting,2024-02-13 09:00:00,S037
H0008872,O002358,Prospecting,Qualification,2024-02-14 11:00:00,S037
H0008873,O002358,Qualification,Proposal,2024-02-14 12:00:00,S037
H0008874,O002358,Proposal,Negotiation,2024-02-24 10:00:00,S037
H0008875,O002358,Negotiation,Closed Won,2024-02-26 14:00:00,S037
H0008876,O002359,,Prospecting,2025-02-03 09:00:00,S016
H0008877,O002359,Prospecting,Qualification,2025-02-27 08:00:00,S016
H0008878,O002359,Qualification,Proposal,2025-03-13 08:00:00,S016
H0008879,O002359,Proposal,Negotiation,2025-03-15 15:00:00,S016
H0008880,O002359,Negotiation,Closed Won,2025-03-22 14:00:00,S016
H0008881,O002360,,Prospecting,2023-06-29 09:00:00,S008
H0008882,O002360,Prospecting,Qualification,2023-08-04 17:00:00,S008
H0008883,O002360,Qualification,Closed Lost,2023-08-09 15:00:00,S008
H0008884,O002361,,Prospecting,2025-06-02 09:00:00,S016
H0008885,O002361,Prospecting,Qualification,2025-06-26 16:00:00,S016
H0008886,O002362,,Prospecting,2023-02-11 09:00:00,S023
H0008887,O002362,Prospecting,Closed Lost,2023-03-01 16:00:00,S023
H0008888,O002363,,Prospecting,2025-04-09 09:00:00,S033
H0008889,O002363,Prospecting,Qualification,2025-04-10 14:00:00,S033
H0008890,O002363,Qualification,Proposal,2025-05-21 17:00:00,S033
H0008891,O002363,Proposal,Negotiation,2025-06-19 15:00:00,S033
H0008892,O002364,,Prospecting,2025-04-11 09:00:00,S005
H0008893,O002364,Prospecting,Closed Lost,2025-05-19 15:00:00,S005
H0008894,O002365,,Prospecting,2025-04-20 09:00:00,S032
H0008895,O002365,Prospecting,Qualification,2025-04-27 11:00:00,S032
H0008896,O002365,Qualification,Closed Lost,2025-05-10 14:00:00,S032
H0008897,O002366,,Prospecting,2024-03-26 09:00:00,S019
H0008898,O002366,Prospecting,Qualification,2024-03-27 17:00:00,S019
H0008899,O002366,Qualification,Proposal,2024-03-31 15:00:00,S019
H0008900,O002366,Proposal,Negotiation,2024-04-02 09:00:00,S019
H0008901,O002366,Negotiation,Closed Lost,2024-04-15 13:00:00,S019
H0008902,O002367,,Prospecting,2025-02-09 09:00:00,S003
H0008903,O002367,Prospecting,Qualification,2025-03-14 08:00:00,S003
H0008904,O002367,Qualification,Closed Lost,2025-03-31 16:00:00,S003
H0008905,O002368,,Prospecting,2024-04-14 09:00:00,S013
H0008906,O002368,Prospecting,Qualification,2024-05-06 14:00:00,S013
H0008907,O002368,Qualification,Proposal,2024-07-03 09:00:00,S013
H0008908,O002368,Proposal,Closed Lost,2024-08-26 14:00:00,S013
H0008909,O002369,,Prospecting,2024-09-01 09:00:00,S008
H0008910,O002369,Prospecting,Qualification,2024-09-09 08:00:00,S008
H0008911,O002369,Qualification,Closed Lost,2024-09-26 09:00:00,S008
H0008912,O002370,,Prospecting,2025-04-30 09:00:00,S039
H0008913,O002370,Prospecting,Closed Lost,2025-06-17 16:00:00,S039
H0008914,O002371,,Prospecting,2025-06-13 09:00:00,S040
H0008915,O002372,,Prospecting,2023-04-16 09:00:00,S002
H0008916,O002372,Prospecting,Qualification,2023-04-24 13:00:00,S002
H0008917,O002372,Qualification,Proposal,2023-05-18 12:00:00,S002
H0008918,O002372,Proposal,Negotiation,2023-06-08 13:00:00,S002
H0008919,O002372,Negotiation,Closed Won,2023-06-13 12:00:00,S002
H0008920,O002373,,Prospecting,2025-02-03 09:00:00,S023
H0008921,O002373,Prospecting,Closed Lost,2025-03-19 14:00:00,S023
H0008922,O002374,,Prospecting,2025-05-09 09:00:00,S027
H0008923,O002374,Prospecting,Qualification,2025-06-01 17:00:00,S027
H0008924,O002374,Qualification,Proposal,2025-06-01 09:00:00,S027
H0008925,O002375,,Prospecting,2023-03-20 09:00:00,S031
H0008926,O002375,Prospecting,Qualification,2023-03-23 15:00:00,S031
H0008927,O002375,Qualification,Proposal,2023-04-20 16:00:00,S031
H0008928,O002375,Proposal,Closed Lost,2023-05-13 12:00:00,S031
H0008929,O002376,,Prospecting,2024-11-08 09:00:00,S016
H0008930,O002376,Prospecting,Qualification,2024-11-13 10:00:00,S016
H0008931,O002376,Qualification,Proposal,2024-11-27 13:00:00,S016
H0008932,O002376,Proposal,Closed Lost,2024-12-28 14:00:00,S016
H0008933,O002377,,Prospecting,2023-10-27 09:00:00,S029
H0008934,O002377,Prospecting,Qualification,2023-11-30 14:00:00,S029
H0008935,O002377,Qualification,Proposal,2023-12-20 15:00:00,S029
H0008936,O002377,Proposal,Negotiation,2023-12-21 09:00:00,S029
H0008937,O002377,Negotiation,Closed Won,2024-01-29 16:00:00,S029
H0008938,O002378,,Prospecting,2023-05-14 09:00:00,S002
H0008939,O002378,Prospecting,Qualification,2023-07-17 12:00:00,S002
H0008940,O002378,Qualification,Closed Lost,2023-10-09 14:00:00,S002
H0008941,O002379,,Prospecting,2025-06-20 09:00:00,S037
H0008942,O002380,,Prospecting,2023-07-26 09:00:00,S001
H0008943,O002380,Prospecting,Qualification,2023-09-25 16:00:00,S001
H0008944,O002380,Qualification,Proposal,2023-10-06 13:00:00,S001
H0008945,O002380,Proposal,Negotiation,2023-10-22 11:00:00,S001
H0008946,O002380,Negotiation,Closed Won,2023-11-23 16:00:00,S001
H0008947,O002381,,Prospecting,2023-11-19 09:00:00,S034
H0008948,O002381,Prospecting,Qualification,2023-12-31 08:00:00,S034
H0008949,O002381,Qualification,Proposal,2024-01-21 17:00:00,S034
H0008950,O002381,Proposal,Negotiation,2024-01-27 08:00:00,S034
H0008951,O002381,Negotiation,Closed Won,2024-02-26 17:00:00,S034
H0008952,O002382,,Prospecting,2025-02-07 09:00:00,S023
H0008953,O002382,Prospecting,Qualification,2025-02-18 10:00:00,S023
H0008954,O002382,Qualification,Proposal,2025-02-28 13:00:00,S023
H0008955,O002382,Proposal,Negotiation,2025-03-20 17:00:00,S023
H0008956,O002382,Negotiation,Closed Lost,2025-04-05 09:00:00,S023
H0008957,O002383,,Prospecting,2023-03-27 09:00:00,S033
H0008958,O002383,Prospecting,Qualification,2023-06-09 12:00:00,S033
H0008959,O002383,Qualification,Closed Lost,2023-06-10 14:00:00,S033
H0008960,O002384,,Prospecting,2025-04-03 09:00:00,S016
H0008961,O002384,Prospecting,Qualification,2025-04-16 15:00:00,S016
H0008962,O002384,Qualification,Proposal,2025-05-07 08:00:00,S016
H0008963,O002384,Proposal,Closed Lost,2025-05-08 14:00:00,S016
H0008964,O002385,,Prospecting,2025-03-10 09:00:00,S009
H0008965,O002385,Prospecting,Qualification,2025-04-01 12:00:00,S009
H0008966,O002385,Qualification,Proposal,2025-05-04 15:00:00,S009
H0008967,O002385,Proposal,Negotiation,2025-06-02 12:00:00,S009
H0008968,O002385,Negotiation,Closed Lost,2025-06-16 09:00:00,S009
H0008969,O002386,,Prospecting,2023-03-18 09:00:00,S027
H0008970,O002386,Prospecting,Qualification,2023-03-26 17:00:00,S027
H0008971,O002386,Qualification,Proposal,2023-03-27 17:00:00,S027
H0008972,O002386,Proposal,Negotiation,2023-04-24 08:00:00,S027
H0008973,O002386,Negotiation,Closed Lost,2023-05-11 13:00:00,S027
H0008974,O002387,,Prospecting,2024-11-15 09:00:00,S040
H0008975,O002387,Prospecting,Qualification,2024-11-20 15:00:00,S040
H0008976,O002387,Qualification,Proposal,2024-11-29 13:00:00,S040
H0008977,O002387,Proposal,Negotiation,2024-12-06 08:00:00,S040
H0008978,O002387,Negotiation,Closed Lost,2024-12-26 15:00:00,S040
H0008979,O002388,,Prospecting,2023-10-25 09:00:00,S011
H0008980,O002388,Prospecting,Qualification,2023-11-03 10:00:00,S011
H0008981,O002388,Qualification,Proposal,2023-11-10 13:00:00,S011
H0008982,O002388,Proposal,Negotiation,2023-12-09 12:00:00,S011
H0008983,O002388,Negotiation,Closed Lost,2023-12-13 13:00:00,S011
H0008984,O002389,,Prospecting,2024-05-09 09:00:00,S004
H0008985,O002389,Prospecting,Qualification,2024-05-18 10:00:00,S004
H0008986,O002389,Qualification,Proposal,2024-06-03 14:00:00,S004
H0008987,O002389,Proposal,Negotiation,2024-06-16 11:00:00,S004
H0008988,O002389,Negotiation,Closed Won,2024-06-28 15:00:00,S004
H0008989,O002390,,Prospecting,2024-12-18 09:00:00,S031
H0008990,O002390,Prospecting,Qualification,2025-01-09 17:00:00,S031
H0008991,O002390,Qualification,Proposal,2025-02-04 16:00:00,S031
H0008992,O002390,Proposal,Negotiation,2025-02-05 09:00:00,S031
H0008993,O002390,Negotiation,Closed Won,2025-03-07 16:00:00,S031
H0008994,O002391,,Prospecting,2024-10-30 09:00:00,S012
H0008995,O002391,Prospecting,Qualification,2024-11-07 08:00:00,S012
H0008996,O002391,Qualification,Proposal,2024-12-03 16:00:00,S012
H0008997,O002391,Proposal,Negotiation,2024-12-08 17:00:00,S012
H0008998,O002391,Negotiation,Closed Won,2024-12-09 13:00:00,S012
H0008999,O002392,,Prospecting,2024-04-01 09:00:00,S008
H0009000,O002392,Prospecting,Qualification,2024-04-30 16:00:00,S008
H0009001,O002392,Qualification,Proposal,2024-05-07 17:00:00,S008
H0009002,O002392,Proposal,Closed Lost,2024-05-08 17:00:00,S008
H0009003,O002393,,Prospecting,2024-05-07 09:00:00,S004
H0009004,O002393,Prospecting,Qualification,2024-05-15 13:00:00,S004
H0009005,O002393,Qualification,Proposal,2024-05-27 16:00:00,S004
H0009006,O002393,Proposal,Negotiation,2024-06-02 11:00:00,S004
H0009007,O002393,Negotiation,Closed Won,2024-06-15 13:00:00,S004
H0009008,O002394,,Prospecting,2025-01-05 09:00:00,S037
H0009009,O002394,Prospecting,Qualification,2025-01-06 12:00:00,S037
H0009010,O002394,Qualification,Proposal,2025-01-09 13:00:00,S037
H0009011,O002394,Proposal,Negotiation,2025-01-11 13:00:00,S037
H0009012,O002394,Negotiation,Closed Lost,2025-01-19 10:00:00,S037
H0009013,O002395,,Prospecting,2025-06-01 09:00:00,S008
H0009014,O002395,Prospecting,Qualification,2025-06-03 17:00:00,S008
H0009015,O002395,Qualification,Proposal,2025-06-23 12:00:00,S008
H0009016,O002395,Proposal,Closed Lost,2025-06-30 11:00:00,S008
H0009017,O002396,,Prospecting,2024-09-17 09:00:00,S038
H0009018,O002396,Prospecting,Qualification,2024-09-20 08:00:00,S038
H0009019,O002396,Qualification,Proposal,2024-09-29 15:00:00,S038
H0009020,O002396,Proposal,Closed Lost,2024-10-17 11:00:00,S038
H0009021,O002397,,Prospecting,2023-10-22 09:00:00,S033
H0009022,O002397,Prospecting,Qualification,2023-11-28 13:00:00,S033
H0009023,O002397,Qualification,Proposal,2023-12-03 09:00:00,S033
H0009024,O002397,Proposal,Negotiation,2024-02-22 16:00:00,S033
H0009025,O002397,Negotiation,Closed Lost,2024-02-28 17:00:00,S033
H0009026,O002398,,Prospecting,2025-04-12 09:00:00,S023
H0009027,O002398,Prospecting,Qualification,2025-04-23 08:00:00,S023
H0009028,O002398,Qualification,Proposal,2025-05-29 12:00:00,S023
H0009029,O002398,Proposal,Negotiation,2025-06-13 16:00:00,S023
H0009030,O002399,,Prospecting,2024-11-05 09:00:00,S032
H0009031,O002399,Prospecting,Qualification,2024-12-09 14:00:00,S032
H0009032,O002399,Qualification,Closed Lost,2024-12-26 13:00:00,S032
H0009033,O002400,,Prospecting,2025-06-07 09:00:00,S027
H0009034,O002401,,Prospecting,2025-06-04 09:00:00,S020
H0009035,O002401,Prospecting,Qualification,2025-06-06 16:00:00,S020
H0009036,O002402,,Prospecting,2025-04-13 09:00:00,S035
H0009037,O002402,Prospecting,Closed Lost,2025-06-18 15:00:00,S035
H0009038,O002403,,Prospecting,2023-12-18 09:00:00,S003
H0009039,O002403,Prospecting,Qualification,2023-12-20 09:00:00,S003
H0009040,O002403,Qualification,Closed Lost,2024-02-11 12:00:00,S003
H0009041,O002404,,Prospecting,2024-05-06 09:00:00,S020
H0009042,O002404,Prospecting,Qualification,2024-05-10 14:00:00,S020
H0009043,O002404,Qualification,Proposal,2024-05-12 15:00:00,S020
H0009044,O002404,Proposal,Negotiation,2024-06-04 17:00:00,S020
H0009045,O002404,Negotiation,Closed Won,2024-08-22 11:00:00,S020
H0009046,O002405,,Prospecting,2025-05-13 09:00:00,S002
H0009047,O002405,Prospecting,Qualification,2025-05-25 10:00:00,S002
H0009048,O002405,Qualification,Proposal,2025-06-01 09:00:00,S002
H0009049,O002406,,Prospecting,2025-06-15 09:00:00,S012
H0009050,O002407,,Prospecting,2025-04-09 09:00:00,S004
H0009051,O002407,Prospecting,Qualification,2025-04-15 17:00:00,S004
H0009052,O002407,Qualification,Proposal,2025-05-18 17:00:00,S004
H0009053,O002407,Proposal,Negotiation,2025-05-23 14:00:00,S004
H0009054,O002408,,Prospecting,2024-04-16 09:00:00,S009
H0009055,O002408,Prospecting,Qualification,2024-04-16 16:00:00,S009
H0009056,O002408,Qualification,Closed Lost,2024-05-28 11:00:00,S009
H0009057,O002409,,Prospecting,2025-05-05 09:00:00,S019
H0009058,O002409,Prospecting,Closed Lost,2025-05-20 13:00:00,S019
H0009059,O002410,,Prospecting,2025-04-02 09:00:00,S027
H0009060,O002410,Prospecting,Qualification,2025-04-13 11:00:00,S027
H0009061,O002410,Qualification,Proposal,2025-04-19 15:00:00,S027
H0009062,O002410,Proposal,Negotiation,2025-05-10 16:00:00,S027
H0009063,O002410,Negotiation,Closed Won,2025-05-15 15:00:00,S027
H0009064,O002411,,Prospecting,2024-06-07 09:00:00,S023
H0009065,O002411,Prospecting,Closed Lost,2024-06-19 13:00:00,S023
H0009066,O002412,,Prospecting,2023-03-24 09:00:00,S012
H0009067,O002412,Prospecting,Qualification,2023-03-30 08:00:00,S012
H0009068,O002412,Qualification,Proposal,2023-05-15 10:00:00,S012
H0009069,O002412,Proposal,Negotiation,2023-05-17 17:00:00,S012
H0009070,O002412,Negotiation,Closed Won,2023-06-03 11:00:00,S012
H0009071,O002413,,Prospecting,2024-11-10 09:00:00,S028
H0009072,O002413,Prospecting,Closed Lost,2024-12-23 09:00:00,S028
H0009073,O002414,,Prospecting,2025-04-30 09:00:00,S012
H0009074,O002414,Prospecting,Qualification,2025-05-01 15:00:00,S012
H0009075,O002414,Qualification,Proposal,2025-05-11 09:00:00,S012
H0009076,O002414,Proposal,Negotiation,2025-06-20 11:00:00,S012
H0009077,O002414,Negotiation,Closed Lost,2025-06-29 13:00:00,S012
H0009078,O002415,,Prospecting,2023-06-11 09:00:00,S027
H0009079,O002415,Prospecting,Qualification,2023-06-18 09:00:00,S027
H0009080,O002415,Qualification,Proposal,2023-07-16 13:00:00,S027
H0009081,O002415,Proposal,Negotiation,2023-07-20 11:00:00,S027
H0009082,O002415,Negotiation,Closed Won,2023-07-29 11:00:00,S027
H0009083,O002416,,Prospecting,2023-02-25 09:00:00,S028
H0009084,O002416,Prospecting,Qualification,2023-03-03 08:00:00,S028
H0009085,O002416,Qualification,Proposal,2023-03-05 13:00:00,S028
H0009086,O002416,Proposal,Negotiation,2023-03-06 15:00:00,S028
H0009087,O002416,Negotiation,Closed Lost,2023-03-20 10:00:00,S028
H0009088,O002417,,Prospecting,2024-11-17 09:00:00,S020
H0009089,O002417,Prospecting,Qualification,2024-11-29 13:00:00,S020
H0009090,O002417,Qualification,Closed Lost,2024-12-19 16:00:00,S020
H0009091,O002418,,Prospecting,2025-05-19 09:00:00,S011
H0009092,O002418,Prospecting,Qualification,2025-06-05 12:00:00,S011
H0009093,O002418,Qualification,Proposal,2025-06-18 08:00:00,S011
H0009094,O002418,Proposal,Closed Lost,2025-06-19 17:00:00,S011
H0009095,O002419,,Prospecting,2023-07-31 09:00:00,S034
H0009096,O002419,Prospecting,Qualification,2023-08-26 16:00:00,S034
H0009097,O002419,Qualification,Proposal,2023-09-08 17:00:00,S034
H0009098,O002419,Proposal,Closed Lost,2023-10-04 10:00:00,S034
H0009099,O002420,,Prospecting,2024-01-03 09:00:00,S006
H0009100,O002420,Prospecting,Qualification,2024-02-18 13:00:00,S006
H0009101,O002420,Qualification,Proposal,2024-02-25 09:00:00,S006
H0009102,O002420,Proposal,Negotiation,2024-02-29 14:00:00,S006
H0009103,O002420,Negotiation,Closed Won,2024-04-22 16:00:00,S006
H0009104,O002421,,Prospecting,2023-07-18 09:00:00,S028
H0009105,O002421,Prospecting,Closed Lost,2023-09-19 09:00:00,S028
H0009106,O002422,,Prospecting,2025-06-14 09:00:00,S004
H0009107,O002423,,Prospecting,2023-12-25 09:00:00,S038
H0009108,O002423,Prospecting,Qualification,2024-01-08 12:00:00,S038
H0009109,O002423,Qualification,Proposal,2024-04-08 12:00:00,S038
H0009110,O002423,Proposal,Negotiation,2024-04-30 11:00:00,S038
H0009111,O002423,Negotiation,Closed Won,2024-05-08 14:00:00,S038
H0009112,O002424,,Prospecting,2024-05-25 09:00:00,S012
H0009113,O002424,Prospecting,Qualification,2024-06-07 09:00:00,S012
H0009114,O002424,Qualification,Proposal,2024-06-22 17:00:00,S012
H0009115,O002424,Proposal,Negotiation,2024-06-26 13:00:00,S012
H0009116,O002424,Negotiation,Closed Won,2024-06-27 11:00:00,S012
H0009117,O002425,,Prospecting,2024-05-25 09:00:00,S006
H0009118,O002425,Prospecting,Closed Lost,2024-07-08 12:00:00,S006
H0009119,O002426,,Prospecting,2025-04-22 09:00:00,S008
H0009120,O002426,Prospecting,Qualification,2025-05-01 14:00:00,S008
H0009121,O002426,Qualification,Proposal,2025-05-17 15:00:00,S008
H0009122,O002426,Proposal,Negotiation,2025-05-30 16:00:00,S008
H0009123,O002426,Negotiation,Closed Won,2025-06-11 09:00:00,S008
H0009124,O002427,,Prospecting,2023-12-26 09:00:00,S016
H0009125,O002427,Prospecting,Qualification,2024-01-04 12:00:00,S016
H0009126,O002427,Qualification,Proposal,2024-01-19 12:00:00,S016
H0009127,O002427,Proposal,Negotiation,2024-01-31 17:00:00,S016
H0009128,O002427,Negotiation,Closed Won,2024-02-01 15:00:00,S016
H0009129,O002428,,Prospecting,2025-06-17 09:00:00,S012
H0009130,O002429,,Prospecting,2024-11-21 09:00:00,S016
H0009131,O002429,Prospecting,Qualification,2024-11-30 08:00:00,S016
H0009132,O002429,Qualification,Proposal,2024-12-30 17:00:00,S016
H0009133,O002429,Proposal,Negotiation,2025-01-05 11:00:00,S016
H0009134,O002429,Negotiation,Closed Won,2025-02-20 11:00:00,S016
H0009135,O002430,,Prospecting,2024-10-13 09:00:00,S020
H0009136,O002430,Prospecting,Qualification,2024-10-15 14:00:00,S020
H0009137,O002430,Qualification,Proposal,2024-10-31 11:00:00,S020
H0009138,O002430,Proposal,Negotiation,2024-11-11 12:00:00,S020
H0009139,O002430,Negotiation,Closed Won,2024-11-22 13:00:00,S020
H0009140,O002431,,Prospecting,2025-05-07 09:00:00,S034
H0009141,O002431,Prospecting,Qualification,2025-05-11 13:00:00,S034
H0009142,O002431,Qualification,Proposal,2025-05-12 13:00:00,S034
H0009143,O002431,Proposal,Negotiation,2025-05-26 12:00:00,S034
H0009144,O002431,Negotiation,Closed Won,2025-05-28 13:00:00,S034
H0009145,O002432,,Prospecting,2023-11-03 09:00:00,S016
H0009146,O002432,Prospecting,Qualification,2023-11-21 15:00:00,S016
H0009147,O002432,Qualification,Proposal,2024-01-12 14:00:00,S016
H0009148,O002432,Proposal,Negotiation,2024-01-13 15:00:00,S016
H0009149,O002432,Negotiation,Closed Won,2024-03-05 12:00:00,S016
H0009150,O002433,,Prospecting,2023-09-01 09:00:00,S023
H0009151,O002433,Prospecting,Qualification,2023-09-10 09:00:00,S023
H0009152,O002433,Qualification,Proposal,2023-09-11 14:00:00,S023
H0009153,O002433,Proposal,Negotiation,2023-09-28 13:00:00,S023
H0009154,O002433,Negotiation,Closed Won,2023-10-04 12:00:00,S023
H0009155,O002434,,Prospecting,2024-02-29 09:00:00,S017
H0009156,O002434,Prospecting,Qualification,2024-04-05 15:00:00,S017
H0009157,O002434,Qualification,Proposal,2024-05-02 15:00:00,S017
H0009158,O002434,Proposal,Negotiation,2024-05-27 13:00:00,S017
H0009159,O002434,Negotiation,Closed Won,2024-06-11 09:00:00,S017
H0009160,O002435,,Prospecting,2024-07-17 09:00:00,S018
H0009161,O002435,Prospecting,Closed Lost,2024-09-29 09:00:00,S018
H0009162,O002436,,Prospecting,2024-01-06 09:00:00,S007
H0009163,O002436,Prospecting,Qualification,2024-01-10 08:00:00,S007
H0009164,O002436,Qualification,Proposal,2024-01-11 09:00:00,S007
H0009165,O002436,Proposal,Negotiation,2024-04-01 09:00:00,S007
H0009166,O002436,Negotiation,Closed Won,2024-06-28 15:00:00,S007
H0009167,O002437,,Prospecting,2025-05-19 09:00:00,S003
H0009168,O002437,Prospecting,Qualification,2025-05-19 12:00:00,S003
H0009169,O002437,Qualification,Proposal,2025-05-20 15:00:00,S003
H0009170,O002437,Proposal,Negotiation,2025-05-21 13:00:00,S003
H0009171,O002437,Negotiation,Closed Lost,2025-06-18 15:00:00,S003
H0009172,O002438,,Prospecting,2025-03-29 09:00:00,S004
H0009173,O002438,Prospecting,Qualification,2025-04-05 13:00:00,S004
H0009174,O002438,Qualification,Proposal,2025-04-30 09:00:00,S004
H0009175,O002438,Proposal,Negotiation,2025-06-23 12:00:00,S004
H0009176,O002439,,Prospecting,2023-07-06 09:00:00,S036
H0009177,O002439,Prospecting,Qualification,2023-07-28 12:00:00,S036
H0009178,O002439,Qualification,Closed Lost,2023-09-03 16:00:00,S036
H0009179,O002440,,Prospecting,2024-10-16 09:00:00,S008
H0009180,O002440,Prospecting,Closed Lost,2024-11-22 14:00:00,S008
H0009181,O002441,,Prospecting,2024-08-09 09:00:00,S011
H0009182,O002441,Prospecting,Qualification,2024-08-16 15:00:00,S011
H0009183,O002441,Qualification,Proposal,2024-09-09 10:00:00,S011
H0009184,O002441,Proposal,Closed Lost,2024-09-26 10:00:00,S011
H0009185,O002442,,Prospecting,2025-05-06 09:00:00,S011
H0009186,O002442,Prospecting,Qualification,2025-05-26 13:00:00,S011
H0009187,O002442,Qualification,Proposal,2025-06-29 16:00:00,S011
H0009188,O002443,,Prospecting,2024-03-28 09:00:00,S013
H0009189,O002443,Prospecting,Qualification,2024-06-18 11:00:00,S013
H0009190,O002443,Qualification,Closed Lost,2024-06-29 10:00:00,S013
H0009191,O002444,,Prospecting,2025-01-18 09:00:00,S036
H0009192,O002444,Prospecting,Qualification,2025-01-29 13:00:00,S036
H0009193,O002444,Qualification,Closed Lost,2025-02-23 10:00:00,S036
H0009194,O002445,,Prospecting,2024-12-24 09:00:00,S023
H0009195,O002445,Prospecting,Qualification,2024-12-26 17:00:00,S023
H0009196,O002445,Qualification,Proposal,2025-01-08 09:00:00,S023
H0009197,O002445,Proposal,Negotiation,2025-01-11 12:00:00,S023
H0009198,O002445,Negotiation,Closed Won,2025-01-22 10:00:00,S023
H0009199,O002446,,Prospecting,2023-07-01 09:00:00,S015
H0009200,O002446,Prospecting,Qualification,2023-07-21 08:00:00,S015
H0009201,O002446,Qualification,Proposal,2023-08-20 12:00:00,S015
H0009202,O002446,Proposal,Closed Lost,2023-09-08 13:00:00,S015
H0009203,O002447,,Prospecting,2025-06-26 09:00:00,S011
H0009204,O002448,,Prospecting,2025-03-30 09:00:00,S009
H0009205,O002448,Prospecting,Qualification,2025-04-15 16:00:00,S009
H0009206,O002448,Qualification,Proposal,2025-04-29 09:00:00,S009
H0009207,O002448,Proposal,Closed Lost,2025-05-14 10:00:00,S009
H0009208,O002449,,Prospecting,2023-11-07 09:00:00,S029
H0009209,O002449,Prospecting,Qualification,2023-11-19 16:00:00,S029
H0009210,O002449,Qualification,Proposal,2023-12-26 16:00:00,S029
H0009211,O002449,Proposal,Closed Lost,2024-01-01 09:00:00,S029
H0009212,O002450,,Prospecting,2025-03-22 09:00:00,S001
H0009213,O002450,Prospecting,Qualification,2025-03-23 16:00:00,S001
H0009214,O002450,Qualification,Proposal,2025-03-26 17:00:00,S001
H0009215,O002450,Proposal,Negotiation,2025-04-06 17:00:00,S001
H0009216,O002450,Negotiation,Closed Won,2025-04-11 13:00:00,S001
H0009217,O002451,,Prospecting,2025-05-25 09:00:00,S009
H0009218,O002451,Prospecting,Qualification,2025-06-26 10:00:00,S009
H0009219,O002452,,Prospecting,2023-03-26 09:00:00,S026
H0009220,O002452,Prospecting,Qualification,2023-04-06 10:00:00,S026
H0009221,O002452,Qualification,Closed Lost,2023-04-28 13:00:00,S026
H0009222,O002453,,Prospecting,2025-02-11 09:00:00,S027
H0009223,O002453,Prospecting,Qualification,2025-02-24 11:00:00,S027
H0009224,O002453,Qualification,Proposal,2025-03-11 11:00:00,S027
H0009225,O002453,Proposal,Negotiation,2025-04-23 15:00:00,S027
H0009226,O002453,Negotiation,Closed Lost,2025-05-17 17:00:00,S027
H0009227,O002454,,Prospecting,2025-04-29 09:00:00,S004
H0009228,O002454,Prospecting,Qualification,2025-06-11 10:00:00,S004
H0009229,O002454,Qualification,Proposal,2025-06-25 13:00:00,S004
H0009230,O002454,Proposal,Closed Lost,2025-06-30 16:00:00,S004
H0009231,O002455,,Prospecting,2025-02-25 09:00:00,S034
H0009232,O002455,Prospecting,Qualification,2025-03-02 12:00:00,S034
H0009233,O002455,Qualification,Proposal,2025-04-13 14:00:00,S034
H0009234,O002455,Proposal,Negotiation,2025-04-13 12:00:00,S034
H0009235,O002455,Negotiation,Closed Won,2025-04-16 12:00:00,S034
H0009236,O002456,,Prospecting,2024-12-05 09:00:00,S019
H0009237,O002456,Prospecting,Qualification,2025-01-15 14:00:00,S019
H0009238,O002456,Qualification,Closed Lost,2025-01-30 09:00:00,S019
H0009239,O002457,,Prospecting,2025-05-07 09:00:00,S016
H0009240,O002457,Prospecting,Closed Lost,2025-06-28 16:00:00,S016
H0009241,O002458,,Prospecting,2025-03-18 09:00:00,S020
H0009242,O002458,Prospecting,Qualification,2025-04-12 15:00:00,S020
H0009243,O002458,Qualification,Proposal,2025-04-13 16:00:00,S020
H0009244,O002458,Proposal,Negotiation,2025-04-27 11:00:00,S020
H0009245,O002458,Negotiation,Closed Won,2025-05-19 11:00:00,S020
H0009246,O002459,,Prospecting,2024-12-27 09:00:00,S008
H0009247,O002459,Prospecting,Qualification,2025-01-13 10:00:00,S008
H0009248,O002459,Qualification,Proposal,2025-01-24 15:00:00,S008
H0009249,O002459,Proposal,Closed Lost,2025-01-29 16:00:00,S008
H0009250,O002460,,Prospecting,2025-06-24 09:00:00,S003
H0009251,O002461,,Prospecting,2023-02-28 09:00:00,S012
H0009252,O002461,Prospecting,Qualification,2023-03-14 15:00:00,S012
H0009253,O002461,Qualification,Proposal,2023-05-09 14:00:00,S012
H0009254,O002461,Proposal,Negotiation,2023-05-23 17:00:00,S012
H0009255,O002461,Negotiation,Closed Lost,2023-05-31 09:00:00,S012
H0009256,O002462,,Prospecting,2023-06-21 09:00:00,S018
H0009257,O002462,Prospecting,Qualification,2023-08-02 11:00:00,S018
H0009258,O002462,Qualification,Proposal,2023-08-21 13:00:00,S018
H0009259,O002462,Proposal,Negotiation,2023-09-02 09:00:00,S018
H0009260,O002462,Negotiation,Closed Won,2023-09-14 15:00:00,S018
H0009261,O002463,,Prospecting,2023-09-24 09:00:00,S030
H0009262,O002463,Prospecting,Closed Lost,2023-12-05 10:00:00,S030
H0009263,O002464,,Prospecting,2024-02-03 09:00:00,S012
H0009264,O002464,Prospecting,Qualification,2024-02-05 13:00:00,S012
H0009265,O002464,Qualification,Proposal,2024-02-06 09:00:00,S012
H0009266,O002464,Proposal,Negotiation,2024-02-18 12:00:00,S012
H0009267,O002464,Negotiation,Closed Won,2024-02-20 17:00:00,S012
H0009268,O002465,,Prospecting,2025-02-09 09:00:00,S010
H0009269,O002465,Prospecting,Qualification,2025-02-21 12:00:00,S010
H0009270,O002465,Qualification,Closed Lost,2025-03-05 17:00:00,S010
H0009271,O002466,,Prospecting,2023-11-09 09:00:00,S003
H0009272,O002466,Prospecting,Qualification,2023-11-10 11:00:00,S003
H0009273,O002466,Qualification,Closed Lost,2024-01-17 09:00:00,S003
H0009274,O002467,,Prospecting,2023-11-23 09:00:00,S037
H0009275,O002467,Prospecting,Qualification,2023-11-30 08:00:00,S037
H0009276,O002467,Qualification,Proposal,2023-12-14 15:00:00,S037
H0009277,O002467,Proposal,Closed Lost,2024-01-01 12:00:00,S037
H0009278,O002468,,Prospecting,2024-12-29 09:00:00,S018
H0009279,O002468,Prospecting,Closed Lost,2025-01-19 13:00:00,S018
H0009280,O002469,,Prospecting,2025-01-01 09:00:00,S013
H0009281,O002469,Prospecting,Qualification,2025-01-01 13:00:00,S013
H0009282,O002469,Qualification,Proposal,2025-01-11 11:00:00,S013
H0009283,O002469,Proposal,Negotiation,2025-01-19 09:00:00,S013
H0009284,O002469,Negotiation,Closed Lost,2025-01-22 10:00:00,S013
H0009285,O002470,,Prospecting,2024-05-06 09:00:00,S012
H0009286,O002470,Prospecting,Qualification,2024-05-10 10:00:00,S012
H0009287,O002470,Qualification,Proposal,2024-05-11 09:00:00,S012
H0009288,O002470,Proposal,Negotiation,2024-06-11 08:00:00,S012
H0009289,O002470,Negotiation,Closed Lost,2024-06-15 09:00:00,S012
H0009290,O002471,,Prospecting,2023-09-08 09:00:00,S021
H0009291,O002471,Prospecting,Qualification,2023-09-13 09:00:00,S021
H0009292,O002471,Qualification,Proposal,2023-09-13 12:00:00,S021
H0009293,O002471,Proposal,Negotiation,2023-09-13 11:00:00,S021
H0009294,O002471,Negotiation,Closed Lost,2023-10-13 10:00:00,S021
H0009295,O002472,,Prospecting,2023-01-26 09:00:00,S016
H0009296,O002472,Prospecting,Qualification,2023-02-17 09:00:00,S016
H0009297,O002472,Qualification,Closed Lost,2023-03-22 17:00:00,S016
H0009298,O002473,,Prospecting,2023-12-30 09:00:00,S016
H0009299,O002473,Prospecting,Qualification,2024-02-02 11:00:00,S016
H0009300,O002473,Qualification,Closed Lost,2024-04-30 14:00:00,S016
H0009301,O002474,,Prospecting,2025-04-15 09:00:00,S027
H0009302,O002474,Prospecting,Qualification,2025-04-19 12:00:00,S027
H0009303,O002474,Qualification,Proposal,2025-04-26 10:00:00,S027
H0009304,O002474,Proposal,Negotiation,2025-05-06 09:00:00,S027
H0009305,O002474,Negotiation,Closed Lost,2025-05-20 13:00:00,S027
H0009306,O002475,,Prospecting,2024-07-21 09:00:00,S012
H0009307,O002475,Prospecting,Qualification,2024-09-03 11:00:00,S012
H0009308,O002475,Qualification,Proposal,2024-09-19 11:00:00,S012
H0009309,O002475,Proposal,Negotiation,2024-09-22 12:00:00,S012
H0009310,O002475,Negotiation,Closed Won,2024-10-08 10:00:00,S012
H0009311,O002476,,Prospecting,2023-07-06 09:00:00,S002
H0009312,O002476,Prospecting,Qualification,2023-08-19 15:00:00,S002
H0009313,O002476,Qualification,Proposal,2023-08-21 14:00:00,S002
H0009314,O002476,Proposal,Negotiation,2023-09-24 14:00:00,S002
H0009315,O002476,Negotiation,Closed Won,2023-10-26 11:00:00,S002
H0009316,O002477,,Prospecting,2025-02-22 09:00:00,S028
H0009317,O002477,Prospecting,Closed Lost,2025-04-15 17:00:00,S028
H0009318,O002478,,Prospecting,2023-04-06 09:00:00,S027
H0009319,O002478,Prospecting,Qualification,2023-04-08 17:00:00,S027
H0009320,O002478,Qualification,Proposal,2023-04-24 14:00:00,S027
H0009321,O002478,Proposal,Negotiation,2023-06-11 14:00:00,S027
H0009322,O002478,Negotiation,Closed Won,2023-06-12 14:00:00,S027
H0009323,O002479,,Prospecting,2023-06-17 09:00:00,S025
H0009324,O002479,Prospecting,Qualification,2023-07-10 13:00:00,S025
H0009325,O002479,Qualification,Proposal,2023-07-17 11:00:00,S025
H0009326,O002479,Proposal,Closed Lost,2023-07-26 14:00:00,S025
H0009327,O002480,,Prospecting,2023-12-27 09:00:00,S024
H0009328,O002480,Prospecting,Closed Lost,2024-02-27 16:00:00,S024
H0009329,O002481,,Prospecting,2025-06-23 09:00:00,S020
H0009330,O002482,,Prospecting,2023-01-05 09:00:00,S040
H0009331,O002482,Prospecting,Qualification,2023-02-18 09:00:00,S040
H0009332,O002482,Qualification,Closed Lost,2023-03-30 12:00:00,S040
H0009333,O002483,,Prospecting,2023-01-07 09:00:00,S035
H0009334,O002483,Prospecting,Qualification,2023-01-09 15:00:00,S035
H0009335,O002483,Qualification,Proposal,2023-01-12 17:00:00,S035
H0009336,O002483,Proposal,Negotiation,2023-01-14 10:00:00,S035
H0009337,O002483,Negotiation,Closed Won,2023-01-30 09:00:00,S035
H0009338,O002484,,Prospecting,2024-06-12 09:00:00,S009
H0009339,O002484,Prospecting,Qualification,2024-07-30 16:00:00,S009
H0009340,O002484,Qualification,Proposal,2024-12-01 12:00:00,S009
H0009341,O002484,Proposal,Closed Lost,2025-03-19 13:00:00,S009
H0009342,O002485,,Prospecting,2023-09-09 09:00:00,S023
H0009343,O002485,Prospecting,Qualification,2023-09-18 10:00:00,S023
H0009344,O002485,Qualification,Proposal,2023-10-18 12:00:00,S023
H0009345,O002485,Proposal,Negotiation,2023-10-30 10:00:00,S023
H0009346,O002485,Negotiation,Closed Won,2023-11-03 12:00:00,S023
H0009347,O002486,,Prospecting,2024-05-10 09:00:00,S009
H0009348,O002486,Prospecting,Qualification,2024-06-01 16:00:00,S009
H0009349,O002486,Qualification,Proposal,2024-06-14 13:00:00,S009
H0009350,O002486,Proposal,Negotiation,2024-06-17 11:00:00,S009
H0009351,O002486,Negotiation,Closed Won,2024-07-13 17:00:00,S009
H0009352,O002487,,Prospecting,2024-05-23 09:00:00,S013
H0009353,O002487,Prospecting,Qualification,2024-05-28 17:00:00,S013
H0009354,O002487,Qualification,Proposal,2024-06-16 10:00:00,S013
H0009355,O002487,Proposal,Negotiation,2024-06-23 16:00:00,S013
H0009356,O002487,Negotiation,Closed Won,2024-06-28 15:00:00,S013
H0009357,O002488,,Prospecting,2025-05-23 09:00:00,S001
H0009358,O002488,Prospecting,Closed Lost,2025-06-07 14:00:00,S001
H0009359,O002489,,Prospecting,2025-06-20 09:00:00,S022
H0009360,O002490,,Prospecting,2025-03-05 09:00:00,S005
H0009361,O002490,Prospecting,Qualification,2025-04-10 16:00:00,S005
H0009362,O002490,Qualification,Proposal,2025-04-23 11:00:00,S005
H0009363,O002490,Proposal,Negotiation,2025-06-28 14:00:00,S005
H0009364,O002491,,Prospecting,2025-03-05 09:00:00,S014
H0009365,O002491,Prospecting,Qualification,2025-03-26 12:00:00,S014
H0009366,O002491,Qualification,Proposal,2025-04-13 15:00:00,S014
H0009367,O002491,Proposal,Negotiation,2025-04-22 17:00:00,S014
H0009368,O002491,Negotiation,Closed Won,2025-05-19 10:00:00,S014
H0009369,O002492,,Prospecting,2024-04-18 09:00:00,S003
H0009370,O002492,Prospecting,Closed Lost,2024-06-01 14:00:00,S003
H0009371,O002493,,Prospecting,2024-03-06 09:00:00,S017
H0009372,O002493,Prospecting,Qualification,2024-03-17 16:00:00,S017
H0009373,O002493,Qualification,Proposal,2024-04-06 09:00:00,S017
H0009374,O002493,Proposal,Negotiation,2024-04-12 08:00:00,S017
H0009375,O002493,Negotiation,Closed Lost,2024-04-14 11:00:00,S017
H0009376,O002494,,Prospecting,2023-03-07 09:00:00,S032
H0009377,O002494,Prospecting,Qualification,2023-03-13 14:00:00,S032
H0009378,O002494,Qualification,Proposal,2023-03-23 16:00:00,S032
H0009379,O002494,Proposal,Negotiation,2023-03-24 08:00:00,S032
H0009380,O002494,Negotiation,Closed Lost,2023-03-26 11:00:00,S032
H0009381,O002495,,Prospecting,2024-10-06 09:00:00,S001
H0009382,O002495,Prospecting,Qualification,2024-10-23 09:00:00,S001
H0009383,O002495,Qualification,Proposal,2024-10-30 17:00:00,S001
H0009384,O002495,Proposal,Negotiation,2024-11-18 16:00:00,S001
H0009385,O002495,Negotiation,Closed Won,2024-11-29 15:00:00,S001
H0009386,O002496,,Prospecting,2024-07-03 09:00:00,S031
H0009387,O002496,Prospecting,Qualification,2024-07-07 14:00:00,S031
H0009388,O002496,Qualification,Closed Lost,2024-08-07 11:00:00,S031
H0009389,O002497,,Prospecting,2023-07-05 09:00:00,S038
H0009390,O002497,Prospecting,Qualification,2023-07-06 12:00:00,S038
H0009391,O002497,Qualification,Proposal,2023-07-07 17:00:00,S038
H0009392,O002497,Proposal,Closed Lost,2023-07-28 09:00:00,S038
H0009393,O002498,,Prospecting,2025-04-25 09:00:00,S017
H0009394,O002498,Prospecting,Qualification,2025-04-25 17:00:00,S017
H0009395,O002498,Qualification,Proposal,2025-05-24 10:00:00,S017
H0009396,O002498,Proposal,Closed Lost,2025-06-27 14:00:00,S017
H0009397,O002499,,Prospecting,2024-05-17 09:00:00,S015
H0009398,O002499,Prospecting,Closed Lost,2024-07-10 14:00:00,S015
H0009399,O002500,,Prospecting,2023-06-03 09:00:00,S038
H0009400,O002500,Prospecting,Qualification,2023-06-11 16:00:00,S038
H0009401,O002500,Qualification,Proposal,2023-06-12 14:00:00,S038
H0009402,O002500,Proposal,Negotiation,2023-06-16 15:00:00,S038
H0009403,O002500,Negotiation,Closed Won,2023-07-29 17:00:00,S038
H0009404,O002501,,Prospecting,2023-07-19 09:00:00,S016
H0009405,O002501,Prospecting,Qualification,2023-09-01 09:00:00,S016
H0009406,O002501,Qualification,Proposal,2023-10-04 11:00:00,S016
H0009407,O002501,Proposal,Negotiation,2023-11-19 09:00:00,S016
H0009408,O002501,Negotiation,Closed Won,2023-12-03 09:00:00,S016
H0009409,O002502,,Prospecting,2025-01-15 09:00:00,S003
H0009410,O002502,Prospecting,Qualification,2025-01-19 09:00:00,S003
H0009411,O002502,Qualification,Proposal,2025-02-15 09:00:00,S003
H0009412,O002502,Proposal,Negotiation,2025-03-07 15:00:00,S003
H0009413,O002502,Negotiation,Closed Lost,2025-03-18 09:00:00,S003
H0009414,O002503,,Prospecting,2023-04-22 09:00:00,S019
H0009415,O002503,Prospecting,Closed Lost,2023-05-29 13:00:00,S019
H0009416,O002504,,Prospecting,2024-07-24 09:00:00,S025
H0009417,O002504,Prospecting,Closed Lost,2024-08-25 12:00:00,S025
H0009418,O002505,,Prospecting,2025-03-13 09:00:00,S034
H0009419,O002505,Prospecting,Qualification,2025-03-29 12:00:00,S034
H0009420,O002505,Qualification,Closed Lost,2025-04-26 13:00:00,S034
H0009421,O002506,,Prospecting,2023-08-22 09:00:00,S039
H0009422,O002506,Prospecting,Qualification,2023-08-26 12:00:00,S039
H0009423,O002506,Qualification,Proposal,2023-09-02 08:00:00,S039
H0009424,O002506,Proposal,Negotiation,2023-09-08 16:00:00,S039
H0009425,O002506,Negotiation,Closed Won,2023-09-21 17:00:00,S039
H0009426,O002507,,Prospecting,2024-10-08 09:00:00,S016
H0009427,O002507,Prospecting,Qualification,2024-10-13 14:00:00,S016
H0009428,O002507,Qualification,Proposal,2024-10-18 13:00:00,S016
H0009429,O002507,Proposal,Negotiation,2024-10-25 12:00:00,S016
H0009430,O002507,Negotiation,Closed Lost,2024-11-20 12:00:00,S016
H0009431,O002508,,Prospecting,2025-01-16 09:00:00,S020
H0009432,O002508,Prospecting,Closed Lost,2025-02-07 16:00:00,S020
H0009433,O002509,,Prospecting,2023-03-25 09:00:00,S008
H0009434,O002509,Prospecting,Qualification,2023-04-08 17:00:00,S008
H0009435,O002509,Qualification,Proposal,2023-04-10 13:00:00,S008
H0009436,O002509,Proposal,Negotiation,2023-05-07 14:00:00,S008
H0009437,O002509,Negotiation,Closed Won,2023-05-10 14:00:00,S008
H0009438,O002510,,Prospecting,2023-08-24 09:00:00,S011
H0009439,O002510,Prospecting,Qualification,2023-08-26 15:00:00,S011
H0009440,O002510,Qualification,Closed Lost,2023-09-16 12:00:00,S011
H0009441,O002511,,Prospecting,2025-06-10 09:00:00,S029
H0009442,O002512,,Prospecting,2024-06-11 09:00:00,S010
H0009443,O002512,Prospecting,Closed Lost,2024-06-28 15:00:00,S010
H0009444,O002513,,Prospecting,2023-03-12 09:00:00,S004
H0009445,O002513,Prospecting,Qualification,2023-05-05 11:00:00,S004
H0009446,O002513,Qualification,Proposal,2023-05-27 11:00:00,S004
H0009447,O002513,Proposal,Closed Lost,2023-07-03 17:00:00,S004
H0009448,O002514,,Prospecting,2025-06-02 09:00:00,S014
H0009449,O002514,Prospecting,Qualification,2025-06-05 09:00:00,S014
H0009450,O002514,Qualification,Proposal,2025-06-24 13:00:00,S014
H0009451,O002515,,Prospecting,2023-02-14 09:00:00,S016
H0009452,O002515,Prospecting,Qualification,2023-02-18 15:00:00,S016
H0009453,O002515,Qualification,Closed Lost,2023-04-06 11:00:00,S016
H0009454,O002516,,Prospecting,2023-01-11 09:00:00,S003
H0009455,O002516,Prospecting,Qualification,2023-01-31 16:00:00,S003
H0009456,O002516,Qualification,Proposal,2023-02-15 16:00:00,S003
H0009457,O002516,Proposal,Negotiation,2023-02-19 08:00:00,S003
H0009458,O002516,Negotiation,Closed Lost,2023-02-22 10:00:00,S003
H0009459,O002517,,Prospecting,2025-05-12 09:00:00,S012
H0009460,O002517,Prospecting,Qualification,2025-05-30 13:00:00,S012
H0009461,O002517,Qualification,Proposal,2025-05-31 14:00:00,S012
H0009462,O002517,Proposal,Negotiation,2025-06-15 08:00:00,S012
H0009463,O002517,Negotiation,Closed Lost,2025-06-30 15:00:00,S012
H0009464,O002518,,Prospecting,2025-04-03 09:00:00,S012
H0009465,O002518,Prospecting,Qualification,2025-04-11 09:00:00,S012
H0009466,O002518,Qualification,Proposal,2025-04-21 16:00:00,S012
H0009467,O002518,Proposal,Closed Lost,2025-05-16 10:00:00,S012
H0009468,O002519,,Prospecting,2024-08-15 09:00:00,S037
H0009469,O002519,Prospecting,Qualification,2024-08-15 13:00:00,S037
H0009470,O002519,Qualification,Proposal,2024-08-25 09:00:00,S037
H0009471,O002519,Proposal,Negotiation,2024-09-12 17:00:00,S037
H0009472,O002519,Negotiation,Closed Lost,2024-09-26 15:00:00,S037
H0009473,O002520,,Prospecting,2023-04-13 09:00:00,S008
H0009474,O002520,Prospecting,Qualification,2023-04-20 12:00:00,S008
H0009475,O002520,Qualification,Proposal,2023-06-12 13:00:00,S008
H0009476,O002520,Proposal,Negotiation,2023-06-15 15:00:00,S008
H0009477,O002520,Negotiation,Closed Won,2023-07-19 17:00:00,S008
H0009478,O002521,,Prospecting,2023-09-23 09:00:00,S033
H0009479,O002521,Prospecting,Closed Lost,2023-12-17 13:00:00,S033
H0009480,O002522,,Prospecting,2023-09-13 09:00:00,S005
H0009481,O002522,Prospecting,Qualification,2023-10-22 12:00:00,S005
H0009482,O002522,Qualification,Proposal,2023-10-24 14:00:00,S005
H0009483,O002522,Proposal,Closed Lost,2024-06-19 13:00:00,S005
H0009484,O002523,,Prospecting,2025-01-13 09:00:00,S033
H0009485,O002523,Prospecting,Qualification,2025-02-19 14:00:00,S033
H0009486,O002523,Qualification,Proposal,2025-02-22 11:00:00,S033
H0009487,O002523,Proposal,Negotiation,2025-02-25 12:00:00,S033
H0009488,O002523,Negotiation,Closed Won,2025-04-02 11:00:00,S033
H0009489,O002524,,Prospecting,2024-12-12 09:00:00,S040
H0009490,O002524,Prospecting,Qualification,2025-01-29 08:00:00,S040
H0009491,O002524,Qualification,Closed Lost,2025-06-17 11:00:00,S040
H0009492,O002525,,Prospecting,2025-01-11 09:00:00,S033
H0009493,O002525,Prospecting,Closed Lost,2025-04-03 17:00:00,S033
H0009494,O002526,,Prospecting,2024-08-14 09:00:00,S011
H0009495,O002526,Prospecting,Qualification,2024-08-21 17:00:00,S011
H0009496,O002526,Qualification,Proposal,2024-08-24 15:00:00,S011
H0009497,O002526,Proposal,Negotiation,2024-08-27 14:00:00,S011
H0009498,O002526,Negotiation,Closed Won,2024-09-10 15:00:00,S011
H0009499,O002527,,Prospecting,2024-05-11 09:00:00,S037
H0009500,O002527,Prospecting,Qualification,2024-05-14 15:00:00,S037
H0009501,O002527,Qualification,Proposal,2024-05-18 08:00:00,S037
H0009502,O002527,Proposal,Negotiation,2024-05-30 16:00:00,S037
H0009503,O002527,Negotiation,Closed Lost,2024-06-04 14:00:00,S037
H0009504,O002528,,Prospecting,2024-02-02 09:00:00,S035
H0009505,O002528,Prospecting,Qualification,2024-02-10 17:00:00,S035
H0009506,O002528,Qualification,Proposal,2024-02-22 16:00:00,S035
H0009507,O002528,Proposal,Negotiation,2024-03-22 14:00:00,S035
H0009508,O002528,Negotiation,Closed Won,2024-03-31 14:00:00,S035
H0009509,O002529,,Prospecting,2025-02-24 09:00:00,S033
H0009510,O002529,Prospecting,Qualification,2025-03-02 14:00:00,S033
H0009511,O002529,Qualification,Proposal,2025-03-12 17:00:00,S033
H0009512,O002529,Proposal,Closed Lost,2025-03-22 12:00:00,S033
H0009513,O002530,,Prospecting,2025-04-30 09:00:00,S033
H0009514,O002530,Prospecting,Closed Lost,2025-06-28 17:00:00,S033
H0009515,O002531,,Prospecting,2025-05-04 09:00:00,S008
H0009516,O002531,Prospecting,Qualification,2025-05-26 11:00:00,S008
H0009517,O002532,,Prospecting,2025-06-27 09:00:00,S023
H0009518,O002533,,Prospecting,2025-02-21 09:00:00,S020
H0009519,O002533,Prospecting,Qualification,2025-03-12 10:00:00,S020
H0009520,O002533,Qualification,Proposal,2025-04-25 10:00:00,S020
H0009521,O002533,Proposal,Negotiation,2025-05-02 12:00:00,S020
H0009522,O002533,Negotiation,Closed Won,2025-05-22 16:00:00,S020
H0009523,O002534,,Prospecting,2024-08-05 09:00:00,S038
H0009524,O002534,Prospecting,Qualification,2024-08-26 12:00:00,S038
H0009525,O002534,Qualification,Proposal,2024-08-31 12:00:00,S038
H0009526,O002534,Proposal,Closed Lost,2024-09-13 16:00:00,S038
H0009527,O002535,,Prospecting,2025-05-01 09:00:00,S034
H0009528,O002535,Prospecting,Qualification,2025-05-14 16:00:00,S034
H0009529,O002535,Qualification,Proposal,2025-06-04 16:00:00,S034
H0009530,O002535,Proposal,Negotiation,2025-06-08 15:00:00,S034
H0009531,O002535,Negotiation,Closed Won,2025-06-28 15:00:00,S034
H0009532,O002536,,Prospecting,2025-05-19 09:00:00,S029
H0009533,O002536,Prospecting,Qualification,2025-05-20 09:00:00,S029
H0009534,O002536,Qualification,Proposal,2025-05-25 11:00:00,S029
H0009535,O002536,Proposal,Negotiation,2025-06-01 17:00:00,S029
H0009536,O002536,Negotiation,Closed Won,2025-06-03 13:00:00,S029
H0009537,O002537,,Prospecting,2025-05-13 09:00:00,S031
H0009538,O002537,Prospecting,Qualification,2025-06-20 10:00:00,S031
H0009539,O002538,,Prospecting,2025-06-19 09:00:00,S028
H0009540,O002539,,Prospecting,2023-07-26 09:00:00,S005
H0009541,O002539,Prospecting,Qualification,2023-07-27 17:00:00,S005
H0009542,O002539,Qualification,Closed Lost,2023-08-24 15:00:00,S005
H0009543,O002540,,Prospecting,2025-02-28 09:00:00,S031
H0009544,O002540,Prospecting,Qualification,2025-03-10 08:00:00,S031
H0009545,O002540,Qualification,Proposal,2025-05-18 13:00:00,S031
H0009546,O002540,Proposal,Closed Lost,2025-06-17 16:00:00,S031
H0009547,O002541,,Prospecting,2024-03-09 09:00:00,S037
H0009548,O002541,Prospecting,Qualification,2024-03-24 09:00:00,S037
H0009549,O002541,Qualification,Proposal,2024-04-05 08:00:00,S037
H0009550,O002541,Proposal,Negotiation,2024-04-06 10:00:00,S037
H0009551,O002541,Negotiation,Closed Won,2024-04-28 13:00:00,S037
H0009552,O002542,,Prospecting,2025-02-25 09:00:00,S040
H0009553,O002542,Prospecting,Qualification,2025-04-28 08:00:00,S040
H0009554,O002542,Qualification,Proposal,2025-05-04 11:00:00,S040
H0009555,O002542,Proposal,Closed Lost,2025-05-20 11:00:00,S040
H0009556,O002543,,Prospecting,2025-04-11 09:00:00,S036
H0009557,O002543,Prospecting,Qualification,2025-04-26 17:00:00,S036
H0009558,O002543,Qualification,Proposal,2025-05-01 16:00:00,S036
H0009559,O002543,Proposal,Negotiation,2025-06-26 08:00:00,S036
H0009560,O002544,,Prospecting,2025-06-11 09:00:00,S029
H0009561,O002545,,Prospecting,2025-02-10 09:00:00,S033
H0009562,O002545,Prospecting,Qualification,2025-02-23 15:00:00,S033
H0009563,O002545,Qualification,Proposal,2025-02-27 10:00:00,S033
H0009564,O002545,Proposal,Negotiation,2025-03-05 14:00:00,S033
H0009565,O002545,Negotiation,Closed Lost,2025-03-11 12:00:00,S033
H0009566,O002546,,Prospecting,2024-11-10 09:00:00,S008
H0009567,O002546,Prospecting,Qualification,2024-11-22 12:00:00,S008
H0009568,O002546,Qualification,Proposal,2024-11-28 09:00:00,S008
H0009569,O002546,Proposal,Closed Lost,2025-01-01 12:00:00,S008
H0009570,O002547,,Prospecting,2025-03-21 09:00:00,S038
H0009571,O002547,Prospecting,Qualification,2025-03-28 14:00:00,S038
H0009572,O002547,Qualification,Proposal,2025-03-31 14:00:00,S038
H0009573,O002547,Proposal,Negotiation,2025-04-20 13:00:00,S038
H0009574,O002547,Negotiation,Closed Won,2025-05-11 13:00:00,S038
H0009575,O002548,,Prospecting,2025-01-07 09:00:00,S024
H0009576,O002548,Prospecting,Qualification,2025-01-25 11:00:00,S024
H0009577,O002548,Qualification,Proposal,2025-02-13 11:00:00,S024
H0009578,O002548,Proposal,Closed Lost,2025-02-17 11:00:00,S024
H0009579,O002549,,Prospecting,2023-04-21 09:00:00,S006
H0009580,O002549,Prospecting,Qualification,2023-05-02 10:00:00,S006
H0009581,O002549,Qualification,Closed Lost,2023-05-28 16:00:00,S006
H0009582,O002550,,Prospecting,2024-12-27 09:00:00,S039
H0009583,O002550,Prospecting,Qualification,2025-01-15 17:00:00,S039
H0009584,O002550,Qualification,Closed Lost,2025-01-19 17:00:00,S039
H0009585,O002551,,Prospecting,2025-03-28 09:00:00,S019
H0009586,O002551,Prospecting,Closed Lost,2025-06-04 12:00:00,S019
H0009587,O002552,,Prospecting,2024-04-07 09:00:00,S023
H0009588,O002552,Prospecting,Qualification,2024-04-11 10:00:00,S023
H0009589,O002552,Qualification,Closed Lost,2024-05-11 14:00:00,S023
H0009590,O002553,,Prospecting,2024-11-08 09:00:00,S023
H0009591,O002553,Prospecting,Qualification,2024-11-30 13:00:00,S023
H0009592,O002553,Qualification,Proposal,2024-12-25 16:00:00,S023
H0009593,O002553,Proposal,Closed Lost,2025-01-01 17:00:00,S023
H0009594,O002554,,Prospecting,2025-06-22 09:00:00,S011
H0009595,O002555,,Prospecting,2025-03-27 09:00:00,S025
H0009596,O002555,Prospecting,Closed Lost,2025-05-28 12:00:00,S025
H0009597,O002556,,Prospecting,2023-11-24 09:00:00,S037
H0009598,O002556,Prospecting,Qualification,2023-12-01 09:00:00,S037
H0009599,O002556,Qualification,Proposal,2024-01-14 14:00:00,S037
H0009600,O002556,Proposal,Closed Lost,2024-02-23 17:00:00,S037
H0009601,O002557,,Prospecting,2024-07-28 09:00:00,S013
H0009602,O002557,Prospecting,Qualification,2024-07-31 12:00:00,S013
H0009603,O002557,Qualification,Proposal,2024-08-21 10:00:00,S013
H0009604,O002557,Proposal,Closed Lost,2024-08-29 13:00:00,S013
H0009605,O002558,,Prospecting,2025-03-02 09:00:00,S020
H0009606,O002558,Prospecting,Qualification,2025-03-23 17:00:00,S020
H0009607,O002558,Qualification,Proposal,2025-04-05 15:00:00,S020
H0009608,O002558,Proposal,Closed Lost,2025-04-07 17:00:00,S020
H0009609,O002559,,Prospecting,2024-06-10 09:00:00,S004
H0009610,O002559,Prospecting,Qualification,2024-06-14 14:00:00,S004
H0009611,O002559,Qualification,Closed Lost,2024-06-19 14:00:00,S004
H0009612,O002560,,Prospecting,2024-08-28 09:00:00,S019
H0009613,O002560,Prospecting,Closed Lost,2024-10-07 09:00:00,S019
H0009614,O002561,,Prospecting,2023-01-23 09:00:00,S038
H0009615,O002561,Prospecting,Qualification,2023-02-04 11:00:00,S038
H0009616,O002561,Qualification,Proposal,2023-02-17 08:00:00,S038
H0009617,O002561,Proposal,Negotiation,2023-04-20 13:00:00,S038
H0009618,O002561,Negotiation,Closed Lost,2023-05-08 14:00:00,S038
H0009619,O002562,,Prospecting,2025-05-22 09:00:00,S033
H0009620,O002562,Prospecting,Qualification,2025-06-08 17:00:00,S033
H0009621,O002562,Qualification,Proposal,2025-06-09 09:00:00,S033
H0009622,O002562,Proposal,Negotiation,2025-06-11 08:00:00,S033
H0009623,O002562,Negotiation,Closed Lost,2025-06-14 11:00:00,S033
H0009624,O002563,,Prospecting,2023-10-11 09:00:00,S022
H0009625,O002563,Prospecting,Qualification,2023-10-18 15:00:00,S022
H0009626,O002563,Qualification,Proposal,2023-10-20 17:00:00,S022
H0009627,O002563,Proposal,Negotiation,2023-11-04 15:00:00,S022
H0009628,O002563,Negotiation,Closed Lost,2023-11-06 14:00:00,S022
H0009629,O002564,,Prospecting,2024-04-17 09:00:00,S034
H0009630,O002564,Prospecting,Closed Lost,2024-05-10 14:00:00,S034
H0009631,O002565,,Prospecting,2025-06-27 09:00:00,S012
H0009632,O002566,,Prospecting,2023-08-10 09:00:00,S033
H0009633,O002566,Prospecting,Qualification,2023-09-02 09:00:00,S033
H0009634,O002566,Qualification,Proposal,2023-09-05 14:00:00,S033
H0009635,O002566,Proposal,Closed Lost,2023-09-08 12:00:00,S033
H0009636,O002567,,Prospecting,2025-02-09 09:00:00,S012
H0009637,O002567,Prospecting,Closed Lost,2025-04-07 11:00:00,S012
H0009638,O002568,,Prospecting,2024-02-27 09:00:00,S008
H0009639,O002568,Prospecting,Qualification,2024-03-14 16:00:00,S008
H0009640,O002568,Qualification,Proposal,2024-03-22 13:00:00,S008
H0009641,O002568,Proposal,Negotiation,2024-03-26 11:00:00,S008
H0009642,O002568,Negotiation,Closed Lost,2024-04-04 17:00:00,S008
H0009643,O002569,,Prospecting,2025-06-22 09:00:00,S026
H0009644,O002570,,Prospecting,2023-09-20 09:00:00,S036
H0009645,O002570,Prospecting,Qualification,2023-10-02 17:00:00,S036
H0009646,O002570,Qualification,Proposal,2023-10-04 09:00:00,S036
H0009647,O002570,Proposal,Negotiation,2023-10-18 11:00:00,S036
H0009648,O002570,Negotiation,Closed Lost,2023-11-24 12:00:00,S036
H0009649,O002571,,Prospecting,2023-09-02 09:00:00,S037
H0009650,O002571,Prospecting,Closed Lost,2023-12-14 13:00:00,S037
H0009651,O002572,,Prospecting,2024-03-20 09:00:00,S029
H0009652,O002572,Prospecting,Qualification,2024-03-20 16:00:00,S029
H0009653,O002572,Qualification,Proposal,2024-04-03 09:00:00,S029
H0009654,O002572,Proposal,Closed Lost,2024-04-07 17:00:00,S029
H0009655,O002573,,Prospecting,2025-02-17 09:00:00,S017
H0009656,O002573,Prospecting,Qualification,2025-02-20 10:00:00,S017
H0009657,O002573,Qualification,Proposal,2025-02-24 13:00:00,S017
H0009658,O002573,Proposal,Negotiation,2025-03-04 16:00:00,S017
H0009659,O002573,Negotiation,Closed Won,2025-04-01 10:00:00,S017
H0009660,O002574,,Prospecting,2023-08-06 09:00:00,S040
H0009661,O002574,Prospecting,Qualification,2023-09-12 13:00:00,S040
H0009662,O002574,Qualification,Closed Lost,2023-09-16 09:00:00,S040
H0009663,O002575,,Prospecting,2023-08-31 09:00:00,S003
H0009664,O002575,Prospecting,Qualification,2023-10-11 14:00:00,S003
H0009665,O002575,Qualification,Proposal,2023-12-19 08:00:00,S003
H0009666,O002575,Proposal,Negotiation,2024-03-16 12:00:00,S003
H0009667,O002575,Negotiation,Closed Won,2024-04-25 09:00:00,S003
H0009668,O002576,,Prospecting,2024-12-27 09:00:00,S037
H0009669,O002576,Prospecting,Qualification,2025-01-04 16:00:00,S037
H0009670,O002576,Qualification,Proposal,2025-01-09 08:00:00,S037
H0009671,O002576,Proposal,Closed Lost,2025-01-28 17:00:00,S037
H0009672,O002577,,Prospecting,2023-08-27 09:00:00,S039
H0009673,O002577,Prospecting,Qualification,2023-09-17 08:00:00,S039
H0009674,O002577,Qualification,Proposal,2023-09-26 14:00:00,S039
H0009675,O002577,Proposal,Negotiation,2023-10-01 09:00:00,S039
H0009676,O002577,Negotiation,Closed Won,2023-10-12 14:00:00,S039
H0009677,O002578,,Prospecting,2025-06-10 09:00:00,S019
H0009678,O002578,Prospecting,Qualification,2025-06-13 09:00:00,S019
H0009679,O002579,,Prospecting,2024-03-04 09:00:00,S013
H0009680,O002579,Prospecting,Qualification,2024-03-20 11:00:00,S013
H0009681,O002579,Qualification,Proposal,2024-04-16 12:00:00,S013
H0009682,O002579,Proposal,Closed Lost,2024-04-20 16:00:00,S013
H0009683,O002580,,Prospecting,2025-05-01 09:00:00,S019
H0009684,O002580,Prospecting,Qualification,2025-06-09 10:00:00,S019
H0009685,O002580,Qualification,Closed Lost,2025-06-28 14:00:00,S019
H0009686,O002581,,Prospecting,2024-09-07 09:00:00,S023
H0009687,O002581,Prospecting,Qualification,2024-09-09 12:00:00,S023
H0009688,O002581,Qualification,Closed Lost,2024-11-01 14:00:00,S023
H0009689,O002582,,Prospecting,2023-12-28 09:00:00,S038
H0009690,O002582,Prospecting,Qualification,2024-02-04 10:00:00,S038
H0009691,O002582,Qualification,Proposal,2024-02-14 16:00:00,S038
H0009692,O002582,Proposal,Negotiation,2024-03-27 11:00:00,S038
H0009693,O002582,Negotiation,Closed Won,2024-04-29 11:00:00,S038
H0009694,O002583,,Prospecting,2024-05-10 09:00:00,S039
H0009695,O002583,Prospecting,Qualification,2024-05-14 12:00:00,S039
H0009696,O002583,Qualification,Proposal,2024-05-16 12:00:00,S039
H0009697,O002583,Proposal,Negotiation,2024-05-17 15:00:00,S039
H0009698,O002583,Negotiation,Closed Won,2024-05-20 16:00:00,S039
H0009699,O002584,,Prospecting,2023-06-18 09:00:00,S016
H0009700,O002584,Prospecting,Closed Lost,2023-08-19 15:00:00,S016
H0009701,O002585,,Prospecting,2025-03-24 09:00:00,S027
H0009702,O002585,Prospecting,Qualification,2025-03-24 15:00:00,S027
H0009703,O002585,Qualification,Proposal,2025-04-03 12:00:00,S027
H0009704,O002585,Proposal,Negotiation,2025-04-15 08:00:00,S027
H0009705,O002585,Negotiation,Closed Won,2025-04-28 10:00:00,S027
H0009706,O002586,,Prospecting,2024-06-02 09:00:00,S019
H0009707,O002586,Prospecting,Closed Lost,2024-08-29 13:00:00,S019
H0009708,O002587,,Prospecting,2024-07-02 09:00:00,S005
H0009709,O002587,Prospecting,Closed Lost,2024-09-30 15:00:00,S005
H0009710,O002588,,Prospecting,2025-04-25 09:00:00,S026
H0009711,O002588,Prospecting,Qualification,2025-04-28 14:00:00,S026
H0009712,O002588,Qualification,Proposal,2025-05-08 11:00:00,S026
H0009713,O002588,Proposal,Closed Lost,2025-05-12 10:00:00,S026
H0009714,O002589,,Prospecting,2024-10-29 09:00:00,S026
H0009715,O002589,Prospecting,Qualification,2024-11-23 11:00:00,S026
H0009716,O002589,Qualification,Proposal,2024-12-02 08:00:00,S026
H0009717,O002589,Proposal,Negotiation,2024-12-06 10:00:00,S026
H0009718,O002589,Negotiation,Closed Won,2024-12-18 17:00:00,S026
H0009719,O002590,,Prospecting,2025-05-27 09:00:00,S006
H0009720,O002590,Prospecting,Qualification,2025-06-13 15:00:00,S006
H0009721,O002590,Qualification,Proposal,2025-06-29 15:00:00,S006
H0009722,O002591,,Prospecting,2024-06-17 09:00:00,S027
H0009723,O002591,Prospecting,Qualification,2024-06-22 09:00:00,S027
H0009724,O002591,Qualification,Proposal,2024-06-30 08:00:00,S027
H0009725,O002591,Proposal,Closed Lost,2024-07-05 16:00:00,S027
H0009726,O002592,,Prospecting,2025-03-15 09:00:00,S022
H0009727,O002592,Prospecting,Qualification,2025-03-27 08:00:00,S022
H0009728,O002592,Qualification,Proposal,2025-04-21 08:00:00,S022
H0009729,O002592,Proposal,Closed Lost,2025-05-23 10:00:00,S022
H0009730,O002593,,Prospecting,2025-05-20 09:00:00,S039
H0009731,O002593,Prospecting,Closed Lost,2025-06-07 17:00:00,S039
H0009732,O002594,,Prospecting,2023-07-08 09:00:00,S039
H0009733,O002594,Prospecting,Qualification,2023-07-13 08:00:00,S039
H0009734,O002594,Qualification,Proposal,2023-07-28 08:00:00,S039
H0009735,O002594,Proposal,Negotiation,2023-08-06 09:00:00,S039
H0009736,O002594,Negotiation,Closed Won,2023-08-19 10:00:00,S039
H0009737,O002595,,Prospecting,2025-05-29 09:00:00,S025
H0009738,O002595,Prospecting,Qualification,2025-05-30 13:00:00,S025
H0009739,O002595,Qualification,Proposal,2025-06-02 16:00:00,S025
H0009740,O002595,Proposal,Negotiation,2025-06-12 10:00:00,S025
H0009741,O002595,Negotiation,Closed Lost,2025-06-16 15:00:00,S025
H0009742,O002596,,Prospecting,2025-02-10 09:00:00,S018
H0009743,O002596,Prospecting,Qualification,2025-02-18 17:00:00,S018
H0009744,O002596,Qualification,Proposal,2025-02-28 09:00:00,S018
H0009745,O002596,Proposal,Negotiation,2025-02-28 08:00:00,S018
H0009746,O002596,Negotiation,Closed Won,2025-04-07 12:00:00,S018
H0009747,O002597,,Prospecting,2024-09-02 09:00:00,S027
H0009748,O002597,Prospecting,Qualification,2024-09-16 14:00:00,S027
H0009749,O002597,Qualification,Proposal,2024-10-23 12:00:00,S027
H0009750,O002597,Proposal,Negotiation,2024-10-23 10:00:00,S027
H0009751,O002597,Negotiation,Closed Lost,2024-11-12 11:00:00,S027
H0009752,O002598,,Prospecting,2025-02-10 09:00:00,S027
H0009753,O002598,Prospecting,Qualification,2025-02-10 08:00:00,S027
H0009754,O002598,Qualification,Proposal,2025-02-13 13:00:00,S027
H0009755,O002598,Proposal,Negotiation,2025-02-16 08:00:00,S027
H0009756,O002598,Negotiation,Closed Won,2025-02-28 09:00:00,S027
H0009757,O002599,,Prospecting,2023-02-22 09:00:00,S021
H0009758,O002599,Prospecting,Qualification,2023-04-07 09:00:00,S021
H0009759,O002599,Qualification,Closed Lost,2023-04-11 14:00:00,S021
H0009760,O002600,,Prospecting,2024-11-02 09:00:00,S023
H0009761,O002600,Prospecting,Qualification,2024-11-04 17:00:00,S023
H0009762,O002600,Qualification,Proposal,2024-11-10 13:00:00,S023
H0009763,O002600,Proposal,Negotiation,2024-12-28 10:00:00,S023
H0009764,O002600,Negotiation,Closed Lost,2025-01-06 14:00:00,S023
H0009765,O002601,,Prospecting,2023-05-11 09:00:00,S027
H0009766,O002601,Prospecting,Qualification,2023-06-15 09:00:00,S027
H0009767,O002601,Qualification,Proposal,2023-07-21 09:00:00,S027
H0009768,O002601,Proposal,Negotiation,2023-09-16 15:00:00,S027
H0009769,O002601,Negotiation,Closed Won,2023-11-01 17:00:00,S027
H0009770,O002602,,Prospecting,2025-06-11 09:00:00,S001
H0009771,O002602,Prospecting,Qualification,2025-06-26 10:00:00,S001
H0009772,O002603,,Prospecting,2025-03-01 09:00:00,S023
H0009773,O002603,Prospecting,Qualification,2025-03-02 09:00:00,S023
H0009774,O002603,Qualification,Proposal,2025-03-05 09:00:00,S023
H0009775,O002603,Proposal,Negotiation,2025-03-08 08:00:00,S023
H0009776,O002603,Negotiation,Closed Lost,2025-03-31 11:00:00,S023
H0009777,O002604,,Prospecting,2024-09-26 09:00:00,S024
H0009778,O002604,Prospecting,Qualification,2024-10-23 09:00:00,S024
H0009779,O002604,Qualification,Proposal,2024-12-11 13:00:00,S024
H0009780,O002604,Proposal,Negotiation,2024-12-11 17:00:00,S024
H0009781,O002604,Negotiation,Closed Won,2024-12-25 12:00:00,S024
H0009782,O002605,,Prospecting,2024-09-12 09:00:00,S040
H0009783,O002605,Prospecting,Closed Lost,2024-11-22 10:00:00,S040
H0009784,O002606,,Prospecting,2023-03-24 09:00:00,S007
H0009785,O002606,Prospecting,Closed Lost,2023-05-08 16:00:00,S007
H0009786,O002607,,Prospecting,2024-10-22 09:00:00,S030
H0009787,O002607,Prospecting,Qualification,2024-10-28 11:00:00,S030
H0009788,O002607,Qualification,Proposal,2024-11-07 15:00:00,S030
H0009789,O002607,Proposal,Closed Lost,2024-11-18 16:00:00,S030
H0009790,O002608,,Prospecting,2024-04-13 09:00:00,S023
H0009791,O002608,Prospecting,Qualification,2024-04-20 13:00:00,S023
H0009792,O002608,Qualification,Proposal,2024-05-08 12:00:00,S023
H0009793,O002608,Proposal,Negotiation,2024-06-23 14:00:00,S023
H0009794,O002608,Negotiation,Closed Lost,2024-06-28 10:00:00,S023
H0009795,O002609,,Prospecting,2023-03-18 09:00:00,S030
H0009796,O002609,Prospecting,Qualification,2023-03-22 13:00:00,S030
H0009797,O002609,Qualification,Closed Lost,2023-05-16 09:00:00,S030
H0009798,O002610,,Prospecting,2023-02-09 09:00:00,S029
H0009799,O002610,Prospecting,Qualification,2023-02-24 13:00:00,S029
H0009800,O002610,Qualification,Proposal,2023-03-17 15:00:00,S029
H0009801,O002610,Proposal,Negotiation,2023-04-09 11:00:00,S029
H0009802,O002610,Negotiation,Closed Won,2023-05-07 09:00:00,S029
H0009803,O002611,,Prospecting,2023-12-19 09:00:00,S032
H0009804,O002611,Prospecting,Qualification,2024-02-22 15:00:00,S032
H0009805,O002611,Qualification,Proposal,2024-02-29 17:00:00,S032
H0009806,O002611,Proposal,Closed Lost,2024-03-03 17:00:00,S032
H0009807,O002612,,Prospecting,2024-12-24 09:00:00,S005
H0009808,O002612,Prospecting,Qualification,2025-02-22 09:00:00,S005
H0009809,O002612,Qualification,Proposal,2025-03-29 14:00:00,S005
H0009810,O002612,Proposal,Negotiation,2025-04-16 10:00:00,S005
H0009811,O002612,Negotiation,Closed Won,2025-04-25 09:00:00,S005
H0009812,O002613,,Prospecting,2025-05-26 09:00:00,S010
H0009813,O002613,Prospecting,Qualification,2025-06-10 17:00:00,S010
H0009814,O002613,Qualification,Proposal,2025-06-22 14:00:00,S010
H0009815,O002614,,Prospecting,2023-01-03 09:00:00,S028
H0009816,O002614,Prospecting,Qualification,2023-01-09 15:00:00,S028
H0009817,O002614,Qualification,Proposal,2023-01-20 09:00:00,S028
H0009818,O002614,Proposal,Closed Lost,2023-03-04 11:00:00,S028
H0009819,O002615,,Prospecting,2024-07-05 09:00:00,S035
H0009820,O002615,Prospecting,Qualification,2024-07-19 14:00:00,S035
H0009821,O002615,Qualification,Proposal,2024-07-23 14:00:00,S035
H0009822,O002615,Proposal,Closed Lost,2024-08-07 10:00:00,S035
H0009823,O002616,,Prospecting,2025-06-21 09:00:00,S005
H0009824,O002617,,Prospecting,2025-05-17 09:00:00,S039
H0009825,O002617,Prospecting,Qualification,2025-05-21 12:00:00,S039
H0009826,O002617,Qualification,Proposal,2025-05-25 12:00:00,S039
H0009827,O002617,Proposal,Closed Lost,2025-06-20 11:00:00,S039
H0009828,O002618,,Prospecting,2023-02-05 09:00:00,S037
H0009829,O002618,Prospecting,Qualification,2023-05-08 14:00:00,S037
H0009830,O002618,Qualification,Closed Lost,2023-05-18 17:00:00,S037
H0009831,O002619,,Prospecting,2025-02-03 09:00:00,S021
H0009832,O002619,Prospecting,Qualification,2025-02-20 13:00:00,S021
H0009833,O002619,Qualification,Proposal,2025-03-26 11:00:00,S021
H0009834,O002619,Proposal,Closed Lost,2025-04-08 10:00:00,S021
H0009835,O002620,,Prospecting,2025-05-14 09:00:00,S039
H0009836,O002620,Prospecting,Qualification,2025-06-06 16:00:00,S039
H0009837,O002620,Qualification,Proposal,2025-06-24 17:00:00,S039
H0009838,O002620,Proposal,Negotiation,2025-06-29 15:00:00,S039
H0009839,O002621,,Prospecting,2024-07-04 09:00:00,S007
H0009840,O002621,Prospecting,Closed Lost,2024-09-11 11:00:00,S007
H0009841,O002622,,Prospecting,2025-04-15 09:00:00,S022
H0009842,O002622,Prospecting,Qualification,2025-04-19 12:00:00,S022
H0009843,O002622,Qualification,Proposal,2025-05-07 11:00:00,S022
H0009844,O002622,Proposal,Negotiation,2025-05-07 11:00:00,S022
H0009845,O002622,Negotiation,Closed Won,2025-05-14 14:00:00,S022
H0009846,O002623,,Prospecting,2025-02-17 09:00:00,S028
H0009847,O002623,Prospecting,Qualification,2025-03-07 16:00:00,S028
H0009848,O002623,Qualification,Proposal,2025-03-20 15:00:00,S028
H0009849,O002623,Proposal,Negotiation,2025-04-26 10:00:00,S028
H0009850,O002623,Negotiation,Closed Lost,2025-05-03 13:00:00,S028
H0009851,O002624,,Prospecting,2023-05-26 09:00:00,S008
H0009852,O002624,Prospecting,Closed Lost,2023-07-02 17:00:00,S008
H0009853,O002625,,Prospecting,2024-08-24 09:00:00,S002
H0009854,O002625,Prospecting,Qualification,2024-10-04 16:00:00,S002
H0009855,O002625,Qualification,Proposal,2024-10-29 16:00:00,S002
H0009856,O002625,Proposal,Negotiation,2024-10-31 12:00:00,S002
H0009857,O002625,Negotiation,Closed Won,2024-12-16 14:00:00,S002
H0009858,O002626,,Prospecting,2023-09-13 09:00:00,S034
H0009859,O002626,Prospecting,Qualification,2023-09-18 14:00:00,S034
H0009860,O002626,Qualification,Proposal,2023-09-28 09:00:00,S034
H0009861,O002626,Proposal,Negotiation,2023-10-01 16:00:00,S034
H0009862,O002626,Negotiation,Closed Lost,2023-10-03 16:00:00,S034
H0009863,O002627,,Prospecting,2023-06-03 09:00:00,S011
H0009864,O002627,Prospecting,Qualification,2023-07-12 08:00:00,S011
H0009865,O002627,Qualification,Proposal,2023-07-25 08:00:00,S011
H0009866,O002627,Proposal,Negotiation,2023-08-02 09:00:00,S011
H0009867,O002627,Negotiation,Closed Won,2023-08-15 15:00:00,S011
H0009868,O002628,,Prospecting,2023-06-05 09:00:00,S004
H0009869,O002628,Prospecting,Qualification,2023-06-06 08:00:00,S004
H0009870,O002628,Qualification,Proposal,2023-06-26 14:00:00,S004
H0009871,O002628,Proposal,Negotiation,2023-07-11 13:00:00,S004
H0009872,O002628,Negotiation,Closed Won,2023-08-03 17:00:00,S004
H0009873,O002629,,Prospecting,2024-12-08 09:00:00,S035
H0009874,O002629,Prospecting,Qualification,2024-12-18 11:00:00,S035
H0009875,O002629,Qualification,Proposal,2024-12-24 16:00:00,S035
H0009876,O002629,Proposal,Closed Lost,2025-01-01 11:00:00,S035
H0009877,O002630,,Prospecting,2024-02-10 09:00:00,S021
H0009878,O002630,Prospecting,Qualification,2024-03-15 16:00:00,S021
H0009879,O002630,Qualification,Proposal,2024-05-04 14:00:00,S021
H0009880,O002630,Proposal,Negotiation,2024-05-30 16:00:00,S021
H0009881,O002630,Negotiation,Closed Won,2024-06-07 17:00:00,S021
H0009882,O002631,,Prospecting,2023-09-07 09:00:00,S004
H0009883,O002631,Prospecting,Qualification,2023-09-23 17:00:00,S004
H0009884,O002631,Qualification,Proposal,2023-09-29 11:00:00,S004
H0009885,O002631,Proposal,Negotiation,2023-10-07 11:00:00,S004
H0009886,O002631,Negotiation,Closed Won,2023-10-26 17:00:00,S004
H0009887,O002632,,Prospecting,2023-05-28 09:00:00,S029
H0009888,O002632,Prospecting,Qualification,2023-06-04 11:00:00,S029
H0009889,O002632,Qualification,Closed Lost,2023-06-15 17:00:00,S029
H0009890,O002633,,Prospecting,2024-10-13 09:00:00,S040
H0009891,O002633,Prospecting,Qualification,2024-10-20 12:00:00,S040
H0009892,O002633,Qualification,Proposal,2024-10-23 09:00:00,S040
H0009893,O002633,Proposal,Negotiation,2024-10-28 08:00:00,S040
H0009894,O002633,Negotiation,Closed Lost,2024-11-07 12:00:00,S040
H0009895,O002634,,Prospecting,2025-05-12 09:00:00,S022
H0009896,O002634,Prospecting,Qualification,2025-05-22 09:00:00,S022
H0009897,O002634,Qualification,Proposal,2025-05-26 13:00:00,S022
H0009898,O002634,Proposal,Closed Lost,2025-06-24 11:00:00,S022
H0009899,O002635,,Prospecting,2025-02-20 09:00:00,S036
H0009900,O002635,Prospecting,Closed Lost,2025-04-12 11:00:00,S036
H0009901,O002636,,Prospecting,2023-11-25 09:00:00,S025
H0009902,O002636,Prospecting,Qualification,2023-12-10 16:00:00,S025
H0009903,O002636,Qualification,Closed Lost,2023-12-26 17:00:00,S025
H0009904,O002637,,Prospecting,2025-05-13 09:00:00,S019
H0009905,O002637,Prospecting,Qualification,2025-05-24 14:00:00,S019
H0009906,O002637,Qualification,Proposal,2025-06-04 13:00:00,S019
H0009907,O002638,,Prospecting,2024-04-20 09:00:00,S032
H0009908,O002638,Prospecting,Qualification,2024-05-19 13:00:00,S032
H0009909,O002638,Qualification,Proposal,2024-05-29 16:00:00,S032
H0009910,O002638,Proposal,Negotiation,2024-05-31 10:00:00,S032
H0009911,O002638,Negotiation,Closed Won,2024-06-15 11:00:00,S032
H0009912,O002639,,Prospecting,2025-06-09 09:00:00,S006
H0009913,O002640,,Prospecting,2023-02-14 09:00:00,S005
H0009914,O002640,Prospecting,Qualification,2023-03-01 12:00:00,S005
H0009915,O002640,Qualification,Proposal,2023-04-01 14:00:00,S005
H0009916,O002640,Proposal,Negotiation,2023-04-03 09:00:00,S005
H0009917,O002640,Negotiation,Closed Won,2023-04-13 14:00:00,S005
H0009918,O002641,,Prospecting,2025-05-12 09:00:00,S009
H0009919,O002641,Prospecting,Qualification,2025-06-03 13:00:00,S009
H0009920,O002641,Qualification,Proposal,2025-06-07 10:00:00,S009
H0009921,O002642,,Prospecting,2023-05-29 09:00:00,S035
H0009922,O002642,Prospecting,Qualification,2023-06-14 12:00:00,S035
H0009923,O002642,Qualification,Proposal,2023-06-23 11:00:00,S035
H0009924,O002642,Proposal,Closed Lost,2023-07-10 12:00:00,S035
H0009925,O002643,,Prospecting,2024-10-29 09:00:00,S016
H0009926,O002643,Prospecting,Qualification,2024-11-19 11:00:00,S016
H0009927,O002643,Qualification,Proposal,2024-12-01 10:00:00,S016
H0009928,O002643,Proposal,Negotiation,2024-12-14 17:00:00,S016
H0009929,O002643,Negotiation,Closed Lost,2024-12-25 12:00:00,S016
H0009930,O002644,,Prospecting,2024-11-03 09:00:00,S037
H0009931,O002644,Prospecting,Closed Lost,2024-12-05 13:00:00,S037
H0009932,O002645,,Prospecting,2024-12-27 09:00:00,S021
H0009933,O002645,Prospecting,Closed Lost,2025-02-17 12:00:00,S021
H0009934,O002646,,Prospecting,2023-12-15 09:00:00,S011
H0009935,O002646,Prospecting,Qualification,2023-12-17 12:00:00,S011
H0009936,O002646,Qualification,Proposal,2023-12-24 13:00:00,S011
H0009937,O002646,Proposal,Negotiation,2024-01-01 13:00:00,S011
H0009938,O002646,Negotiation,Closed Lost,2024-01-09 16:00:00,S011
H0009939,O002647,,Prospecting,2024-12-22 09:00:00,S034
H0009940,O002647,Prospecting,Qualification,2025-01-06 12:00:00,S034
H0009941,O002647,Qualification,Proposal,2025-01-17 11:00:00,S034
H0009942,O002647,Proposal,Negotiation,2025-02-05 08:00:00,S034
H0009943,O002647,Negotiation,Closed Lost,2025-02-14 16:00:00,S034
H0009944,O002648,,Prospecting,2024-10-21 09:00:00,S012
H0009945,O002648,Prospecting,Qualification,2024-10-29 13:00:00,S012
H0009946,O002648,Qualification,Proposal,2024-11-23 10:00:00,S012
H0009947,O002648,Proposal,Negotiation,2024-12-07 11:00:00,S012
H0009948,O002648,Negotiation,Closed Won,2024-12-15 12:00:00,S012
H0009949,O002649,,Prospecting,2025-02-02 09:00:00,S036
H0009950,O002649,Prospecting,Qualification,2025-02-02 14:00:00,S036
H0009951,O002649,Qualification,Closed Lost,2025-02-25 13:00:00,S036
H0009952,O002650,,Prospecting,2024-09-21 09:00:00,S013
H0009953,O002650,Prospecting,Qualification,2024-10-09 13:00:00,S013
H0009954,O002650,Qualification,Proposal,2024-10-20 10:00:00,S013
H0009955,O002650,Proposal,Negotiation,2025-01-23 08:00:00,S013
H0009956,O002650,Negotiation,Closed Won,2025-01-25 14:00:00,S013
H0009957,O002651,,Prospecting,2023-08-25 09:00:00,S023
H0009958,O002651,Prospecting,Qualification,2023-10-08 09:00:00,S023
H0009959,O002651,Qualification,Closed Lost,2023-10-11 16:00:00,S023
H0009960,O002652,,Prospecting,2023-11-12 09:00:00,S023
H0009961,O002652,Prospecting,Qualification,2023-11-12 17:00:00,S023
H0009962,O002652,Qualification,Proposal,2023-11-23 12:00:00,S023
H0009963,O002652,Proposal,Closed Lost,2023-12-01 13:00:00,S023
H0009964,O002653,,Prospecting,2025-01-31 09:00:00,S011
H0009965,O002653,Prospecting,Qualification,2025-03-14 09:00:00,S011
H0009966,O002653,Qualification,Proposal,2025-03-28 17:00:00,S011
H0009967,O002653,Proposal,Negotiation,2025-04-02 16:00:00,S011
H0009968,O002653,Negotiation,Closed Lost,2025-04-24 12:00:00,S011
H0009969,O002654,,Prospecting,2025-04-17 09:00:00,S037
H0009970,O002654,Prospecting,Qualification,2025-04-26 10:00:00,S037
H0009971,O002654,Qualification,Proposal,2025-05-08 14:00:00,S037
H0009972,O002654,Proposal,Negotiation,2025-05-18 15:00:00,S037
H0009973,O002654,Negotiation,Closed Won,2025-05-25 12:00:00,S037
H0009974,O002655,,Prospecting,2025-04-22 09:00:00,S009
H0009975,O002655,Prospecting,Qualification,2025-04-29 13:00:00,S009
H0009976,O002655,Qualification,Proposal,2025-05-05 12:00:00,S009
H0009977,O002655,Proposal,Negotiation,2025-05-21 11:00:00,S009
H0009978,O002656,,Prospecting,2024-10-22 09:00:00,S005
H0009979,O002656,Prospecting,Closed Lost,2024-12-21 12:00:00,S005
H0009980,O002657,,Prospecting,2023-09-10 09:00:00,S023
H0009981,O002657,Prospecting,Qualification,2023-09-10 12:00:00,S023
H0009982,O002657,Qualification,Proposal,2023-09-25 12:00:00,S023
H0009983,O002657,Proposal,Negotiation,2023-10-05 11:00:00,S023
H0009984,O002657,Negotiation,Closed Won,2023-10-21 12:00:00,S023
H0009985,O002658,,Prospecting,2025-05-20 09:00:00,S012
H0009986,O002658,Prospecting,Qualification,2025-06-21 17:00:00,S012
H0009987,O002658,Qualification,Proposal,2025-06-22 13:00:00,S012
H0009988,O002658,Proposal,Closed Lost,2025-06-27 10:00:00,S012
H0009989,O002659,,Prospecting,2024-05-22 09:00:00,S002
H0009990,O002659,Prospecting,Qualification,2024-06-02 14:00:00,S002
H0009991,O002659,Qualification,Closed Lost,2024-06-13 12:00:00,S002
H0009992,O002660,,Prospecting,2025-05-10 09:00:00,S001
H0009993,O002660,Prospecting,Qualification,2025-05-18 14:00:00,S001
H0009994,O002660,Qualification,Proposal,2025-05-25 17:00:00,S001
H0009995,O002661,,Prospecting,2025-06-10 09:00:00,S025
H0009996,O002662,,Prospecting,2025-02-20 09:00:00,S027
H0009997,O002662,Prospecting,Qualification,2025-02-27 15:00:00,S027
H0009998,O002662,Qualification,Proposal,2025-03-11 08:00:00,S027
H0009999,O002662,Proposal,Negotiation,2025-04-02 11:00:00,S027
H0010000,O002662,Negotiation,Closed Won,2025-06-20 10:00:00,S027
H0010001,O002663,,Prospecting,2025-03-02 09:00:00,S012
H0010002,O002663,Prospecting,Qualification,2025-03-29 12:00:00,S012
H0010003,O002663,Qualification,Proposal,2025-04-05 15:00:00,S012
H0010004,O002663,Proposal,Negotiation,2025-04-15 16:00:00,S012
H0010005,O002663,Negotiation,Closed Lost,2025-04-21 15:00:00,S012
H0010006,O002664,,Prospecting,2025-02-05 09:00:00,S032
H0010007,O002664,Prospecting,Qualification,2025-02-18 13:00:00,S032
H0010008,O002664,Qualification,Proposal,2025-03-09 12:00:00,S032
H0010009,O002664,Proposal,Negotiation,2025-04-03 15:00:00,S032
H0010010,O002664,Negotiation,Closed Won,2025-04-14 17:00:00,S032
H0010011,O002665,,Prospecting,2025-04-20 09:00:00,S016
H0010012,O002665,Prospecting,Qualification,2025-05-11 08:00:00,S016
H0010013,O002665,Qualification,Proposal,2025-05-14 13:00:00,S016
H0010014,O002665,Proposal,Negotiation,2025-05-21 14:00:00,S016
H0010015,O002666,,Prospecting,2023-10-27 09:00:00,S023
H0010016,O002666,Prospecting,Qualification,2023-11-14 08:00:00,S023
H0010017,O002666,Qualification,Proposal,2023-11-14 16:00:00,S023
H0010018,O002666,Proposal,Negotiation,2023-11-15 10:00:00,S023
H0010019,O002666,Negotiation,Closed Won,2023-11-19 16:00:00,S023
H0010020,O002667,,Prospecting,2025-05-16 09:00:00,S037
H0010021,O002667,Prospecting,Qualification,2025-06-16 08:00:00,S037
H0010022,O002667,Qualification,Proposal,2025-06-19 10:00:00,S037
H0010023,O002668,,Prospecting,2023-10-07 09:00:00,S009
H0010024,O002668,Prospecting,Closed Lost,2023-10-25 17:00:00,S009
H0010025,O002669,,Prospecting,2024-11-07 09:00:00,S006
H0010026,O002669,Prospecting,Qualification,2024-11-20 13:00:00,S006
H0010027,O002669,Qualification,Closed Lost,2024-12-27 12:00:00,S006
H0010028,O002670,,Prospecting,2025-03-19 09:00:00,S029
H0010029,O002670,Prospecting,Qualification,2025-04-26 17:00:00,S029
H0010030,O002670,Qualification,Closed Lost,2025-05-05 15:00:00,S029
H0010031,O002671,,Prospecting,2024-03-27 09:00:00,S016
H0010032,O002671,Prospecting,Qualification,2024-04-10 09:00:00,S016
H0010033,O002671,Qualification,Closed Lost,2024-04-28 10:00:00,S016
H0010034,O002672,,Prospecting,2025-03-31 09:00:00,S023
H0010035,O002672,Prospecting,Qualification,2025-04-07 12:00:00,S023
H0010036,O002672,Qualification,Proposal,2025-04-28 14:00:00,S023
H0010037,O002672,Proposal,Negotiation,2025-04-30 17:00:00,S023
H0010038,O002672,Negotiation,Closed Lost,2025-05-11 11:00:00,S023
H0010039,O002673,,Prospecting,2024-03-07 09:00:00,S002
H0010040,O002673,Prospecting,Qualification,2024-04-11 11:00:00,S002
H0010041,O002673,Qualification,Proposal,2024-05-02 17:00:00,S002
H0010042,O002673,Proposal,Negotiation,2024-05-25 17:00:00,S002
H0010043,O002673,Negotiation,Closed Lost,2024-05-30 13:00:00,S002
H0010044,O002674,,Prospecting,2025-03-23 09:00:00,S016
H0010045,O002674,Prospecting,Qualification,2025-03-28 09:00:00,S016
H0010046,O002674,Qualification,Proposal,2025-04-24 13:00:00,S016
H0010047,O002674,Proposal,Closed Lost,2025-06-09 12:00:00,S016
H0010048,O002675,,Prospecting,2023-08-11 09:00:00,S010
H0010049,O002675,Prospecting,Qualification,2023-08-14 12:00:00,S010
H0010050,O002675,Qualification,Proposal,2023-08-25 16:00:00,S010
H0010051,O002675,Proposal,Negotiation,2023-08-31 11:00:00,S010
H0010052,O002675,Negotiation,Closed Won,2023-09-01 12:00:00,S010
H0010053,O002676,,Prospecting,2023-08-18 09:00:00,S031
H0010054,O002676,Prospecting,Qualification,2023-08-23 08:00:00,S031
H0010055,O002676,Qualification,Proposal,2023-08-29 13:00:00,S031
H0010056,O002676,Proposal,Closed Lost,2023-09-21 11:00:00,S031
H0010057,O002677,,Prospecting,2025-02-19 09:00:00,S029
H0010058,O002677,Prospecting,Closed Lost,2025-03-12 09:00:00,S029
H0010059,O002678,,Prospecting,2025-04-20 09:00:00,S009
H0010060,O002678,Prospecting,Qualification,2025-05-23 11:00:00,S009
H0010061,O002678,Qualification,Proposal,2025-06-28 09:00:00,S009
H0010062,O002679,,Prospecting,2024-12-18 09:00:00,S040
H0010063,O002679,Prospecting,Closed Lost,2025-02-17 11:00:00,S040
H0010064,O002680,,Prospecting,2025-01-29 09:00:00,S040
H0010065,O002680,Prospecting,Qualification,2025-02-07 16:00:00,S040
H0010066,O002680,Qualification,Proposal,2025-02-11 09:00:00,S040
H0010067,O002680,Proposal,Negotiation,2025-03-20 15:00:00,S040
H0010068,O002680,Negotiation,Closed Won,2025-03-22 12:00:00,S040
H0010069,O002681,,Prospecting,2024-05-11 09:00:00,S039
H0010070,O002681,Prospecting,Qualification,2024-06-18 14:00:00,S039
H0010071,O002681,Qualification,Closed Lost,2024-07-09 13:00:00,S039
H0010072,O002682,,Prospecting,2023-11-08 09:00:00,S003
H0010073,O002682,Prospecting,Qualification,2023-11-14 16:00:00,S003
H0010074,O002682,Qualification,Proposal,2023-12-02 14:00:00,S003
H0010075,O002682,Proposal,Negotiation,2023-12-07 10:00:00,S003
H0010076,O002682,Negotiation,Closed Lost,2023-12-22 15:00:00,S003
H0010077,O002683,,Prospecting,2023-04-15 09:00:00,S035
H0010078,O002683,Prospecting,Qualification,2023-04-22 08:00:00,S035
H0010079,O002683,Qualification,Proposal,2023-04-29 12:00:00,S035
H0010080,O002683,Proposal,Negotiation,2023-04-29 10:00:00,S035
H0010081,O002683,Negotiation,Closed Won,2023-05-10 17:00:00,S035
H0010082,O002684,,Prospecting,2024-08-20 09:00:00,S038
H0010083,O002684,Prospecting,Qualification,2024-08-24 12:00:00,S038
H0010084,O002684,Qualification,Proposal,2024-09-23 15:00:00,S038
H0010085,O002684,Proposal,Negotiation,2024-09-24 13:00:00,S038
H0010086,O002684,Negotiation,Closed Won,2024-10-01 09:00:00,S038
H0010087,O002685,,Prospecting,2024-11-10 09:00:00,S001
H0010088,O002685,Prospecting,Qualification,2024-11-14 13:00:00,S001
H0010089,O002685,Qualification,Proposal,2024-11-15 08:00:00,S001
H0010090,O002685,Proposal,Negotiation,2024-11-16 09:00:00,S001
H0010091,O002685,Negotiation,Closed Lost,2024-11-20 10:00:00,S001
H0010092,O002686,,Prospecting,2025-04-18 09:00:00,S021
H0010093,O002686,Prospecting,Qualification,2025-04-22 13:00:00,S021
H0010094,O002686,Qualification,Closed Lost,2025-05-31 16:00:00,S021
H0010095,O002687,,Prospecting,2025-04-10 09:00:00,S009
H0010096,O002687,Prospecting,Qualification,2025-04-13 17:00:00,S009
H0010097,O002687,Qualification,Proposal,2025-04-19 09:00:00,S009
H0010098,O002687,Proposal,Negotiation,2025-04-21 17:00:00,S009
H0010099,O002687,Negotiation,Closed Lost,2025-05-03 11:00:00,S009
H0010100,O002688,,Prospecting,2025-03-03 09:00:00,S012
H0010101,O002688,Prospecting,Qualification,2025-03-04 12:00:00,S012
H0010102,O002688,Qualification,Proposal,2025-03-08 11:00:00,S012
H0010103,O002688,Proposal,Negotiation,2025-03-13 13:00:00,S012
H0010104,O002688,Negotiation,Closed Lost,2025-04-28 13:00:00,S012
H0010105,O002689,,Prospecting,2025-01-31 09:00:00,S032
H0010106,O002689,Prospecting,Qualification,2025-03-25 16:00:00,S032
H0010107,O002689,Qualification,Proposal,2025-05-14 17:00:00,S032
H0010108,O002689,Proposal,Negotiation,2025-06-01 17:00:00,S032
H0010109,O002690,,Prospecting,2025-05-12 09:00:00,S002
H0010110,O002690,Prospecting,Qualification,2025-06-01 14:00:00,S002
H0010111,O002691,,Prospecting,2024-11-15 09:00:00,S037
H0010112,O002691,Prospecting,Qualification,2024-11-20 16:00:00,S037
H0010113,O002691,Qualification,Proposal,2024-11-28 17:00:00,S037
H0010114,O002691,Proposal,Negotiation,2024-12-08 09:00:00,S037
H0010115,O002691,Negotiation,Closed Lost,2024-12-15 10:00:00,S037
H0010116,O002692,,Prospecting,2024-09-24 09:00:00,S009
H0010117,O002692,Prospecting,Qualification,2024-10-18 08:00:00,S009
H0010118,O002692,Qualification,Closed Lost,2024-12-25 12:00:00,S009
H0010119,O002693,,Prospecting,2025-01-31 09:00:00,S007
H0010120,O002693,Prospecting,Closed Lost,2025-03-14 11:00:00,S007
H0010121,O002694,,Prospecting,2024-03-18 09:00:00,S015
H0010122,O002694,Prospecting,Qualification,2024-03-29 09:00:00,S015
H0010123,O002694,Qualification,Proposal,2024-04-09 14:00:00,S015
H0010124,O002694,Proposal,Negotiation,2024-04-27 16:00:00,S015
H0010125,O002694,Negotiation,Closed Won,2024-05-10 13:00:00,S015
H0010126,O002695,,Prospecting,2024-09-13 09:00:00,S028
H0010127,O002695,Prospecting,Qualification,2024-10-07 11:00:00,S028
H0010128,O002695,Qualification,Proposal,2024-10-13 08:00:00,S028
H0010129,O002695,Proposal,Negotiation,2024-11-04 17:00:00,S028
H0010130,O002695,Negotiation,Closed Lost,2024-11-05 09:00:00,S028
H0010131,O002696,,Prospecting,2024-05-13 09:00:00,S022
H0010132,O002696,Prospecting,Qualification,2024-05-18 11:00:00,S022
H0010133,O002696,Qualification,Proposal,2024-06-09 13:00:00,S022
H0010134,O002696,Proposal,Negotiation,2024-06-30 08:00:00,S022
H0010135,O002696,Negotiation,Closed Won,2024-07-05 16:00:00,S022
H0010136,O002697,,Prospecting,2024-01-17 09:00:00,S004
H0010137,O002697,Prospecting,Qualification,2024-01-19 16:00:00,S004
H0010138,O002697,Qualification,Proposal,2024-02-05 08:00:00,S004
H0010139,O002697,Proposal,Negotiation,2024-02-06 15:00:00,S004
H0010140,O002697,Negotiation,Closed Won,2024-02-07 10:00:00,S004
H0010141,O002698,,Prospecting,2025-05-27 09:00:00,S002
H0010142,O002698,Prospecting,Qualification,2025-06-05 11:00:00,S002
H0010143,O002698,Qualification,Proposal,2025-06-25 14:00:00,S002
H0010144,O002699,,Prospecting,2024-08-18 09:00:00,S033
H0010145,O002699,Prospecting,Closed Lost,2024-10-15 17:00:00,S033
H0010146,O002700,,Prospecting,2023-07-10 09:00:00,S031
H0010147,O002700,Prospecting,Qualification,2023-07-28 14:00:00,S031
H0010148,O002700,Qualification,Proposal,2023-08-05 12:00:00,S031
H0010149,O002700,Proposal,Negotiation,2023-08-06 13:00:00,S031
H0010150,O002700,Negotiation,Closed Won,2023-09-13 16:00:00,S031
H0010151,O002701,,Prospecting,2024-11-18 09:00:00,S034
H0010152,O002701,Prospecting,Qualification,2024-12-08 14:00:00,S034
H0010153,O002701,Qualification,Proposal,2024-12-10 08:00:00,S034
H0010154,O002701,Proposal,Negotiation,2024-12-12 17:00:00,S034
H0010155,O002701,Negotiation,Closed Won,2024-12-17 11:00:00,S034
H0010156,O002702,,Prospecting,2024-06-23 09:00:00,S029
H0010157,O002702,Prospecting,Qualification,2024-06-26 14:00:00,S029
H0010158,O002702,Qualification,Proposal,2024-07-08 10:00:00,S029
H0010159,O002702,Proposal,Closed Lost,2024-07-27 09:00:00,S029
H0010160,O002703,,Prospecting,2023-01-01 09:00:00,S038
H0010161,O002703,Prospecting,Qualification,2023-01-18 17:00:00,S038
H0010162,O002703,Qualification,Proposal,2023-02-05 08:00:00,S038
H0010163,O002703,Proposal,Negotiation,2023-02-17 09:00:00,S038
H0010164,O002703,Negotiation,Closed Lost,2023-02-26 09:00:00,S038
H0010165,O002704,,Prospecting,2024-07-10 09:00:00,S011
H0010166,O002704,Prospecting,Qualification,2024-07-29 09:00:00,S011
H0010167,O002704,Qualification,Proposal,2024-08-02 12:00:00,S011
H0010168,O002704,Proposal,Negotiation,2024-09-15 08:00:00,S011
H0010169,O002704,Negotiation,Closed Won,2024-09-17 14:00:00,S011
H0010170,O002705,,Prospecting,2024-10-15 09:00:00,S016
H0010171,O002705,Prospecting,Qualification,2024-10-15 11:00:00,S016
H0010172,O002705,Qualification,Proposal,2024-11-13 13:00:00,S016
H0010173,O002705,Proposal,Closed Lost,2024-11-19 14:00:00,S016
H0010174,O002706,,Prospecting,2023-06-27 09:00:00,S029
H0010175,O002706,Prospecting,Qualification,2023-07-01 11:00:00,S029
H0010176,O002706,Qualification,Proposal,2023-07-01 17:00:00,S029
H0010177,O002706,Proposal,Negotiation,2023-07-14 12:00:00,S029
H0010178,O002706,Negotiation,Closed Won,2023-07-18 10:00:00,S029
H0010179,O002707,,Prospecting,2024-01-06 09:00:00,S002
H0010180,O002707,Prospecting,Closed Lost,2024-03-05 16:00:00,S002
H0010181,O002708,,Prospecting,2023-09-21 09:00:00,S001
H0010182,O002708,Prospecting,Qualification,2023-11-15 12:00:00,S001
H0010183,O002708,Qualification,Proposal,2023-11-25 11:00:00,S001
H0010184,O002708,Proposal,Negotiation,2023-12-06 15:00:00,S001
H0010185,O002708,Negotiation,Closed Won,2023-12-10 11:00:00,S001
H0010186,O002709,,Prospecting,2024-03-27 09:00:00,S012
H0010187,O002709,Prospecting,Closed Lost,2024-06-23 12:00:00,S012
H0010188,O002710,,Prospecting,2023-12-11 09:00:00,S029
H0010189,O002710,Prospecting,Closed Lost,2024-01-27 13:00:00,S029
H0010190,O002711,,Prospecting,2024-01-30 09:00:00,S012
H0010191,O002711,Prospecting,Qualification,2024-02-29 12:00:00,S012
H0010192,O002711,Qualification,Proposal,2024-03-07 11:00:00,S012
H0010193,O002711,Proposal,Negotiation,2024-03-16 10:00:00,S012
H0010194,O002711,Negotiation,Closed Won,2024-04-08 16:00:00,S012
H0010195,O002712,,Prospecting,2025-03-08 09:00:00,S019
H0010196,O002712,Prospecting,Qualification,2025-04-08 17:00:00,S019
H0010197,O002712,Qualification,Proposal,2025-04-15 15:00:00,S019
H0010198,O002712,Proposal,Negotiation,2025-05-02 14:00:00,S019
H0010199,O002712,Negotiation,Closed Won,2025-05-24 17:00:00,S019
H0010200,O002713,,Prospecting,2025-05-09 09:00:00,S035
H0010201,O002713,Prospecting,Qualification,2025-05-16 17:00:00,S035
H0010202,O002713,Qualification,Proposal,2025-05-31 16:00:00,S035
H0010203,O002714,,Prospecting,2024-04-14 09:00:00,S027
H0010204,O002714,Prospecting,Qualification,2024-05-13 13:00:00,S027
H0010205,O002714,Qualification,Proposal,2024-05-24 10:00:00,S027
H0010206,O002714,Proposal,Closed Lost,2024-05-31 10:00:00,S027
H0010207,O002715,,Prospecting,2024-08-30 09:00:00,S023
H0010208,O002715,Prospecting,Qualification,2024-08-31 08:00:00,S023
H0010209,O002715,Qualification,Proposal,2024-09-20 14:00:00,S023
H0010210,O002715,Proposal,Closed Lost,2024-10-04 17:00:00,S023
H0010211,O002716,,Prospecting,2023-02-17 09:00:00,S019
H0010212,O002716,Prospecting,Qualification,2023-02-23 13:00:00,S019
H0010213,O002716,Qualification,Proposal,2023-02-24 11:00:00,S019
H0010214,O002716,Proposal,Negotiation,2023-03-09 08:00:00,S019
H0010215,O002716,Negotiation,Closed Won,2023-03-16 16:00:00,S019
H0010216,O002717,,Prospecting,2023-10-09 09:00:00,S023
H0010217,O002717,Prospecting,Qualification,2023-11-16 09:00:00,S023
H0010218,O002717,Qualification,Closed Lost,2023-12-03 10:00:00,S023
H0010219,O002718,,Prospecting,2023-08-31 09:00:00,S023
H0010220,O002718,Prospecting,Qualification,2023-09-28 09:00:00,S023
H0010221,O002718,Qualification,Proposal,2023-10-20 13:00:00,S023
H0010222,O002718,Proposal,Closed Lost,2023-10-21 11:00:00,S023
H0010223,O002719,,Prospecting,2024-07-14 09:00:00,S031
H0010224,O002719,Prospecting,Qualification,2024-07-14 15:00:00,S031
H0010225,O002719,Qualification,Proposal,2024-07-22 11:00:00,S031
H0010226,O002719,Proposal,Negotiation,2024-08-26 09:00:00,S031
H0010227,O002719,Negotiation,Closed Won,2024-09-10 10:00:00,S031
H0010228,O002720,,Prospecting,2025-04-08 09:00:00,S030
H0010229,O002720,Prospecting,Qualification,2025-04-26 10:00:00,S030
H0010230,O002720,Qualification,Proposal,2025-04-29 14:00:00,S030
H0010231,O002720,Proposal,Negotiation,2025-05-02 16:00:00,S030
H0010232,O002720,Negotiation,Closed Won,2025-05-05 17:00:00,S030
H0010233,O002721,,Prospecting,2023-11-19 09:00:00,S029
H0010234,O002721,Prospecting,Qualification,2023-11-19 13:00:00,S029
H0010235,O002721,Qualification,Proposal,2023-11-20 08:00:00,S029
H0010236,O002721,Proposal,Negotiation,2023-11-23 09:00:00,S029
H0010237,O002721,Negotiation,Closed Won,2023-12-01 16:00:00,S029
H0010238,O002722,,Prospecting,2025-06-15 09:00:00,S028
H0010239,O002722,Prospecting,Qualification,2025-06-24 12:00:00,S028
H0010240,O002723,,Prospecting,2024-07-21 09:00:00,S005
H0010241,O002723,Prospecting,Closed Lost,2024-09-06 14:00:00,S005
H0010242,O002724,,Prospecting,2025-03-09 09:00:00,S038
H0010243,O002724,Prospecting,Qualification,2025-04-21 09:00:00,S038
H0010244,O002724,Qualification,Proposal,2025-05-26 12:00:00,S038
H0010245,O002724,Proposal,Negotiation,2025-06-04 17:00:00,S038
H0010246,O002725,,Prospecting,2025-05-24 09:00:00,S009
H0010247,O002725,Prospecting,Qualification,2025-06-20 14:00:00,S009
H0010248,O002726,,Prospecting,2024-05-28 09:00:00,S031
H0010249,O002726,Prospecting,Qualification,2024-06-09 09:00:00,S031
H0010250,O002726,Qualification,Proposal,2024-06-10 10:00:00,S031
H0010251,O002726,Proposal,Negotiation,2024-06-14 10:00:00,S031
H0010252,O002726,Negotiation,Closed Won,2024-06-18 10:00:00,S031
H0010253,O002727,,Prospecting,2024-09-23 09:00:00,S023
H0010254,O002727,Prospecting,Qualification,2024-10-06 14:00:00,S023
H0010255,O002727,Qualification,Proposal,2024-10-10 10:00:00,S023
H0010256,O002727,Proposal,Closed Lost,2024-10-22 16:00:00,S023
H0010257,O002728,,Prospecting,2024-04-11 09:00:00,S026
H0010258,O002728,Prospecting,Closed Lost,2024-06-17 14:00:00,S026
H0010259,O002729,,Prospecting,2024-01-10 09:00:00,S022
H0010260,O002729,Prospecting,Qualification,2024-01-17 16:00:00,S022
H0010261,O002729,Qualification,Proposal,2024-02-04 11:00:00,S022
H0010262,O002729,Proposal,Negotiation,2024-02-12 11:00:00,S022
H0010263,O002729,Negotiation,Closed Won,2024-03-17 17:00:00,S022
H0010264,O002730,,Prospecting,2024-02-06 09:00:00,S017
H0010265,O002730,Prospecting,Qualification,2024-02-07 14:00:00,S017
H0010266,O002730,Qualification,Proposal,2024-02-09 11:00:00,S017
H0010267,O002730,Proposal,Negotiation,2024-02-11 12:00:00,S017
H0010268,O002730,Negotiation,Closed Won,2024-02-17 09:00:00,S017
H0010269,O002731,,Prospecting,2024-09-28 09:00:00,S005
H0010270,O002731,Prospecting,Qualification,2024-10-17 13:00:00,S005
H0010271,O002731,Qualification,Proposal,2024-12-31 11:00:00,S005
H0010272,O002731,Proposal,Closed Lost,2025-01-16 12:00:00,S005
H0010273,O002732,,Prospecting,2025-03-11 09:00:00,S022
H0010274,O002732,Prospecting,Qualification,2025-03-15 10:00:00,S022
H0010275,O002732,Qualification,Closed Lost,2025-04-10 12:00:00,S022
H0010276,O002733,,Prospecting,2024-07-05 09:00:00,S023
H0010277,O002733,Prospecting,Qualification,2024-07-19 13:00:00,S023
H0010278,O002733,Qualification,Proposal,2024-07-25 17:00:00,S023
H0010279,O002733,Proposal,Negotiation,2024-08-23 10:00:00,S023
H0010280,O002733,Negotiation,Closed Won,2024-08-29 15:00:00,S023
H0010281,O002734,,Prospecting,2024-06-15 09:00:00,S021
H0010282,O002734,Prospecting,Qualification,2024-07-05 11:00:00,S021
H0010283,O002734,Qualification,Closed Lost,2024-07-12 16:00:00,S021
H0010284,O002735,,Prospecting,2023-02-12 09:00:00,S031
H0010285,O002735,Prospecting,Qualification,2023-02-20 14:00:00,S031
H0010286,O002735,Qualification,Proposal,2023-03-27 08:00:00,S031
H0010287,O002735,Proposal,Negotiation,2023-04-21 15:00:00,S031
H0010288,O002735,Negotiation,Closed Won,2023-05-03 16:00:00,S031
H0010289,O002736,,Prospecting,2024-02-18 09:00:00,S022
H0010290,O002736,Prospecting,Qualification,2024-02-24 08:00:00,S022
H0010291,O002736,Qualification,Proposal,2024-03-15 12:00:00,S022
H0010292,O002736,Proposal,Negotiation,2024-03-31 08:00:00,S022
H0010293,O002736,Negotiation,Closed Lost,2024-04-02 13:00:00,S022
H0010294,O002737,,Prospecting,2024-06-08 09:00:00,S016
H0010295,O002737,Prospecting,Qualification,2024-07-18 10:00:00,S016
H0010296,O002737,Qualification,Proposal,2024-08-09 14:00:00,S016
H0010297,O002737,Proposal,Negotiation,2024-08-21 13:00:00,S016
H0010298,O002737,Negotiation,Closed Lost,2024-08-24 14:00:00,S016
H0010299,O002738,,Prospecting,2025-03-27 09:00:00,S008
H0010300,O002738,Prospecting,Qualification,2025-04-10 09:00:00,S008
H0010301,O002738,Qualification,Proposal,2025-04-22 16:00:00,S008
H0010302,O002738,Proposal,Negotiation,2025-06-08 17:00:00,S008
H0010303,O002739,,Prospecting,2024-01-06 09:00:00,S029
H0010304,O002739,Prospecting,Qualification,2024-01-14 17:00:00,S029
H0010305,O002739,Qualification,Proposal,2024-02-04 12:00:00,S029
H0010306,O002739,Proposal,Negotiation,2024-02-06 13:00:00,S029
H0010307,O002739,Negotiation,Closed Lost,2024-02-15 14:00:00,S029
H0010308,O002740,,Prospecting,2023-02-15 09:00:00,S010
H0010309,O002740,Prospecting,Qualification,2023-03-03 12:00:00,S010
H0010310,O002740,Qualification,Proposal,2023-03-09 09:00:00,S010
H0010311,O002740,Proposal,Negotiation,2023-03-09 13:00:00,S010
H0010312,O002740,Negotiation,Closed Won,2023-04-06 12:00:00,S010
H0010313,O002741,,Prospecting,2023-02-14 09:00:00,S024
H0010314,O002741,Prospecting,Closed Lost,2023-04-17 13:00:00,S024
H0010315,O002742,,Prospecting,2023-12-13 09:00:00,S012
H0010316,O002742,Prospecting,Qualification,2024-01-13 17:00:00,S012
H0010317,O002742,Qualification,Proposal,2024-02-23 15:00:00,S012
H0010318,O002742,Proposal,Negotiation,2024-02-27 14:00:00,S012
H0010319,O002742,Negotiation,Closed Lost,2024-03-03 16:00:00,S012
H0010320,O002743,,Prospecting,2024-09-25 09:00:00,S002
H0010321,O002743,Prospecting,Qualification,2024-10-04 16:00:00,S002
H0010322,O002743,Qualification,Proposal,2024-10-17 08:00:00,S002
H0010323,O002743,Proposal,Negotiation,2024-11-18 17:00:00,S002
H0010324,O002743,Negotiation,Closed Lost,2024-12-01 14:00:00,S002
H0010325,O002744,,Prospecting,2024-10-13 09:00:00,S028
H0010326,O002744,Prospecting,Qualification,2024-10-14 13:00:00,S028
H0010327,O002744,Qualification,Proposal,2024-10-29 16:00:00,S028
H0010328,O002744,Proposal,Negotiation,2024-11-19 09:00:00,S028
H0010329,O002744,Negotiation,Closed Won,2024-12-06 12:00:00,S028
H0010330,O002745,,Prospecting,2025-05-17 09:00:00,S025
H0010331,O002745,Prospecting,Qualification,2025-05-29 09:00:00,S025
H0010332,O002745,Qualification,Proposal,2025-06-05 11:00:00,S025
H0010333,O002745,Proposal,Negotiation,2025-06-27 16:00:00,S025
H0010334,O002746,,Prospecting,2024-11-23 09:00:00,S012
H0010335,O002746,Prospecting,Qualification,2024-12-13 16:00:00,S012
H0010336,O002746,Qualification,Proposal,2024-12-15 17:00:00,S012
H0010337,O002746,Proposal,Negotiation,2024-12-25 11:00:00,S012
H0010338,O002746,Negotiation,Closed Won,2024-12-31 15:00:00,S012
H0010339,O002747,,Prospecting,2023-09-03 09:00:00,S018
H0010340,O002747,Prospecting,Qualification,2023-09-20 12:00:00,S018
H0010341,O002747,Qualification,Proposal,2023-10-20 15:00:00,S018
H0010342,O002747,Proposal,Negotiation,2023-10-24 12:00:00,S018
H0010343,O002747,Negotiation,Closed Won,2023-11-07 09:00:00,S018
H0010344,O002748,,Prospecting,2025-03-31 09:00:00,S008
H0010345,O002748,Prospecting,Qualification,2025-05-06 08:00:00,S008
H0010346,O002748,Qualification,Proposal,2025-05-23 11:00:00,S008
H0010347,O002748,Proposal,Negotiation,2025-05-29 09:00:00,S008
H0010348,O002748,Negotiation,Closed Lost,2025-05-31 09:00:00,S008
H0010349,O002749,,Prospecting,2025-06-20 09:00:00,S029
H0010350,O002750,,Prospecting,2024-07-09 09:00:00,S007
H0010351,O002750,Prospecting,Qualification,2024-07-10 10:00:00,S007
H0010352,O002750,Qualification,Closed Lost,2024-09-13 16:00:00,S007
H0010353,O002751,,Prospecting,2024-09-16 09:00:00,S004
H0010354,O002751,Prospecting,Qualification,2024-09-24 09:00:00,S004
H0010355,O002751,Qualification,Closed Lost,2024-10-10 10:00:00,S004
H0010356,O002752,,Prospecting,2023-07-28 09:00:00,S029
H0010357,O002752,Prospecting,Qualification,2023-08-23 10:00:00,S029
H0010358,O002752,Qualification,Proposal,2023-08-31 12:00:00,S029
H0010359,O002752,Proposal,Closed Lost,2023-09-04 15:00:00,S029
H0010360,O002753,,Prospecting,2025-06-13 09:00:00,S033
H0010361,O002754,,Prospecting,2023-03-19 09:00:00,S009
H0010362,O002754,Prospecting,Qualification,2023-03-29 09:00:00,S009
H0010363,O002754,Qualification,Proposal,2023-03-30 12:00:00,S009
H0010364,O002754,Proposal,Negotiation,2023-05-18 14:00:00,S009
H0010365,O002754,Negotiation,Closed Won,2023-06-19 16:00:00,S009
H0010366,O002755,,Prospecting,2023-02-25 09:00:00,S029
H0010367,O002755,Prospecting,Qualification,2023-04-01 13:00:00,S029
H0010368,O002755,Qualification,Closed Lost,2023-05-21 11:00:00,S029
H0010369,O002756,,Prospecting,2023-12-31 09:00:00,S022
H0010370,O002756,Prospecting,Qualification,2024-01-19 17:00:00,S022
H0010371,O002756,Qualification,Proposal,2024-01-27 13:00:00,S022
H0010372,O002756,Proposal,Closed Lost,2024-02-07 12:00:00,S022
H0010373,O002757,,Prospecting,2023-07-14 09:00:00,S025
H0010374,O002757,Prospecting,Qualification,2023-07-26 11:00:00,S025
H0010375,O002757,Qualification,Proposal,2023-08-09 14:00:00,S025
H0010376,O002757,Proposal,Closed Lost,2023-08-14 12:00:00,S025
H0010377,O002758,,Prospecting,2023-05-14 09:00:00,S008
H0010378,O002758,Prospecting,Qualification,2023-05-14 13:00:00,S008
H0010379,O002758,Qualification,Proposal,2023-06-10 09:00:00,S008
H0010380,O002758,Proposal,Negotiation,2023-06-25 09:00:00,S008
H0010381,O002758,Negotiation,Closed Won,2023-06-29 10:00:00,S008
H0010382,O002759,,Prospecting,2024-06-22 09:00:00,S023
H0010383,O002759,Prospecting,Qualification,2024-06-23 11:00:00,S023
H0010384,O002759,Qualification,Proposal,2024-07-09 16:00:00,S023
H0010385,O002759,Proposal,Negotiation,2024-07-18 11:00:00,S023
H0010386,O002759,Negotiation,Closed Lost,2024-07-20 10:00:00,S023
H0010387,O002760,,Prospecting,2023-05-21 09:00:00,S009
H0010388,O002760,Prospecting,Qualification,2023-07-18 13:00:00,S009
H0010389,O002760,Qualification,Closed Lost,2023-10-06 16:00:00,S009
H0010390,O002761,,Prospecting,2025-04-13 09:00:00,S020
H0010391,O002761,Prospecting,Qualification,2025-04-25 10:00:00,S020
H0010392,O002761,Qualification,Proposal,2025-06-24 10:00:00,S020
H0010393,O002762,,Prospecting,2025-06-07 09:00:00,S008
H0010394,O002763,,Prospecting,2025-05-16 09:00:00,S025
H0010395,O002763,Prospecting,Qualification,2025-06-18 13:00:00,S025
H0010396,O002764,,Prospecting,2023-12-03 09:00:00,S024
H0010397,O002764,Prospecting,Qualification,2024-01-07 14:00:00,S024
H0010398,O002764,Qualification,Proposal,2024-01-10 14:00:00,S024
H0010399,O002764,Proposal,Negotiation,2024-01-26 15:00:00,S024
H0010400,O002764,Negotiation,Closed Won,2024-02-05 11:00:00,S024
H0010401,O002765,,Prospecting,2023-08-17 09:00:00,S010
H0010402,O002765,Prospecting,Qualification,2023-08-17 16:00:00,S010
H0010403,O002765,Qualification,Proposal,2023-08-26 14:00:00,S010
H0010404,O002765,Proposal,Closed Lost,2023-08-30 10:00:00,S010
H0010405,O002766,,Prospecting,2025-05-20 09:00:00,S032
H0010406,O002766,Prospecting,Qualification,2025-06-15 16:00:00,S032
H0010407,O002767,,Prospecting,2025-03-16 09:00:00,S022
H0010408,O002767,Prospecting,Qualification,2025-04-01 09:00:00,S022
H0010409,O002767,Qualification,Proposal,2025-06-09 14:00:00,S022
H0010410,O002767,Proposal,Negotiation,2025-06-28 09:00:00,S022
H0010411,O002767,Negotiation,Closed Won,2025-06-29 17:00:00,S022
H0010412,O002768,,Prospecting,2023-05-20 09:00:00,S031
H0010413,O002768,Prospecting,Qualification,2023-05-21 14:00:00,S031
H0010414,O002768,Qualification,Proposal,2023-05-28 16:00:00,S031
H0010415,O002768,Proposal,Negotiation,2023-05-31 14:00:00,S031
H0010416,O002768,Negotiation,Closed Won,2023-07-07 17:00:00,S031
H0010417,O002769,,Prospecting,2025-05-20 09:00:00,S023
H0010418,O002769,Prospecting,Qualification,2025-06-08 10:00:00,S023
H0010419,O002769,Qualification,Proposal,2025-06-26 14:00:00,S023
H0010420,O002770,,Prospecting,2024-11-06 09:00:00,S035
H0010421,O002770,Prospecting,Qualification,2024-11-25 09:00:00,S035
H0010422,O002770,Qualification,Proposal,2024-12-06 11:00:00,S035
H0010423,O002770,Proposal,Negotiation,2024-12-07 09:00:00,S035
H0010424,O002770,Negotiation,Closed Lost,2024-12-08 11:00:00,S035
H0010425,O002771,,Prospecting,2024-11-01 09:00:00,S023
H0010426,O002771,Prospecting,Qualification,2024-12-24 08:00:00,S023
H0010427,O002771,Qualification,Proposal,2025-02-03 11:00:00,S023
H0010428,O002771,Proposal,Negotiation,2025-02-14 13:00:00,S023
H0010429,O002771,Negotiation,Closed Lost,2025-02-15 12:00:00,S023
H0010430,O002772,,Prospecting,2025-05-23 09:00:00,S036
H0010431,O002772,Prospecting,Closed Lost,2025-06-30 13:00:00,S036
H0010432,O002773,,Prospecting,2024-10-29 09:00:00,S013
H0010433,O002773,Prospecting,Qualification,2024-11-11 17:00:00,S013
H0010434,O002773,Qualification,Proposal,2025-01-06 13:00:00,S013
H0010435,O002773,Proposal,Negotiation,2025-02-03 10:00:00,S013
H0010436,O002773,Negotiation,Closed Lost,2025-02-13 09:00:00,S013
H0010437,O002774,,Prospecting,2024-03-09 09:00:00,S021
H0010438,O002774,Prospecting,Qualification,2024-03-27 15:00:00,S021
H0010439,O002774,Qualification,Proposal,2024-04-06 13:00:00,S021
H0010440,O002774,Proposal,Closed Lost,2024-04-14 14:00:00,S021
H0010441,O002775,,Prospecting,2025-04-14 09:00:00,S021
H0010442,O002775,Prospecting,Qualification,2025-04-26 15:00:00,S021
H0010443,O002775,Qualification,Proposal,2025-06-08 17:00:00,S021
H0010444,O002775,Proposal,Negotiation,2025-06-23 09:00:00,S021
H0010445,O002776,,Prospecting,2024-05-30 09:00:00,S011
H0010446,O002776,Prospecting,Qualification,2024-06-03 08:00:00,S011
H0010447,O002776,Qualification,Proposal,2024-07-10 11:00:00,S011
H0010448,O002776,Proposal,Closed Lost,2024-07-25 12:00:00,S011
H0010449,O002777,,Prospecting,2023-04-28 09:00:00,S033
H0010450,O002777,Prospecting,Qualification,2023-05-14 12:00:00,S033
H0010451,O002777,Qualification,Closed Lost,2023-05-20 17:00:00,S033
H0010452,O002778,,Prospecting,2024-05-04 09:00:00,S022
H0010453,O002778,Prospecting,Qualification,2024-05-27 12:00:00,S022
H0010454,O002778,Qualification,Proposal,2024-06-06 12:00:00,S022
H0010455,O002778,Proposal,Closed Lost,2024-06-12 16:00:00,S022
H0010456,O002779,,Prospecting,2023-08-28 09:00:00,S014
H0010457,O002779,Prospecting,Qualification,2023-09-04 11:00:00,S014
H0010458,O002779,Qualification,Proposal,2023-09-09 15:00:00,S014
H0010459,O002779,Proposal,Negotiation,2023-09-12 10:00:00,S014
H0010460,O002779,Negotiation,Closed Lost,2023-09-27 14:00:00,S014
H0010461,O002780,,Prospecting,2024-07-30 09:00:00,S035
H0010462,O002780,Prospecting,Qualification,2024-08-20 11:00:00,S035
H0010463,O002780,Qualification,Proposal,2024-08-31 10:00:00,S035
H0010464,O002780,Proposal,Negotiation,2024-09-02 13:00:00,S035
H0010465,O002780,Negotiation,Closed Won,2024-09-08 15:00:00,S035
H0010466,O002781,,Prospecting,2023-03-15 09:00:00,S002
H0010467,O002781,Prospecting,Qualification,2023-03-22 14:00:00,S002
H0010468,O002781,Qualification,Proposal,2023-04-09 10:00:00,S002
H0010469,O002781,Proposal,Negotiation,2023-04-17 12:00:00,S002
H0010470,O002781,Negotiation,Closed Won,2023-05-18 09:00:00,S002
H0010471,O002782,,Prospecting,2024-10-10 09:00:00,S034
H0010472,O002782,Prospecting,Qualification,2024-10-29 10:00:00,S034
H0010473,O002782,Qualification,Proposal,2024-11-27 17:00:00,S034
H0010474,O002782,Proposal,Negotiation,2024-12-01 14:00:00,S034
H0010475,O002782,Negotiation,Closed Won,2024-12-03 09:00:00,S034
H0010476,O002783,,Prospecting,2023-01-20 09:00:00,S034
H0010477,O002783,Prospecting,Qualification,2023-01-24 09:00:00,S034
H0010478,O002783,Qualification,Proposal,2023-01-26 17:00:00,S034
H0010479,O002783,Proposal,Negotiation,2023-02-10 16:00:00,S034
H0010480,O002783,Negotiation,Closed Won,2023-02-18 12:00:00,S034
H0010481,O002784,,Prospecting,2025-05-28 09:00:00,S026
H0010482,O002784,Prospecting,Qualification,2025-05-30 09:00:00,S026
H0010483,O002784,Qualification,Proposal,2025-06-16 14:00:00,S026
H0010484,O002785,,Prospecting,2025-02-19 09:00:00,S022
H0010485,O002785,Prospecting,Qualification,2025-03-08 17:00:00,S022
H0010486,O002785,Qualification,Closed Lost,2025-03-18 12:00:00,S022
H0010487,O002786,,Prospecting,2025-03-12 09:00:00,S002
H0010488,O002786,Prospecting,Qualification,2025-04-05 14:00:00,S002
H0010489,O002786,Qualification,Proposal,2025-04-11 08:00:00,S002
H0010490,O002786,Proposal,Negotiation,2025-04-13 16:00:00,S002
H0010491,O002786,Negotiation,Closed Won,2025-05-18 11:00:00,S002
H0010492,O002787,,Prospecting,2023-11-17 09:00:00,S023
H0010493,O002787,Prospecting,Qualification,2023-12-10 12:00:00,S023
H0010494,O002787,Qualification,Proposal,2023-12-26 09:00:00,S023
H0010495,O002787,Proposal,Closed Lost,2024-02-02 09:00:00,S023
H0010496,O002788,,Prospecting,2025-02-02 09:00:00,S004
H0010497,O002788,Prospecting,Qualification,2025-02-17 08:00:00,S004
H0010498,O002788,Qualification,Proposal,2025-03-03 11:00:00,S004
H0010499,O002788,Proposal,Negotiation,2025-05-12 17:00:00,S004
H0010500,O002788,Negotiation,Closed Won,2025-05-28 10:00:00,S004
H0010501,O002789,,Prospecting,2025-04-15 09:00:00,S011
H0010502,O002789,Prospecting,Qualification,2025-05-01 11:00:00,S011
H0010503,O002789,Qualification,Proposal,2025-05-15 08:00:00,S011
H0010504,O002789,Proposal,Negotiation,2025-06-14 17:00:00,S011
H0010505,O002789,Negotiation,Closed Won,2025-06-28 10:00:00,S011
H0010506,O002790,,Prospecting,2023-02-14 09:00:00,S023
H0010507,O002790,Prospecting,Qualification,2023-02-18 14:00:00,S023
H0010508,O002790,Qualification,Proposal,2023-03-05 10:00:00,S023
H0010509,O002790,Proposal,Negotiation,2023-04-21 10:00:00,S023
H0010510,O002790,Negotiation,Closed Won,2023-04-24 14:00:00,S023
H0010511,O002791,,Prospecting,2024-04-10 09:00:00,S019
H0010512,O002791,Prospecting,Qualification,2024-04-12 16:00:00,S019
H0010513,O002791,Qualification,Proposal,2024-04-30 17:00:00,S019
H0010514,O002791,Proposal,Negotiation,2024-05-26 14:00:00,S019
H0010515,O002791,Negotiation,Closed Lost,2024-06-13 12:00:00,S019
H0010516,O002792,,Prospecting,2025-01-31 09:00:00,S009
H0010517,O002792,Prospecting,Qualification,2025-03-04 09:00:00,S009
H0010518,O002792,Qualification,Proposal,2025-03-06 16:00:00,S009
H0010519,O002792,Proposal,Negotiation,2025-03-15 13:00:00,S009
H0010520,O002792,Negotiation,Closed Lost,2025-03-16 12:00:00,S009
H0010521,O002793,,Prospecting,2025-03-23 09:00:00,S026
H0010522,O002793,Prospecting,Qualification,2025-04-07 14:00:00,S026
H0010523,O002793,Qualification,Proposal,2025-04-11 15:00:00,S026
H0010524,O002793,Proposal,Negotiation,2025-04-18 12:00:00,S026
H0010525,O002793,Negotiation,Closed Won,2025-05-14 10:00:00,S026
H0010526,O002794,,Prospecting,2025-05-26 09:00:00,S005
H0010527,O002794,Prospecting,Qualification,2025-06-02 08:00:00,S005
H0010528,O002794,Qualification,Proposal,2025-06-23 13:00:00,S005
H0010529,O002795,,Prospecting,2023-07-10 09:00:00,S038
H0010530,O002795,Prospecting,Qualification,2023-07-23 10:00:00,S038
H0010531,O002795,Qualification,Closed Lost,2023-07-31 09:00:00,S038
H0010532,O002796,,Prospecting,2024-03-25 09:00:00,S009
H0010533,O002796,Prospecting,Closed Lost,2024-05-05 12:00:00,S009
H0010534,O002797,,Prospecting,2023-01-09 09:00:00,S032
H0010535,O002797,Prospecting,Qualification,2023-01-24 10:00:00,S032
H0010536,O002797,Qualification,Proposal,2023-03-13 14:00:00,S032
H0010537,O002797,Proposal,Negotiation,2023-04-14 12:00:00,S032
H0010538,O002797,Negotiation,Closed Lost,2023-05-07 17:00:00,S032
H0010539,O002798,,Prospecting,2025-04-15 09:00:00,S010
H0010540,O002798,Prospecting,Closed Lost,2025-05-18 13:00:00,S010
H0010541,O002799,,Prospecting,2025-02-10 09:00:00,S005
H0010542,O002799,Prospecting,Qualification,2025-02-12 09:00:00,S005
H0010543,O002799,Qualification,Proposal,2025-02-15 13:00:00,S005
H0010544,O002799,Proposal,Closed Lost,2025-03-01 15:00:00,S005
H0010545,O002800,,Prospecting,2024-11-11 09:00:00,S018
H0010546,O002800,Prospecting,Qualification,2024-11-12 14:00:00,S018
H0010547,O002800,Qualification,Proposal,2024-11-12 13:00:00,S018
H0010548,O002800,Proposal,Negotiation,2024-12-04 10:00:00,S018
H0010549,O002800,Negotiation,Closed Won,2024-12-13 09:00:00,S018
H0010550,O002801,,Prospecting,2025-05-18 09:00:00,S031
H0010551,O002801,Prospecting,Closed Lost,2025-06-30 12:00:00,S031
H0010552,O002802,,Prospecting,2023-02-09 09:00:00,S037
H0010553,O002802,Prospecting,Qualification,2023-02-28 17:00:00,S037
H0010554,O002802,Qualification,Proposal,2023-04-25 08:00:00,S037
H0010555,O002802,Proposal,Negotiation,2023-05-09 11:00:00,S037
H0010556,O002802,Negotiation,Closed Won,2023-05-30 11:00:00,S037
H0010557,O002803,,Prospecting,2023-05-25 09:00:00,S018
H0010558,O002803,Prospecting,Qualification,2023-06-15 11:00:00,S018
H0010559,O002803,Qualification,Closed Lost,2023-07-02 10:00:00,S018
H0010560,O002804,,Prospecting,2025-02-07 09:00:00,S036
H0010561,O002804,Prospecting,Qualification,2025-02-14 17:00:00,S036
H0010562,O002804,Qualification,Proposal,2025-02-15 16:00:00,S036
H0010563,O002804,Proposal,Negotiation,2025-03-05 12:00:00,S036
H0010564,O002804,Negotiation,Closed Won,2025-03-07 13:00:00,S036
H0010565,O002805,,Prospecting,2025-05-13 09:00:00,S027
H0010566,O002805,Prospecting,Qualification,2025-06-01 16:00:00,S027
H0010567,O002805,Qualification,Proposal,2025-06-07 13:00:00,S027
H0010568,O002805,Proposal,Negotiation,2025-06-09 12:00:00,S027
H0010569,O002805,Negotiation,Closed Won,2025-06-25 13:00:00,S027
H0010570,O002806,,Prospecting,2024-06-29 09:00:00,S016
H0010571,O002806,Prospecting,Closed Lost,2024-11-01 16:00:00,S016
H0010572,O002807,,Prospecting,2025-05-27 09:00:00,S040
H0010573,O002807,Prospecting,Qualification,2025-06-25 11:00:00,S040
H0010574,O002808,,Prospecting,2025-06-08 09:00:00,S031
H0010575,O002808,Prospecting,Qualification,2025-06-09 15:00:00,S031
H0010576,O002808,Qualification,Closed Lost,2025-06-18 16:00:00,S031
H0010577,O002809,,Prospecting,2023-02-12 09:00:00,S031
H0010578,O002809,Prospecting,Closed Lost,2023-03-04 10:00:00,S031
H0010579,O002810,,Prospecting,2025-06-27 09:00:00,S012
H0010580,O002811,,Prospecting,2025-02-04 09:00:00,S004
H0010581,O002811,Prospecting,Qualification,2025-02-08 16:00:00,S004
H0010582,O002811,Qualification,Closed Lost,2025-03-22 12:00:00,S004
H0010583,O002812,,Prospecting,2025-05-04 09:00:00,S033
H0010584,O002812,Prospecting,Qualification,2025-05-04 08:00:00,S033
H0010585,O002812,Qualification,Proposal,2025-05-14 17:00:00,S033
H0010586,O002812,Proposal,Negotiation,2025-06-15 11:00:00,S033
H0010587,O002813,,Prospecting,2024-03-12 09:00:00,S001
H0010588,O002813,Prospecting,Closed Lost,2024-04-22 17:00:00,S001
H0010589,O002814,,Prospecting,2025-04-06 09:00:00,S036
H0010590,O002814,Prospecting,Qualification,2025-05-25 11:00:00,S036
H0010591,O002814,Qualification,Closed Lost,2025-06-16 15:00:00,S036
H0010592,O002815,,Prospecting,2023-11-26 09:00:00,S019
H0010593,O002815,Prospecting,Qualification,2023-12-10 14:00:00,S019
H0010594,O002815,Qualification,Proposal,2024-01-05 11:00:00,S019
H0010595,O002815,Proposal,Closed Lost,2024-01-10 17:00:00,S019
H0010596,O002816,,Prospecting,2023-12-09 09:00:00,S014
H0010597,O002816,Prospecting,Qualification,2024-01-11 13:00:00,S014
H0010598,O002816,Qualification,Proposal,2024-01-14 08:00:00,S014
H0010599,O002816,Proposal,Closed Lost,2024-03-01 14:00:00,S014
H0010600,O002817,,Prospecting,2025-06-17 09:00:00,S011
H0010601,O002818,,Prospecting,2023-01-26 09:00:00,S023
H0010602,O002818,Prospecting,Qualification,2023-02-14 12:00:00,S023
H0010603,O002818,Qualification,Closed Lost,2023-02-16 16:00:00,S023
H0010604,O002819,,Prospecting,2025-02-17 09:00:00,S002
H0010605,O002819,Prospecting,Qualification,2025-04-25 16:00:00,S002
H0010606,O002819,Qualification,Proposal,2025-05-02 14:00:00,S002
H0010607,O002819,Proposal,Closed Lost,2025-06-01 17:00:00,S002
H0010608,O002820,,Prospecting,2023-11-21 09:00:00,S035
H0010609,O002820,Prospecting,Qualification,2023-12-19 13:00:00,S035
H0010610,O002820,Qualification,Closed Lost,2023-12-22 16:00:00,S035
H0010611,O002821,,Prospecting,2024-10-22 09:00:00,S002
H0010612,O002821,Prospecting,Qualification,2024-11-20 12:00:00,S002
H0010613,O002821,Qualification,Closed Lost,2024-12-11 13:00:00,S002
H0010614,O002822,,Prospecting,2025-06-18 09:00:00,S003
H0010615,O002823,,Prospecting,2024-01-14 09:00:00,S023
H0010616,O002823,Prospecting,Qualification,2024-01-16 10:00:00,S023
H0010617,O002823,Qualification,Proposal,2024-02-08 13:00:00,S023
H0010618,O002823,Proposal,Negotiation,2024-05-13 13:00:00,S023
H0010619,O002823,Negotiation,Closed Won,2024-05-23 09:00:00,S023
H0010620,O002824,,Prospecting,2023-08-05 09:00:00,S023
H0010621,O002824,Prospecting,Qualification,2023-10-20 17:00:00,S023
H0010622,O002824,Qualification,Proposal,2023-11-13 10:00:00,S023
H0010623,O002824,Proposal,Closed Lost,2023-11-21 11:00:00,S023
H0010624,O002825,,Prospecting,2025-03-24 09:00:00,S008
H0010625,O002825,Prospecting,Qualification,2025-03-27 10:00:00,S008
H0010626,O002825,Qualification,Proposal,2025-04-07 17:00:00,S008
H0010627,O002825,Proposal,Negotiation,2025-05-16 09:00:00,S008
H0010628,O002825,Negotiation,Closed Lost,2025-05-25 12:00:00,S008
H0010629,O002826,,Prospecting,2025-05-07 09:00:00,S029
H0010630,O002826,Prospecting,Qualification,2025-05-14 13:00:00,S029
H0010631,O002826,Qualification,Proposal,2025-05-25 16:00:00,S029
H0010632,O002826,Proposal,Closed Lost,2025-05-27 16:00:00,S029
H0010633,O002827,,Prospecting,2025-05-22 09:00:00,S026
H0010634,O002827,Prospecting,Qualification,2025-06-02 17:00:00,S026
H0010635,O002828,,Prospecting,2024-03-19 09:00:00,S015
H0010636,O002828,Prospecting,Qualification,2024-04-03 12:00:00,S015
H0010637,O002828,Qualification,Proposal,2024-04-17 16:00:00,S015
H0010638,O002828,Proposal,Negotiation,2024-05-01 11:00:00,S015
H0010639,O002828,Negotiation,Closed Lost,2024-05-03 14:00:00,S015
H0010640,O002829,,Prospecting,2024-09-06 09:00:00,S040
H0010641,O002829,Prospecting,Qualification,2024-09-15 14:00:00,S040
H0010642,O002829,Qualification,Proposal,2024-09-29 16:00:00,S040
H0010643,O002829,Proposal,Negotiation,2024-10-10 11:00:00,S040
H0010644,O002829,Negotiation,Closed Won,2024-10-28 13:00:00,S040
H0010645,O002830,,Prospecting,2023-07-30 09:00:00,S035
H0010646,O002830,Prospecting,Qualification,2023-08-02 14:00:00,S035
H0010647,O002830,Qualification,Closed Lost,2023-08-27 14:00:00,S035
H0010648,O002831,,Prospecting,2023-08-11 09:00:00,S027
H0010649,O002831,Prospecting,Closed Lost,2023-10-30 10:00:00,S027
H0010650,O002832,,Prospecting,2023-07-03 09:00:00,S018
H0010651,O002832,Prospecting,Qualification,2023-07-04 14:00:00,S018
H0010652,O002832,Qualification,Proposal,2023-07-05 14:00:00,S018
H0010653,O002832,Proposal,Negotiation,2023-08-06 17:00:00,S018
H0010654,O002832,Negotiation,Closed Won,2023-09-11 14:00:00,S018
H0010655,O002833,,Prospecting,2024-01-04 09:00:00,S014
H0010656,O002833,Prospecting,Closed Lost,2024-03-02 14:00:00,S014
H0010657,O002834,,Prospecting,2023-04-22 09:00:00,S011
H0010658,O002834,Prospecting,Closed Lost,2023-05-30 09:00:00,S011
H0010659,O002835,,Prospecting,2024-10-03 09:00:00,S037
H0010660,O002835,Prospecting,Closed Lost,2024-12-03 10:00:00,S037
H0010661,O002836,,Prospecting,2024-02-13 09:00:00,S017
H0010662,O002836,Prospecting,Qualification,2024-02-14 14:00:00,S017
H0010663,O002836,Qualification,Proposal,2024-02-19 14:00:00,S017
H0010664,O002836,Proposal,Negotiation,2024-03-29 09:00:00,S017
H0010665,O002836,Negotiation,Closed Lost,2024-04-13 11:00:00,S017
H0010666,O002837,,Prospecting,2023-11-28 09:00:00,S027
H0010667,O002837,Prospecting,Qualification,2023-12-06 12:00:00,S027
H0010668,O002837,Qualification,Proposal,2023-12-17 09:00:00,S027
H0010669,O002837,Proposal,Negotiation,2024-02-08 15:00:00,S027
H0010670,O002837,Negotiation,Closed Won,2024-02-19 09:00:00,S027
H0010671,O002838,,Prospecting,2024-03-11 09:00:00,S008
H0010672,O002838,Prospecting,Closed Lost,2024-04-20 16:00:00,S008
H0010673,O002839,,Prospecting,2023-04-17 09:00:00,S002
H0010674,O002839,Prospecting,Closed Lost,2023-07-26 09:00:00,S002
H0010675,O002840,,Prospecting,2025-03-26 09:00:00,S011
H0010676,O002840,Prospecting,Qualification,2025-04-02 13:00:00,S011
H0010677,O002840,Qualification,Closed Lost,2025-04-07 14:00:00,S011
H0010678,O002841,,Prospecting,2023-12-09 09:00:00,S019
H0010679,O002841,Prospecting,Qualification,2023-12-22 16:00:00,S019
H0010680,O002841,Qualification,Proposal,2024-01-16 14:00:00,S019
H0010681,O002841,Proposal,Negotiation,2024-01-21 16:00:00,S019
H0010682,O002841,Negotiation,Closed Won,2024-01-24 17:00:00,S019
H0010683,O002842,,Prospecting,2025-03-17 09:00:00,S025
H0010684,O002842,Prospecting,Qualification,2025-03-29 17:00:00,S025
H0010685,O002842,Qualification,Proposal,2025-03-29 09:00:00,S025
H0010686,O002842,Proposal,Negotiation,2025-03-29 13:00:00,S025
H0010687,O002842,Negotiation,Closed Won,2025-04-27 10:00:00,S025
H0010688,O002843,,Prospecting,2025-02-18 09:00:00,S014
H0010689,O002843,Prospecting,Qualification,2025-06-08 17:00:00,S014
H0010690,O002843,Qualification,Closed Lost,2025-06-27 16:00:00,S014
H0010691,O002844,,Prospecting,2024-01-26 09:00:00,S037
H0010692,O002844,Prospecting,Qualification,2024-01-26 13:00:00,S037
H0010693,O002844,Qualification,Proposal,2024-02-03 09:00:00,S037
H0010694,O002844,Proposal,Negotiation,2024-02-17 12:00:00,S037
H0010695,O002844,Negotiation,Closed Won,2024-02-29 10:00:00,S037
H0010696,O002845,,Prospecting,2024-02-07 09:00:00,S018
H0010697,O002845,Prospecting,Qualification,2024-03-11 17:00:00,S018
H0010698,O002845,Qualification,Proposal,2024-03-15 17:00:00,S018
H0010699,O002845,Proposal,Closed Lost,2024-04-02 10:00:00,S018
H0010700,O002846,,Prospecting,2023-07-18 09:00:00,S002
H0010701,O002846,Prospecting,Qualification,2023-07-21 10:00:00,S002
H0010702,O002846,Qualification,Proposal,2023-07-29 16:00:00,S002
H0010703,O002846,Proposal,Negotiation,2023-08-27 12:00:00,S002
H0010704,O002846,Negotiation,Closed Won,2023-08-30 13:00:00,S002
H0010705,O002847,,Prospecting,2024-10-24 09:00:00,S021
H0010706,O002847,Prospecting,Qualification,2024-12-06 13:00:00,S021
H0010707,O002847,Qualification,Closed Lost,2024-12-07 12:00:00,S021
H0010708,O002848,,Prospecting,2023-11-23 09:00:00,S014
H0010709,O002848,Prospecting,Qualification,2023-12-09 11:00:00,S014
H0010710,O002848,Qualification,Proposal,2023-12-27 13:00:00,S014
H0010711,O002848,Proposal,Negotiation,2024-01-15 17:00:00,S014
H0010712,O002848,Negotiation,Closed Lost,2024-02-09 15:00:00,S014
H0010713,O002849,,Prospecting,2025-05-04 09:00:00,S001
H0010714,O002849,Prospecting,Closed Lost,2025-05-12 15:00:00,S001
H0010715,O002850,,Prospecting,2025-03-12 09:00:00,S016
H0010716,O002850,Prospecting,Qualification,2025-03-12 17:00:00,S016
H0010717,O002850,Qualification,Proposal,2025-04-22 10:00:00,S016
H0010718,O002850,Proposal,Closed Lost,2025-05-03 17:00:00,S016
H0010719,O002851,,Prospecting,2025-02-10 09:00:00,S034
H0010720,O002851,Prospecting,Closed Lost,2025-02-28 15:00:00,S034
H0010721,O002852,,Prospecting,2024-12-31 09:00:00,S024
H0010722,O002852,Prospecting,Qualification,2025-02-09 13:00:00,S024
H0010723,O002852,Qualification,Closed Lost,2025-02-14 11:00:00,S024
H0010724,O002853,,Prospecting,2023-05-30 09:00:00,S023
H0010725,O002853,Prospecting,Qualification,2023-05-31 10:00:00,S023
H0010726,O002853,Qualification,Proposal,2023-06-03 12:00:00,S023
H0010727,O002853,Proposal,Negotiation,2023-06-08 17:00:00,S023
H0010728,O002853,Negotiation,Closed Lost,2023-06-09 14:00:00,S023
H0010729,O002854,,Prospecting,2024-01-09 09:00:00,S021
H0010730,O002854,Prospecting,Closed Lost,2024-02-09 15:00:00,S021
H0010731,O002855,,Prospecting,2023-09-20 09:00:00,S008
H0010732,O002855,Prospecting,Qualification,2023-10-26 08:00:00,S008
H0010733,O002855,Qualification,Closed Lost,2023-12-05 11:00:00,S008
H0010734,O002856,,Prospecting,2023-03-07 09:00:00,S029
H0010735,O002856,Prospecting,Qualification,2023-03-11 12:00:00,S029
H0010736,O002856,Qualification,Proposal,2023-03-13 17:00:00,S029
H0010737,O002856,Proposal,Closed Lost,2023-03-25 12:00:00,S029
H0010738,O002857,,Prospecting,2023-01-03 09:00:00,S009
H0010739,O002857,Prospecting,Qualification,2023-01-20 14:00:00,S009
H0010740,O002857,Qualification,Closed Lost,2023-02-09 14:00:00,S009
H0010741,O002858,,Prospecting,2023-10-18 09:00:00,S038
H0010742,O002858,Prospecting,Qualification,2023-11-11 16:00:00,S038
H0010743,O002858,Qualification,Closed Lost,2023-11-16 14:00:00,S038
H0010744,O002859,,Prospecting,2025-06-02 09:00:00,S016
H0010745,O002859,Prospecting,Qualification,2025-06-19 14:00:00,S016
H0010746,O002860,,Prospecting,2024-08-31 09:00:00,S023
H0010747,O002860,Prospecting,Closed Lost,2024-10-05 16:00:00,S023
H0010748,O002861,,Prospecting,2024-12-07 09:00:00,S029
H0010749,O002861,Prospecting,Qualification,2024-12-07 15:00:00,S029
H0010750,O002861,Qualification,Proposal,2024-12-09 16:00:00,S029
H0010751,O002861,Proposal,Negotiation,2024-12-12 08:00:00,S029
H0010752,O002861,Negotiation,Closed Lost,2024-12-20 09:00:00,S029
H0010753,O002862,,Prospecting,2025-05-22 09:00:00,S031
H0010754,O002862,Prospecting,Qualification,2025-06-08 14:00:00,S031
H0010755,O002863,,Prospecting,2024-03-13 09:00:00,S023
H0010756,O002863,Prospecting,Qualification,2024-03-21 09:00:00,S023
H0010757,O002863,Qualification,Proposal,2024-04-02 13:00:00,S023
H0010758,O002863,Proposal,Negotiation,2024-04-18 16:00:00,S023
H0010759,O002863,Negotiation,Closed Won,2024-06-12 13:00:00,S023
H0010760,O002864,,Prospecting,2025-02-16 09:00:00,S009
H0010761,O002864,Prospecting,Closed Lost,2025-04-13 10:00:00,S009
H0010762,O002865,,Prospecting,2023-03-28 09:00:00,S020
H0010763,O002865,Prospecting,Qualification,2023-04-03 13:00:00,S020
H0010764,O002865,Qualification,Proposal,2023-04-07 14:00:00,S020
H0010765,O002865,Proposal,Negotiation,2023-04-25 11:00:00,S020
H0010766,O002865,Negotiation,Closed Won,2023-05-29 17:00:00,S020
H0010767,O002866,,Prospecting,2023-02-21 09:00:00,S040
H0010768,O002866,Prospecting,Closed Lost,2023-03-25 11:00:00,S040
H0010769,O002867,,Prospecting,2025-05-14 09:00:00,S009
H0010770,O002867,Prospecting,Qualification,2025-05-28 08:00:00,S009
H0010771,O002867,Qualification,Proposal,2025-06-19 16:00:00,S009
H0010772,O002868,,Prospecting,2025-06-25 09:00:00,S010
H0010773,O002869,,Prospecting,2025-06-27 09:00:00,S020
H0010774,O002870,,Prospecting,2025-05-07 09:00:00,S010
H0010775,O002870,Prospecting,Qualification,2025-05-10 16:00:00,S010
H0010776,O002870,Qualification,Proposal,2025-05-16 15:00:00,S010
H0010777,O002871,,Prospecting,2023-08-09 09:00:00,S009
H0010778,O002871,Prospecting,Qualification,2023-10-14 12:00:00,S009
H0010779,O002871,Qualification,Closed Lost,2023-11-19 11:00:00,S009
H0010780,O002872,,Prospecting,2025-03-23 09:00:00,S035
H0010781,O002872,Prospecting,Closed Lost,2025-05-07 10:00:00,S035
H0010782,O002873,,Prospecting,2024-05-28 09:00:00,S006
H0010783,O002873,Prospecting,Closed Lost,2024-06-28 14:00:00,S006
H0010784,O002874,,Prospecting,2025-01-21 09:00:00,S018
H0010785,O002874,Prospecting,Closed Lost,2025-05-12 15:00:00,S018
H0010786,O002875,,Prospecting,2025-04-13 09:00:00,S017
H0010787,O002875,Prospecting,Qualification,2025-05-12 12:00:00,S017
H0010788,O002875,Qualification,Closed Lost,2025-05-27 11:00:00,S017
H0010789,O002876,,Prospecting,2025-04-02 09:00:00,S029
H0010790,O002876,Prospecting,Closed Lost,2025-05-18 15:00:00,S029
H0010791,O002877,,Prospecting,2024-11-13 09:00:00,S029
H0010792,O002877,Prospecting,Qualification,2024-12-19 16:00:00,S029
H0010793,O002877,Qualification,Closed Lost,2025-01-12 14:00:00,S029
H0010794,O002878,,Prospecting,2025-02-03 09:00:00,S015
H0010795,O002878,Prospecting,Qualification,2025-03-03 14:00:00,S015
H0010796,O002878,Qualification,Proposal,2025-03-08 16:00:00,S015
H0010797,O002878,Proposal,Negotiation,2025-03-23 17:00:00,S015
H0010798,O002879,,Prospecting,2025-01-25 09:00:00,S022
H0010799,O002879,Prospecting,Qualification,2025-02-19 11:00:00,S022
H0010800,O002879,Qualification,Closed Lost,2025-02-23 16:00:00,S022
H0010801,O002880,,Prospecting,2023-06-12 09:00:00,S012
H0010802,O002880,Prospecting,Qualification,2023-06-19 13:00:00,S012
H0010803,O002880,Qualification,Proposal,2023-08-31 09:00:00,S012
H0010804,O002880,Proposal,Closed Lost,2023-09-13 10:00:00,S012
H0010805,O002881,,Prospecting,2023-09-07 09:00:00,S015
H0010806,O002881,Prospecting,Qualification,2023-12-05 12:00:00,S015
H0010807,O002881,Qualification,Proposal,2024-01-11 11:00:00,S015
H0010808,O002881,Proposal,Closed Lost,2024-01-15 13:00:00,S015
H0010809,O002882,,Prospecting,2023-07-13 09:00:00,S012
H0010810,O002882,Prospecting,Closed Lost,2023-10-23 09:00:00,S012
H0010811,O002883,,Prospecting,2025-04-30 09:00:00,S026
H0010812,O002883,Prospecting,Qualification,2025-05-11 16:00:00,S026
H0010813,O002883,Qualification,Proposal,2025-05-26 13:00:00,S026
H0010814,O002883,Proposal,Negotiation,2025-06-11 09:00:00,S026
H0010815,O002884,,Prospecting,2024-04-30 09:00:00,S037
H0010816,O002884,Prospecting,Qualification,2024-05-13 17:00:00,S037
H0010817,O002884,Qualification,Proposal,2024-05-24 14:00:00,S037
H0010818,O002884,Proposal,Negotiation,2024-06-18 12:00:00,S037
H0010819,O002884,Negotiation,Closed Lost,2024-07-30 15:00:00,S037
H0010820,O002885,,Prospecting,2025-06-14 09:00:00,S015
H0010821,O002886,,Prospecting,2025-06-18 09:00:00,S029
H0010822,O002887,,Prospecting,2024-09-06 09:00:00,S001
H0010823,O002887,Prospecting,Qualification,2024-09-16 13:00:00,S001
H0010824,O002887,Qualification,Proposal,2024-10-02 13:00:00,S001
H0010825,O002887,Proposal,Negotiation,2024-10-31 14:00:00,S001
H0010826,O002887,Negotiation,Closed Lost,2024-11-04 12:00:00,S001
H0010827,O002888,,Prospecting,2024-02-07 09:00:00,S019
H0010828,O002888,Prospecting,Qualification,2024-02-07 11:00:00,S019
H0010829,O002888,Qualification,Proposal,2024-02-10 13:00:00,S019
H0010830,O002888,Proposal,Negotiation,2024-02-14 12:00:00,S019
H0010831,O002888,Negotiation,Closed Lost,2024-02-22 12:00:00,S019
H0010832,O002889,,Prospecting,2025-02-24 09:00:00,S011
H0010833,O002889,Prospecting,Qualification,2025-03-02 14:00:00,S011
H0010834,O002889,Qualification,Proposal,2025-03-03 08:00:00,S011
H0010835,O002889,Proposal,Negotiation,2025-03-05 08:00:00,S011
H0010836,O002889,Negotiation,Closed Won,2025-03-16 15:00:00,S011
H0010837,O002890,,Prospecting,2023-11-22 09:00:00,S028
H0010838,O002890,Prospecting,Qualification,2023-12-01 15:00:00,S028
H0010839,O002890,Qualification,Proposal,2023-12-20 09:00:00,S028
H0010840,O002890,Proposal,Closed Lost,2023-12-21 17:00:00,S028
H0010841,O002891,,Prospecting,2023-01-30 09:00:00,S027
H0010842,O002891,Prospecting,Qualification,2023-04-05 13:00:00,S027
H0010843,O002891,Qualification,Closed Lost,2023-04-23 12:00:00,S027
H0010844,O002892,,Prospecting,2023-10-27 09:00:00,S022
H0010845,O002892,Prospecting,Qualification,2023-10-28 15:00:00,S022
H0010846,O002892,Qualification,Proposal,2023-10-31 11:00:00,S022
H0010847,O002892,Proposal,Closed Lost,2023-11-13 15:00:00,S022
H0010848,O002893,,Prospecting,2024-06-01 09:00:00,S031
H0010849,O002893,Prospecting,Qualification,2024-07-01 09:00:00,S031
H0010850,O002893,Qualification,Proposal,2024-07-24 14:00:00,S031
H0010851,O002893,Proposal,Negotiation,2024-07-27 13:00:00,S031
H0010852,O002893,Negotiation,Closed Won,2024-07-29 12:00:00,S031
H0010853,O002894,,Prospecting,2024-05-07 09:00:00,S030
H0010854,O002894,Prospecting,Qualification,2024-05-11 10:00:00,S030
H0010855,O002894,Qualification,Proposal,2024-05-25 13:00:00,S030
H0010856,O002894,Proposal,Negotiation,2024-05-30 11:00:00,S030
H0010857,O002894,Negotiation,Closed Lost,2024-06-01 09:00:00,S030
H0010858,O002895,,Prospecting,2025-05-05 09:00:00,S019
H0010859,O002895,Prospecting,Closed Lost,2025-05-30 10:00:00,S019
H0010860,O002896,,Prospecting,2025-03-02 09:00:00,S032
H0010861,O002896,Prospecting,Qualification,2025-03-14 13:00:00,S032
H0010862,O002896,Qualification,Proposal,2025-05-15 15:00:00,S032
H0010863,O002896,Proposal,Negotiation,2025-05-21 10:00:00,S032
H0010864,O002896,Negotiation,Closed Won,2025-06-04 09:00:00,S032
H0010865,O002897,,Prospecting,2025-04-07 09:00:00,S013
H0010866,O002897,Prospecting,Qualification,2025-04-09 11:00:00,S013
H0010867,O002897,Qualification,Proposal,2025-04-21 15:00:00,S013
H0010868,O002897,Proposal,Negotiation,2025-04-23 17:00:00,S013
H0010869,O002897,Negotiation,Closed Lost,2025-05-05 15:00:00,S013
H0010870,O002898,,Prospecting,2023-07-23 09:00:00,S018
H0010871,O002898,Prospecting,Qualification,2023-08-24 14:00:00,S018
H0010872,O002898,Qualification,Proposal,2023-09-17 17:00:00,S018
H0010873,O002898,Proposal,Negotiation,2023-09-23 17:00:00,S018
H0010874,O002898,Negotiation,Closed Won,2023-09-26 15:00:00,S018
H0010875,O002899,,Prospecting,2023-04-01 09:00:00,S007
H0010876,O002899,Prospecting,Closed Lost,2023-04-20 15:00:00,S007
H0010877,O002900,,Prospecting,2024-08-18 09:00:00,S025
H0010878,O002900,Prospecting,Closed Lost,2024-12-13 10:00:00,S025
H0010879,O002901,,Prospecting,2023-08-06 09:00:00,S012
H0010880,O002901,Prospecting,Qualification,2023-08-23 11:00:00,S012
H0010881,O002901,Qualification,Proposal,2023-09-16 16:00:00,S012
H0010882,O002901,Proposal,Closed Lost,2023-10-24 10:00:00,S012
H0010883,O002902,,Prospecting,2025-03-20 09:00:00,S026
H0010884,O002902,Prospecting,Qualification,2025-04-01 17:00:00,S026
H0010885,O002902,Qualification,Proposal,2025-04-07 14:00:00,S026
H0010886,O002902,Proposal,Negotiation,2025-04-19 14:00:00,S026
H0010887,O002902,Negotiation,Closed Won,2025-04-25 16:00:00,S026
H0010888,O002903,,Prospecting,2025-05-10 09:00:00,S014
H0010889,O002903,Prospecting,Qualification,2025-05-13 09:00:00,S014
H0010890,O002903,Qualification,Proposal,2025-06-09 09:00:00,S014
H0010891,O002903,Proposal,Negotiation,2025-06-18 16:00:00,S014
H0010892,O002904,,Prospecting,2023-07-04 09:00:00,S015
H0010893,O002904,Prospecting,Qualification,2023-07-16 09:00:00,S015
H0010894,O002904,Qualification,Closed Lost,2023-09-14 15:00:00,S015
H0010895,O002905,,Prospecting,2025-06-05 09:00:00,S040
H0010896,O002905,Prospecting,Qualification,2025-06-21 08:00:00,S040
H0010897,O002906,,Prospecting,2023-11-19 09:00:00,S021
H0010898,O002906,Prospecting,Qualification,2023-12-11 14:00:00,S021
H0010899,O002906,Qualification,Closed Lost,2024-01-10 09:00:00,S021
H0010900,O002907,,Prospecting,2025-03-21 09:00:00,S035
H0010901,O002907,Prospecting,Qualification,2025-03-21 09:00:00,S035
H0010902,O002907,Qualification,Proposal,2025-03-21 15:00:00,S035
H0010903,O002907,Proposal,Negotiation,2025-03-25 17:00:00,S035
H0010904,O002907,Negotiation,Closed Won,2025-04-08 15:00:00,S035
H0010905,O002908,,Prospecting,2024-01-24 09:00:00,S008
H0010906,O002908,Prospecting,Qualification,2024-02-02 09:00:00,S008
H0010907,O002908,Qualification,Proposal,2024-02-20 16:00:00,S008
H0010908,O002908,Proposal,Negotiation,2024-02-26 14:00:00,S008
H0010909,O002908,Negotiation,Closed Won,2024-02-27 13:00:00,S008
H0010910,O002909,,Prospecting,2025-06-21 09:00:00,S025
H0010911,O002910,,Prospecting,2025-04-23 09:00:00,S023
H0010912,O002910,Prospecting,Qualification,2025-05-14 14:00:00,S023
H0010913,O002910,Qualification,Closed Lost,2025-06-09 09:00:00,S023
H0010914,O002911,,Prospecting,2024-09-20 09:00:00,S009
H0010915,O002911,Prospecting,Qualification,2024-09-29 16:00:00,S009
H0010916,O002911,Qualification,Proposal,2024-11-20 10:00:00,S009
H0010917,O002911,Proposal,Negotiation,2024-11-30 09:00:00,S009
H0010918,O002911,Negotiation,Closed Won,2024-12-15 15:00:00,S009
H0010919,O002912,,Prospecting,2025-02-04 09:00:00,S032
H0010920,O002912,Prospecting,Qualification,2025-02-10 14:00:00,S032
H0010921,O002912,Qualification,Proposal,2025-02-15 09:00:00,S032
H0010922,O002912,Proposal,Negotiation,2025-02-25 10:00:00,S032
H0010923,O002912,Negotiation,Closed Lost,2025-02-26 11:00:00,S032
H0010924,O002913,,Prospecting,2024-10-23 09:00:00,S038
H0010925,O002913,Prospecting,Qualification,2024-11-03 10:00:00,S038
H0010926,O002913,Qualification,Proposal,2025-01-01 13:00:00,S038
H0010927,O002913,Proposal,Negotiation,2025-01-27 09:00:00,S038
H0010928,O002913,Negotiation,Closed Won,2025-02-07 13:00:00,S038
H0010929,O002914,,Prospecting,2024-01-04 09:00:00,S020
H0010930,O002914,Prospecting,Qualification,2024-02-29 09:00:00,S020
H0010931,O002914,Qualification,Proposal,2024-03-20 13:00:00,S020
H0010932,O002914,Proposal,Negotiation,2024-03-26 15:00:00,S020
H0010933,O002914,Negotiation,Closed Won,2024-03-29 16:00:00,S020
H0010934,O002915,,Prospecting,2024-08-05 09:00:00,S013
H0010935,O002915,Prospecting,Qualification,2024-08-10 08:00:00,S013
H0010936,O002915,Qualification,Proposal,2024-08-15 11:00:00,S013
H0010937,O002915,Proposal,Negotiation,2024-08-18 15:00:00,S013
H0010938,O002915,Negotiation,Closed Lost,2024-08-28 13:00:00,S013
H0010939,O002916,,Prospecting,2025-05-29 09:00:00,S016
H0010940,O002916,Prospecting,Qualification,2025-06-14 09:00:00,S016
H0010941,O002917,,Prospecting,2024-02-29 09:00:00,S017
H0010942,O002917,Prospecting,Qualification,2024-03-18 08:00:00,S017
H0010943,O002917,Qualification,Proposal,2024-03-31 15:00:00,S017
H0010944,O002917,Proposal,Negotiation,2024-04-11 08:00:00,S017
H0010945,O002917,Negotiation,Closed Won,2024-04-21 17:00:00,S017
H0010946,O002918,,Prospecting,2025-05-03 09:00:00,S037
H0010947,O002918,Prospecting,Qualification,2025-05-08 13:00:00,S037
H0010948,O002918,Qualification,Proposal,2025-05-23 17:00:00,S037
H0010949,O002918,Proposal,Negotiation,2025-05-26 12:00:00,S037
H0010950,O002919,,Prospecting,2023-12-24 09:00:00,S030
H0010951,O002919,Prospecting,Qualification,2024-01-02 16:00:00,S030
H0010952,O002919,Qualification,Proposal,2024-02-10 08:00:00,S030
H0010953,O002919,Proposal,Negotiation,2024-02-15 10:00:00,S030
H0010954,O002919,Negotiation,Closed Won,2024-02-27 13:00:00,S030
H0010955,O002920,,Prospecting,2024-02-21 09:00:00,S027
H0010956,O002920,Prospecting,Qualification,2024-02-21 14:00:00,S027
H0010957,O002920,Qualification,Proposal,2024-02-24 13:00:00,S027
H0010958,O002920,Proposal,Closed Lost,2024-04-06 11:00:00,S027
H0010959,O002921,,Prospecting,2025-03-17 09:00:00,S033
H0010960,O002921,Prospecting,Qualification,2025-03-26 11:00:00,S033
H0010961,O002921,Qualification,Proposal,2025-04-11 09:00:00,S033
H0010962,O002921,Proposal,Closed Lost,2025-04-12 10:00:00,S033
H0010963,O002922,,Prospecting,2025-03-18 09:00:00,S013
H0010964,O002922,Prospecting,Qualification,2025-03-29 16:00:00,S013
H0010965,O002922,Qualification,Proposal,2025-05-08 16:00:00,S013
H0010966,O002922,Proposal,Negotiation,2025-05-21 17:00:00,S013
H0010967,O002922,Negotiation,Closed Lost,2025-05-25 17:00:00,S013
H0010968,O002923,,Prospecting,2024-02-11 09:00:00,S010
H0010969,O002923,Prospecting,Closed Lost,2024-02-27 11:00:00,S010
H0010970,O002924,,Prospecting,2025-06-10 09:00:00,S036
H0010971,O002924,Prospecting,Qualification,2025-06-25 13:00:00,S036
H0010972,O002925,,Prospecting,2024-11-04 09:00:00,S038
H0010973,O002925,Prospecting,Qualification,2024-11-21 15:00:00,S038
H0010974,O002925,Qualification,Proposal,2024-12-24 15:00:00,S038
H0010975,O002925,Proposal,Negotiation,2025-03-05 14:00:00,S038
H0010976,O002925,Negotiation,Closed Lost,2025-03-30 13:00:00,S038
H0010977,O002926,,Prospecting,2025-04-01 09:00:00,S013
H0010978,O002926,Prospecting,Qualification,2025-05-23 17:00:00,S013
H0010979,O002926,Qualification,Closed Lost,2025-06-21 13:00:00,S013
H0010980,O002927,,Prospecting,2024-03-08 09:00:00,S019
H0010981,O002927,Prospecting,Qualification,2024-03-23 12:00:00,S019
H0010982,O002927,Qualification,Proposal,2024-03-29 14:00:00,S019
H0010983,O002927,Proposal,Negotiation,2024-04-06 15:00:00,S019
H0010984,O002927,Negotiation,Closed Won,2024-04-11 17:00:00,S019
H0010985,O002928,,Prospecting,2024-03-30 09:00:00,S010
H0010986,O002928,Prospecting,Qualification,2024-04-16 10:00:00,S010
H0010987,O002928,Qualification,Proposal,2024-04-27 13:00:00,S010
H0010988,O002928,Proposal,Negotiation,2024-05-02 16:00:00,S010
H0010989,O002928,Negotiation,Closed Lost,2024-05-17 14:00:00,S010
H0010990,O002929,,Prospecting,2025-02-08 09:00:00,S035
H0010991,O002929,Prospecting,Qualification,2025-03-27 17:00:00,S035
H0010992,O002929,Qualification,Proposal,2025-04-09 17:00:00,S035
H0010993,O002929,Proposal,Negotiation,2025-06-06 14:00:00,S035
H0010994,O002930,,Prospecting,2024-04-28 09:00:00,S005
H0010995,O002930,Prospecting,Qualification,2024-09-27 13:00:00,S005
H0010996,O002930,Qualification,Proposal,2024-10-01 16:00:00,S005
H0010997,O002930,Proposal,Negotiation,2024-11-08 09:00:00,S005
H0010998,O002930,Negotiation,Closed Won,2024-12-06 11:00:00,S005
H0010999,O002931,,Prospecting,2025-06-10 09:00:00,S037
H0011000,O002932,,Prospecting,2024-12-26 09:00:00,S027
H0011001,O002932,Prospecting,Qualification,2025-02-02 15:00:00,S027
H0011002,O002932,Qualification,Proposal,2025-02-09 09:00:00,S027
H0011003,O002932,Proposal,Closed Lost,2025-03-07 17:00:00,S027
H0011004,O002933,,Prospecting,2023-07-28 09:00:00,S020
H0011005,O002933,Prospecting,Qualification,2023-08-12 12:00:00,S020
H0011006,O002933,Qualification,Closed Lost,2023-10-02 09:00:00,S020
H0011007,O002934,,Prospecting,2025-03-04 09:00:00,S010
H0011008,O002934,Prospecting,Qualification,2025-03-25 16:00:00,S010
H0011009,O002934,Qualification,Proposal,2025-05-30 08:00:00,S010
H0011010,O002934,Proposal,Negotiation,2025-06-21 16:00:00,S010
H0011011,O002935,,Prospecting,2025-03-19 09:00:00,S008
H0011012,O002935,Prospecting,Qualification,2025-04-22 14:00:00,S008
H0011013,O002935,Qualification,Proposal,2025-05-02 08:00:00,S008
H0011014,O002935,Proposal,Negotiation,2025-05-23 08:00:00,S008
H0011015,O002935,Negotiation,Closed Won,2025-05-29 15:00:00,S008
H0011016,O002936,,Prospecting,2025-03-11 09:00:00,S005
H0011017,O002936,Prospecting,Qualification,2025-04-05 10:00:00,S005
H0011018,O002936,Qualification,Proposal,2025-04-24 09:00:00,S005
H0011019,O002936,Proposal,Negotiation,2025-05-03 09:00:00,S005
H0011020,O002936,Negotiation,Closed Won,2025-05-12 09:00:00,S005
H0011021,O002937,,Prospecting,2024-03-03 09:00:00,S020
H0011022,O002937,Prospecting,Closed Lost,2024-03-31 12:00:00,S020
H0011023,O002938,,Prospecting,2024-09-16 09:00:00,S005
H0011024,O002938,Prospecting,Qualification,2024-10-18 15:00:00,S005
H0011025,O002938,Qualification,Closed Lost,2024-11-18 14:00:00,S005
H0011026,O002939,,Prospecting,2023-08-01 09:00:00,S016
H0011027,O002939,Prospecting,Closed Lost,2023-10-01 11:00:00,S016
H0011028,O002940,,Prospecting,2023-09-09 09:00:00,S016
H0011029,O002940,Prospecting,Closed Lost,2023-10-13 13:00:00,S016
H0011030,O002941,,Prospecting,2024-04-03 09:00:00,S028
H0011031,O002941,Prospecting,Qualification,2024-04-14 09:00:00,S028
H0011032,O002941,Qualification,Closed Lost,2024-04-26 16:00:00,S028
H0011033,O002942,,Prospecting,2025-02-03 09:00:00,S032
H0011034,O002942,Prospecting,Qualification,2025-02-18 17:00:00,S032
H0011035,O002942,Qualification,Proposal,2025-02-27 09:00:00,S032
H0011036,O002942,Proposal,Negotiation,2025-03-15 09:00:00,S032
H0011037,O002942,Negotiation,Closed Won,2025-03-16 13:00:00,S032
H0011038,O002943,,Prospecting,2025-01-07 09:00:00,S023
H0011039,O002943,Prospecting,Qualification,2025-01-21 14:00:00,S023
H0011040,O002943,Qualification,Closed Lost,2025-02-20 15:00:00,S023
H0011041,O002944,,Prospecting,2023-01-04 09:00:00,S032
H0011042,O002944,Prospecting,Qualification,2023-03-22 13:00:00,S032
H0011043,O002944,Qualification,Closed Lost,2023-04-08 14:00:00,S032
H0011044,O002945,,Prospecting,2023-01-21 09:00:00,S035
H0011045,O002945,Prospecting,Qualification,2023-02-01 12:00:00,S035
H0011046,O002945,Qualification,Closed Lost,2023-02-11 10:00:00,S035
H0011047,O002946,,Prospecting,2024-09-07 09:00:00,S021
H0011048,O002946,Prospecting,Qualification,2024-09-12 16:00:00,S021
H0011049,O002946,Qualification,Proposal,2024-10-05 08:00:00,S021
H0011050,O002946,Proposal,Closed Lost,2024-10-10 17:00:00,S021
H0011051,O002947,,Prospecting,2024-01-27 09:00:00,S022
H0011052,O002947,Prospecting,Closed Lost,2024-02-10 10:00:00,S022
H0011053,O002948,,Prospecting,2023-09-09 09:00:00,S011
H0011054,O002948,Prospecting,Qualification,2023-10-07 10:00:00,S011
H0011055,O002948,Qualification,Proposal,2023-10-15 17:00:00,S011
H0011056,O002948,Proposal,Closed Lost,2023-11-09 15:00:00,S011
H0011057,O002949,,Prospecting,2023-01-15 09:00:00,S011
H0011058,O002949,Prospecting,Qualification,2023-01-16 10:00:00,S011
H0011059,O002949,Qualification,Proposal,2023-01-18 17:00:00,S011
H0011060,O002949,Proposal,Negotiation,2023-01-19 15:00:00,S011
H0011061,O002949,Negotiation,Closed Won,2023-02-12 09:00:00,S011
H0011062,O002950,,Prospecting,2023-01-19 09:00:00,S032
H0011063,O002950,Prospecting,Qualification,2023-01-28 10:00:00,S032
H0011064,O002950,Qualification,Closed Lost,2023-02-24 15:00:00,S032
H0011065,O002951,,Prospecting,2025-03-11 09:00:00,S028
H0011066,O002951,Prospecting,Closed Lost,2025-04-25 15:00:00,S028
H0011067,O002952,,Prospecting,2025-03-22 09:00:00,S019
H0011068,O002952,Prospecting,Qualification,2025-04-02 10:00:00,S019
H0011069,O002952,Qualification,Proposal,2025-04-11 10:00:00,S019
H0011070,O002952,Proposal,Negotiation,2025-04-19 14:00:00,S019
H0011071,O002952,Negotiation,Closed Won,2025-04-21 16:00:00,S019
H0011072,O002953,,Prospecting,2024-12-18 09:00:00,S016
H0011073,O002953,Prospecting,Qualification,2025-02-13 17:00:00,S016
H0011074,O002953,Qualification,Proposal,2025-02-16 08:00:00,S016
H0011075,O002953,Proposal,Closed Lost,2025-03-20 14:00:00,S016
H0011076,O002954,,Prospecting,2025-04-19 09:00:00,S013
H0011077,O002954,Prospecting,Qualification,2025-05-02 13:00:00,S013
H0011078,O002954,Qualification,Closed Lost,2025-05-19 15:00:00,S013
H0011079,O002955,,Prospecting,2025-04-25 09:00:00,S010
H0011080,O002955,Prospecting,Qualification,2025-04-29 15:00:00,S010
H0011081,O002955,Qualification,Proposal,2025-05-04 17:00:00,S010
H0011082,O002955,Proposal,Negotiation,2025-05-07 13:00:00,S010
H0011083,O002955,Negotiation,Closed Won,2025-05-08 09:00:00,S010
H0011084,O002956,,Prospecting,2024-03-23 09:00:00,S031
H0011085,O002956,Prospecting,Qualification,2024-03-29 13:00:00,S031
H0011086,O002956,Qualification,Proposal,2024-03-31 09:00:00,S031
H0011087,O002956,Proposal,Negotiation,2024-05-03 13:00:00,S031
H0011088,O002956,Negotiation,Closed Won,2024-06-15 14:00:00,S031
H0011089,O002957,,Prospecting,2023-07-22 09:00:00,S023
H0011090,O002957,Prospecting,Closed Lost,2023-09-22 15:00:00,S023
H0011091,O002958,,Prospecting,2023-07-15 09:00:00,S011
H0011092,O002958,Prospecting,Qualification,2023-09-11 14:00:00,S011
H0011093,O002958,Qualification,Closed Lost,2023-09-14 09:00:00,S011
H0011094,O002959,,Prospecting,2025-02-16 09:00:00,S022
H0011095,O002959,Prospecting,Closed Lost,2025-04-04 11:00:00,S022
H0011096,O002960,,Prospecting,2025-05-24 09:00:00,S021
H0011097,O002960,Prospecting,Qualification,2025-06-06 10:00:00,S021
H0011098,O002960,Qualification,Proposal,2025-06-14 17:00:00,S021
H0011099,O002961,,Prospecting,2025-01-31 09:00:00,S020
H0011100,O002961,Prospecting,Qualification,2025-02-03 14:00:00,S020
H0011101,O002961,Qualification,Proposal,2025-02-06 14:00:00,S020
H0011102,O002961,Proposal,Negotiation,2025-02-19 16:00:00,S020
H0011103,O002961,Negotiation,Closed Lost,2025-02-22 10:00:00,S020
H0011104,O002962,,Prospecting,2025-02-27 09:00:00,S005
H0011105,O002962,Prospecting,Closed Lost,2025-06-04 15:00:00,S005
H0011106,O002963,,Prospecting,2025-03-02 09:00:00,S012
H0011107,O002963,Prospecting,Qualification,2025-04-03 12:00:00,S012
H0011108,O002963,Qualification,Proposal,2025-04-03 16:00:00,S012
H0011109,O002963,Proposal,Negotiation,2025-05-09 17:00:00,S012
H0011110,O002963,Negotiation,Closed Won,2025-05-13 09:00:00,S012
H0011111,O002964,,Prospecting,2023-08-02 09:00:00,S019
H0011112,O002964,Prospecting,Qualification,2023-08-07 17:00:00,S019
H0011113,O002964,Qualification,Proposal,2023-08-13 12:00:00,S019
H0011114,O002964,Proposal,Closed Lost,2023-09-10 16:00:00,S019
H0011115,O002965,,Prospecting,2025-03-25 09:00:00,S022
H0011116,O002965,Prospecting,Qualification,2025-04-08 08:00:00,S022
H0011117,O002965,Qualification,Proposal,2025-04-16 12:00:00,S022
H0011118,O002965,Proposal,Negotiation,2025-04-18 12:00:00,S022
H0011119,O002965,Negotiation,Closed Won,2025-05-07 17:00:00,S022
H0011120,O002966,,Prospecting,2025-06-19 09:00:00,S020
H0011121,O002967,,Prospecting,2025-01-02 09:00:00,S030
H0011122,O002967,Prospecting,Qualification,2025-01-14 15:00:00,S030
H0011123,O002967,Qualification,Proposal,2025-03-03 16:00:00,S030
H0011124,O002967,Proposal,Negotiation,2025-03-29 11:00:00,S030
H0011125,O002967,Negotiation,Closed Lost,2025-03-30 14:00:00,S030
H0011126,O002968,,Prospecting,2023-09-20 09:00:00,S018
H0011127,O002968,Prospecting,Qualification,2023-10-13 10:00:00,S018
H0011128,O002968,Qualification,Closed Lost,2023-10-21 13:00:00,S018
H0011129,O002969,,Prospecting,2024-05-23 09:00:00,S022
H0011130,O002969,Prospecting,Qualification,2024-05-26 16:00:00,S022
H0011131,O002969,Qualification,Proposal,2024-07-01 17:00:00,S022
H0011132,O002969,Proposal,Negotiation,2024-07-08 17:00:00,S022
H0011133,O002969,Negotiation,Closed Won,2024-07-15 15:00:00,S022
H0011134,O002970,,Prospecting,2025-05-25 09:00:00,S025
H0011135,O002970,Prospecting,Qualification,2025-06-16 17:00:00,S025
H0011136,O002970,Qualification,Proposal,2025-06-26 13:00:00,S025
H0011137,O002971,,Prospecting,2025-05-31 09:00:00,S016
H0011138,O002971,Prospecting,Qualification,2025-06-18 16:00:00,S016
H0011139,O002972,,Prospecting,2023-10-17 09:00:00,S020
H0011140,O002972,Prospecting,Qualification,2023-11-01 08:00:00,S020
H0011141,O002972,Qualification,Proposal,2023-11-21 16:00:00,S020
H0011142,O002972,Proposal,Negotiation,2023-12-23 14:00:00,S020
H0011143,O002972,Negotiation,Closed Won,2023-12-29 12:00:00,S020
H0011144,O002973,,Prospecting,2025-01-08 09:00:00,S011
H0011145,O002973,Prospecting,Qualification,2025-01-27 10:00:00,S011
H0011146,O002973,Qualification,Closed Lost,2025-02-16 13:00:00,S011
H0011147,O002974,,Prospecting,2023-10-03 09:00:00,S008
H0011148,O002974,Prospecting,Qualification,2023-10-13 12:00:00,S008
H0011149,O002974,Qualification,Proposal,2023-11-16 11:00:00,S008
H0011150,O002974,Proposal,Closed Lost,2023-12-01 13:00:00,S008
H0011151,O002975,,Prospecting,2024-05-18 09:00:00,S040
H0011152,O002975,Prospecting,Qualification,2024-05-20 17:00:00,S040
H0011153,O002975,Qualification,Proposal,2024-05-26 09:00:00,S040
H0011154,O002975,Proposal,Closed Lost,2024-07-08 14:00:00,S040
H0011155,O002976,,Prospecting,2025-05-04 09:00:00,S023
H0011156,O002976,Prospecting,Qualification,2025-06-01 09:00:00,S023
H0011157,O002976,Qualification,Proposal,2025-06-16 13:00:00,S023
H0011158,O002976,Proposal,Negotiation,2025-06-16 15:00:00,S023
H0011159,O002977,,Prospecting,2025-06-16 09:00:00,S037
H0011160,O002978,,Prospecting,2024-12-14 09:00:00,S029
H0011161,O002978,Prospecting,Qualification,2025-01-10 14:00:00,S029
H0011162,O002978,Qualification,Proposal,2025-03-10 08:00:00,S029
H0011163,O002978,Proposal,Negotiation,2025-03-26 08:00:00,S029
H0011164,O002978,Negotiation,Closed Won,2025-04-05 14:00:00,S029
H0011165,O002979,,Prospecting,2025-05-08 09:00:00,S020
H0011166,O002979,Prospecting,Qualification,2025-05-29 15:00:00,S020
H0011167,O002979,Qualification,Proposal,2025-06-01 11:00:00,S020
H0011168,O002980,,Prospecting,2024-05-11 09:00:00,S022
H0011169,O002980,Prospecting,Qualification,2024-05-30 09:00:00,S022
H0011170,O002980,Qualification,Proposal,2024-06-05 13:00:00,S022
H0011171,O002980,Proposal,Negotiation,2024-06-07 12:00:00,S022
H0011172,O002980,Negotiation,Closed Won,2024-07-05 15:00:00,S022
H0011173,O002981,,Prospecting,2024-12-30 09:00:00,S002
H0011174,O002981,Prospecting,Qualification,2025-01-06 09:00:00,S002
H0011175,O002981,Qualification,Proposal,2025-01-26 11:00:00,S002
H0011176,O002981,Proposal,Closed Lost,2025-02-24 13:00:00,S002
H0011177,O002982,,Prospecting,2023-07-10 09:00:00,S040
H0011178,O002982,Prospecting,Closed Lost,2023-09-26 14:00:00,S040
H0011179,O002983,,Prospecting,2025-05-18 09:00:00,S001
H0011180,O002983,Prospecting,Qualification,2025-05-29 17:00:00,S001
H0011181,O002983,Qualification,Proposal,2025-06-13 14:00:00,S001
H0011182,O002984,,Prospecting,2025-03-06 09:00:00,S016
H0011183,O002984,Prospecting,Qualification,2025-04-06 12:00:00,S016
H0011184,O002984,Qualification,Proposal,2025-04-13 09:00:00,S016
H0011185,O002984,Proposal,Negotiation,2025-04-14 14:00:00,S016
H0011186,O002984,Negotiation,Closed Lost,2025-05-09 10:00:00,S016
H0011187,O002985,,Prospecting,2023-10-04 09:00:00,S010
H0011188,O002985,Prospecting,Qualification,2023-10-12 12:00:00,S010
H0011189,O002985,Qualification,Proposal,2023-10-19 11:00:00,S010
H0011190,O002985,Proposal,Negotiation,2023-10-20 17:00:00,S010
H0011191,O002985,Negotiation,Closed Lost,2023-10-21 16:00:00,S010
H0011192,O002986,,Prospecting,2025-01-14 09:00:00,S001
H0011193,O002986,Prospecting,Qualification,2025-01-18 12:00:00,S001
H0011194,O002986,Qualification,Proposal,2025-01-24 08:00:00,S001
H0011195,O002986,Proposal,Negotiation,2025-01-24 11:00:00,S001
H0011196,O002986,Negotiation,Closed Lost,2025-01-25 09:00:00,S001
H0011197,O002987,,Prospecting,2024-09-04 09:00:00,S024
H0011198,O002987,Prospecting,Qualification,2024-10-22 09:00:00,S024
H0011199,O002987,Qualification,Proposal,2024-11-30 12:00:00,S024
H0011200,O002987,Proposal,Closed Lost,2025-01-14 09:00:00,S024
H0011201,O002988,,Prospecting,2023-06-16 09:00:00,S036
H0011202,O002988,Prospecting,Qualification,2023-07-14 13:00:00,S036
H0011203,O002988,Qualification,Proposal,2023-07-31 14:00:00,S036
H0011204,O002988,Proposal,Negotiation,2023-08-15 14:00:00,S036
H0011205,O002988,Negotiation,Closed Won,2023-08-31 09:00:00,S036
H0011206,O002989,,Prospecting,2023-12-12 09:00:00,S039
H0011207,O002989,Prospecting,Qualification,2023-12-31 16:00:00,S039
H0011208,O002989,Qualification,Proposal,2024-01-19 11:00:00,S039
H0011209,O002989,Proposal,Negotiation,2024-02-10 11:00:00,S039
H0011210,O002989,Negotiation,Closed Won,2024-02-26 12:00:00,S039
H0011211,O002990,,Prospecting,2023-09-06 09:00:00,S038
H0011212,O002990,Prospecting,Qualification,2023-09-14 13:00:00,S038
H0011213,O002990,Qualification,Proposal,2023-09-15 09:00:00,S038
H0011214,O002990,Proposal,Negotiation,2023-10-06 11:00:00,S038
H0011215,O002990,Negotiation,Closed Won,2023-10-15 10:00:00,S038
H0011216,O002991,,Prospecting,2025-03-19 09:00:00,S002
H0011217,O002991,Prospecting,Qualification,2025-04-23 12:00:00,S002
H0011218,O002991,Qualification,Proposal,2025-05-21 15:00:00,S002
H0011219,O002991,Proposal,Closed Lost,2025-06-18 17:00:00,S002
H0011220,O002992,,Prospecting,2024-04-07 09:00:00,S009
H0011221,O002992,Prospecting,Qualification,2024-04-24 17:00:00,S009
H0011222,O002992,Qualification,Proposal,2024-06-03 08:00:00,S009
H0011223,O002992,Proposal,Negotiation,2024-07-13 12:00:00,S009
H0011224,O002992,Negotiation,Closed Won,2024-07-22 15:00:00,S009
H0011225,O002993,,Prospecting,2023-03-24 09:00:00,S008
H0011226,O002993,Prospecting,Qualification,2023-04-04 13:00:00,S008
H0011227,O002993,Qualification,Proposal,2023-04-12 10:00:00,S008
H0011228,O002993,Proposal,Negotiation,2023-04-14 16:00:00,S008
H0011229,O002993,Negotiation,Closed Lost,2023-04-21 12:00:00,S008
H0011230,O002994,,Prospecting,2023-01-26 09:00:00,S028
H0011231,O002994,Prospecting,Qualification,2023-02-22 13:00:00,S028
H0011232,O002994,Qualification,Proposal,2023-03-01 12:00:00,S028
H0011233,O002994,Proposal,Negotiation,2023-03-23 14:00:00,S028
H0011234,O002994,Negotiation,Closed Lost,2023-03-28 16:00:00,S028
H0011235,O002995,,Prospecting,2025-05-20 09:00:00,S005
H0011236,O002995,Prospecting,Qualification,2025-06-18 14:00:00,S005
H0011237,O002995,Qualification,Proposal,2025-06-29 10:00:00,S005
H0011238,O002996,,Prospecting,2025-05-17 09:00:00,S025
H0011239,O002996,Prospecting,Qualification,2025-05-18 16:00:00,S025
H0011240,O002997,,Prospecting,2025-05-22 09:00:00,S029
H0011241,O002997,Prospecting,Qualification,2025-06-22 10:00:00,S029
H0011242,O002997,Qualification,Proposal,2025-06-29 08:00:00,S029
H0011243,O002998,,Prospecting,2024-04-08 09:00:00,S032
H0011244,O002998,Prospecting,Qualification,2024-05-02 11:00:00,S032
H0011245,O002998,Qualification,Proposal,2024-05-05 16:00:00,S032
H0011246,O002998,Proposal,Negotiation,2024-05-05 15:00:00,S032
H0011247,O002998,Negotiation,Closed Won,2024-05-24 16:00:00,S032
H0011248,O002999,,Prospecting,2025-03-06 09:00:00,S020
H0011249,O002999,Prospecting,Qualification,2025-03-12 09:00:00,S020
H0011250,O002999,Qualification,Proposal,2025-03-15 08:00:00,S020
H0011251,O002999,Proposal,Closed Lost,2025-05-05 16:00:00,S020
H0011252,O003000,,Prospecting,2025-02-15 09:00:00,S033
H0011253,O003000,Prospecting,Qualification,2025-02-20 10:00:00,S033
H0011254,O003000,Qualification,Proposal,2025-03-19 10:00:00,S033
H0011255,O003000,Proposal,Negotiation,2025-03-21 09:00:00,S033
H0011256,O003000,Negotiation,Closed Won,2025-04-07 11:00:00,S033
